2026-03-29T16:16:13.784-0500 [DEBUG] [org.gradle.launcher.daemon.bootstrap.DaemonMain] Assuming the daemon was started with following jvm opts: [-Xmx2048m, -Dfile.encoding=UTF-8, -Duser.country=CO, -Duser.language=es, -Duser.variant]
2026-03-29T16:16:14.223-0500 [DEBUG] [org.gradle.internal.remote.internal.inet.InetAddresses] Adding IP addresses for network interface TunnelBear Adapter V9-WFP Native MAC Layer LightWeight Filter-0000
2026-03-29T16:16:14.225-0500 [DEBUG] [org.gradle.internal.remote.internal.inet.InetAddresses] Is this a loopback interface? false
2026-03-29T16:16:14.226-0500 [DEBUG] [org.gradle.internal.remote.internal.inet.InetAddresses] Adding IP addresses for network interface TunnelBear Adapter V9-QoS Packet Scheduler-0000
2026-03-29T16:16:14.228-0500 [DEBUG] [org.gradle.internal.remote.internal.inet.InetAddresses] Is this a loopback interface? false
2026-03-29T16:16:14.228-0500 [DEBUG] [org.gradle.internal.remote.internal.inet.InetAddresses] Adding IP addresses for network interface TunnelBear Adapter V9-WFP 802.3 MAC Layer LightWeight Filter-0000
2026-03-29T16:16:14.229-0500 [DEBUG] [org.gradle.internal.remote.internal.inet.InetAddresses] Is this a loopback interface? false
2026-03-29T16:16:14.230-0500 [DEBUG] [org.gradle.internal.remote.internal.inet.InetAddresses] Adding IP addresses for network interface Microsoft Kernel Debug Network Adapter
2026-03-29T16:16:14.230-0500 [DEBUG] [org.gradle.internal.remote.internal.inet.InetAddresses] Is this a loopback interface? false
2026-03-29T16:16:14.230-0500 [DEBUG] [org.gradle.internal.remote.internal.inet.InetAddresses] Adding IP addresses for network interface WAN Miniport (Network Monitor)
2026-03-29T16:16:14.231-0500 [DEBUG] [org.gradle.internal.remote.internal.inet.InetAddresses] Is this a loopback interface? false
2026-03-29T16:16:14.231-0500 [DEBUG] [org.gradle.internal.remote.internal.inet.InetAddresses] Adding IP addresses for network interface WAN Miniport (IP)
2026-03-29T16:16:14.231-0500 [DEBUG] [org.gradle.internal.remote.internal.inet.InetAddresses] Is this a loopback interface? false
2026-03-29T16:16:14.232-0500 [DEBUG] [org.gradle.internal.remote.internal.inet.InetAddresses] Adding IP addresses for network interface WAN Miniport (IPv6)
2026-03-29T16:16:14.233-0500 [DEBUG] [org.gradle.internal.remote.internal.inet.InetAddresses] Is this a loopback interface? false
2026-03-29T16:16:14.233-0500 [DEBUG] [org.gradle.internal.remote.internal.inet.InetAddresses] Adding IP addresses for network interface TunnelBear Adapter V9
2026-03-29T16:16:14.235-0500 [DEBUG] [org.gradle.internal.remote.internal.inet.InetAddresses] Is this a loopback interface? false
2026-03-29T16:16:14.236-0500 [DEBUG] [org.gradle.internal.remote.internal.inet.InetAddresses] Adding IP addresses for network interface Bluetooth Device (Personal Area Network)
2026-03-29T16:16:14.236-0500 [DEBUG] [org.gradle.internal.remote.internal.inet.InetAddresses] Is this a loopback interface? false
2026-03-29T16:16:14.236-0500 [DEBUG] [org.gradle.internal.remote.internal.inet.InetAddresses] Adding IP addresses for network interface WAN Miniport (PPPOE)
2026-03-29T16:16:14.237-0500 [DEBUG] [org.gradle.internal.remote.internal.inet.InetAddresses] Is this a loopback interface? false
2026-03-29T16:16:14.237-0500 [DEBUG] [org.gradle.internal.remote.internal.inet.InetAddresses] Adding IP addresses for network interface RAS Async Adapter
2026-03-29T16:16:14.238-0500 [DEBUG] [org.gradle.internal.remote.internal.inet.InetAddresses] Is this a loopback interface? false
2026-03-29T16:16:14.238-0500 [DEBUG] [org.gradle.internal.remote.internal.inet.InetAddresses] Adding IP addresses for network interface Software Loopback Interface 1
2026-03-29T16:16:14.238-0500 [DEBUG] [org.gradle.internal.remote.internal.inet.InetAddresses] Is this a loopback interface? true
2026-03-29T16:16:14.239-0500 [DEBUG] [org.gradle.internal.remote.internal.inet.InetAddresses] Adding loopback address /0:0:0:0:0:0:0:1
2026-03-29T16:16:14.239-0500 [DEBUG] [org.gradle.internal.remote.internal.inet.InetAddresses] Adding loopback address /127.0.0.1
2026-03-29T16:16:14.239-0500 [DEBUG] [org.gradle.internal.remote.internal.inet.InetAddresses] Adding IP addresses for network interface Intel(R) Wireless-AC 9560-WFP Native MAC Layer LightWeight Filter-0000
2026-03-29T16:16:14.240-0500 [DEBUG] [org.gradle.internal.remote.internal.inet.InetAddresses] Is this a loopback interface? false
2026-03-29T16:16:14.240-0500 [DEBUG] [org.gradle.internal.remote.internal.inet.InetAddresses] Adding IP addresses for network interface Intel(R) Wireless-AC 9560-Virtual WiFi Filter Driver-0000
2026-03-29T16:16:14.240-0500 [DEBUG] [org.gradle.internal.remote.internal.inet.InetAddresses] Is this a loopback interface? false
2026-03-29T16:16:14.241-0500 [DEBUG] [org.gradle.internal.remote.internal.inet.InetAddresses] Adding IP addresses for network interface Intel(R) Wireless-AC 9560-Native WiFi Filter Driver-0000
2026-03-29T16:16:14.241-0500 [DEBUG] [org.gradle.internal.remote.internal.inet.InetAddresses] Is this a loopback interface? false
2026-03-29T16:16:14.241-0500 [DEBUG] [org.gradle.internal.remote.internal.inet.InetAddresses] Adding IP addresses for network interface Intel(R) Wireless-AC 9560-QoS Packet Scheduler-0000
2026-03-29T16:16:14.242-0500 [DEBUG] [org.gradle.internal.remote.internal.inet.InetAddresses] Is this a loopback interface? false
2026-03-29T16:16:14.242-0500 [DEBUG] [org.gradle.internal.remote.internal.inet.InetAddresses] Adding IP addresses for network interface Intel(R) Wireless-AC 9560-WFP 802.3 MAC Layer LightWeight Filter-0000
2026-03-29T16:16:14.242-0500 [DEBUG] [org.gradle.internal.remote.internal.inet.InetAddresses] Is this a loopback interface? false
2026-03-29T16:16:14.243-0500 [DEBUG] [org.gradle.internal.remote.internal.inet.InetAddresses] Adding IP addresses for network interface Microsoft Wi-Fi Direct Virtual Adapter-WFP Native MAC Layer LightWeight Filter-0000
2026-03-29T16:16:14.243-0500 [DEBUG] [org.gradle.internal.remote.internal.inet.InetAddresses] Is this a loopback interface? false
2026-03-29T16:16:14.244-0500 [DEBUG] [org.gradle.internal.remote.internal.inet.InetAddresses] Adding IP addresses for network interface Microsoft Wi-Fi Direct Virtual Adapter-Native WiFi Filter Driver-0000
2026-03-29T16:16:14.244-0500 [DEBUG] [org.gradle.internal.remote.internal.inet.InetAddresses] Is this a loopback interface? false
2026-03-29T16:16:14.244-0500 [DEBUG] [org.gradle.internal.remote.internal.inet.InetAddresses] Adding IP addresses for network interface Microsoft Wi-Fi Direct Virtual Adapter-QoS Packet Scheduler-0000
2026-03-29T16:16:14.245-0500 [DEBUG] [org.gradle.internal.remote.internal.inet.InetAddresses] Is this a loopback interface? false
2026-03-29T16:16:14.245-0500 [DEBUG] [org.gradle.internal.remote.internal.inet.InetAddresses] Adding IP addresses for network interface Microsoft Wi-Fi Direct Virtual Adapter-WFP 802.3 MAC Layer LightWeight Filter-0000
2026-03-29T16:16:14.246-0500 [DEBUG] [org.gradle.internal.remote.internal.inet.InetAddresses] Is this a loopback interface? false
2026-03-29T16:16:14.246-0500 [DEBUG] [org.gradle.internal.remote.internal.inet.InetAddresses] Adding IP addresses for network interface Microsoft Wi-Fi Direct Virtual Adapter #2-WFP Native MAC Layer LightWeight Filter-0000
2026-03-29T16:16:14.247-0500 [DEBUG] [org.gradle.internal.remote.internal.inet.InetAddresses] Is this a loopback interface? false
2026-03-29T16:16:14.247-0500 [DEBUG] [org.gradle.internal.remote.internal.inet.InetAddresses] Adding IP addresses for network interface Microsoft Wi-Fi Direct Virtual Adapter #2-Native WiFi Filter Driver-0000
2026-03-29T16:16:14.248-0500 [DEBUG] [org.gradle.internal.remote.internal.inet.InetAddresses] Is this a loopback interface? false
2026-03-29T16:16:14.248-0500 [DEBUG] [org.gradle.internal.remote.internal.inet.InetAddresses] Adding IP addresses for network interface Microsoft Wi-Fi Direct Virtual Adapter #2-QoS Packet Scheduler-0000
2026-03-29T16:16:14.249-0500 [DEBUG] [org.gradle.internal.remote.internal.inet.InetAddresses] Is this a loopback interface? false
2026-03-29T16:16:14.249-0500 [DEBUG] [org.gradle.internal.remote.internal.inet.InetAddresses] Adding IP addresses for network interface Microsoft Wi-Fi Direct Virtual Adapter #2-WFP 802.3 MAC Layer LightWeight Filter-0000
2026-03-29T16:16:14.250-0500 [DEBUG] [org.gradle.internal.remote.internal.inet.InetAddresses] Is this a loopback interface? false
2026-03-29T16:16:14.250-0500 [DEBUG] [org.gradle.internal.remote.internal.inet.InetAddresses] Adding IP addresses for network interface Intel(R) Wireless-AC 9560
2026-03-29T16:16:14.250-0500 [DEBUG] [org.gradle.internal.remote.internal.inet.InetAddresses] Is this a loopback interface? false
2026-03-29T16:16:14.251-0500 [DEBUG] [org.gradle.internal.remote.internal.inet.InetAddresses] Adding remote address /192.168.0.8
2026-03-29T16:16:14.251-0500 [DEBUG] [org.gradle.internal.remote.internal.inet.InetAddresses] Adding IP addresses for network interface Microsoft Wi-Fi Direct Virtual Adapter
2026-03-29T16:16:14.251-0500 [DEBUG] [org.gradle.internal.remote.internal.inet.InetAddresses] Is this a loopback interface? false
2026-03-29T16:16:14.252-0500 [DEBUG] [org.gradle.internal.remote.internal.inet.InetAddresses] Adding IP addresses for network interface Microsoft Wi-Fi Direct Virtual Adapter #2
2026-03-29T16:16:14.252-0500 [DEBUG] [org.gradle.internal.remote.internal.inet.InetAddresses] Is this a loopback interface? false
2026-03-29T16:16:14.253-0500 [DEBUG] [org.gradle.internal.remote.internal.inet.InetAddresses] Adding IP addresses for network interface Microsoft Teredo Tunneling Adapter
2026-03-29T16:16:14.253-0500 [DEBUG] [org.gradle.internal.remote.internal.inet.InetAddresses] Is this a loopback interface? false
2026-03-29T16:16:14.253-0500 [DEBUG] [org.gradle.internal.remote.internal.inet.InetAddresses] Adding IP addresses for network interface Microsoft IP-HTTPS Platform Adapter
2026-03-29T16:16:14.254-0500 [DEBUG] [org.gradle.internal.remote.internal.inet.InetAddresses] Is this a loopback interface? false
2026-03-29T16:16:14.255-0500 [DEBUG] [org.gradle.internal.remote.internal.inet.InetAddresses] Adding IP addresses for network interface Microsoft 6to4 Adapter
2026-03-29T16:16:14.255-0500 [DEBUG] [org.gradle.internal.remote.internal.inet.InetAddresses] Is this a loopback interface? false
2026-03-29T16:16:14.256-0500 [DEBUG] [org.gradle.internal.remote.internal.inet.InetAddresses] Adding IP addresses for network interface WAN Miniport (IKEv2)
2026-03-29T16:16:14.256-0500 [DEBUG] [org.gradle.internal.remote.internal.inet.InetAddresses] Is this a loopback interface? false
2026-03-29T16:16:14.256-0500 [DEBUG] [org.gradle.internal.remote.internal.inet.InetAddresses] Adding IP addresses for network interface WAN Miniport (L2TP)
2026-03-29T16:16:14.257-0500 [DEBUG] [org.gradle.internal.remote.internal.inet.InetAddresses] Is this a loopback interface? false
2026-03-29T16:16:14.257-0500 [DEBUG] [org.gradle.internal.remote.internal.inet.InetAddresses] Adding IP addresses for network interface WAN Miniport (PPTP)
2026-03-29T16:16:14.257-0500 [DEBUG] [org.gradle.internal.remote.internal.inet.InetAddresses] Is this a loopback interface? false
2026-03-29T16:16:14.257-0500 [DEBUG] [org.gradle.internal.remote.internal.inet.InetAddresses] Adding IP addresses for network interface WAN Miniport (SSTP)
2026-03-29T16:16:14.258-0500 [DEBUG] [org.gradle.internal.remote.internal.inet.InetAddresses] Is this a loopback interface? false
2026-03-29T16:16:14.330-0500 [DEBUG] [org.gradle.internal.nativeintegration.services.NativeServices] Native-platform posix files integration is not available. Continuing with fallback.
2026-03-29T16:16:14.370-0500 [INFO] [org.gradle.launcher.daemon.server.Daemon] start() called on daemon - DefaultDaemonContext[uid=cc4bbf85-bda1-438d-96c8-60995f17b2b8,javaHome=F:\Android Studio\jbr,javaVersion=21,javaVendor=JetBrains s.r.o.,daemonRegistryDir=C:\Users\sebgo\AndroidStudioProjects\mytaxitravel\gradle\daemon,pid=15796,idleTimeout=10800000,priority=NORMAL,applyInstrumentationAgent=true,nativeServicesMode=ENABLED,daemonOpts=-Xmx2048m,-Dfile.encoding=UTF-8,-Duser.country=CO,-Duser.language=es,-Duser.variant]
2026-03-29T16:16:14.524-0500 [DEBUG] [org.gradle.internal.remote.internal.inet.TcpIncomingConnector] Listening on [87107fdb-3f53-4eec-a91a-0d08b2658363 port:28940, addresses:[localhost/127.0.0.1]].
2026-03-29T16:16:14.559-0500 [DEBUG] [org.gradle.launcher.daemon.server.Daemon] Daemon starting at: Sun Mar 29 16:16:14 COT 2026, with address: [87107fdb-3f53-4eec-a91a-0d08b2658363 port:28940, addresses:[localhost/127.0.0.1]]
2026-03-29T16:16:14.559-0500 [INFO] [org.gradle.launcher.daemon.server.DaemonRegistryUpdater] Advertising the daemon address to the clients: [87107fdb-3f53-4eec-a91a-0d08b2658363 port:28940, addresses:[localhost/127.0.0.1]]
2026-03-29T16:16:14.560-0500 [DEBUG] [org.gradle.launcher.daemon.server.DaemonRegistryUpdater] Advertised daemon context: DefaultDaemonContext[uid=cc4bbf85-bda1-438d-96c8-60995f17b2b8,javaHome=F:\Android Studio\jbr,javaVersion=21,javaVendor=JetBrains s.r.o.,daemonRegistryDir=C:\Users\sebgo\AndroidStudioProjects\mytaxitravel\gradle\daemon,pid=15796,idleTimeout=10800000,priority=NORMAL,applyInstrumentationAgent=true,nativeServicesMode=ENABLED,daemonOpts=-Xmx2048m,-Dfile.encoding=UTF-8,-Duser.country=CO,-Duser.language=es,-Duser.variant]
2026-03-29T16:16:14.562-0500 [DEBUG] [org.gradle.launcher.daemon.registry.PersistentDaemonRegistry] Storing daemon address: [87107fdb-3f53-4eec-a91a-0d08b2658363 port:28940, addresses:[localhost/127.0.0.1]], context: DefaultDaemonContext[uid=cc4bbf85-bda1-438d-96c8-60995f17b2b8,javaHome=F:\Android Studio\jbr,javaVersion=21,javaVendor=JetBrains s.r.o.,daemonRegistryDir=C:\Users\sebgo\AndroidStudioProjects\mytaxitravel\gradle\daemon,pid=15796,idleTimeout=10800000,priority=NORMAL,applyInstrumentationAgent=true,nativeServicesMode=ENABLED,daemonOpts=-Xmx2048m,-Dfile.encoding=UTF-8,-Duser.country=CO,-Duser.language=es,-Duser.variant]
2026-03-29T16:16:14.574-0500 [DEBUG] [org.gradle.cache.internal.DefaultFileLockManager] Waiting to acquire exclusive lock on daemon addresses registry.
2026-03-29T16:16:14.579-0500 [DEBUG] [org.gradle.cache.internal.DefaultFileLockManager] Lock acquired on daemon addresses registry.
2026-03-29T16:16:14.587-0500 [DEBUG] [org.gradle.cache.internal.DefaultFileLockManager] Releasing lock on daemon addresses registry.
2026-03-29T16:16:14.587-0500 [LIFECYCLE] [org.gradle.launcher.daemon.server.Daemon] Daemon server started.
2026-03-29T16:16:14.589-0500 [DEBUG] [org.gradle.launcher.daemon.bootstrap.DaemonStartupCommunication] Completed writing the daemon greeting. Closing streams...
2026-03-29T16:16:14.605-0500 [DEBUG] [org.gradle.launcher.daemon.server.Daemon] stopOnExpiration() called on daemon
2026-03-29T16:16:14.607-0500 [DEBUG] [org.gradle.launcher.daemon.server.Daemon] awaitExpiration() called on daemon
2026-03-29T16:16:14.608-0500 [DEBUG] [org.gradle.launcher.daemon.server.DaemonStateCoordinator] daemon is running. Sleeping until state changes.
2026-03-29T16:16:14.629-0500 [DEBUG] [org.gradle.internal.remote.internal.inet.TcpIncomingConnector] Accepted connection from /127.0.0.1:28941 to /127.0.0.1:28940.
2026-03-29T16:16:14.768-0500 [DEBUG] [org.gradle.launcher.daemon.server.SynchronizedDispatchConnection] thread 35: received class org.gradle.launcher.daemon.protocol.Build
2026-03-29T16:16:14.768-0500 [DEBUG] [org.gradle.launcher.daemon.server.DefaultDaemonConnection] thread 35: Received non-IO message from client: Build{id=8f804019-b987-4375-8a19-939e0d9fb1c4, currentDir=C:\Users\sebgo\AndroidStudioProjects\mytaxitravel}
2026-03-29T16:16:14.769-0500 [INFO] [org.gradle.launcher.daemon.server.DefaultIncomingConnectionHandler] Received command: Build{id=8f804019-b987-4375-8a19-939e0d9fb1c4, currentDir=C:\Users\sebgo\AndroidStudioProjects\mytaxitravel}.
2026-03-29T16:16:14.769-0500 [DEBUG] [org.gradle.launcher.daemon.server.DefaultIncomingConnectionHandler] Starting executing command: Build{id=8f804019-b987-4375-8a19-939e0d9fb1c4, currentDir=C:\Users\sebgo\AndroidStudioProjects\mytaxitravel} with connection: socket connection from /127.0.0.1:28940 to /127.0.0.1:28941.
2026-03-29T16:16:14.774-0500 [DEBUG] [org.gradle.launcher.daemon.server.DaemonStateCoordinator] Command execution: started DaemonCommandExecution[command = Build{id=8f804019-b987-4375-8a19-939e0d9fb1c4, currentDir=C:\Users\sebgo\AndroidStudioProjects\mytaxitravel}, connection = DefaultDaemonConnection: socket connection from /127.0.0.1:28940 to /127.0.0.1:28941] after 0.00425 minutes of idle
2026-03-29T16:16:14.774-0500 [INFO] [org.gradle.launcher.daemon.server.DaemonRegistryUpdater] Marking the daemon as busy, address: [87107fdb-3f53-4eec-a91a-0d08b2658363 port:28940, addresses:[localhost/127.0.0.1]]
2026-03-29T16:16:14.774-0500 [DEBUG] [org.gradle.launcher.daemon.registry.PersistentDaemonRegistry] Marking busy by address: [87107fdb-3f53-4eec-a91a-0d08b2658363 port:28940, addresses:[localhost/127.0.0.1]]
2026-03-29T16:16:14.777-0500 [DEBUG] [org.gradle.cache.internal.DefaultFileLockManager] Waiting to acquire exclusive lock on daemon addresses registry.
2026-03-29T16:16:14.778-0500 [DEBUG] [org.gradle.cache.internal.DefaultFileLockManager] Lock acquired on daemon addresses registry.
2026-03-29T16:16:14.781-0500 [DEBUG] [org.gradle.cache.internal.DefaultFileLockManager] Releasing lock on daemon addresses registry.
2026-03-29T16:16:14.781-0500 [DEBUG] [org.gradle.launcher.daemon.server.DaemonStateCoordinator] resetting idle timer
2026-03-29T16:16:14.782-0500 [DEBUG] [org.gradle.launcher.daemon.server.DaemonStateCoordinator] daemon is running. Sleeping until state changes.
2026-03-29T16:16:14.783-0500 [INFO] [org.gradle.launcher.daemon.server.exec.StartBuildOrRespondWithBusy] Daemon is about to start building Build{id=8f804019-b987-4375-8a19-939e0d9fb1c4, currentDir=C:\Users\sebgo\AndroidStudioProjects\mytaxitravel}. Dispatching build started information...
2026-03-29T16:16:14.784-0500 [DEBUG] [org.gradle.launcher.daemon.server.SynchronizedDispatchConnection] thread 37: dispatching org.gradle.launcher.daemon.protocol.BuildStarted@6e424693
2026-03-29T16:16:14.786-0500 [DEBUG] [org.gradle.launcher.daemon.server.exec.EstablishBuildEnvironment] Configuring env variables: [USERDOMAIN_ROAMINGPROFILE, Maven, PROCESSOR_LEVEL, SESSIONNAME, ALLUSERSPROFILE, PROCESSOR_ARCHITECTURE, PSModulePath, SystemDrive, USERNAME, ProgramFiles(x86), FPS_BROWSER_USER_PROFILE_STRING, PATHEXT, DriverData, OneDriveConsumer, IntelliJ IDEA Community Edition, PyCharm Community Edition, ProgramData, ProgramW6432, HOMEPATH, EFC_11740_3789132940, PROCESSOR_IDENTIFIER, ProgramFiles, PUBLIC, windir, =::, ZES_ENABLE_SYSMAN, LOCALAPPDATA, ChocolateyLastPathUpdate, USERDOMAIN, LOGONSERVER, FPS_BROWSER_APP_PROFILE_STRING, JAVA_HOME, OneDrive, APPDATA, ChocolateyInstall, CommonProgramFiles, Path, EFC_11740_2283032206, EFC_11740_2775293581, OS, COMPUTERNAME, PROCESSOR_REVISION, CommonProgramW6432, ComSpec, EFC_11740_1262719628, TEMP, SystemRoot, EFC_11740_1592913036, HOMEDRIVE, USERPROFILE, TMP, CommonProgramFiles(x86), NUMBER_OF_PROCESSORS]
2026-03-29T16:16:14.796-0500 [DEBUG] [org.gradle.launcher.daemon.server.exec.LogToClient] About to start relaying all logs to the client via the connection.
2026-03-29T16:16:14.796-0500 [INFO] [org.gradle.launcher.daemon.server.exec.LogToClient] The client will now receive all logging from the daemon (pid: 15796). The daemon log file: C:\Users\sebgo\AndroidStudioProjects\mytaxitravel\gradle\daemon\8.13\daemon-15796.out.log
2026-03-29T16:16:14.800-0500 [INFO] [org.gradle.launcher.daemon.server.exec.LogAndCheckHealth] Starting build in new daemon [memory: 2 GiB]
2026-03-29T16:16:14.803-0500 [DEBUG] [org.gradle.launcher.daemon.server.exec.ExecuteBuild] The daemon has started executing the build.
2026-03-29T16:16:14.803-0500 [DEBUG] [org.gradle.launcher.daemon.server.exec.ExecuteBuild] Executing build with daemon context: DefaultDaemonContext[uid=cc4bbf85-bda1-438d-96c8-60995f17b2b8,javaHome=F:\Android Studio\jbr,javaVersion=21,javaVendor=JetBrains s.r.o.,daemonRegistryDir=C:\Users\sebgo\AndroidStudioProjects\mytaxitravel\gradle\daemon,pid=15796,idleTimeout=10800000,priority=NORMAL,applyInstrumentationAgent=true,nativeServicesMode=ENABLED,daemonOpts=-Xmx2048m,-Dfile.encoding=UTF-8,-Duser.country=CO,-Duser.language=es,-Duser.variant]

BUILD SUCCESSFUL in 1m 21s
39 actionable tasks: 16 executed, 23 up-to-date
2026-03-29T16:17:29.413-0500 [DEBUG] [org.gradle.launcher.daemon.server.exec.ExecuteBuild] The daemon has finished executing the build.
2026-03-29T16:17:29.416-0500 [DEBUG] [org.gradle.launcher.daemon.server.DaemonStateCoordinator] daemon is running. Sleeping until state changes.
2026-03-29T16:17:29.416-0500 [DEBUG] [org.gradle.launcher.daemon.server.DaemonStateCoordinator] Command execution: finished waiting for DaemonCommandExecution[command = Build{id=8f804019-b987-4375-8a19-939e0d9fb1c4, currentDir=C:\Users\sebgo\AndroidStudioProjects\mytaxitravel}, connection = DefaultDaemonConnection: socket connection from /127.0.0.1:28940 to /127.0.0.1:28941]. Result org.gradle.launcher.daemon.server.DaemonStateCoordinator@3ec6a587 with state Busy
2026-03-29T16:17:29.417-0500 [DEBUG] [org.gradle.launcher.daemon.server.DaemonStateCoordinator] Command execution: completed DaemonCommandExecution[command = Build{id=8f804019-b987-4375-8a19-939e0d9fb1c4, currentDir=C:\Users\sebgo\AndroidStudioProjects\mytaxitravel}, connection = DefaultDaemonConnection: socket connection from /127.0.0.1:28940 to /127.0.0.1:28941]
2026-03-29T16:17:29.417-0500 [DEBUG] [org.gradle.launcher.daemon.server.DaemonStateCoordinator] resetting idle timer
2026-03-29T16:17:29.417-0500 [INFO] [org.gradle.launcher.daemon.server.DaemonRegistryUpdater] Marking the daemon as idle, address: [87107fdb-3f53-4eec-a91a-0d08b2658363 port:28940, addresses:[localhost/127.0.0.1]]
2026-03-29T16:17:29.417-0500 [DEBUG] [org.gradle.launcher.daemon.registry.PersistentDaemonRegistry] Marking busy by address: [87107fdb-3f53-4eec-a91a-0d08b2658363 port:28940, addresses:[localhost/127.0.0.1]]
2026-03-29T16:17:29.419-0500 [DEBUG] [org.gradle.cache.internal.DefaultFileLockManager] Waiting to acquire exclusive lock on daemon addresses registry.
2026-03-29T16:17:29.420-0500 [DEBUG] [org.gradle.cache.internal.DefaultFileLockManager] Lock acquired on daemon addresses registry.
2026-03-29T16:17:29.422-0500 [DEBUG] [org.gradle.cache.internal.DefaultFileLockManager] Releasing lock on daemon addresses registry.
2026-03-29T16:17:29.423-0500 [DEBUG] [org.gradle.launcher.daemon.server.DaemonStateCoordinator] daemon is running. Sleeping until state changes.
2026-03-29T16:17:29.423-0500 [DEBUG] [org.gradle.launcher.daemon.server.exec.ReturnResult] Daemon is dispatching the build result: Success[value=org.gradle.launcher.exec.BuildActionResult@63ffd3d1]
2026-03-29T16:17:29.423-0500 [DEBUG] [org.gradle.launcher.daemon.server.SynchronizedDispatchConnection] thread 34: dispatching Success[value=org.gradle.launcher.exec.BuildActionResult@63ffd3d1]
2026-03-29T16:17:29.425-0500 [DEBUG] [org.gradle.launcher.daemon.server.exec.CleanUpVirtualFileSystemAfterBuild] Cleaning virtual file system after build finished
2026-03-29T16:17:29.425-0500 [DEBUG] [org.gradle.launcher.daemon.server.DefaultIncomingConnectionHandler] Finishing executing command: Build{id=8f804019-b987-4375-8a19-939e0d9fb1c4, currentDir=C:\Users\sebgo\AndroidStudioProjects\mytaxitravel}
2026-03-29T16:17:29.428-0500 [DEBUG] [org.gradle.launcher.daemon.server.SynchronizedDispatchConnection] thread 35: received class org.gradle.launcher.daemon.protocol.CloseInput
2026-03-29T16:17:29.428-0500 [DEBUG] [org.gradle.launcher.daemon.server.DefaultDaemonConnection] thread 35: Received IO message from client: org.gradle.launcher.daemon.protocol.CloseInput@2d969991
2026-03-29T16:17:29.429-0500 [DEBUG] [org.gradle.launcher.daemon.server.SynchronizedDispatchConnection] thread 35: received class org.gradle.launcher.daemon.protocol.Finished
2026-03-29T16:17:29.430-0500 [DEBUG] [org.gradle.launcher.daemon.server.DefaultDaemonConnection] thread 35: Received non-IO message from client: org.gradle.launcher.daemon.protocol.Finished@3019ff52
2026-03-29T16:17:29.430-0500 [DEBUG] [org.gradle.launcher.daemon.server.DefaultIncomingConnectionHandler] Received finished message: org.gradle.launcher.daemon.protocol.Finished@3019ff52
2026-03-29T16:17:29.430-0500 [DEBUG] [org.gradle.launcher.daemon.server.SynchronizedDispatchConnection] thread 34: stopping connection
2026-03-29T16:17:29.431-0500 [DEBUG] [org.gradle.internal.remote.internal.inet.SocketConnection] Discarding EOFException: java.io.EOFException
2026-03-29T16:17:29.431-0500 [DEBUG] [org.gradle.launcher.daemon.server.SynchronizedDispatchConnection] thread 35: received null
2026-03-29T16:17:29.431-0500 [DEBUG] [org.gradle.launcher.daemon.server.DefaultDaemonConnection] thread 35: Received end-of-input from client.
2026-03-29T16:17:29.432-0500 [DEBUG] [org.gradle.launcher.daemon.server.SynchronizedDispatchConnection] thread 34: stopping connection
2026-03-29T16:17:33.880-0500 [DEBUG] [org.gradle.process.internal.health.memory.DefaultMemoryManager] 841566208 physical memory requested, 667963392 free
2026-03-29T16:17:33.881-0500 [DEBUG] [org.gradle.workers.internal.WorkerDaemonExpiration] Will attempt to release 802 of memory
2026-03-29T16:17:33.882-0500 [DEBUG] [org.gradle.process.internal.health.memory.DefaultMemoryManager] 841566208 physical memory requested, 0 released, 667963392 free
2026-03-29T16:17:34.622-0500 [DEBUG] [org.gradle.cache.internal.DefaultFileLockManager] Waiting to acquire shared lock on daemon addresses registry.
2026-03-29T16:17:34.622-0500 [DEBUG] [org.gradle.cache.internal.DefaultFileLockManager] Lock acquired on daemon addresses registry.
2026-03-29T16:17:34.633-0500 [DEBUG] [org.gradle.cache.internal.DefaultFileLockManager] Releasing lock on daemon addresses registry.
2026-03-29T16:17:34.637-0500 [DEBUG] [org.gradle.cache.internal.DefaultFileLockManager] Waiting to acquire shared lock on daemon addresses registry.
2026-03-29T16:17:34.637-0500 [DEBUG] [org.gradle.cache.internal.DefaultFileLockManager] Lock acquired on daemon addresses registry.
2026-03-29T16:17:34.638-0500 [DEBUG] [org.gradle.cache.internal.DefaultFileLockManager] Releasing lock on daemon addresses registry.
2026-03-29T16:17:37.717-0500 [DEBUG] [sun.rmi.transport.tcp] RMI Scheduler(0): close connection, socket: Socket[addr=localhost/127.0.0.1,port=17680,localport=2677]
2026-03-29T16:17:37.967-0500 [DEBUG] [sun.rmi.transport.tcp] RMI TCP Connection(1)-127.0.0.1: (port 2680) connection closed
2026-03-29T16:17:37.967-0500 [DEBUG] [sun.rmi.transport.tcp] RMI TCP Connection(1)-127.0.0.1: close connection, socket: Socket[addr=/127.0.0.1,port=2681,localport=2680]
2026-03-29T16:17:37.968-0500 [DEBUG] [sun.rmi.transport.tcp] RMI TCP Connection(1)-127.0.0.1: socket close: Socket[addr=/127.0.0.1,port=2681,localport=2680]
2026-03-29T16:17:44.610-0500 [DEBUG] [org.gradle.cache.internal.DefaultFileLockManager] Waiting to acquire shared lock on daemon addresses registry.
2026-03-29T16:17:44.611-0500 [DEBUG] [org.gradle.cache.internal.DefaultFileLockManager] Lock acquired on daemon addresses registry.
2026-03-29T16:17:44.612-0500 [DEBUG] [org.gradle.cache.internal.DefaultFileLockManager] Releasing lock on daemon addresses registry.
2026-03-29T16:17:44.615-0500 [DEBUG] [org.gradle.cache.internal.DefaultFileLockManager] Waiting to acquire shared lock on daemon addresses registry.
2026-03-29T16:17:44.616-0500 [DEBUG] [org.gradle.cache.internal.DefaultFileLockManager] Lock acquired on daemon addresses registry.
2026-03-29T16:17:44.616-0500 [DEBUG] [org.gradle.cache.internal.DefaultFileLockManager] Releasing lock on daemon addresses registry.
2026-03-29T16:17:44.619-0500 [DEBUG] [org.gradle.cache.internal.DefaultFileLockManager] Waiting to acquire shared lock on daemon addresses registry.
2026-03-29T16:17:44.619-0500 [DEBUG] [org.gradle.cache.internal.DefaultFileLockManager] Lock acquired on daemon addresses registry.
2026-03-29T16:17:44.620-0500 [DEBUG] [org.gradle.cache.internal.DefaultFileLockManager] Releasing lock on daemon addresses registry.
2026-03-29T16:17:52.748-0500 [DEBUG] [sun.rmi.transport.tcp] RMI Scheduler(0): close connection, socket: Socket[addr=localhost/127.0.0.1,port=17680,localport=2692]
2026-03-29T16:17:54.617-0500 [DEBUG] [org.gradle.cache.internal.DefaultFileLockManager] Waiting to acquire shared lock on daemon addresses registry.
2026-03-29T16:17:54.619-0500 [DEBUG] [org.gradle.cache.internal.DefaultFileLockManager] Lock acquired on daemon addresses registry.
2026-03-29T16:17:54.622-0500 [DEBUG] [org.gradle.cache.internal.DefaultFileLockManager] Releasing lock on daemon addresses registry.
2026-03-29T16:17:54.627-0500 [DEBUG] [org.gradle.cache.internal.DefaultFileLockManager] Waiting to acquire shared lock on daemon addresses registry.
2026-03-29T16:17:54.632-0500 [DEBUG] [org.gradle.cache.internal.DefaultFileLockManager] Lock acquired on daemon addresses registry.
2026-03-29T16:17:54.632-0500 [DEBUG] [org.gradle.cache.internal.DefaultFileLockManager] Releasing lock on daemon addresses registry.
2026-03-29T16:17:54.635-0500 [DEBUG] [org.gradle.cache.internal.DefaultFileLockManager] Waiting to acquire shared lock on daemon addresses registry.
2026-03-29T16:17:54.635-0500 [DEBUG] [org.gradle.cache.internal.DefaultFileLockManager] Lock acquired on daemon addresses registry.
2026-03-29T16:17:54.636-0500 [DEBUG] [org.gradle.cache.internal.DefaultFileLockManager] Releasing lock on daemon addresses registry.
2026-03-29T16:18:03.882-0500 [DEBUG] [org.gradle.process.internal.health.memory.DefaultMemoryManager] 841566208 physical memory requested, 462155776 free
2026-03-29T16:18:03.882-0500 [DEBUG] [org.gradle.workers.internal.WorkerDaemonExpiration] Will attempt to release 802 of memory
2026-03-29T16:18:03.882-0500 [DEBUG] [org.gradle.process.internal.health.memory.DefaultMemoryManager] 841566208 physical memory requested, 0 released, 462155776 free
2026-03-29T16:18:04.608-0500 [DEBUG] [org.gradle.cache.internal.DefaultFileLockManager] Waiting to acquire shared lock on daemon addresses registry.
2026-03-29T16:18:04.609-0500 [DEBUG] [org.gradle.cache.internal.DefaultFileLockManager] Lock acquired on daemon addresses registry.
2026-03-29T16:18:04.610-0500 [DEBUG] [org.gradle.cache.internal.DefaultFileLockManager] Releasing lock on daemon addresses registry.
2026-03-29T16:18:04.613-0500 [DEBUG] [org.gradle.cache.internal.DefaultFileLockManager] Waiting to acquire shared lock on daemon addresses registry.
2026-03-29T16:18:04.613-0500 [DEBUG] [org.gradle.cache.internal.DefaultFileLockManager] Lock acquired on daemon addresses registry.
2026-03-29T16:18:04.614-0500 [DEBUG] [org.gradle.cache.internal.DefaultFileLockManager] Releasing lock on daemon addresses registry.
2026-03-29T16:18:04.616-0500 [DEBUG] [org.gradle.cache.internal.DefaultFileLockManager] Waiting to acquire shared lock on daemon addresses registry.
2026-03-29T16:18:04.617-0500 [DEBUG] [org.gradle.cache.internal.DefaultFileLockManager] Lock acquired on daemon addresses registry.
2026-03-29T16:18:04.618-0500 [DEBUG] [org.gradle.cache.internal.DefaultFileLockManager] Releasing lock on daemon addresses registry.
2026-03-29T16:18:08.882-0500 [DEBUG] [org.gradle.process.internal.health.memory.DefaultMemoryManager] 841566208 physical memory requested, 557064192 free
2026-03-29T16:18:08.882-0500 [DEBUG] [org.gradle.workers.internal.WorkerDaemonExpiration] Will attempt to release 802 of memory
2026-03-29T16:18:08.882-0500 [DEBUG] [org.gradle.process.internal.health.memory.DefaultMemoryManager] 841566208 physical memory requested, 0 released, 557064192 free
2026-03-29T16:18:14.609-0500 [DEBUG] [org.gradle.cache.internal.DefaultFileLockManager] Waiting to acquire shared lock on daemon addresses registry.
2026-03-29T16:18:14.609-0500 [DEBUG] [org.gradle.cache.internal.DefaultFileLockManager] Lock acquired on daemon addresses registry.
2026-03-29T16:18:14.610-0500 [DEBUG] [org.gradle.cache.internal.DefaultFileLockManager] Releasing lock on daemon addresses registry.
2026-03-29T16:18:14.612-0500 [DEBUG] [org.gradle.cache.internal.DefaultFileLockManager] Waiting to acquire shared lock on daemon addresses registry.
2026-03-29T16:18:14.613-0500 [DEBUG] [org.gradle.cache.internal.DefaultFileLockManager] Lock acquired on daemon addresses registry.
2026-03-29T16:18:14.614-0500 [DEBUG] [org.gradle.cache.internal.DefaultFileLockManager] Releasing lock on daemon addresses registry.
2026-03-29T16:18:14.616-0500 [DEBUG] [org.gradle.cache.internal.DefaultFileLockManager] Waiting to acquire shared lock on daemon addresses registry.
2026-03-29T16:18:14.617-0500 [DEBUG] [org.gradle.cache.internal.DefaultFileLockManager] Lock acquired on daemon addresses registry.
2026-03-29T16:18:14.617-0500 [DEBUG] [org.gradle.cache.internal.DefaultFileLockManager] Releasing lock on daemon addresses registry.
2026-03-29T16:18:24.609-0500 [DEBUG] [org.gradle.cache.internal.DefaultFileLockManager] Waiting to acquire shared lock on daemon addresses registry.
2026-03-29T16:18:24.609-0500 [DEBUG] [org.gradle.cache.internal.DefaultFileLockManager] Lock acquired on daemon addresses registry.
2026-03-29T16:18:24.610-0500 [DEBUG] [org.gradle.cache.internal.DefaultFileLockManager] Releasing lock on daemon addresses registry.
2026-03-29T16:18:24.612-0500 [DEBUG] [org.gradle.cache.internal.DefaultFileLockManager] Waiting to acquire shared lock on daemon addresses registry.
2026-03-29T16:18:24.613-0500 [DEBUG] [org.gradle.cache.internal.DefaultFileLockManager] Lock acquired on daemon addresses registry.
2026-03-29T16:18:24.613-0500 [DEBUG] [org.gradle.cache.internal.DefaultFileLockManager] Releasing lock on daemon addresses registry.
2026-03-29T16:18:24.615-0500 [DEBUG] [org.gradle.cache.internal.DefaultFileLockManager] Waiting to acquire shared lock on daemon addresses registry.
2026-03-29T16:18:24.615-0500 [DEBUG] [org.gradle.cache.internal.DefaultFileLockManager] Lock acquired on daemon addresses registry.
2026-03-29T16:18:24.616-0500 [DEBUG] [org.gradle.cache.internal.DefaultFileLockManager] Releasing lock on daemon addresses registry.
2026-03-29T16:18:34.609-0500 [DEBUG] [org.gradle.cache.internal.DefaultFileLockManager] Waiting to acquire shared lock on daemon addresses registry.
2026-03-29T16:18:34.610-0500 [DEBUG] [org.gradle.cache.internal.DefaultFileLockManager] Lock acquired on daemon addresses registry.
2026-03-29T16:18:34.610-0500 [DEBUG] [org.gradle.cache.internal.DefaultFileLockManager] Releasing lock on daemon addresses registry.
2026-03-29T16:18:34.613-0500 [DEBUG] [org.gradle.cache.internal.DefaultFileLockManager] Waiting to acquire shared lock on daemon addresses registry.
2026-03-29T16:18:34.613-0500 [DEBUG] [org.gradle.cache.internal.DefaultFileLockManager] Lock acquired on daemon addresses registry.
2026-03-29T16:18:34.614-0500 [DEBUG] [org.gradle.cache.internal.DefaultFileLockManager] Releasing lock on daemon addresses registry.
2026-03-29T16:18:34.616-0500 [DEBUG] [org.gradle.cache.internal.DefaultFileLockManager] Waiting to acquire shared lock on daemon addresses registry.
2026-03-29T16:18:34.616-0500 [DEBUG] [org.gradle.cache.internal.DefaultFileLockManager] Lock acquired on daemon addresses registry.
2026-03-29T16:18:34.617-0500 [DEBUG] [org.gradle.cache.internal.DefaultFileLockManager] Releasing lock on daemon addresses registry.
2026-03-29T16:18:44.609-0500 [DEBUG] [org.gradle.cache.internal.DefaultFileLockManager] Waiting to acquire shared lock on daemon addresses registry.
2026-03-29T16:18:44.609-0500 [DEBUG] [org.gradle.cache.internal.DefaultFileLockManager] Lock acquired on daemon addresses registry.
2026-03-29T16:18:44.610-0500 [DEBUG] [org.gradle.cache.internal.DefaultFileLockManager] Releasing lock on daemon addresses registry.
2026-03-29T16:18:44.612-0500 [DEBUG] [org.gradle.cache.internal.DefaultFileLockManager] Waiting to acquire shared lock on daemon addresses registry.
2026-03-29T16:18:44.612-0500 [DEBUG] [org.gradle.cache.internal.DefaultFileLockManager] Lock acquired on daemon addresses registry.
2026-03-29T16:18:44.613-0500 [DEBUG] [org.gradle.cache.internal.DefaultFileLockManager] Releasing lock on daemon addresses registry.
2026-03-29T16:18:44.616-0500 [DEBUG] [org.gradle.cache.internal.DefaultFileLockManager] Waiting to acquire shared lock on daemon addresses registry.
2026-03-29T16:18:44.617-0500 [DEBUG] [org.gradle.cache.internal.DefaultFileLockManager] Lock acquired on daemon addresses registry.
2026-03-29T16:18:44.617-0500 [DEBUG] [org.gradle.cache.internal.DefaultFileLockManager] Releasing lock on daemon addresses registry.
2026-03-29T16:18:48.881-0500 [DEBUG] [org.gradle.process.internal.health.memory.DefaultMemoryManager] 841566208 physical memory requested, 697085952 free
2026-03-29T16:18:48.881-0500 [DEBUG] [org.gradle.workers.internal.WorkerDaemonExpiration] Will attempt to release 802 of memory
2026-03-29T16:18:48.882-0500 [DEBUG] [org.gradle.process.internal.health.memory.DefaultMemoryManager] 841566208 physical memory requested, 0 released, 697085952 free
2026-03-29T16:18:53.881-0500 [DEBUG] [org.gradle.process.internal.health.memory.DefaultMemoryManager] 841566208 physical memory requested, 532647936 free
2026-03-29T16:18:53.882-0500 [DEBUG] [org.gradle.workers.internal.WorkerDaemonExpiration] Will attempt to release 802 of memory
2026-03-29T16:18:53.883-0500 [DEBUG] [org.gradle.process.internal.health.memory.DefaultMemoryManager] 841566208 physical memory requested, 0 released, 532647936 free
2026-03-29T16:18:54.612-0500 [DEBUG] [org.gradle.cache.internal.DefaultFileLockManager] Waiting to acquire shared lock on daemon addresses registry.
2026-03-29T16:18:54.612-0500 [DEBUG] [org.gradle.cache.internal.DefaultFileLockManager] Lock acquired on daemon addresses registry.
2026-03-29T16:18:54.618-0500 [DEBUG] [org.gradle.cache.internal.DefaultFileLockManager] Releasing lock on daemon addresses registry.
2026-03-29T16:18:54.622-0500 [DEBUG] [org.gradle.cache.internal.DefaultFileLockManager] Waiting to acquire shared lock on daemon addresses registry.
2026-03-29T16:18:54.622-0500 [DEBUG] [org.gradle.cache.internal.DefaultFileLockManager] Lock acquired on daemon addresses registry.
2026-03-29T16:18:54.623-0500 [DEBUG] [org.gradle.cache.internal.DefaultFileLockManager] Releasing lock on daemon addresses registry.
2026-03-29T16:18:54.626-0500 [DEBUG] [org.gradle.cache.internal.DefaultFileLockManager] Waiting to acquire shared lock on daemon addresses registry.
2026-03-29T16:18:54.627-0500 [DEBUG] [org.gradle.cache.internal.DefaultFileLockManager] Lock acquired on daemon addresses registry.
2026-03-29T16:18:54.628-0500 [DEBUG] [org.gradle.cache.internal.DefaultFileLockManager] Releasing lock on daemon addresses registry.
2026-03-29T16:18:58.880-0500 [DEBUG] [org.gradle.process.internal.health.memory.DefaultMemoryManager] 841566208 physical memory requested, 454926336 free
2026-03-29T16:18:58.881-0500 [DEBUG] [org.gradle.workers.internal.WorkerDaemonExpiration] Will attempt to release 802 of memory
2026-03-29T16:18:58.881-0500 [DEBUG] [org.gradle.process.internal.health.memory.DefaultMemoryManager] 841566208 physical memory requested, 0 released, 454926336 free
2026-03-29T16:19:03.880-0500 [DEBUG] [org.gradle.process.internal.health.memory.DefaultMemoryManager] 841566208 physical memory requested, 558129152 free
2026-03-29T16:19:03.881-0500 [DEBUG] [org.gradle.workers.internal.WorkerDaemonExpiration] Will attempt to release 802 of memory
2026-03-29T16:19:03.881-0500 [DEBUG] [org.gradle.process.internal.health.memory.DefaultMemoryManager] 841566208 physical memory requested, 0 released, 558129152 free
2026-03-29T16:19:04.611-0500 [DEBUG] [org.gradle.cache.internal.DefaultFileLockManager] Waiting to acquire shared lock on daemon addresses registry.
2026-03-29T16:19:04.612-0500 [DEBUG] [org.gradle.cache.internal.DefaultFileLockManager] Lock acquired on daemon addresses registry.
2026-03-29T16:19:04.613-0500 [DEBUG] [org.gradle.cache.internal.DefaultFileLockManager] Releasing lock on daemon addresses registry.
2026-03-29T16:19:04.616-0500 [DEBUG] [org.gradle.cache.internal.DefaultFileLockManager] Waiting to acquire shared lock on daemon addresses registry.
2026-03-29T16:19:04.616-0500 [DEBUG] [org.gradle.cache.internal.DefaultFileLockManager] Lock acquired on daemon addresses registry.
2026-03-29T16:19:04.617-0500 [DEBUG] [org.gradle.cache.internal.DefaultFileLockManager] Releasing lock on daemon addresses registry.
2026-03-29T16:19:04.619-0500 [DEBUG] [org.gradle.cache.internal.DefaultFileLockManager] Waiting to acquire shared lock on daemon addresses registry.
2026-03-29T16:19:04.620-0500 [DEBUG] [org.gradle.cache.internal.DefaultFileLockManager] Lock acquired on daemon addresses registry.
2026-03-29T16:19:04.621-0500 [DEBUG] [org.gradle.cache.internal.DefaultFileLockManager] Releasing lock on daemon addresses registry.
2026-03-29T16:19:06.257-0500 [DEBUG] [org.gradle.internal.watch.vfs.impl.WatchingVirtualFileSystem] Handling VFS change CREATED C:\Users\sebgo\AndroidStudioProjects\mytaxitravel\app\src\main\java\com\workpro\mytaxitravel\Usuario.kt~
2026-03-29T16:19:06.361-0500 [DEBUG] [org.gradle.internal.watch.vfs.impl.WatchingVirtualFileSystem] Handling VFS change MODIFIED C:\Users\sebgo\AndroidStudioProjects\mytaxitravel\app\src\main\java\com\workpro\mytaxitravel\Usuario.kt
2026-03-29T16:19:08.881-0500 [DEBUG] [org.gradle.process.internal.health.memory.DefaultMemoryManager] 841566208 physical memory requested, 430579712 free
2026-03-29T16:19:08.885-0500 [DEBUG] [org.gradle.workers.internal.WorkerDaemonExpiration] Will attempt to release 802 of memory
2026-03-29T16:19:08.887-0500 [DEBUG] [org.gradle.process.internal.health.memory.DefaultMemoryManager] 841566208 physical memory requested, 0 released, 430579712 free
2026-03-29T16:19:13.887-0500 [DEBUG] [org.gradle.process.internal.health.memory.DefaultMemoryManager] 841566208 physical memory requested, 247222272 free
2026-03-29T16:19:13.892-0500 [DEBUG] [org.gradle.workers.internal.WorkerDaemonExpiration] Will attempt to release 802 of memory
2026-03-29T16:19:13.892-0500 [DEBUG] [org.gradle.process.internal.health.memory.DefaultMemoryManager] 841566208 physical memory requested, 0 released, 247222272 free
2026-03-29T16:19:14.619-0500 [DEBUG] [org.gradle.cache.internal.DefaultFileLockManager] Waiting to acquire shared lock on daemon addresses registry.
2026-03-29T16:19:14.620-0500 [DEBUG] [org.gradle.cache.internal.DefaultFileLockManager] Lock acquired on daemon addresses registry.
2026-03-29T16:19:14.623-0500 [DEBUG] [org.gradle.cache.internal.DefaultFileLockManager] Releasing lock on daemon addresses registry.
2026-03-29T16:19:14.635-0500 [DEBUG] [org.gradle.cache.internal.DefaultFileLockManager] Waiting to acquire shared lock on daemon addresses registry.
2026-03-29T16:19:14.635-0500 [DEBUG] [org.gradle.cache.internal.DefaultFileLockManager] Lock acquired on daemon addresses registry.
2026-03-29T16:19:14.637-0500 [DEBUG] [org.gradle.cache.internal.DefaultFileLockManager] Releasing lock on daemon addresses registry.
2026-03-29T16:19:14.645-0500 [DEBUG] [org.gradle.cache.internal.DefaultFileLockManager] Waiting to acquire shared lock on daemon addresses registry.
2026-03-29T16:19:14.647-0500 [DEBUG] [org.gradle.cache.internal.DefaultFileLockManager] Lock acquired on daemon addresses registry.
2026-03-29T16:19:14.650-0500 [DEBUG] [org.gradle.cache.internal.DefaultFileLockManager] Releasing lock on daemon addresses registry.
2026-03-29T16:19:18.902-0500 [DEBUG] [org.gradle.process.internal.health.memory.DefaultMemoryManager] 841566208 physical memory requested, 610193408 free
2026-03-29T16:19:18.903-0500 [DEBUG] [org.gradle.workers.internal.WorkerDaemonExpiration] Will attempt to release 802 of memory
2026-03-29T16:19:18.903-0500 [DEBUG] [org.gradle.process.internal.health.memory.DefaultMemoryManager] 841566208 physical memory requested, 0 released, 610193408 free
2026-03-29T16:19:23.884-0500 [DEBUG] [org.gradle.process.internal.health.memory.DefaultMemoryManager] 841566208 physical memory requested, 450588672 free
2026-03-29T16:19:23.885-0500 [DEBUG] [org.gradle.workers.internal.WorkerDaemonExpiration] Will attempt to release 802 of memory
2026-03-29T16:19:23.886-0500 [DEBUG] [org.gradle.process.internal.health.memory.DefaultMemoryManager] 841566208 physical memory requested, 0 released, 450588672 free
2026-03-29T16:19:24.622-0500 [DEBUG] [org.gradle.cache.internal.DefaultFileLockManager] Waiting to acquire shared lock on daemon addresses registry.
2026-03-29T16:19:24.623-0500 [DEBUG] [org.gradle.cache.internal.DefaultFileLockManager] Lock acquired on daemon addresses registry.
2026-03-29T16:19:24.624-0500 [DEBUG] [org.gradle.cache.internal.DefaultFileLockManager] Releasing lock on daemon addresses registry.
2026-03-29T16:19:24.630-0500 [DEBUG] [org.gradle.cache.internal.DefaultFileLockManager] Waiting to acquire shared lock on daemon addresses registry.
2026-03-29T16:19:24.634-0500 [DEBUG] [org.gradle.cache.internal.DefaultFileLockManager] Lock acquired on daemon addresses registry.
2026-03-29T16:19:24.636-0500 [DEBUG] [org.gradle.cache.internal.DefaultFileLockManager] Releasing lock on daemon addresses registry.
2026-03-29T16:19:24.659-0500 [DEBUG] [org.gradle.cache.internal.DefaultFileLockManager] Waiting to acquire shared lock on daemon addresses registry.
2026-03-29T16:19:24.660-0500 [DEBUG] [org.gradle.cache.internal.DefaultFileLockManager] Lock acquired on daemon addresses registry.
2026-03-29T16:19:24.661-0500 [DEBUG] [org.gradle.cache.internal.DefaultFileLockManager] Releasing lock on daemon addresses registry.
2026-03-29T16:19:28.880-0500 [DEBUG] [org.gradle.process.internal.health.memory.DefaultMemoryManager] 841566208 physical memory requested, 615890944 free
2026-03-29T16:19:28.880-0500 [DEBUG] [org.gradle.workers.internal.WorkerDaemonExpiration] Will attempt to release 802 of memory
2026-03-29T16:19:28.881-0500 [DEBUG] [org.gradle.process.internal.health.memory.DefaultMemoryManager] 841566208 physical memory requested, 0 released, 615890944 free
2026-03-29T16:19:34.611-0500 [DEBUG] [org.gradle.cache.internal.DefaultFileLockManager] Waiting to acquire shared lock on daemon addresses registry.
2026-03-29T16:19:34.612-0500 [DEBUG] [org.gradle.cache.internal.DefaultFileLockManager] Lock acquired on daemon addresses registry.
2026-03-29T16:19:34.613-0500 [DEBUG] [org.gradle.cache.internal.DefaultFileLockManager] Releasing lock on daemon addresses registry.
2026-03-29T16:19:34.615-0500 [DEBUG] [org.gradle.cache.internal.DefaultFileLockManager] Waiting to acquire shared lock on daemon addresses registry.
2026-03-29T16:19:34.615-0500 [DEBUG] [org.gradle.cache.internal.DefaultFileLockManager] Lock acquired on daemon addresses registry.
2026-03-29T16:19:34.615-0500 [DEBUG] [org.gradle.cache.internal.DefaultFileLockManager] Releasing lock on daemon addresses registry.
2026-03-29T16:19:34.617-0500 [DEBUG] [org.gradle.cache.internal.DefaultFileLockManager] Waiting to acquire shared lock on daemon addresses registry.
2026-03-29T16:19:34.622-0500 [DEBUG] [org.gradle.cache.internal.DefaultFileLockManager] Lock acquired on daemon addresses registry.
2026-03-29T16:19:34.624-0500 [DEBUG] [org.gradle.cache.internal.DefaultFileLockManager] Releasing lock on daemon addresses registry.
2026-03-29T16:19:43.898-0500 [DEBUG] [org.gradle.process.internal.health.memory.DefaultMemoryManager] 841566208 physical memory requested, 734244864 free
2026-03-29T16:19:43.901-0500 [DEBUG] [org.gradle.workers.internal.WorkerDaemonExpiration] Will attempt to release 802 of memory
2026-03-29T16:19:43.902-0500 [DEBUG] [org.gradle.process.internal.health.memory.DefaultMemoryManager] 841566208 physical memory requested, 0 released, 734244864 free
2026-03-29T16:19:44.623-0500 [DEBUG] [org.gradle.cache.internal.DefaultFileLockManager] Waiting to acquire shared lock on daemon addresses registry.
2026-03-29T16:19:44.626-0500 [DEBUG] [org.gradle.cache.internal.DefaultFileLockManager] Lock acquired on daemon addresses registry.
2026-03-29T16:19:44.629-0500 [DEBUG] [org.gradle.cache.internal.DefaultFileLockManager] Releasing lock on daemon addresses registry.
2026-03-29T16:19:44.634-0500 [DEBUG] [org.gradle.cache.internal.DefaultFileLockManager] Waiting to acquire shared lock on daemon addresses registry.
2026-03-29T16:19:44.635-0500 [DEBUG] [org.gradle.cache.internal.DefaultFileLockManager] Lock acquired on daemon addresses registry.
2026-03-29T16:19:44.638-0500 [DEBUG] [org.gradle.cache.internal.DefaultFileLockManager] Releasing lock on daemon addresses registry.
2026-03-29T16:19:44.644-0500 [DEBUG] [org.gradle.cache.internal.DefaultFileLockManager] Waiting to acquire shared lock on daemon addresses registry.
2026-03-29T16:19:44.644-0500 [DEBUG] [org.gradle.cache.internal.DefaultFileLockManager] Lock acquired on daemon addresses registry.
2026-03-29T16:19:44.645-0500 [DEBUG] [org.gradle.cache.internal.DefaultFileLockManager] Releasing lock on daemon addresses registry.
2026-03-29T16:19:54.637-0500 [DEBUG] [org.gradle.cache.internal.DefaultFileLockManager] Waiting to acquire shared lock on daemon addresses registry.
2026-03-29T16:19:54.638-0500 [DEBUG] [org.gradle.cache.internal.DefaultFileLockManager] Lock acquired on daemon addresses registry.
2026-03-29T16:19:54.668-0500 [DEBUG] [org.gradle.cache.internal.DefaultFileLockManager] Releasing lock on daemon addresses registry.
2026-03-29T16:19:54.670-0500 [DEBUG] [org.gradle.cache.internal.DefaultFileLockManager] Waiting to acquire shared lock on daemon addresses registry.
2026-03-29T16:19:54.671-0500 [DEBUG] [org.gradle.cache.internal.DefaultFileLockManager] Lock acquired on daemon addresses registry.
2026-03-29T16:19:54.673-0500 [DEBUG] [org.gradle.cache.internal.DefaultFileLockManager] Releasing lock on daemon addresses registry.
2026-03-29T16:19:54.675-0500 [DEBUG] [org.gradle.cache.internal.DefaultFileLockManager] Waiting to acquire shared lock on daemon addresses registry.
2026-03-29T16:19:54.676-0500 [DEBUG] [org.gradle.cache.internal.DefaultFileLockManager] Lock acquired on daemon addresses registry.
2026-03-29T16:19:54.677-0500 [DEBUG] [org.gradle.cache.internal.DefaultFileLockManager] Releasing lock on daemon addresses registry.
2026-03-29T16:19:58.910-0500 [DEBUG] [org.gradle.process.internal.health.memory.DefaultMemoryManager] 841566208 physical memory requested, 755146752 free
2026-03-29T16:19:58.910-0500 [DEBUG] [org.gradle.workers.internal.WorkerDaemonExpiration] Will attempt to release 802 of memory
2026-03-29T16:19:58.911-0500 [DEBUG] [org.gradle.process.internal.health.memory.DefaultMemoryManager] 841566208 physical memory requested, 0 released, 755146752 free
2026-03-29T16:20:03.889-0500 [DEBUG] [org.gradle.process.internal.health.memory.DefaultMemoryManager] 841566208 physical memory requested, 493023232 free
2026-03-29T16:20:03.889-0500 [DEBUG] [org.gradle.workers.internal.WorkerDaemonExpiration] Will attempt to release 802 of memory
2026-03-29T16:20:03.890-0500 [DEBUG] [org.gradle.process.internal.health.memory.DefaultMemoryManager] 841566208 physical memory requested, 0 released, 493023232 free
2026-03-29T16:20:04.610-0500 [DEBUG] [org.gradle.cache.internal.DefaultFileLockManager] Waiting to acquire shared lock on daemon addresses registry.
2026-03-29T16:20:04.627-0500 [DEBUG] [org.gradle.cache.internal.DefaultFileLockManager] Lock acquired on daemon addresses registry.
2026-03-29T16:20:04.680-0500 [DEBUG] [org.gradle.cache.internal.DefaultFileLockManager] Releasing lock on daemon addresses registry.
2026-03-29T16:20:04.683-0500 [DEBUG] [org.gradle.cache.internal.DefaultFileLockManager] Waiting to acquire shared lock on daemon addresses registry.
2026-03-29T16:20:04.684-0500 [DEBUG] [org.gradle.cache.internal.DefaultFileLockManager] Lock acquired on daemon addresses registry.
2026-03-29T16:20:04.684-0500 [DEBUG] [org.gradle.cache.internal.DefaultFileLockManager] Releasing lock on daemon addresses registry.
2026-03-29T16:20:04.687-0500 [DEBUG] [org.gradle.cache.internal.DefaultFileLockManager] Waiting to acquire shared lock on daemon addresses registry.
2026-03-29T16:20:04.687-0500 [DEBUG] [org.gradle.cache.internal.DefaultFileLockManager] Lock acquired on daemon addresses registry.
2026-03-29T16:20:04.687-0500 [DEBUG] [org.gradle.cache.internal.DefaultFileLockManager] Releasing lock on daemon addresses registry.
2026-03-29T16:20:08.894-0500 [DEBUG] [org.gradle.process.internal.health.memory.DefaultMemoryManager] 841566208 physical memory requested, 519610368 free
2026-03-29T16:20:08.895-0500 [DEBUG] [org.gradle.workers.internal.WorkerDaemonExpiration] Will attempt to release 802 of memory
2026-03-29T16:20:08.895-0500 [DEBUG] [org.gradle.process.internal.health.memory.DefaultMemoryManager] 841566208 physical memory requested, 0 released, 519610368 free
2026-03-29T16:20:13.882-0500 [DEBUG] [org.gradle.process.internal.health.memory.DefaultMemoryManager] 841566208 physical memory requested, 649146368 free
2026-03-29T16:20:13.883-0500 [DEBUG] [org.gradle.workers.internal.WorkerDaemonExpiration] Will attempt to release 802 of memory
2026-03-29T16:20:13.883-0500 [DEBUG] [org.gradle.process.internal.health.memory.DefaultMemoryManager] 841566208 physical memory requested, 0 released, 649146368 free
2026-03-29T16:20:14.618-0500 [DEBUG] [org.gradle.cache.internal.DefaultFileLockManager] Waiting to acquire shared lock on daemon addresses registry.
2026-03-29T16:20:14.620-0500 [DEBUG] [org.gradle.cache.internal.DefaultFileLockManager] Lock acquired on daemon addresses registry.
2026-03-29T16:20:14.620-0500 [DEBUG] [org.gradle.cache.internal.DefaultFileLockManager] Releasing lock on daemon addresses registry.
2026-03-29T16:20:14.623-0500 [DEBUG] [org.gradle.cache.internal.DefaultFileLockManager] Waiting to acquire shared lock on daemon addresses registry.
2026-03-29T16:20:14.623-0500 [DEBUG] [org.gradle.cache.internal.DefaultFileLockManager] Lock acquired on daemon addresses registry.
2026-03-29T16:20:14.624-0500 [DEBUG] [org.gradle.cache.internal.DefaultFileLockManager] Releasing lock on daemon addresses registry.
2026-03-29T16:20:14.626-0500 [DEBUG] [org.gradle.cache.internal.DefaultFileLockManager] Waiting to acquire shared lock on daemon addresses registry.
2026-03-29T16:20:14.626-0500 [DEBUG] [org.gradle.cache.internal.DefaultFileLockManager] Lock acquired on daemon addresses registry.
2026-03-29T16:20:14.627-0500 [DEBUG] [org.gradle.cache.internal.DefaultFileLockManager] Releasing lock on daemon addresses registry.
2026-03-29T16:20:18.893-0500 [DEBUG] [org.gradle.process.internal.health.memory.DefaultMemoryManager] 841566208 physical memory requested, 571060224 free
2026-03-29T16:20:18.893-0500 [DEBUG] [org.gradle.workers.internal.WorkerDaemonExpiration] Will attempt to release 802 of memory
2026-03-29T16:20:18.894-0500 [DEBUG] [org.gradle.process.internal.health.memory.DefaultMemoryManager] 841566208 physical memory requested, 0 released, 571060224 free
2026-03-29T16:20:23.890-0500 [DEBUG] [org.gradle.process.internal.health.memory.DefaultMemoryManager] 841566208 physical memory requested, 483160064 free
2026-03-29T16:20:23.891-0500 [DEBUG] [org.gradle.workers.internal.WorkerDaemonExpiration] Will attempt to release 802 of memory
2026-03-29T16:20:23.891-0500 [DEBUG] [org.gradle.process.internal.health.memory.DefaultMemoryManager] 841566208 physical memory requested, 0 released, 483160064 free
2026-03-29T16:20:24.622-0500 [DEBUG] [org.gradle.cache.internal.DefaultFileLockManager] Waiting to acquire shared lock on daemon addresses registry.
2026-03-29T16:20:24.622-0500 [DEBUG] [org.gradle.cache.internal.DefaultFileLockManager] Lock acquired on daemon addresses registry.
2026-03-29T16:20:24.623-0500 [DEBUG] [org.gradle.cache.internal.DefaultFileLockManager] Releasing lock on daemon addresses registry.
2026-03-29T16:20:24.646-0500 [DEBUG] [org.gradle.cache.internal.DefaultFileLockManager] Waiting to acquire shared lock on daemon addresses registry.
2026-03-29T16:20:24.646-0500 [DEBUG] [org.gradle.cache.internal.DefaultFileLockManager] Lock acquired on daemon addresses registry.
2026-03-29T16:20:24.647-0500 [DEBUG] [org.gradle.cache.internal.DefaultFileLockManager] Releasing lock on daemon addresses registry.
2026-03-29T16:20:24.649-0500 [DEBUG] [org.gradle.cache.internal.DefaultFileLockManager] Waiting to acquire shared lock on daemon addresses registry.
2026-03-29T16:20:24.650-0500 [DEBUG] [org.gradle.cache.internal.DefaultFileLockManager] Lock acquired on daemon addresses registry.
2026-03-29T16:20:24.651-0500 [DEBUG] [org.gradle.cache.internal.DefaultFileLockManager] Releasing lock on daemon addresses registry.
2026-03-29T16:20:28.881-0500 [DEBUG] [org.gradle.process.internal.health.memory.DefaultMemoryManager] 841566208 physical memory requested, 786255872 free
2026-03-29T16:20:28.893-0500 [DEBUG] [org.gradle.workers.internal.WorkerDaemonExpiration] Will attempt to release 802 of memory
2026-03-29T16:20:28.894-0500 [DEBUG] [org.gradle.process.internal.health.memory.DefaultMemoryManager] 841566208 physical memory requested, 0 released, 786255872 free
2026-03-29T16:20:34.617-0500 [DEBUG] [org.gradle.cache.internal.DefaultFileLockManager] Waiting to acquire shared lock on daemon addresses registry.
2026-03-29T16:20:34.618-0500 [DEBUG] [org.gradle.cache.internal.DefaultFileLockManager] Lock acquired on daemon addresses registry.
2026-03-29T16:20:34.620-0500 [DEBUG] [org.gradle.cache.internal.DefaultFileLockManager] Releasing lock on daemon addresses registry.
2026-03-29T16:20:34.628-0500 [DEBUG] [org.gradle.cache.internal.DefaultFileLockManager] Waiting to acquire shared lock on daemon addresses registry.
2026-03-29T16:20:34.629-0500 [DEBUG] [org.gradle.cache.internal.DefaultFileLockManager] Lock acquired on daemon addresses registry.
2026-03-29T16:20:34.631-0500 [DEBUG] [org.gradle.cache.internal.DefaultFileLockManager] Releasing lock on daemon addresses registry.
2026-03-29T16:20:34.636-0500 [DEBUG] [org.gradle.cache.internal.DefaultFileLockManager] Waiting to acquire shared lock on daemon addresses registry.
2026-03-29T16:20:34.637-0500 [DEBUG] [org.gradle.cache.internal.DefaultFileLockManager] Lock acquired on daemon addresses registry.
2026-03-29T16:20:34.639-0500 [DEBUG] [org.gradle.cache.internal.DefaultFileLockManager] Releasing lock on daemon addresses registry.
2026-03-29T16:20:44.618-0500 [DEBUG] [org.gradle.cache.internal.DefaultFileLockManager] Waiting to acquire shared lock on daemon addresses registry.
2026-03-29T16:20:44.618-0500 [DEBUG] [org.gradle.cache.internal.DefaultFileLockManager] Lock acquired on daemon addresses registry.
2026-03-29T16:20:44.618-0500 [DEBUG] [org.gradle.cache.internal.DefaultFileLockManager] Releasing lock on daemon addresses registry.
2026-03-29T16:20:44.620-0500 [DEBUG] [org.gradle.cache.internal.DefaultFileLockManager] Waiting to acquire shared lock on daemon addresses registry.
2026-03-29T16:20:44.620-0500 [DEBUG] [org.gradle.cache.internal.DefaultFileLockManager] Lock acquired on daemon addresses registry.
2026-03-29T16:20:44.622-0500 [DEBUG] [org.gradle.cache.internal.DefaultFileLockManager] Releasing lock on daemon addresses registry.
2026-03-29T16:20:44.623-0500 [DEBUG] [org.gradle.cache.internal.DefaultFileLockManager] Waiting to acquire shared lock on daemon addresses registry.
2026-03-29T16:20:44.624-0500 [DEBUG] [org.gradle.cache.internal.DefaultFileLockManager] Lock acquired on daemon addresses registry.
2026-03-29T16:20:44.624-0500 [DEBUG] [org.gradle.cache.internal.DefaultFileLockManager] Releasing lock on daemon addresses registry.
2026-03-29T16:20:54.609-0500 [DEBUG] [org.gradle.cache.internal.DefaultFileLockManager] Waiting to acquire shared lock on daemon addresses registry.
2026-03-29T16:20:54.610-0500 [DEBUG] [org.gradle.cache.internal.DefaultFileLockManager] Lock acquired on daemon addresses registry.
2026-03-29T16:20:54.611-0500 [DEBUG] [org.gradle.cache.internal.DefaultFileLockManager] Releasing lock on daemon addresses registry.
2026-03-29T16:20:54.613-0500 [DEBUG] [org.gradle.cache.internal.DefaultFileLockManager] Waiting to acquire shared lock on daemon addresses registry.
2026-03-29T16:20:54.614-0500 [DEBUG] [org.gradle.cache.internal.DefaultFileLockManager] Lock acquired on daemon addresses registry.
2026-03-29T16:20:54.615-0500 [DEBUG] [org.gradle.cache.internal.DefaultFileLockManager] Releasing lock on daemon addresses registry.
2026-03-29T16:20:54.617-0500 [DEBUG] [org.gradle.cache.internal.DefaultFileLockManager] Waiting to acquire shared lock on daemon addresses registry.
2026-03-29T16:20:54.617-0500 [DEBUG] [org.gradle.cache.internal.DefaultFileLockManager] Lock acquired on daemon addresses registry.
2026-03-29T16:20:54.618-0500 [DEBUG] [org.gradle.cache.internal.DefaultFileLockManager] Releasing lock on daemon addresses registry.
2026-03-29T16:21:04.613-0500 [DEBUG] [org.gradle.cache.internal.DefaultFileLockManager] Waiting to acquire shared lock on daemon addresses registry.
2026-03-29T16:21:04.614-0500 [DEBUG] [org.gradle.cache.internal.DefaultFileLockManager] Lock acquired on daemon addresses registry.
2026-03-29T16:21:04.618-0500 [DEBUG] [org.gradle.cache.internal.DefaultFileLockManager] Releasing lock on daemon addresses registry.
2026-03-29T16:21:04.628-0500 [DEBUG] [org.gradle.cache.internal.DefaultFileLockManager] Waiting to acquire shared lock on daemon addresses registry.
2026-03-29T16:21:04.629-0500 [DEBUG] [org.gradle.cache.internal.DefaultFileLockManager] Lock acquired on daemon addresses registry.
2026-03-29T16:21:04.632-0500 [DEBUG] [org.gradle.cache.internal.DefaultFileLockManager] Releasing lock on daemon addresses registry.
2026-03-29T16:21:04.637-0500 [DEBUG] [org.gradle.cache.internal.DefaultFileLockManager] Waiting to acquire shared lock on daemon addresses registry.
2026-03-29T16:21:04.688-0500 [DEBUG] [org.gradle.cache.internal.DefaultFileLockManager] Lock acquired on daemon addresses registry.
2026-03-29T16:21:04.689-0500 [DEBUG] [org.gradle.cache.internal.DefaultFileLockManager] Releasing lock on daemon addresses registry.
2026-03-29T16:21:14.613-0500 [DEBUG] [org.gradle.cache.internal.DefaultFileLockManager] Waiting to acquire shared lock on daemon addresses registry.
2026-03-29T16:21:14.614-0500 [DEBUG] [org.gradle.cache.internal.DefaultFileLockManager] Lock acquired on daemon addresses registry.
2026-03-29T16:21:14.614-0500 [DEBUG] [org.gradle.cache.internal.DefaultFileLockManager] Releasing lock on daemon addresses registry.
2026-03-29T16:21:14.617-0500 [DEBUG] [org.gradle.cache.internal.DefaultFileLockManager] Waiting to acquire shared lock on daemon addresses registry.
2026-03-29T16:21:14.617-0500 [DEBUG] [org.gradle.cache.internal.DefaultFileLockManager] Lock acquired on daemon addresses registry.
2026-03-29T16:21:14.617-0500 [DEBUG] [org.gradle.cache.internal.DefaultFileLockManager] Releasing lock on daemon addresses registry.
2026-03-29T16:21:14.619-0500 [DEBUG] [org.gradle.cache.internal.DefaultFileLockManager] Waiting to acquire shared lock on daemon addresses registry.
2026-03-29T16:21:14.619-0500 [DEBUG] [org.gradle.cache.internal.DefaultFileLockManager] Lock acquired on daemon addresses registry.
2026-03-29T16:21:14.619-0500 [DEBUG] [org.gradle.cache.internal.DefaultFileLockManager] Releasing lock on daemon addresses registry.
2026-03-29T16:21:18.882-0500 [DEBUG] [org.gradle.process.internal.health.memory.DefaultMemoryManager] 841566208 physical memory requested, 726568960 free
2026-03-29T16:21:18.882-0500 [DEBUG] [org.gradle.workers.internal.WorkerDaemonExpiration] Will attempt to release 802 of memory
2026-03-29T16:21:18.882-0500 [DEBUG] [org.gradle.process.internal.health.memory.DefaultMemoryManager] 841566208 physical memory requested, 0 released, 726568960 free
2026-03-29T16:21:23.885-0500 [DEBUG] [org.gradle.process.internal.health.memory.DefaultMemoryManager] 841566208 physical memory requested, 657768448 free
2026-03-29T16:21:23.886-0500 [DEBUG] [org.gradle.workers.internal.WorkerDaemonExpiration] Will attempt to release 802 of memory
2026-03-29T16:21:23.886-0500 [DEBUG] [org.gradle.process.internal.health.memory.DefaultMemoryManager] 841566208 physical memory requested, 0 released, 657768448 free
2026-03-29T16:21:24.623-0500 [DEBUG] [org.gradle.cache.internal.DefaultFileLockManager] Waiting to acquire shared lock on daemon addresses registry.
2026-03-29T16:21:24.623-0500 [DEBUG] [org.gradle.cache.internal.DefaultFileLockManager] Lock acquired on daemon addresses registry.
2026-03-29T16:21:24.627-0500 [DEBUG] [org.gradle.cache.internal.DefaultFileLockManager] Releasing lock on daemon addresses registry.
2026-03-29T16:21:24.632-0500 [DEBUG] [org.gradle.cache.internal.DefaultFileLockManager] Waiting to acquire shared lock on daemon addresses registry.
2026-03-29T16:21:24.632-0500 [DEBUG] [org.gradle.cache.internal.DefaultFileLockManager] Lock acquired on daemon addresses registry.
2026-03-29T16:21:24.633-0500 [DEBUG] [org.gradle.cache.internal.DefaultFileLockManager] Releasing lock on daemon addresses registry.
2026-03-29T16:21:24.635-0500 [DEBUG] [org.gradle.cache.internal.DefaultFileLockManager] Waiting to acquire shared lock on daemon addresses registry.
2026-03-29T16:21:24.635-0500 [DEBUG] [org.gradle.cache.internal.DefaultFileLockManager] Lock acquired on daemon addresses registry.
2026-03-29T16:21:24.636-0500 [DEBUG] [org.gradle.cache.internal.DefaultFileLockManager] Releasing lock on daemon addresses registry.
2026-03-29T16:21:28.891-0500 [DEBUG] [org.gradle.process.internal.health.memory.DefaultMemoryManager] 841566208 physical memory requested, 721235968 free
2026-03-29T16:21:28.891-0500 [DEBUG] [org.gradle.workers.internal.WorkerDaemonExpiration] Will attempt to release 802 of memory
2026-03-29T16:21:28.892-0500 [DEBUG] [org.gradle.process.internal.health.memory.DefaultMemoryManager] 841566208 physical memory requested, 0 released, 721235968 free
2026-03-29T16:21:33.894-0500 [DEBUG] [org.gradle.process.internal.health.memory.DefaultMemoryManager] 841566208 physical memory requested, 680996864 free
2026-03-29T16:21:33.894-0500 [DEBUG] [org.gradle.workers.internal.WorkerDaemonExpiration] Will attempt to release 802 of memory
2026-03-29T16:21:33.894-0500 [DEBUG] [org.gradle.process.internal.health.memory.DefaultMemoryManager] 841566208 physical memory requested, 0 released, 680996864 free
2026-03-29T16:21:34.614-0500 [DEBUG] [org.gradle.cache.internal.DefaultFileLockManager] Waiting to acquire shared lock on daemon addresses registry.
2026-03-29T16:21:34.614-0500 [DEBUG] [org.gradle.cache.internal.DefaultFileLockManager] Lock acquired on daemon addresses registry.
2026-03-29T16:21:34.614-0500 [DEBUG] [org.gradle.cache.internal.DefaultFileLockManager] Releasing lock on daemon addresses registry.
2026-03-29T16:21:34.618-0500 [DEBUG] [org.gradle.cache.internal.DefaultFileLockManager] Waiting to acquire shared lock on daemon addresses registry.
2026-03-29T16:21:34.618-0500 [DEBUG] [org.gradle.cache.internal.DefaultFileLockManager] Lock acquired on daemon addresses registry.
2026-03-29T16:21:34.618-0500 [DEBUG] [org.gradle.cache.internal.DefaultFileLockManager] Releasing lock on daemon addresses registry.
2026-03-29T16:21:34.620-0500 [DEBUG] [org.gradle.cache.internal.DefaultFileLockManager] Waiting to acquire shared lock on daemon addresses registry.
2026-03-29T16:21:34.620-0500 [DEBUG] [org.gradle.cache.internal.DefaultFileLockManager] Lock acquired on daemon addresses registry.
2026-03-29T16:21:34.621-0500 [DEBUG] [org.gradle.cache.internal.DefaultFileLockManager] Releasing lock on daemon addresses registry.
2026-03-29T16:21:38.882-0500 [DEBUG] [org.gradle.process.internal.health.memory.DefaultMemoryManager] 841566208 physical memory requested, 628117504 free
2026-03-29T16:21:38.882-0500 [DEBUG] [org.gradle.workers.internal.WorkerDaemonExpiration] Will attempt to release 802 of memory
2026-03-29T16:21:38.882-0500 [DEBUG] [org.gradle.process.internal.health.memory.DefaultMemoryManager] 841566208 physical memory requested, 0 released, 628117504 free
2026-03-29T16:21:43.888-0500 [DEBUG] [org.gradle.process.internal.health.memory.DefaultMemoryManager] 841566208 physical memory requested, 534421504 free
2026-03-29T16:21:43.889-0500 [DEBUG] [org.gradle.workers.internal.WorkerDaemonExpiration] Will attempt to release 802 of memory
2026-03-29T16:21:43.889-0500 [DEBUG] [org.gradle.process.internal.health.memory.DefaultMemoryManager] 841566208 physical memory requested, 0 released, 534421504 free
2026-03-29T16:21:44.610-0500 [DEBUG] [org.gradle.cache.internal.DefaultFileLockManager] Waiting to acquire shared lock on daemon addresses registry.
2026-03-29T16:21:44.611-0500 [DEBUG] [org.gradle.cache.internal.DefaultFileLockManager] Lock acquired on daemon addresses registry.
2026-03-29T16:21:44.611-0500 [DEBUG] [org.gradle.cache.internal.DefaultFileLockManager] Releasing lock on daemon addresses registry.
2026-03-29T16:21:44.613-0500 [DEBUG] [org.gradle.cache.internal.DefaultFileLockManager] Waiting to acquire shared lock on daemon addresses registry.
2026-03-29T16:21:44.613-0500 [DEBUG] [org.gradle.cache.internal.DefaultFileLockManager] Lock acquired on daemon addresses registry.
2026-03-29T16:21:44.614-0500 [DEBUG] [org.gradle.cache.internal.DefaultFileLockManager] Releasing lock on daemon addresses registry.
2026-03-29T16:21:44.616-0500 [DEBUG] [org.gradle.cache.internal.DefaultFileLockManager] Waiting to acquire shared lock on daemon addresses registry.
2026-03-29T16:21:44.616-0500 [DEBUG] [org.gradle.cache.internal.DefaultFileLockManager] Lock acquired on daemon addresses registry.
2026-03-29T16:21:44.617-0500 [DEBUG] [org.gradle.cache.internal.DefaultFileLockManager] Releasing lock on daemon addresses registry.
2026-03-29T16:21:48.880-0500 [DEBUG] [org.gradle.process.internal.health.memory.DefaultMemoryManager] 841566208 physical memory requested, 502484992 free
2026-03-29T16:21:48.880-0500 [DEBUG] [org.gradle.workers.internal.WorkerDaemonExpiration] Will attempt to release 802 of memory
2026-03-29T16:21:48.880-0500 [DEBUG] [org.gradle.process.internal.health.memory.DefaultMemoryManager] 841566208 physical memory requested, 0 released, 502484992 free
2026-03-29T16:21:53.968-0500 [DEBUG] [org.gradle.process.internal.health.memory.DefaultMemoryManager] 841566208 physical memory requested, 472948736 free
2026-03-29T16:21:53.969-0500 [DEBUG] [org.gradle.workers.internal.WorkerDaemonExpiration] Will attempt to release 802 of memory
2026-03-29T16:21:53.969-0500 [DEBUG] [org.gradle.process.internal.health.memory.DefaultMemoryManager] 841566208 physical memory requested, 0 released, 472948736 free
2026-03-29T16:21:54.619-0500 [DEBUG] [org.gradle.cache.internal.DefaultFileLockManager] Waiting to acquire shared lock on daemon addresses registry.
2026-03-29T16:21:54.619-0500 [DEBUG] [org.gradle.cache.internal.DefaultFileLockManager] Lock acquired on daemon addresses registry.
2026-03-29T16:21:54.620-0500 [DEBUG] [org.gradle.cache.internal.DefaultFileLockManager] Releasing lock on daemon addresses registry.
2026-03-29T16:21:54.623-0500 [DEBUG] [org.gradle.cache.internal.DefaultFileLockManager] Waiting to acquire shared lock on daemon addresses registry.
2026-03-29T16:21:54.623-0500 [DEBUG] [org.gradle.cache.internal.DefaultFileLockManager] Lock acquired on daemon addresses registry.
2026-03-29T16:21:54.623-0500 [DEBUG] [org.gradle.cache.internal.DefaultFileLockManager] Releasing lock on daemon addresses registry.
2026-03-29T16:21:54.625-0500 [DEBUG] [org.gradle.cache.internal.DefaultFileLockManager] Waiting to acquire shared lock on daemon addresses registry.
2026-03-29T16:21:54.626-0500 [DEBUG] [org.gradle.cache.internal.DefaultFileLockManager] Lock acquired on daemon addresses registry.
2026-03-29T16:21:54.626-0500 [DEBUG] [org.gradle.cache.internal.DefaultFileLockManager] Releasing lock on daemon addresses registry.
2026-03-29T16:21:58.885-0500 [DEBUG] [org.gradle.process.internal.health.memory.DefaultMemoryManager] 841566208 physical memory requested, 562577408 free
2026-03-29T16:21:58.886-0500 [DEBUG] [org.gradle.workers.internal.WorkerDaemonExpiration] Will attempt to release 802 of memory
2026-03-29T16:21:58.886-0500 [DEBUG] [org.gradle.process.internal.health.memory.DefaultMemoryManager] 841566208 physical memory requested, 0 released, 562577408 free
2026-03-29T16:22:03.894-0500 [DEBUG] [org.gradle.process.internal.health.memory.DefaultMemoryManager] 841566208 physical memory requested, 619806720 free
2026-03-29T16:22:03.895-0500 [DEBUG] [org.gradle.workers.internal.WorkerDaemonExpiration] Will attempt to release 802 of memory
2026-03-29T16:22:03.895-0500 [DEBUG] [org.gradle.process.internal.health.memory.DefaultMemoryManager] 841566208 physical memory requested, 0 released, 619806720 free
2026-03-29T16:22:04.620-0500 [DEBUG] [org.gradle.cache.internal.DefaultFileLockManager] Waiting to acquire shared lock on daemon addresses registry.
2026-03-29T16:22:04.621-0500 [DEBUG] [org.gradle.cache.internal.DefaultFileLockManager] Lock acquired on daemon addresses registry.
2026-03-29T16:22:04.622-0500 [DEBUG] [org.gradle.cache.internal.DefaultFileLockManager] Releasing lock on daemon addresses registry.
2026-03-29T16:22:04.627-0500 [DEBUG] [org.gradle.cache.internal.DefaultFileLockManager] Waiting to acquire shared lock on daemon addresses registry.
2026-03-29T16:22:04.628-0500 [DEBUG] [org.gradle.cache.internal.DefaultFileLockManager] Lock acquired on daemon addresses registry.
2026-03-29T16:22:04.629-0500 [DEBUG] [org.gradle.cache.internal.DefaultFileLockManager] Releasing lock on daemon addresses registry.
2026-03-29T16:22:04.634-0500 [DEBUG] [org.gradle.cache.internal.DefaultFileLockManager] Waiting to acquire shared lock on daemon addresses registry.
2026-03-29T16:22:04.635-0500 [DEBUG] [org.gradle.cache.internal.DefaultFileLockManager] Lock acquired on daemon addresses registry.
2026-03-29T16:22:04.636-0500 [DEBUG] [org.gradle.cache.internal.DefaultFileLockManager] Releasing lock on daemon addresses registry.
2026-03-29T16:22:08.228-0500 [DEBUG] [sun.rmi.transport.tcp] RMI TCP Connection(2)-127.0.0.1: accepted socket from [127.0.0.1:2707]
2026-03-29T16:22:08.373-0500 [DEBUG] [sun.rmi.transport.tcp] RMI TCP Connection(2)-127.0.0.1: (port 2680) op = 80
2026-03-29T16:22:08.441-0500 [DEBUG] [sun.rmi.loader] RMI TCP Connection(2)-127.0.0.1: name = "[Ljava.rmi.server.ObjID;", codebase = "", defaultLoader = jdk.internal.loader.ClassLoaders$PlatformClassLoader@49c3aee4
2026-03-29T16:22:08.455-0500 [DEBUG] [sun.rmi.loader] RMI TCP Connection(2)-127.0.0.1: name = "java.rmi.dgc.Lease", codebase = "", defaultLoader = jdk.internal.loader.ClassLoaders$PlatformClassLoader@49c3aee4
2026-03-29T16:22:08.463-0500 [DEBUG] [sun.rmi.loader] RMI TCP Connection(2)-127.0.0.1: name = "java.rmi.dgc.VMID", codebase = "", defaultLoader = jdk.internal.loader.ClassLoaders$PlatformClassLoader@49c3aee4
2026-03-29T16:22:08.465-0500 [DEBUG] [sun.rmi.loader] RMI TCP Connection(2)-127.0.0.1: name = "[B", codebase = "", defaultLoader = jdk.internal.loader.ClassLoaders$PlatformClassLoader@49c3aee4
2026-03-29T16:22:08.468-0500 [DEBUG] [sun.rmi.loader] RMI TCP Connection(2)-127.0.0.1: name = "java.rmi.server.UID", codebase = "", defaultLoader = jdk.internal.loader.ClassLoaders$PlatformClassLoader@49c3aee4
2026-03-29T16:22:08.895-0500 [DEBUG] [org.gradle.process.internal.health.memory.DefaultMemoryManager] 841566208 physical memory requested, 554500096 free
2026-03-29T16:22:08.895-0500 [DEBUG] [org.gradle.workers.internal.WorkerDaemonExpiration] Will attempt to release 802 of memory
2026-03-29T16:22:08.895-0500 [DEBUG] [org.gradle.process.internal.health.memory.DefaultMemoryManager] 841566208 physical memory requested, 0 released, 554500096 free
2026-03-29T16:22:13.892-0500 [DEBUG] [org.gradle.process.internal.health.memory.DefaultMemoryManager] 841566208 physical memory requested, 554262528 free
2026-03-29T16:22:13.892-0500 [DEBUG] [org.gradle.workers.internal.WorkerDaemonExpiration] Will attempt to release 802 of memory
2026-03-29T16:22:13.892-0500 [DEBUG] [org.gradle.process.internal.health.memory.DefaultMemoryManager] 841566208 physical memory requested, 0 released, 554262528 free
2026-03-29T16:22:14.611-0500 [DEBUG] [org.gradle.cache.internal.DefaultFileLockManager] Waiting to acquire shared lock on daemon addresses registry.
2026-03-29T16:22:14.612-0500 [DEBUG] [org.gradle.cache.internal.DefaultFileLockManager] Lock acquired on daemon addresses registry.
2026-03-29T16:22:14.613-0500 [DEBUG] [org.gradle.cache.internal.DefaultFileLockManager] Releasing lock on daemon addresses registry.
2026-03-29T16:22:14.616-0500 [DEBUG] [org.gradle.cache.internal.DefaultFileLockManager] Waiting to acquire shared lock on daemon addresses registry.
2026-03-29T16:22:14.616-0500 [DEBUG] [org.gradle.cache.internal.DefaultFileLockManager] Lock acquired on daemon addresses registry.
2026-03-29T16:22:14.617-0500 [DEBUG] [org.gradle.cache.internal.DefaultFileLockManager] Releasing lock on daemon addresses registry.
2026-03-29T16:22:14.620-0500 [DEBUG] [org.gradle.cache.internal.DefaultFileLockManager] Waiting to acquire shared lock on daemon addresses registry.
2026-03-29T16:22:14.620-0500 [DEBUG] [org.gradle.cache.internal.DefaultFileLockManager] Lock acquired on daemon addresses registry.
2026-03-29T16:22:14.621-0500 [DEBUG] [org.gradle.cache.internal.DefaultFileLockManager] Releasing lock on daemon addresses registry.
2026-03-29T16:22:18.888-0500 [DEBUG] [org.gradle.process.internal.health.memory.DefaultMemoryManager] 841566208 physical memory requested, 513462272 free
2026-03-29T16:22:18.889-0500 [DEBUG] [org.gradle.workers.internal.WorkerDaemonExpiration] Will attempt to release 802 of memory
2026-03-29T16:22:18.889-0500 [DEBUG] [org.gradle.process.internal.health.memory.DefaultMemoryManager] 841566208 physical memory requested, 0 released, 513462272 free
2026-03-29T16:22:23.537-0500 [DEBUG] [sun.rmi.transport.tcp] RMI TCP Connection(2)-127.0.0.1: (port 2680) connection closed
2026-03-29T16:22:23.539-0500 [DEBUG] [sun.rmi.transport.tcp] RMI TCP Connection(2)-127.0.0.1: close connection, socket: Socket[addr=/127.0.0.1,port=2707,localport=2680]
2026-03-29T16:22:23.542-0500 [DEBUG] [sun.rmi.transport.tcp] RMI TCP Connection(2)-127.0.0.1: socket close: Socket[addr=/127.0.0.1,port=2707,localport=2680]
2026-03-29T16:22:24.615-0500 [DEBUG] [org.gradle.cache.internal.DefaultFileLockManager] Waiting to acquire shared lock on daemon addresses registry.
2026-03-29T16:22:24.616-0500 [DEBUG] [org.gradle.cache.internal.DefaultFileLockManager] Lock acquired on daemon addresses registry.
2026-03-29T16:22:24.620-0500 [DEBUG] [org.gradle.cache.internal.DefaultFileLockManager] Releasing lock on daemon addresses registry.
2026-03-29T16:22:24.622-0500 [DEBUG] [org.gradle.cache.internal.DefaultFileLockManager] Waiting to acquire shared lock on daemon addresses registry.
2026-03-29T16:22:24.623-0500 [DEBUG] [org.gradle.cache.internal.DefaultFileLockManager] Lock acquired on daemon addresses registry.
2026-03-29T16:22:24.623-0500 [DEBUG] [org.gradle.cache.internal.DefaultFileLockManager] Releasing lock on daemon addresses registry.
2026-03-29T16:22:24.625-0500 [DEBUG] [org.gradle.cache.internal.DefaultFileLockManager] Waiting to acquire shared lock on daemon addresses registry.
2026-03-29T16:22:24.625-0500 [DEBUG] [org.gradle.cache.internal.DefaultFileLockManager] Lock acquired on daemon addresses registry.
2026-03-29T16:22:24.626-0500 [DEBUG] [org.gradle.cache.internal.DefaultFileLockManager] Releasing lock on daemon addresses registry.
2026-03-29T16:22:33.885-0500 [DEBUG] [org.gradle.process.internal.health.memory.DefaultMemoryManager] 841566208 physical memory requested, 709222400 free
2026-03-29T16:22:33.885-0500 [DEBUG] [org.gradle.workers.internal.WorkerDaemonExpiration] Will attempt to release 802 of memory
2026-03-29T16:22:33.885-0500 [DEBUG] [org.gradle.process.internal.health.memory.DefaultMemoryManager] 841566208 physical memory requested, 0 released, 709222400 free
2026-03-29T16:22:34.613-0500 [DEBUG] [org.gradle.cache.internal.DefaultFileLockManager] Waiting to acquire shared lock on daemon addresses registry.
2026-03-29T16:22:34.613-0500 [DEBUG] [org.gradle.cache.internal.DefaultFileLockManager] Lock acquired on daemon addresses registry.
2026-03-29T16:22:34.614-0500 [DEBUG] [org.gradle.cache.internal.DefaultFileLockManager] Releasing lock on daemon addresses registry.
2026-03-29T16:22:34.616-0500 [DEBUG] [org.gradle.cache.internal.DefaultFileLockManager] Waiting to acquire shared lock on daemon addresses registry.
2026-03-29T16:22:34.616-0500 [DEBUG] [org.gradle.cache.internal.DefaultFileLockManager] Lock acquired on daemon addresses registry.
2026-03-29T16:22:34.617-0500 [DEBUG] [org.gradle.cache.internal.DefaultFileLockManager] Releasing lock on daemon addresses registry.
2026-03-29T16:22:34.618-0500 [DEBUG] [org.gradle.cache.internal.DefaultFileLockManager] Waiting to acquire shared lock on daemon addresses registry.
2026-03-29T16:22:34.619-0500 [DEBUG] [org.gradle.cache.internal.DefaultFileLockManager] Lock acquired on daemon addresses registry.
2026-03-29T16:22:34.619-0500 [DEBUG] [org.gradle.cache.internal.DefaultFileLockManager] Releasing lock on daemon addresses registry.
2026-03-29T16:22:38.891-0500 [DEBUG] [org.gradle.process.internal.health.memory.DefaultMemoryManager] 841566208 physical memory requested, 680456192 free
2026-03-29T16:22:38.892-0500 [DEBUG] [org.gradle.workers.internal.WorkerDaemonExpiration] Will attempt to release 802 of memory
2026-03-29T16:22:38.892-0500 [DEBUG] [org.gradle.process.internal.health.memory.DefaultMemoryManager] 841566208 physical memory requested, 0 released, 680456192 free
2026-03-29T16:22:43.892-0500 [DEBUG] [org.gradle.process.internal.health.memory.DefaultMemoryManager] 841566208 physical memory requested, 642674688 free
2026-03-29T16:22:43.892-0500 [DEBUG] [org.gradle.workers.internal.WorkerDaemonExpiration] Will attempt to release 802 of memory
2026-03-29T16:22:43.892-0500 [DEBUG] [org.gradle.process.internal.health.memory.DefaultMemoryManager] 841566208 physical memory requested, 0 released, 642674688 free
2026-03-29T16:22:44.618-0500 [DEBUG] [org.gradle.cache.internal.DefaultFileLockManager] Waiting to acquire shared lock on daemon addresses registry.
2026-03-29T16:22:44.619-0500 [DEBUG] [org.gradle.cache.internal.DefaultFileLockManager] Lock acquired on daemon addresses registry.
2026-03-29T16:22:44.619-0500 [DEBUG] [org.gradle.cache.internal.DefaultFileLockManager] Releasing lock on daemon addresses registry.
2026-03-29T16:22:44.621-0500 [DEBUG] [org.gradle.cache.internal.DefaultFileLockManager] Waiting to acquire shared lock on daemon addresses registry.
2026-03-29T16:22:44.622-0500 [DEBUG] [org.gradle.cache.internal.DefaultFileLockManager] Lock acquired on daemon addresses registry.
2026-03-29T16:22:44.622-0500 [DEBUG] [org.gradle.cache.internal.DefaultFileLockManager] Releasing lock on daemon addresses registry.
2026-03-29T16:22:44.624-0500 [DEBUG] [org.gradle.cache.internal.DefaultFileLockManager] Waiting to acquire shared lock on daemon addresses registry.
2026-03-29T16:22:44.625-0500 [DEBUG] [org.gradle.cache.internal.DefaultFileLockManager] Lock acquired on daemon addresses registry.
2026-03-29T16:22:44.625-0500 [DEBUG] [org.gradle.cache.internal.DefaultFileLockManager] Releasing lock on daemon addresses registry.
2026-03-29T16:22:48.882-0500 [DEBUG] [org.gradle.process.internal.health.memory.DefaultMemoryManager] 841566208 physical memory requested, 594968576 free
2026-03-29T16:22:48.882-0500 [DEBUG] [org.gradle.workers.internal.WorkerDaemonExpiration] Will attempt to release 802 of memory
2026-03-29T16:22:48.882-0500 [DEBUG] [org.gradle.process.internal.health.memory.DefaultMemoryManager] 841566208 physical memory requested, 0 released, 594968576 free
2026-03-29T16:22:53.888-0500 [DEBUG] [org.gradle.process.internal.health.memory.DefaultMemoryManager] 841566208 physical memory requested, 569536512 free
2026-03-29T16:22:53.888-0500 [DEBUG] [org.gradle.workers.internal.WorkerDaemonExpiration] Will attempt to release 802 of memory
2026-03-29T16:22:53.888-0500 [DEBUG] [org.gradle.process.internal.health.memory.DefaultMemoryManager] 841566208 physical memory requested, 0 released, 569536512 free
2026-03-29T16:22:54.614-0500 [DEBUG] [org.gradle.cache.internal.DefaultFileLockManager] Waiting to acquire shared lock on daemon addresses registry.
2026-03-29T16:22:54.614-0500 [DEBUG] [org.gradle.cache.internal.DefaultFileLockManager] Lock acquired on daemon addresses registry.
2026-03-29T16:22:54.615-0500 [DEBUG] [org.gradle.cache.internal.DefaultFileLockManager] Releasing lock on daemon addresses registry.
2026-03-29T16:22:54.619-0500 [DEBUG] [org.gradle.cache.internal.DefaultFileLockManager] Waiting to acquire shared lock on daemon addresses registry.
2026-03-29T16:22:54.619-0500 [DEBUG] [org.gradle.cache.internal.DefaultFileLockManager] Lock acquired on daemon addresses registry.
2026-03-29T16:22:54.621-0500 [DEBUG] [org.gradle.cache.internal.DefaultFileLockManager] Releasing lock on daemon addresses registry.
2026-03-29T16:22:54.626-0500 [DEBUG] [org.gradle.cache.internal.DefaultFileLockManager] Waiting to acquire shared lock on daemon addresses registry.
2026-03-29T16:22:54.626-0500 [DEBUG] [org.gradle.cache.internal.DefaultFileLockManager] Lock acquired on daemon addresses registry.
2026-03-29T16:22:54.627-0500 [DEBUG] [org.gradle.cache.internal.DefaultFileLockManager] Releasing lock on daemon addresses registry.
2026-03-29T16:22:58.890-0500 [DEBUG] [org.gradle.process.internal.health.memory.DefaultMemoryManager] 841566208 physical memory requested, 553709568 free
2026-03-29T16:22:58.890-0500 [DEBUG] [org.gradle.workers.internal.WorkerDaemonExpiration] Will attempt to release 802 of memory
2026-03-29T16:22:58.890-0500 [DEBUG] [org.gradle.process.internal.health.memory.DefaultMemoryManager] 841566208 physical memory requested, 0 released, 553709568 free
2026-03-29T16:23:03.887-0500 [DEBUG] [org.gradle.process.internal.health.memory.DefaultMemoryManager] 841566208 physical memory requested, 530345984 free
2026-03-29T16:23:03.887-0500 [DEBUG] [org.gradle.workers.internal.WorkerDaemonExpiration] Will attempt to release 802 of memory
2026-03-29T16:23:03.888-0500 [DEBUG] [org.gradle.process.internal.health.memory.DefaultMemoryManager] 841566208 physical memory requested, 0 released, 530345984 free
2026-03-29T16:23:04.621-0500 [DEBUG] [org.gradle.cache.internal.DefaultFileLockManager] Waiting to acquire shared lock on daemon addresses registry.
2026-03-29T16:23:04.621-0500 [DEBUG] [org.gradle.cache.internal.DefaultFileLockManager] Lock acquired on daemon addresses registry.
2026-03-29T16:23:04.624-0500 [DEBUG] [org.gradle.cache.internal.DefaultFileLockManager] Releasing lock on daemon addresses registry.
2026-03-29T16:23:04.625-0500 [DEBUG] [org.gradle.cache.internal.DefaultFileLockManager] Waiting to acquire shared lock on daemon addresses registry.
2026-03-29T16:23:04.625-0500 [DEBUG] [org.gradle.cache.internal.DefaultFileLockManager] Lock acquired on daemon addresses registry.
2026-03-29T16:23:04.625-0500 [DEBUG] [org.gradle.cache.internal.DefaultFileLockManager] Releasing lock on daemon addresses registry.
2026-03-29T16:23:04.626-0500 [DEBUG] [org.gradle.cache.internal.DefaultFileLockManager] Waiting to acquire shared lock on daemon addresses registry.
2026-03-29T16:23:04.628-0500 [DEBUG] [org.gradle.cache.internal.DefaultFileLockManager] Lock acquired on daemon addresses registry.
2026-03-29T16:23:04.628-0500 [DEBUG] [org.gradle.cache.internal.DefaultFileLockManager] Releasing lock on daemon addresses registry.
2026-03-29T16:23:08.883-0500 [DEBUG] [org.gradle.process.internal.health.memory.DefaultMemoryManager] 841566208 physical memory requested, 479531008 free
2026-03-29T16:23:08.884-0500 [DEBUG] [org.gradle.workers.internal.WorkerDaemonExpiration] Will attempt to release 802 of memory
2026-03-29T16:23:08.884-0500 [DEBUG] [org.gradle.process.internal.health.memory.DefaultMemoryManager] 841566208 physical memory requested, 0 released, 479531008 free
2026-03-29T16:23:13.881-0500 [DEBUG] [org.gradle.process.internal.health.memory.DefaultMemoryManager] 841566208 physical memory requested, 740196352 free
2026-03-29T16:23:13.881-0500 [DEBUG] [org.gradle.workers.internal.WorkerDaemonExpiration] Will attempt to release 802 of memory
2026-03-29T16:23:13.881-0500 [DEBUG] [org.gradle.process.internal.health.memory.DefaultMemoryManager] 841566208 physical memory requested, 0 released, 740196352 free
2026-03-29T16:23:14.622-0500 [DEBUG] [org.gradle.cache.internal.DefaultFileLockManager] Waiting to acquire shared lock on daemon addresses registry.
2026-03-29T16:23:14.622-0500 [DEBUG] [org.gradle.cache.internal.DefaultFileLockManager] Lock acquired on daemon addresses registry.
2026-03-29T16:23:14.622-0500 [DEBUG] [org.gradle.cache.internal.DefaultFileLockManager] Releasing lock on daemon addresses registry.
2026-03-29T16:23:14.624-0500 [DEBUG] [org.gradle.cache.internal.DefaultFileLockManager] Waiting to acquire shared lock on daemon addresses registry.
2026-03-29T16:23:14.624-0500 [DEBUG] [org.gradle.cache.internal.DefaultFileLockManager] Lock acquired on daemon addresses registry.
2026-03-29T16:23:14.625-0500 [DEBUG] [org.gradle.cache.internal.DefaultFileLockManager] Releasing lock on daemon addresses registry.
2026-03-29T16:23:14.626-0500 [DEBUG] [org.gradle.cache.internal.DefaultFileLockManager] Waiting to acquire shared lock on daemon addresses registry.
2026-03-29T16:23:14.626-0500 [DEBUG] [org.gradle.cache.internal.DefaultFileLockManager] Lock acquired on daemon addresses registry.
2026-03-29T16:23:14.626-0500 [DEBUG] [org.gradle.cache.internal.DefaultFileLockManager] Releasing lock on daemon addresses registry.
2026-03-29T16:23:18.881-0500 [DEBUG] [org.gradle.process.internal.health.memory.DefaultMemoryManager] 841566208 physical memory requested, 642109440 free
2026-03-29T16:23:18.881-0500 [DEBUG] [org.gradle.workers.internal.WorkerDaemonExpiration] Will attempt to release 802 of memory
2026-03-29T16:23:18.881-0500 [DEBUG] [org.gradle.process.internal.health.memory.DefaultMemoryManager] 841566208 physical memory requested, 0 released, 642109440 free
2026-03-29T16:23:21.764-0500 [DEBUG] [org.gradle.internal.watch.vfs.impl.WatchingVirtualFileSystem] Handling VFS change CREATED C:\Users\sebgo\AndroidStudioProjects\mytaxitravel\app\src\main\res\layout\activity_usuario.xml~
2026-03-29T16:23:21.791-0500 [DEBUG] [org.gradle.internal.watch.vfs.impl.WatchingVirtualFileSystem] Handling VFS change MODIFIED C:\Users\sebgo\AndroidStudioProjects\mytaxitravel\app\src\main\res\layout\activity_usuario.xml
2026-03-29T16:23:22.010-0500 [DEBUG] [org.gradle.internal.remote.internal.inet.TcpIncomingConnector] Accepted connection from /127.0.0.1:28908 to /127.0.0.1:28940.
2026-03-29T16:23:22.154-0500 [DEBUG] [org.gradle.launcher.daemon.server.SynchronizedDispatchConnection] thread 190: received class org.gradle.launcher.daemon.protocol.Build
2026-03-29T16:23:22.155-0500 [DEBUG] [org.gradle.launcher.daemon.server.DefaultDaemonConnection] thread 190: Received non-IO message from client: Build{id=03fff1ea-70cb-4faf-85ac-5b8f2a3d129b, currentDir=C:\Users\sebgo\AndroidStudioProjects\mytaxitravel}
2026-03-29T16:23:22.156-0500 [INFO] [org.gradle.launcher.daemon.server.DefaultIncomingConnectionHandler] Received command: Build{id=03fff1ea-70cb-4faf-85ac-5b8f2a3d129b, currentDir=C:\Users\sebgo\AndroidStudioProjects\mytaxitravel}.
2026-03-29T16:23:22.157-0500 [DEBUG] [org.gradle.launcher.daemon.server.DefaultIncomingConnectionHandler] Starting executing command: Build{id=03fff1ea-70cb-4faf-85ac-5b8f2a3d129b, currentDir=C:\Users\sebgo\AndroidStudioProjects\mytaxitravel} with connection: socket connection from /127.0.0.1:28940 to /127.0.0.1:28908.
2026-03-29T16:23:22.196-0500 [DEBUG] [org.gradle.launcher.daemon.server.DaemonStateCoordinator] Command execution: started DaemonCommandExecution[command = Build{id=03fff1ea-70cb-4faf-85ac-5b8f2a3d129b, currentDir=C:\Users\sebgo\AndroidStudioProjects\mytaxitravel}, connection = DefaultDaemonConnection: socket connection from /127.0.0.1:28940 to /127.0.0.1:28908] after 5.879616666666666 minutes of idle
2026-03-29T16:23:22.196-0500 [INFO] [org.gradle.launcher.daemon.server.DaemonRegistryUpdater] Marking the daemon as busy, address: [87107fdb-3f53-4eec-a91a-0d08b2658363 port:28940, addresses:[localhost/127.0.0.1]]
2026-03-29T16:23:22.196-0500 [DEBUG] [org.gradle.launcher.daemon.registry.PersistentDaemonRegistry] Marking busy by address: [87107fdb-3f53-4eec-a91a-0d08b2658363 port:28940, addresses:[localhost/127.0.0.1]]
2026-03-29T16:23:22.198-0500 [DEBUG] [org.gradle.cache.internal.DefaultFileLockManager] Waiting to acquire exclusive lock on daemon addresses registry.
2026-03-29T16:23:22.200-0500 [DEBUG] [org.gradle.cache.internal.DefaultFileLockManager] Lock acquired on daemon addresses registry.
2026-03-29T16:23:22.212-0500 [DEBUG] [org.gradle.cache.internal.DefaultFileLockManager] Releasing lock on daemon addresses registry.
2026-03-29T16:23:22.213-0500 [DEBUG] [org.gradle.launcher.daemon.server.DaemonStateCoordinator] resetting idle timer
2026-03-29T16:23:22.215-0500 [DEBUG] [org.gradle.launcher.daemon.server.DaemonStateCoordinator] daemon is running. Sleeping until state changes.
2026-03-29T16:23:22.216-0500 [INFO] [org.gradle.launcher.daemon.server.exec.StartBuildOrRespondWithBusy] Daemon is about to start building Build{id=03fff1ea-70cb-4faf-85ac-5b8f2a3d129b, currentDir=C:\Users\sebgo\AndroidStudioProjects\mytaxitravel}. Dispatching build started information...
2026-03-29T16:23:22.217-0500 [DEBUG] [org.gradle.launcher.daemon.server.SynchronizedDispatchConnection] thread 192: dispatching org.gradle.launcher.daemon.protocol.BuildStarted@4f542bd7
2026-03-29T16:23:22.237-0500 [DEBUG] [org.gradle.launcher.daemon.server.exec.EstablishBuildEnvironment] Configuring env variables: [USERDOMAIN_ROAMINGPROFILE, Maven, PROCESSOR_LEVEL, SESSIONNAME, ALLUSERSPROFILE, PROCESSOR_ARCHITECTURE, PSModulePath, SystemDrive, USERNAME, ProgramFiles(x86), FPS_BROWSER_USER_PROFILE_STRING, PATHEXT, DriverData, OneDriveConsumer, IntelliJ IDEA Community Edition, PyCharm Community Edition, ProgramData, ProgramW6432, HOMEPATH, EFC_11740_3789132940, PROCESSOR_IDENTIFIER, ProgramFiles, PUBLIC, windir, =::, ZES_ENABLE_SYSMAN, LOCALAPPDATA, ChocolateyLastPathUpdate, USERDOMAIN, LOGONSERVER, FPS_BROWSER_APP_PROFILE_STRING, JAVA_HOME, OneDrive, APPDATA, ChocolateyInstall, CommonProgramFiles, Path, EFC_11740_2283032206, EFC_11740_2775293581, OS, COMPUTERNAME, PROCESSOR_REVISION, CommonProgramW6432, ComSpec, EFC_11740_1262719628, TEMP, SystemRoot, EFC_11740_1592913036, HOMEDRIVE, USERPROFILE, TMP, CommonProgramFiles(x86), NUMBER_OF_PROCESSORS]
2026-03-29T16:23:22.377-0500 [DEBUG] [org.gradle.launcher.daemon.server.exec.LogToClient] About to start relaying all logs to the client via the connection.
2026-03-29T16:23:22.381-0500 [INFO] [org.gradle.launcher.daemon.server.exec.LogToClient] The client will now receive all logging from the daemon (pid: 15796). The daemon log file: C:\Users\sebgo\AndroidStudioProjects\mytaxitravel\gradle\daemon\8.13\daemon-15796.out.log
2026-03-29T16:23:22.548-0500 [INFO] [org.gradle.launcher.daemon.server.exec.LogAndCheckHealth] Starting 2nd build in daemon [uptime: 7 mins 8.43 secs, performance: 100%, GC rate: 0.00/s, heap usage: 0% of 2 GiB]
2026-03-29T16:23:22.553-0500 [DEBUG] [org.gradle.launcher.daemon.server.exec.ExecuteBuild] The daemon has started executing the build.
2026-03-29T16:23:22.553-0500 [DEBUG] [org.gradle.launcher.daemon.server.exec.ExecuteBuild] Executing build with daemon context: DefaultDaemonContext[uid=cc4bbf85-bda1-438d-96c8-60995f17b2b8,javaHome=F:\Android Studio\jbr,javaVersion=21,javaVendor=JetBrains s.r.o.,daemonRegistryDir=C:\Users\sebgo\AndroidStudioProjects\mytaxitravel\gradle\daemon,pid=15796,idleTimeout=10800000,priority=NORMAL,applyInstrumentationAgent=true,nativeServicesMode=ENABLED,daemonOpts=-Xmx2048m,-Dfile.encoding=UTF-8,-Duser.country=CO,-Duser.language=es,-Duser.variant]
e: file:///C:/Users/sebgo/AndroidStudioProjects/mytaxitravel/app/src/main/java/com/workpro/mytaxitravel/Usuario.kt:48:38 Unresolved reference 'LinearLayout'.
e: file:///C:/Users/sebgo/AndroidStudioProjects/mytaxitravel/app/src/main/java/com/workpro/mytaxitravel/Usuario.kt:49:19 Unresolved reference 'setOnClickListener'.

FAILURE: Build failed with an exception.

* What went wrong:
Execution failed for task ':app:compileDebugKotlin'.
> A failure occurred while executing org.jetbrains.kotlin.compilerRunner.GradleCompilerRunnerWithWorkers$GradleKotlinCompilerWorkAction
   > Compilation error. See log for more details

* Try:
> Run with --info or --debug option to get more log output.
> Run with --scan to get full insights.
> Get more help at https://help.gradle.org.

* Exception is:
org.gradle.api.tasks.TaskExecutionException: Execution failed for task ':app:compileDebugKotlin'.
	at org.gradle.api.internal.tasks.execution.ExecuteActionsTaskExecuter.lambda$executeIfValid$1(ExecuteActionsTaskExecuter.java:130)
	at org.gradle.internal.Try$Failure.ifSuccessfulOrElse(Try.java:293)
	at org.gradle.api.internal.tasks.execution.ExecuteActionsTaskExecuter.executeIfValid(ExecuteActionsTaskExecuter.java:128)
	at org.gradle.api.internal.tasks.execution.ExecuteActionsTaskExecuter.execute(ExecuteActionsTaskExecuter.java:116)
	at org.gradle.api.internal.tasks.execution.ProblemsTaskPathTrackingTaskExecuter.execute(ProblemsTaskPathTrackingTaskExecuter.java:40)
	at org.gradle.api.internal.tasks.execution.FinalizePropertiesTaskExecuter.execute(FinalizePropertiesTaskExecuter.java:46)
	at org.gradle.api.internal.tasks.execution.ResolveTaskExecutionModeExecuter.execute(ResolveTaskExecutionModeExecuter.java:51)
	at org.gradle.api.internal.tasks.execution.SkipTaskWithNoActionsExecuter.execute(SkipTaskWithNoActionsExecuter.java:57)
	at org.gradle.api.internal.tasks.execution.SkipOnlyIfTaskExecuter.execute(SkipOnlyIfTaskExecuter.java:74)
	at org.gradle.api.internal.tasks.execution.CatchExceptionTaskExecuter.execute(CatchExceptionTaskExecuter.java:36)
	at org.gradle.api.internal.tasks.execution.EventFiringTaskExecuter$1.executeTask(EventFiringTaskExecuter.java:77)
	at org.gradle.api.internal.tasks.execution.EventFiringTaskExecuter$1.call(EventFiringTaskExecuter.java:55)
	at org.gradle.api.internal.tasks.execution.EventFiringTaskExecuter$1.call(EventFiringTaskExecuter.java:52)
	at org.gradle.internal.operations.DefaultBuildOperationRunner$CallableBuildOperationWorker.execute(DefaultBuildOperationRunner.java:210)
	at org.gradle.internal.operations.DefaultBuildOperationRunner$CallableBuildOperationWorker.execute(DefaultBuildOperationRunner.java:205)
	at org.gradle.internal.operations.DefaultBuildOperationRunner$2.execute(DefaultBuildOperationRunner.java:67)
	at org.gradle.internal.operations.DefaultBuildOperationRunner$2.execute(DefaultBuildOperationRunner.java:60)
	at org.gradle.internal.operations.DefaultBuildOperationRunner.execute(DefaultBuildOperationRunner.java:167)
	at org.gradle.internal.operations.DefaultBuildOperationRunner.execute(DefaultBuildOperationRunner.java:60)
	at org.gradle.internal.operations.DefaultBuildOperationRunner.call(DefaultBuildOperationRunner.java:54)
	at org.gradle.api.internal.tasks.execution.EventFiringTaskExecuter.execute(EventFiringTaskExecuter.java:52)
	at org.gradle.execution.plan.LocalTaskNodeExecutor.execute(LocalTaskNodeExecutor.java:42)
	at org.gradle.execution.taskgraph.DefaultTaskExecutionGraph$InvokeNodeExecutorsAction.execute(DefaultTaskExecutionGraph.java:331)
	at org.gradle.execution.taskgraph.DefaultTaskExecutionGraph$InvokeNodeExecutorsAction.execute(DefaultTaskExecutionGraph.java:318)
	at org.gradle.execution.taskgraph.DefaultTaskExecutionGraph$BuildOperationAwareExecutionAction.lambda$execute$0(DefaultTaskExecutionGraph.java:314)
	at org.gradle.internal.operations.CurrentBuildOperationRef.with(CurrentBuildOperationRef.java:85)
	at org.gradle.execution.taskgraph.DefaultTaskExecutionGraph$BuildOperationAwareExecutionAction.execute(DefaultTaskExecutionGraph.java:314)
	at org.gradle.execution.taskgraph.DefaultTaskExecutionGraph$BuildOperationAwareExecutionAction.execute(DefaultTaskExecutionGraph.java:303)
	at org.gradle.execution.plan.DefaultPlanExecutor$ExecutorWorker.execute(DefaultPlanExecutor.java:459)
	at org.gradle.execution.plan.DefaultPlanExecutor$ExecutorWorker.run(DefaultPlanExecutor.java:376)
	at org.gradle.internal.concurrent.ExecutorPolicy$CatchAndRecordFailures.onExecute(ExecutorPolicy.java:64)
	at org.gradle.internal.concurrent.AbstractManagedExecutor$1.run(AbstractManagedExecutor.java:48)
Caused by: org.gradle.workers.internal.DefaultWorkerExecutor$WorkExecutionException: A failure occurred while executing org.jetbrains.kotlin.compilerRunner.GradleCompilerRunnerWithWorkers$GradleKotlinCompilerWorkAction
	at org.gradle.workers.internal.DefaultWorkerExecutor$WorkItemExecution.waitForCompletion(DefaultWorkerExecutor.java:287)
	at org.gradle.internal.work.DefaultAsyncWorkTracker.lambda$waitForItemsAndGatherFailures$2(DefaultAsyncWorkTracker.java:130)
	at org.gradle.internal.Factories$1.create(Factories.java:31)
	at org.gradle.internal.work.DefaultWorkerLeaseService.withoutLocks(DefaultWorkerLeaseService.java:335)
	at org.gradle.internal.work.DefaultWorkerLeaseService.withoutLocks(DefaultWorkerLeaseService.java:318)
	at org.gradle.internal.work.DefaultWorkerLeaseService.withoutLock(DefaultWorkerLeaseService.java:323)
	at org.gradle.internal.work.DefaultAsyncWorkTracker.waitForItemsAndGatherFailures(DefaultAsyncWorkTracker.java:126)
	at org.gradle.internal.work.DefaultAsyncWorkTracker.waitForItemsAndGatherFailures(DefaultAsyncWorkTracker.java:92)
	at org.gradle.internal.work.DefaultAsyncWorkTracker.waitForAll(DefaultAsyncWorkTracker.java:78)
	at org.gradle.internal.work.DefaultAsyncWorkTracker.waitForCompletion(DefaultAsyncWorkTracker.java:66)
	at org.gradle.api.internal.tasks.execution.TaskExecution$3.run(TaskExecution.java:252)
	at org.gradle.internal.operations.DefaultBuildOperationRunner$1.execute(DefaultBuildOperationRunner.java:30)
	at org.gradle.internal.operations.DefaultBuildOperationRunner$1.execute(DefaultBuildOperationRunner.java:27)
	at org.gradle.internal.operations.DefaultBuildOperationRunner$2.execute(DefaultBuildOperationRunner.java:67)
	at org.gradle.internal.operations.DefaultBuildOperationRunner$2.execute(DefaultBuildOperationRunner.java:60)
	at org.gradle.internal.operations.DefaultBuildOperationRunner.execute(DefaultBuildOperationRunner.java:167)
	at org.gradle.internal.operations.DefaultBuildOperationRunner.execute(DefaultBuildOperationRunner.java:60)
	at org.gradle.internal.operations.DefaultBuildOperationRunner.run(DefaultBuildOperationRunner.java:48)
	at org.gradle.api.internal.tasks.execution.TaskExecution.executeAction(TaskExecution.java:229)
	at org.gradle.api.internal.tasks.execution.TaskExecution.executeActions(TaskExecution.java:212)
	at org.gradle.api.internal.tasks.execution.TaskExecution.executeWithPreviousOutputFiles(TaskExecution.java:195)
	at org.gradle.api.internal.tasks.execution.TaskExecution.execute(TaskExecution.java:162)
	at org.gradle.internal.execution.steps.ExecuteStep.executeInternal(ExecuteStep.java:105)
	at org.gradle.internal.execution.steps.ExecuteStep.access$000(ExecuteStep.java:44)
	at org.gradle.internal.execution.steps.ExecuteStep$1.call(ExecuteStep.java:59)
	at org.gradle.internal.execution.steps.ExecuteStep$1.call(ExecuteStep.java:56)
	at org.gradle.internal.operations.DefaultBuildOperationRunner$CallableBuildOperationWorker.execute(DefaultBuildOperationRunner.java:210)
	at org.gradle.internal.operations.DefaultBuildOperationRunner$CallableBuildOperationWorker.execute(DefaultBuildOperationRunner.java:205)
	at org.gradle.internal.operations.DefaultBuildOperationRunner$2.execute(DefaultBuildOperationRunner.java:67)
	at org.gradle.internal.operations.DefaultBuildOperationRunner$2.execute(DefaultBuildOperationRunner.java:60)
	at org.gradle.internal.operations.DefaultBuildOperationRunner.execute(DefaultBuildOperationRunner.java:167)
	at org.gradle.internal.operations.DefaultBuildOperationRunner.execute(DefaultBuildOperationRunner.java:60)
	at org.gradle.internal.operations.DefaultBuildOperationRunner.call(DefaultBuildOperationRunner.java:54)
	at org.gradle.internal.execution.steps.ExecuteStep.execute(ExecuteStep.java:56)
	at org.gradle.internal.execution.steps.ExecuteStep.execute(ExecuteStep.java:44)
	at org.gradle.internal.execution.steps.CancelExecutionStep.execute(CancelExecutionStep.java:42)
	at org.gradle.internal.execution.steps.TimeoutStep.executeWithoutTimeout(TimeoutStep.java:75)
	at org.gradle.internal.execution.steps.TimeoutStep.execute(TimeoutStep.java:55)
	at org.gradle.internal.execution.steps.PreCreateOutputParentsStep.execute(PreCreateOutputParentsStep.java:50)
	at org.gradle.internal.execution.steps.PreCreateOutputParentsStep.execute(PreCreateOutputParentsStep.java:28)
	at org.gradle.internal.execution.steps.RemovePreviousOutputsStep.execute(RemovePreviousOutputsStep.java:67)
	at org.gradle.internal.execution.steps.RemovePreviousOutputsStep.execute(RemovePreviousOutputsStep.java:37)
	at org.gradle.internal.execution.steps.BroadcastChangingOutputsStep.execute(BroadcastChangingOutputsStep.java:61)
	at org.gradle.internal.execution.steps.BroadcastChangingOutputsStep.execute(BroadcastChangingOutputsStep.java:26)
	at org.gradle.internal.execution.steps.CaptureOutputsAfterExecutionStep.execute(CaptureOutputsAfterExecutionStep.java:69)
	at org.gradle.internal.execution.steps.CaptureOutputsAfterExecutionStep.execute(CaptureOutputsAfterExecutionStep.java:46)
	at org.gradle.internal.execution.steps.ResolveInputChangesStep.execute(ResolveInputChangesStep.java:40)
	at org.gradle.internal.execution.steps.ResolveInputChangesStep.execute(ResolveInputChangesStep.java:29)
	at org.gradle.internal.execution.steps.BuildCacheStep.executeWithoutCache(BuildCacheStep.java:189)
	at org.gradle.internal.execution.steps.BuildCacheStep.lambda$execute$1(BuildCacheStep.java:75)
	at org.gradle.internal.Either$Right.fold(Either.java:175)
	at org.gradle.internal.execution.caching.CachingState.fold(CachingState.java:62)
	at org.gradle.internal.execution.steps.BuildCacheStep.execute(BuildCacheStep.java:73)
	at org.gradle.internal.execution.steps.BuildCacheStep.execute(BuildCacheStep.java:48)
	at org.gradle.internal.execution.steps.StoreExecutionStateStep.execute(StoreExecutionStateStep.java:46)
	at org.gradle.internal.execution.steps.StoreExecutionStateStep.execute(StoreExecutionStateStep.java:35)
	at org.gradle.internal.execution.steps.SkipUpToDateStep.executeBecause(SkipUpToDateStep.java:75)
	at org.gradle.internal.execution.steps.SkipUpToDateStep.lambda$execute$2(SkipUpToDateStep.java:53)
	at org.gradle.internal.execution.steps.SkipUpToDateStep.execute(SkipUpToDateStep.java:53)
	at org.gradle.internal.execution.steps.SkipUpToDateStep.execute(SkipUpToDateStep.java:35)
	at org.gradle.internal.execution.steps.legacy.MarkSnapshottingInputsFinishedStep.execute(MarkSnapshottingInputsFinishedStep.java:37)
	at org.gradle.internal.execution.steps.legacy.MarkSnapshottingInputsFinishedStep.execute(MarkSnapshottingInputsFinishedStep.java:27)
	at org.gradle.internal.execution.steps.ResolveIncrementalCachingStateStep.executeDelegate(ResolveIncrementalCachingStateStep.java:49)
	at org.gradle.internal.execution.steps.ResolveIncrementalCachingStateStep.executeDelegate(ResolveIncrementalCachingStateStep.java:27)
	at org.gradle.internal.execution.steps.AbstractResolveCachingStateStep.execute(AbstractResolveCachingStateStep.java:71)
	at org.gradle.internal.execution.steps.AbstractResolveCachingStateStep.execute(AbstractResolveCachingStateStep.java:39)
	at org.gradle.internal.execution.steps.ResolveChangesStep.execute(ResolveChangesStep.java:65)
	at org.gradle.internal.execution.steps.ResolveChangesStep.execute(ResolveChangesStep.java:36)
	at org.gradle.internal.execution.steps.ValidateStep.execute(ValidateStep.java:107)
	at org.gradle.internal.execution.steps.ValidateStep.execute(ValidateStep.java:56)
	at org.gradle.internal.execution.steps.AbstractCaptureStateBeforeExecutionStep.execute(AbstractCaptureStateBeforeExecutionStep.java:64)
	at org.gradle.internal.execution.steps.AbstractCaptureStateBeforeExecutionStep.execute(AbstractCaptureStateBeforeExecutionStep.java:43)
	at org.gradle.internal.execution.steps.AbstractSkipEmptyWorkStep.executeWithNonEmptySources(AbstractSkipEmptyWorkStep.java:125)
	at org.gradle.internal.execution.steps.AbstractSkipEmptyWorkStep.execute(AbstractSkipEmptyWorkStep.java:61)
	at org.gradle.internal.execution.steps.AbstractSkipEmptyWorkStep.execute(AbstractSkipEmptyWorkStep.java:36)
	at org.gradle.internal.execution.steps.legacy.MarkSnapshottingInputsStartedStep.execute(MarkSnapshottingInputsStartedStep.java:38)
	at org.gradle.internal.execution.steps.LoadPreviousExecutionStateStep.execute(LoadPreviousExecutionStateStep.java:36)
	at org.gradle.internal.execution.steps.LoadPreviousExecutionStateStep.execute(LoadPreviousExecutionStateStep.java:23)
	at org.gradle.internal.execution.steps.HandleStaleOutputsStep.execute(HandleStaleOutputsStep.java:75)
	at org.gradle.internal.execution.steps.HandleStaleOutputsStep.execute(HandleStaleOutputsStep.java:41)
	at org.gradle.internal.execution.steps.AssignMutableWorkspaceStep.lambda$execute$0(AssignMutableWorkspaceStep.java:35)
	at org.gradle.api.internal.tasks.execution.TaskExecution$4.withWorkspace(TaskExecution.java:289)
	at org.gradle.internal.execution.steps.AssignMutableWorkspaceStep.execute(AssignMutableWorkspaceStep.java:31)
	at org.gradle.internal.execution.steps.AssignMutableWorkspaceStep.execute(AssignMutableWorkspaceStep.java:22)
	at org.gradle.internal.execution.steps.ChoosePipelineStep.execute(ChoosePipelineStep.java:40)
	at org.gradle.internal.execution.steps.ChoosePipelineStep.execute(ChoosePipelineStep.java:23)
	at org.gradle.internal.execution.steps.ExecuteWorkBuildOperationFiringStep.lambda$execute$2(ExecuteWorkBuildOperationFiringStep.java:67)
	at org.gradle.internal.execution.steps.ExecuteWorkBuildOperationFiringStep.execute(ExecuteWorkBuildOperationFiringStep.java:67)
	at org.gradle.internal.execution.steps.ExecuteWorkBuildOperationFiringStep.execute(ExecuteWorkBuildOperationFiringStep.java:39)
	at org.gradle.internal.execution.steps.IdentityCacheStep.execute(IdentityCacheStep.java:46)
	at org.gradle.internal.execution.steps.IdentityCacheStep.execute(IdentityCacheStep.java:34)
	at org.gradle.internal.execution.steps.IdentifyStep.execute(IdentifyStep.java:48)
	at org.gradle.internal.execution.steps.IdentifyStep.execute(IdentifyStep.java:35)
	at org.gradle.internal.execution.impl.DefaultExecutionEngine$1.execute(DefaultExecutionEngine.java:61)
	at org.gradle.api.internal.tasks.execution.ExecuteActionsTaskExecuter.executeIfValid(ExecuteActionsTaskExecuter.java:127)
	at org.gradle.api.internal.tasks.execution.ExecuteActionsTaskExecuter.execute(ExecuteActionsTaskExecuter.java:116)
	at org.gradle.api.internal.tasks.execution.ProblemsTaskPathTrackingTaskExecuter.execute(ProblemsTaskPathTrackingTaskExecuter.java:40)
	at org.gradle.api.internal.tasks.execution.FinalizePropertiesTaskExecuter.execute(FinalizePropertiesTaskExecuter.java:46)
	at org.gradle.api.internal.tasks.execution.ResolveTaskExecutionModeExecuter.execute(ResolveTaskExecutionModeExecuter.java:51)
	at org.gradle.api.internal.tasks.execution.SkipTaskWithNoActionsExecuter.execute(SkipTaskWithNoActionsExecuter.java:57)
	at org.gradle.api.internal.tasks.execution.SkipOnlyIfTaskExecuter.execute(SkipOnlyIfTaskExecuter.java:74)
	at org.gradle.api.internal.tasks.execution.CatchExceptionTaskExecuter.execute(CatchExceptionTaskExecuter.java:36)
	at org.gradle.api.internal.tasks.execution.EventFiringTaskExecuter$1.executeTask(EventFiringTaskExecuter.java:77)
	at org.gradle.api.internal.tasks.execution.EventFiringTaskExecuter$1.call(EventFiringTaskExecuter.java:55)
	at org.gradle.api.internal.tasks.execution.EventFiringTaskExecuter$1.call(EventFiringTaskExecuter.java:52)
	at org.gradle.internal.operations.DefaultBuildOperationRunner$CallableBuildOperationWorker.execute(DefaultBuildOperationRunner.java:210)
	at org.gradle.internal.operations.DefaultBuildOperationRunner$CallableBuildOperationWorker.execute(DefaultBuildOperationRunner.java:205)
	at org.gradle.internal.operations.DefaultBuildOperationRunner$2.execute(DefaultBuildOperationRunner.java:67)
	at org.gradle.internal.operations.DefaultBuildOperationRunner$2.execute(DefaultBuildOperationRunner.java:60)
	at org.gradle.internal.operations.DefaultBuildOperationRunner.execute(DefaultBuildOperationRunner.java:167)
	at org.gradle.internal.operations.DefaultBuildOperationRunner.execute(DefaultBuildOperationRunner.java:60)
	at org.gradle.internal.operations.DefaultBuildOperationRunner.call(DefaultBuildOperationRunner.java:54)
	at org.gradle.api.internal.tasks.execution.EventFiringTaskExecuter.execute(EventFiringTaskExecuter.java:52)
	at org.gradle.execution.plan.LocalTaskNodeExecutor.execute(LocalTaskNodeExecutor.java:42)
	at org.gradle.execution.taskgraph.DefaultTaskExecutionGraph$InvokeNodeExecutorsAction.execute(DefaultTaskExecutionGraph.java:331)
	at org.gradle.execution.taskgraph.DefaultTaskExecutionGraph$InvokeNodeExecutorsAction.execute(DefaultTaskExecutionGraph.java:318)
	at org.gradle.execution.taskgraph.DefaultTaskExecutionGraph$BuildOperationAwareExecutionAction.lambda$execute$0(DefaultTaskExecutionGraph.java:314)
	at org.gradle.internal.operations.CurrentBuildOperationRef.with(CurrentBuildOperationRef.java:85)
	at org.gradle.execution.taskgraph.DefaultTaskExecutionGraph$BuildOperationAwareExecutionAction.execute(DefaultTaskExecutionGraph.java:314)
	at org.gradle.execution.taskgraph.DefaultTaskExecutionGraph$BuildOperationAwareExecutionAction.execute(DefaultTaskExecutionGraph.java:303)
	at org.gradle.execution.plan.DefaultPlanExecutor$ExecutorWorker.execute(DefaultPlanExecutor.java:459)
	at org.gradle.execution.plan.DefaultPlanExecutor$ExecutorWorker.run(DefaultPlanExecutor.java:376)
	at org.gradle.internal.concurrent.ExecutorPolicy$CatchAndRecordFailures.onExecute(ExecutorPolicy.java:64)
	at org.gradle.internal.concurrent.AbstractManagedExecutor$1.run(AbstractManagedExecutor.java:48)
Caused by: org.jetbrains.kotlin.gradle.tasks.CompilationErrorException: Compilation error. See log for more details
	at org.jetbrains.kotlin.gradle.tasks.TasksUtilsKt.throwExceptionIfCompilationFailed(tasksUtils.kt:21)
	at org.jetbrains.kotlin.compilerRunner.GradleKotlinCompilerWork.run(GradleKotlinCompilerWork.kt:119)
	at org.jetbrains.kotlin.compilerRunner.GradleCompilerRunnerWithWorkers$GradleKotlinCompilerWorkAction.execute(GradleCompilerRunnerWithWorkers.kt:76)
	at org.gradle.workers.internal.DefaultWorkerServer.execute(DefaultWorkerServer.java:63)
	at org.gradle.workers.internal.NoIsolationWorkerFactory$1$1.create(NoIsolationWorkerFactory.java:66)
	at org.gradle.workers.internal.NoIsolationWorkerFactory$1$1.create(NoIsolationWorkerFactory.java:62)
	at org.gradle.internal.classloader.ClassLoaderUtils.executeInClassloader(ClassLoaderUtils.java:100)
	at org.gradle.workers.internal.NoIsolationWorkerFactory$1.lambda$execute$0(NoIsolationWorkerFactory.java:62)
	at org.gradle.workers.internal.AbstractWorker$1.call(AbstractWorker.java:44)
	at org.gradle.workers.internal.AbstractWorker$1.call(AbstractWorker.java:41)
	at org.gradle.internal.operations.DefaultBuildOperationRunner$CallableBuildOperationWorker.execute(DefaultBuildOperationRunner.java:210)
	at org.gradle.internal.operations.DefaultBuildOperationRunner$CallableBuildOperationWorker.execute(DefaultBuildOperationRunner.java:205)
	at org.gradle.internal.operations.DefaultBuildOperationRunner$2.execute(DefaultBuildOperationRunner.java:67)
	at org.gradle.internal.operations.DefaultBuildOperationRunner$2.execute(DefaultBuildOperationRunner.java:60)
	at org.gradle.internal.operations.DefaultBuildOperationRunner.execute(DefaultBuildOperationRunner.java:167)
	at org.gradle.internal.operations.DefaultBuildOperationRunner.execute(DefaultBuildOperationRunner.java:60)
	at org.gradle.internal.operations.DefaultBuildOperationRunner.call(DefaultBuildOperationRunner.java:54)
	at org.gradle.workers.internal.AbstractWorker.executeWrappedInBuildOperation(AbstractWorker.java:41)
	at org.gradle.workers.internal.NoIsolationWorkerFactory$1.execute(NoIsolationWorkerFactory.java:59)
	at org.gradle.workers.internal.DefaultWorkerExecutor.lambda$submitWork$0(DefaultWorkerExecutor.java:174)
	at org.gradle.internal.work.DefaultConditionalExecutionQueue$ExecutionRunner.runExecution(DefaultConditionalExecutionQueue.java:194)
	at org.gradle.internal.work.DefaultConditionalExecutionQueue$ExecutionRunner.access$700(DefaultConditionalExecutionQueue.java:127)
	at org.gradle.internal.work.DefaultConditionalExecutionQueue$ExecutionRunner$1.run(DefaultConditionalExecutionQueue.java:169)
	at org.gradle.internal.Factories$1.create(Factories.java:31)
	at org.gradle.internal.work.DefaultWorkerLeaseService.withLocks(DefaultWorkerLeaseService.java:263)
	at org.gradle.internal.work.DefaultWorkerLeaseService.runAsWorkerThread(DefaultWorkerLeaseService.java:127)
	at org.gradle.internal.work.DefaultWorkerLeaseService.runAsWorkerThread(DefaultWorkerLeaseService.java:132)
	at org.gradle.internal.work.DefaultConditionalExecutionQueue$ExecutionRunner.runBatch(DefaultConditionalExecutionQueue.java:164)
	at org.gradle.internal.work.DefaultConditionalExecutionQueue$ExecutionRunner.run(DefaultConditionalExecutionQueue.java:133)
	... 2 more


BUILD FAILED in 31s
32 actionable tasks: 9 executed, 23 up-to-date
2026-03-29T16:23:54.133-0500 [DEBUG] [org.gradle.launcher.daemon.server.exec.ExecuteBuild] The daemon has finished executing the build.
2026-03-29T16:23:54.146-0500 [DEBUG] [org.gradle.launcher.daemon.server.DaemonStateCoordinator] daemon is running. Sleeping until state changes.
2026-03-29T16:23:54.146-0500 [DEBUG] [org.gradle.launcher.daemon.server.DaemonStateCoordinator] Command execution: finished waiting for DaemonCommandExecution[command = Build{id=03fff1ea-70cb-4faf-85ac-5b8f2a3d129b, currentDir=C:\Users\sebgo\AndroidStudioProjects\mytaxitravel}, connection = DefaultDaemonConnection: socket connection from /127.0.0.1:28940 to /127.0.0.1:28908]. Result org.gradle.launcher.daemon.server.DaemonStateCoordinator@3ec6a587 with state Busy
2026-03-29T16:23:54.147-0500 [DEBUG] [org.gradle.launcher.daemon.server.DaemonStateCoordinator] Command execution: completed DaemonCommandExecution[command = Build{id=03fff1ea-70cb-4faf-85ac-5b8f2a3d129b, currentDir=C:\Users\sebgo\AndroidStudioProjects\mytaxitravel}, connection = DefaultDaemonConnection: socket connection from /127.0.0.1:28940 to /127.0.0.1:28908]
2026-03-29T16:23:54.147-0500 [DEBUG] [org.gradle.launcher.daemon.server.DaemonStateCoordinator] resetting idle timer
2026-03-29T16:23:54.148-0500 [INFO] [org.gradle.launcher.daemon.server.DaemonRegistryUpdater] Marking the daemon as idle, address: [87107fdb-3f53-4eec-a91a-0d08b2658363 port:28940, addresses:[localhost/127.0.0.1]]
2026-03-29T16:23:54.148-0500 [DEBUG] [org.gradle.launcher.daemon.registry.PersistentDaemonRegistry] Marking busy by address: [87107fdb-3f53-4eec-a91a-0d08b2658363 port:28940, addresses:[localhost/127.0.0.1]]
2026-03-29T16:23:54.151-0500 [DEBUG] [org.gradle.cache.internal.DefaultFileLockManager] Waiting to acquire exclusive lock on daemon addresses registry.
2026-03-29T16:23:54.152-0500 [DEBUG] [org.gradle.cache.internal.DefaultFileLockManager] Lock acquired on daemon addresses registry.
2026-03-29T16:23:54.158-0500 [DEBUG] [org.gradle.cache.internal.DefaultFileLockManager] Releasing lock on daemon addresses registry.
2026-03-29T16:23:54.160-0500 [DEBUG] [org.gradle.launcher.daemon.server.DaemonStateCoordinator] daemon is running. Sleeping until state changes.
2026-03-29T16:23:54.161-0500 [DEBUG] [org.gradle.launcher.daemon.server.exec.ReturnResult] Daemon is dispatching the build result: Success[value=org.gradle.launcher.exec.BuildActionResult@593ba4f8]
2026-03-29T16:23:54.161-0500 [DEBUG] [org.gradle.launcher.daemon.server.SynchronizedDispatchConnection] thread 189: dispatching Success[value=org.gradle.launcher.exec.BuildActionResult@593ba4f8]
2026-03-29T16:23:54.221-0500 [DEBUG] [org.gradle.launcher.daemon.server.DefaultIncomingConnectionHandler] Finishing executing command: Build{id=03fff1ea-70cb-4faf-85ac-5b8f2a3d129b, currentDir=C:\Users\sebgo\AndroidStudioProjects\mytaxitravel}
2026-03-29T16:23:54.222-0500 [DEBUG] [org.gradle.launcher.daemon.server.exec.CleanUpVirtualFileSystemAfterBuild] Cleaning virtual file system after build finished
2026-03-29T16:23:54.285-0500 [DEBUG] [org.gradle.launcher.daemon.server.SynchronizedDispatchConnection] thread 190: received class org.gradle.launcher.daemon.protocol.CloseInput
2026-03-29T16:23:54.286-0500 [DEBUG] [org.gradle.launcher.daemon.server.DefaultDaemonConnection] thread 190: Received IO message from client: org.gradle.launcher.daemon.protocol.CloseInput@4b3c6319
2026-03-29T16:23:54.286-0500 [DEBUG] [org.gradle.launcher.daemon.server.SynchronizedDispatchConnection] thread 190: received class org.gradle.launcher.daemon.protocol.Finished
2026-03-29T16:23:54.286-0500 [DEBUG] [org.gradle.launcher.daemon.server.DefaultDaemonConnection] thread 190: Received non-IO message from client: org.gradle.launcher.daemon.protocol.Finished@45fb940e
2026-03-29T16:23:54.288-0500 [DEBUG] [org.gradle.launcher.daemon.server.DefaultIncomingConnectionHandler] Received finished message: org.gradle.launcher.daemon.protocol.Finished@45fb940e
2026-03-29T16:23:54.289-0500 [DEBUG] [org.gradle.internal.remote.internal.inet.SocketConnection] Discarding EOFException: java.io.EOFException
2026-03-29T16:23:54.291-0500 [DEBUG] [org.gradle.launcher.daemon.server.SynchronizedDispatchConnection] thread 190: received null
2026-03-29T16:23:54.291-0500 [DEBUG] [org.gradle.launcher.daemon.server.DefaultDaemonConnection] thread 190: Received end-of-input from client.
2026-03-29T16:23:54.291-0500 [DEBUG] [org.gradle.launcher.daemon.server.SynchronizedDispatchConnection] thread 189: stopping connection
2026-03-29T16:23:54.295-0500 [DEBUG] [org.gradle.launcher.daemon.server.SynchronizedDispatchConnection] thread 189: stopping connection
2026-03-29T16:23:54.633-0500 [DEBUG] [org.gradle.cache.internal.DefaultFileLockManager] Waiting to acquire shared lock on daemon addresses registry.
2026-03-29T16:23:54.634-0500 [DEBUG] [org.gradle.cache.internal.DefaultFileLockManager] Lock acquired on daemon addresses registry.
2026-03-29T16:23:54.774-0500 [DEBUG] [org.gradle.cache.internal.DefaultFileLockManager] Releasing lock on daemon addresses registry.
2026-03-29T16:23:54.777-0500 [DEBUG] [org.gradle.cache.internal.DefaultFileLockManager] Waiting to acquire shared lock on daemon addresses registry.
2026-03-29T16:23:54.778-0500 [DEBUG] [org.gradle.cache.internal.DefaultFileLockManager] Lock acquired on daemon addresses registry.
2026-03-29T16:23:54.778-0500 [DEBUG] [org.gradle.cache.internal.DefaultFileLockManager] Releasing lock on daemon addresses registry.
2026-03-29T16:23:58.994-0500 [DEBUG] [org.gradle.process.internal.health.memory.DefaultMemoryManager] 841566208 physical memory requested, 362102784 free
2026-03-29T16:23:58.998-0500 [DEBUG] [org.gradle.workers.internal.WorkerDaemonExpiration] Will attempt to release 802 of memory
2026-03-29T16:23:58.998-0500 [DEBUG] [org.gradle.process.internal.health.memory.DefaultMemoryManager] 841566208 physical memory requested, 0 released, 362102784 free
2026-03-29T16:24:01.864-0500 [DEBUG] [sun.rmi.transport.tcp] RMI Scheduler(0): close connection, socket: Socket[addr=localhost/127.0.0.1,port=17680,localport=28975]
2026-03-29T16:24:03.880-0500 [DEBUG] [org.gradle.process.internal.health.memory.DefaultMemoryManager] 841566208 physical memory requested, 610504704 free
2026-03-29T16:24:03.880-0500 [DEBUG] [org.gradle.workers.internal.WorkerDaemonExpiration] Will attempt to release 802 of memory
2026-03-29T16:24:03.880-0500 [DEBUG] [org.gradle.process.internal.health.memory.DefaultMemoryManager] 841566208 physical memory requested, 0 released, 610504704 free
2026-03-29T16:24:04.608-0500 [DEBUG] [org.gradle.cache.internal.DefaultFileLockManager] Waiting to acquire shared lock on daemon addresses registry.
2026-03-29T16:24:04.608-0500 [DEBUG] [org.gradle.cache.internal.DefaultFileLockManager] Lock acquired on daemon addresses registry.
2026-03-29T16:24:04.608-0500 [DEBUG] [org.gradle.cache.internal.DefaultFileLockManager] Releasing lock on daemon addresses registry.
2026-03-29T16:24:04.609-0500 [DEBUG] [org.gradle.cache.internal.DefaultFileLockManager] Waiting to acquire shared lock on daemon addresses registry.
2026-03-29T16:24:04.610-0500 [DEBUG] [org.gradle.cache.internal.DefaultFileLockManager] Lock acquired on daemon addresses registry.
2026-03-29T16:24:04.610-0500 [DEBUG] [org.gradle.cache.internal.DefaultFileLockManager] Releasing lock on daemon addresses registry.
2026-03-29T16:24:04.611-0500 [DEBUG] [org.gradle.cache.internal.DefaultFileLockManager] Waiting to acquire shared lock on daemon addresses registry.
2026-03-29T16:24:04.611-0500 [DEBUG] [org.gradle.cache.internal.DefaultFileLockManager] Lock acquired on daemon addresses registry.
2026-03-29T16:24:04.611-0500 [DEBUG] [org.gradle.cache.internal.DefaultFileLockManager] Releasing lock on daemon addresses registry.
2026-03-29T16:24:08.881-0500 [DEBUG] [org.gradle.process.internal.health.memory.DefaultMemoryManager] 841566208 physical memory requested, 721723392 free
2026-03-29T16:24:08.881-0500 [DEBUG] [org.gradle.workers.internal.WorkerDaemonExpiration] Will attempt to release 802 of memory
2026-03-29T16:24:08.881-0500 [DEBUG] [org.gradle.process.internal.health.memory.DefaultMemoryManager] 841566208 physical memory requested, 0 released, 721723392 free
2026-03-29T16:24:14.609-0500 [DEBUG] [org.gradle.cache.internal.DefaultFileLockManager] Waiting to acquire shared lock on daemon addresses registry.
2026-03-29T16:24:14.609-0500 [DEBUG] [org.gradle.cache.internal.DefaultFileLockManager] Lock acquired on daemon addresses registry.
2026-03-29T16:24:14.610-0500 [DEBUG] [org.gradle.cache.internal.DefaultFileLockManager] Releasing lock on daemon addresses registry.
2026-03-29T16:24:14.612-0500 [DEBUG] [org.gradle.cache.internal.DefaultFileLockManager] Waiting to acquire shared lock on daemon addresses registry.
2026-03-29T16:24:14.612-0500 [DEBUG] [org.gradle.cache.internal.DefaultFileLockManager] Lock acquired on daemon addresses registry.
2026-03-29T16:24:14.612-0500 [DEBUG] [org.gradle.cache.internal.DefaultFileLockManager] Releasing lock on daemon addresses registry.
2026-03-29T16:24:14.614-0500 [DEBUG] [org.gradle.cache.internal.DefaultFileLockManager] Waiting to acquire shared lock on daemon addresses registry.
2026-03-29T16:24:14.614-0500 [DEBUG] [org.gradle.cache.internal.DefaultFileLockManager] Lock acquired on daemon addresses registry.
2026-03-29T16:24:14.616-0500 [DEBUG] [org.gradle.cache.internal.DefaultFileLockManager] Releasing lock on daemon addresses registry.
2026-03-29T16:24:16.875-0500 [DEBUG] [sun.rmi.transport.tcp] RMI Scheduler(0): close connection, socket: Socket[addr=localhost/127.0.0.1,port=17680,localport=28976]
2026-03-29T16:24:17.099-0500 [DEBUG] [sun.rmi.transport.tcp] RMI TCP Connection(3)-127.0.0.1: (port 2680) connection closed
2026-03-29T16:24:17.100-0500 [DEBUG] [sun.rmi.transport.tcp] RMI TCP Connection(3)-127.0.0.1: close connection, socket: Socket[addr=/127.0.0.1,port=28978,localport=2680]
2026-03-29T16:24:17.101-0500 [DEBUG] [sun.rmi.transport.tcp] RMI TCP Connection(3)-127.0.0.1: socket close: Socket[addr=/127.0.0.1,port=28978,localport=2680]
2026-03-29T16:24:18.880-0500 [DEBUG] [org.gradle.process.internal.health.memory.DefaultMemoryManager] 841566208 physical memory requested, 345509888 free
2026-03-29T16:24:18.880-0500 [DEBUG] [org.gradle.workers.internal.WorkerDaemonExpiration] Will attempt to release 802 of memory
2026-03-29T16:24:18.880-0500 [DEBUG] [org.gradle.process.internal.health.memory.DefaultMemoryManager] 841566208 physical memory requested, 0 released, 345509888 free
2026-03-29T16:24:23.890-0500 [DEBUG] [org.gradle.process.internal.health.memory.DefaultMemoryManager] 841566208 physical memory requested, 109477888 free
2026-03-29T16:24:23.894-0500 [DEBUG] [org.gradle.workers.internal.WorkerDaemonExpiration] Will attempt to release 802 of memory
2026-03-29T16:24:23.895-0500 [DEBUG] [org.gradle.process.internal.health.memory.DefaultMemoryManager] 841566208 physical memory requested, 0 released, 109477888 free
2026-03-29T16:24:24.668-0500 [DEBUG] [org.gradle.cache.internal.DefaultFileLockManager] Waiting to acquire shared lock on daemon addresses registry.
2026-03-29T16:24:24.696-0500 [DEBUG] [org.gradle.cache.internal.DefaultFileLockManager] Lock acquired on daemon addresses registry.
2026-03-29T16:24:24.702-0500 [DEBUG] [org.gradle.cache.internal.DefaultFileLockManager] Releasing lock on daemon addresses registry.
2026-03-29T16:24:24.712-0500 [DEBUG] [org.gradle.cache.internal.DefaultFileLockManager] Waiting to acquire shared lock on daemon addresses registry.
2026-03-29T16:24:24.715-0500 [DEBUG] [org.gradle.cache.internal.DefaultFileLockManager] Lock acquired on daemon addresses registry.
2026-03-29T16:24:24.719-0500 [DEBUG] [org.gradle.cache.internal.DefaultFileLockManager] Releasing lock on daemon addresses registry.
2026-03-29T16:24:24.726-0500 [DEBUG] [org.gradle.cache.internal.DefaultFileLockManager] Waiting to acquire shared lock on daemon addresses registry.
2026-03-29T16:24:24.726-0500 [DEBUG] [org.gradle.cache.internal.DefaultFileLockManager] Lock acquired on daemon addresses registry.
2026-03-29T16:24:24.727-0500 [DEBUG] [org.gradle.cache.internal.DefaultFileLockManager] Releasing lock on daemon addresses registry.
2026-03-29T16:24:28.882-0500 [DEBUG] [org.gradle.process.internal.health.memory.DefaultMemoryManager] 841566208 physical memory requested, 745054208 free
2026-03-29T16:24:28.882-0500 [DEBUG] [org.gradle.workers.internal.WorkerDaemonExpiration] Will attempt to release 802 of memory
2026-03-29T16:24:28.883-0500 [DEBUG] [org.gradle.process.internal.health.memory.DefaultMemoryManager] 841566208 physical memory requested, 0 released, 745054208 free
2026-03-29T16:24:34.610-0500 [DEBUG] [org.gradle.cache.internal.DefaultFileLockManager] Waiting to acquire shared lock on daemon addresses registry.
2026-03-29T16:24:34.611-0500 [DEBUG] [org.gradle.cache.internal.DefaultFileLockManager] Lock acquired on daemon addresses registry.
2026-03-29T16:24:34.611-0500 [DEBUG] [org.gradle.cache.internal.DefaultFileLockManager] Releasing lock on daemon addresses registry.
2026-03-29T16:24:34.617-0500 [DEBUG] [org.gradle.cache.internal.DefaultFileLockManager] Waiting to acquire shared lock on daemon addresses registry.
2026-03-29T16:24:34.617-0500 [DEBUG] [org.gradle.cache.internal.DefaultFileLockManager] Lock acquired on daemon addresses registry.
2026-03-29T16:24:34.618-0500 [DEBUG] [org.gradle.cache.internal.DefaultFileLockManager] Releasing lock on daemon addresses registry.
2026-03-29T16:24:34.619-0500 [DEBUG] [org.gradle.cache.internal.DefaultFileLockManager] Waiting to acquire shared lock on daemon addresses registry.
2026-03-29T16:24:34.620-0500 [DEBUG] [org.gradle.cache.internal.DefaultFileLockManager] Lock acquired on daemon addresses registry.
2026-03-29T16:24:34.620-0500 [DEBUG] [org.gradle.cache.internal.DefaultFileLockManager] Releasing lock on daemon addresses registry.
2026-03-29T16:24:44.614-0500 [DEBUG] [org.gradle.cache.internal.DefaultFileLockManager] Waiting to acquire shared lock on daemon addresses registry.
2026-03-29T16:24:44.614-0500 [DEBUG] [org.gradle.cache.internal.DefaultFileLockManager] Lock acquired on daemon addresses registry.
2026-03-29T16:24:44.615-0500 [DEBUG] [org.gradle.cache.internal.DefaultFileLockManager] Releasing lock on daemon addresses registry.
2026-03-29T16:24:44.617-0500 [DEBUG] [org.gradle.cache.internal.DefaultFileLockManager] Waiting to acquire shared lock on daemon addresses registry.
2026-03-29T16:24:44.617-0500 [DEBUG] [org.gradle.cache.internal.DefaultFileLockManager] Lock acquired on daemon addresses registry.
2026-03-29T16:24:44.618-0500 [DEBUG] [org.gradle.cache.internal.DefaultFileLockManager] Releasing lock on daemon addresses registry.
2026-03-29T16:24:44.620-0500 [DEBUG] [org.gradle.cache.internal.DefaultFileLockManager] Waiting to acquire shared lock on daemon addresses registry.
2026-03-29T16:24:44.621-0500 [DEBUG] [org.gradle.cache.internal.DefaultFileLockManager] Lock acquired on daemon addresses registry.
2026-03-29T16:24:44.621-0500 [DEBUG] [org.gradle.cache.internal.DefaultFileLockManager] Releasing lock on daemon addresses registry.
2026-03-29T16:24:54.615-0500 [DEBUG] [org.gradle.cache.internal.DefaultFileLockManager] Waiting to acquire shared lock on daemon addresses registry.
2026-03-29T16:24:54.615-0500 [DEBUG] [org.gradle.cache.internal.DefaultFileLockManager] Lock acquired on daemon addresses registry.
2026-03-29T16:24:54.616-0500 [DEBUG] [org.gradle.cache.internal.DefaultFileLockManager] Releasing lock on daemon addresses registry.
2026-03-29T16:24:54.617-0500 [DEBUG] [org.gradle.cache.internal.DefaultFileLockManager] Waiting to acquire shared lock on daemon addresses registry.
2026-03-29T16:24:54.618-0500 [DEBUG] [org.gradle.cache.internal.DefaultFileLockManager] Lock acquired on daemon addresses registry.
2026-03-29T16:24:54.619-0500 [DEBUG] [org.gradle.cache.internal.DefaultFileLockManager] Releasing lock on daemon addresses registry.
2026-03-29T16:24:54.620-0500 [DEBUG] [org.gradle.cache.internal.DefaultFileLockManager] Waiting to acquire shared lock on daemon addresses registry.
2026-03-29T16:24:54.620-0500 [DEBUG] [org.gradle.cache.internal.DefaultFileLockManager] Lock acquired on daemon addresses registry.
2026-03-29T16:24:54.621-0500 [DEBUG] [org.gradle.cache.internal.DefaultFileLockManager] Releasing lock on daemon addresses registry.
2026-03-29T16:25:04.611-0500 [DEBUG] [org.gradle.cache.internal.DefaultFileLockManager] Waiting to acquire shared lock on daemon addresses registry.
2026-03-29T16:25:04.611-0500 [DEBUG] [org.gradle.cache.internal.DefaultFileLockManager] Lock acquired on daemon addresses registry.
2026-03-29T16:25:04.612-0500 [DEBUG] [org.gradle.cache.internal.DefaultFileLockManager] Releasing lock on daemon addresses registry.
2026-03-29T16:25:04.615-0500 [DEBUG] [org.gradle.cache.internal.DefaultFileLockManager] Waiting to acquire shared lock on daemon addresses registry.
2026-03-29T16:25:04.615-0500 [DEBUG] [org.gradle.cache.internal.DefaultFileLockManager] Lock acquired on daemon addresses registry.
2026-03-29T16:25:04.615-0500 [DEBUG] [org.gradle.cache.internal.DefaultFileLockManager] Releasing lock on daemon addresses registry.
2026-03-29T16:25:04.617-0500 [DEBUG] [org.gradle.cache.internal.DefaultFileLockManager] Waiting to acquire shared lock on daemon addresses registry.
2026-03-29T16:25:04.618-0500 [DEBUG] [org.gradle.cache.internal.DefaultFileLockManager] Lock acquired on daemon addresses registry.
2026-03-29T16:25:04.618-0500 [DEBUG] [org.gradle.cache.internal.DefaultFileLockManager] Releasing lock on daemon addresses registry.
2026-03-29T16:25:08.880-0500 [DEBUG] [org.gradle.process.internal.health.memory.DefaultMemoryManager] 841566208 physical memory requested, 708464640 free
2026-03-29T16:25:08.880-0500 [DEBUG] [org.gradle.workers.internal.WorkerDaemonExpiration] Will attempt to release 802 of memory
2026-03-29T16:25:08.880-0500 [DEBUG] [org.gradle.process.internal.health.memory.DefaultMemoryManager] 841566208 physical memory requested, 0 released, 708464640 free
2026-03-29T16:25:13.881-0500 [DEBUG] [org.gradle.process.internal.health.memory.DefaultMemoryManager] 841566208 physical memory requested, 452120576 free
2026-03-29T16:25:13.881-0500 [DEBUG] [org.gradle.workers.internal.WorkerDaemonExpiration] Will attempt to release 802 of memory
2026-03-29T16:25:13.881-0500 [DEBUG] [org.gradle.process.internal.health.memory.DefaultMemoryManager] 841566208 physical memory requested, 0 released, 452120576 free
2026-03-29T16:25:14.609-0500 [DEBUG] [org.gradle.cache.internal.DefaultFileLockManager] Waiting to acquire shared lock on daemon addresses registry.
2026-03-29T16:25:14.610-0500 [DEBUG] [org.gradle.cache.internal.DefaultFileLockManager] Lock acquired on daemon addresses registry.
2026-03-29T16:25:14.611-0500 [DEBUG] [org.gradle.cache.internal.DefaultFileLockManager] Releasing lock on daemon addresses registry.
2026-03-29T16:25:14.614-0500 [DEBUG] [org.gradle.cache.internal.DefaultFileLockManager] Waiting to acquire shared lock on daemon addresses registry.
2026-03-29T16:25:14.615-0500 [DEBUG] [org.gradle.cache.internal.DefaultFileLockManager] Lock acquired on daemon addresses registry.
2026-03-29T16:25:14.615-0500 [DEBUG] [org.gradle.cache.internal.DefaultFileLockManager] Releasing lock on daemon addresses registry.
2026-03-29T16:25:14.619-0500 [DEBUG] [org.gradle.cache.internal.DefaultFileLockManager] Waiting to acquire shared lock on daemon addresses registry.
2026-03-29T16:25:14.619-0500 [DEBUG] [org.gradle.cache.internal.DefaultFileLockManager] Lock acquired on daemon addresses registry.
2026-03-29T16:25:14.620-0500 [DEBUG] [org.gradle.cache.internal.DefaultFileLockManager] Releasing lock on daemon addresses registry.
2026-03-29T16:25:18.881-0500 [DEBUG] [org.gradle.process.internal.health.memory.DefaultMemoryManager] 841566208 physical memory requested, 639078400 free
2026-03-29T16:25:18.881-0500 [DEBUG] [org.gradle.workers.internal.WorkerDaemonExpiration] Will attempt to release 802 of memory
2026-03-29T16:25:18.882-0500 [DEBUG] [org.gradle.process.internal.health.memory.DefaultMemoryManager] 841566208 physical memory requested, 0 released, 639078400 free
2026-03-29T16:25:20.301-0500 [DEBUG] [org.gradle.internal.watch.vfs.impl.WatchingVirtualFileSystem] Handling VFS change CREATED C:\Users\sebgo\AndroidStudioProjects\mytaxitravel\app\src\main\res\layout\activity_usuario.xml~
2026-03-29T16:25:20.359-0500 [DEBUG] [org.gradle.internal.watch.vfs.impl.WatchingVirtualFileSystem] Handling VFS change MODIFIED C:\Users\sebgo\AndroidStudioProjects\mytaxitravel\app\src\main\res\layout\activity_usuario.xml
2026-03-29T16:25:20.361-0500 [DEBUG] [org.gradle.internal.watch.vfs.impl.WatchingVirtualFileSystem] Handling VFS change CREATED C:\Users\sebgo\AndroidStudioProjects\mytaxitravel\app\src\main\java\com\workpro\mytaxitravel\Usuario.kt~
2026-03-29T16:25:20.364-0500 [DEBUG] [org.gradle.internal.watch.vfs.impl.WatchingVirtualFileSystem] Handling VFS change MODIFIED C:\Users\sebgo\AndroidStudioProjects\mytaxitravel\app\src\main\java\com\workpro\mytaxitravel\Usuario.kt
2026-03-29T16:25:20.437-0500 [DEBUG] [org.gradle.internal.remote.internal.inet.TcpIncomingConnector] Accepted connection from /127.0.0.1:13379 to /127.0.0.1:28940.
2026-03-29T16:25:20.588-0500 [DEBUG] [org.gradle.launcher.daemon.server.SynchronizedDispatchConnection] thread 275: received class org.gradle.launcher.daemon.protocol.Build
2026-03-29T16:25:20.590-0500 [DEBUG] [org.gradle.launcher.daemon.server.DefaultDaemonConnection] thread 275: Received non-IO message from client: Build{id=25d7cd9e-34fd-4bf5-99bc-cc5f9a881745, currentDir=C:\Users\sebgo\AndroidStudioProjects\mytaxitravel}
2026-03-29T16:25:20.593-0500 [INFO] [org.gradle.launcher.daemon.server.DefaultIncomingConnectionHandler] Received command: Build{id=25d7cd9e-34fd-4bf5-99bc-cc5f9a881745, currentDir=C:\Users\sebgo\AndroidStudioProjects\mytaxitravel}.
2026-03-29T16:25:20.594-0500 [DEBUG] [org.gradle.launcher.daemon.server.DefaultIncomingConnectionHandler] Starting executing command: Build{id=25d7cd9e-34fd-4bf5-99bc-cc5f9a881745, currentDir=C:\Users\sebgo\AndroidStudioProjects\mytaxitravel} with connection: socket connection from /127.0.0.1:28940 to /127.0.0.1:13379.
2026-03-29T16:25:20.610-0500 [DEBUG] [org.gradle.launcher.daemon.server.DaemonStateCoordinator] Command execution: started DaemonCommandExecution[command = Build{id=25d7cd9e-34fd-4bf5-99bc-cc5f9a881745, currentDir=C:\Users\sebgo\AndroidStudioProjects\mytaxitravel}, connection = DefaultDaemonConnection: socket connection from /127.0.0.1:28940 to /127.0.0.1:13379] after 1.4409833333333333 minutes of idle
2026-03-29T16:25:20.613-0500 [INFO] [org.gradle.launcher.daemon.server.DaemonRegistryUpdater] Marking the daemon as busy, address: [87107fdb-3f53-4eec-a91a-0d08b2658363 port:28940, addresses:[localhost/127.0.0.1]]
2026-03-29T16:25:20.614-0500 [DEBUG] [org.gradle.launcher.daemon.registry.PersistentDaemonRegistry] Marking busy by address: [87107fdb-3f53-4eec-a91a-0d08b2658363 port:28940, addresses:[localhost/127.0.0.1]]
2026-03-29T16:25:20.618-0500 [DEBUG] [org.gradle.cache.internal.DefaultFileLockManager] Waiting to acquire exclusive lock on daemon addresses registry.
2026-03-29T16:25:20.624-0500 [DEBUG] [org.gradle.cache.internal.DefaultFileLockManager] Lock acquired on daemon addresses registry.
2026-03-29T16:25:20.642-0500 [DEBUG] [org.gradle.cache.internal.DefaultFileLockManager] Releasing lock on daemon addresses registry.
2026-03-29T16:25:20.642-0500 [DEBUG] [org.gradle.launcher.daemon.server.DaemonStateCoordinator] resetting idle timer
2026-03-29T16:25:20.644-0500 [DEBUG] [org.gradle.launcher.daemon.server.DaemonStateCoordinator] daemon is running. Sleeping until state changes.
2026-03-29T16:25:20.645-0500 [INFO] [org.gradle.launcher.daemon.server.exec.StartBuildOrRespondWithBusy] Daemon is about to start building Build{id=25d7cd9e-34fd-4bf5-99bc-cc5f9a881745, currentDir=C:\Users\sebgo\AndroidStudioProjects\mytaxitravel}. Dispatching build started information...
2026-03-29T16:25:20.647-0500 [DEBUG] [org.gradle.launcher.daemon.server.SynchronizedDispatchConnection] thread 277: dispatching org.gradle.launcher.daemon.protocol.BuildStarted@eae61a6
2026-03-29T16:25:20.672-0500 [DEBUG] [org.gradle.launcher.daemon.server.exec.EstablishBuildEnvironment] Configuring env variables: [USERDOMAIN_ROAMINGPROFILE, Maven, PROCESSOR_LEVEL, SESSIONNAME, ALLUSERSPROFILE, PROCESSOR_ARCHITECTURE, PSModulePath, SystemDrive, USERNAME, ProgramFiles(x86), FPS_BROWSER_USER_PROFILE_STRING, PATHEXT, DriverData, OneDriveConsumer, IntelliJ IDEA Community Edition, PyCharm Community Edition, ProgramData, ProgramW6432, HOMEPATH, EFC_11740_3789132940, PROCESSOR_IDENTIFIER, ProgramFiles, PUBLIC, windir, =::, ZES_ENABLE_SYSMAN, LOCALAPPDATA, ChocolateyLastPathUpdate, USERDOMAIN, LOGONSERVER, FPS_BROWSER_APP_PROFILE_STRING, JAVA_HOME, OneDrive, APPDATA, ChocolateyInstall, CommonProgramFiles, Path, EFC_11740_2283032206, EFC_11740_2775293581, OS, COMPUTERNAME, PROCESSOR_REVISION, CommonProgramW6432, ComSpec, EFC_11740_1262719628, TEMP, SystemRoot, EFC_11740_1592913036, HOMEDRIVE, USERPROFILE, TMP, CommonProgramFiles(x86), NUMBER_OF_PROCESSORS]
2026-03-29T16:25:20.720-0500 [DEBUG] [org.gradle.launcher.daemon.server.exec.LogToClient] About to start relaying all logs to the client via the connection.
2026-03-29T16:25:20.725-0500 [INFO] [org.gradle.launcher.daemon.server.exec.LogToClient] The client will now receive all logging from the daemon (pid: 15796). The daemon log file: C:\Users\sebgo\AndroidStudioProjects\mytaxitravel\gradle\daemon\8.13\daemon-15796.out.log
2026-03-29T16:25:20.757-0500 [INFO] [org.gradle.launcher.daemon.server.exec.LogAndCheckHealth] Starting 3rd build in daemon [uptime: 9 mins 6.769 secs, performance: 100%, GC rate: 0.00/s, heap usage: 0% of 2 GiB]
2026-03-29T16:25:20.765-0500 [DEBUG] [org.gradle.launcher.daemon.server.exec.ExecuteBuild] The daemon has started executing the build.
2026-03-29T16:25:20.767-0500 [DEBUG] [org.gradle.launcher.daemon.server.exec.ExecuteBuild] Executing build with daemon context: DefaultDaemonContext[uid=cc4bbf85-bda1-438d-96c8-60995f17b2b8,javaHome=F:\Android Studio\jbr,javaVersion=21,javaVendor=JetBrains s.r.o.,daemonRegistryDir=C:\Users\sebgo\AndroidStudioProjects\mytaxitravel\gradle\daemon,pid=15796,idleTimeout=10800000,priority=NORMAL,applyInstrumentationAgent=true,nativeServicesMode=ENABLED,daemonOpts=-Xmx2048m,-Dfile.encoding=UTF-8,-Duser.country=CO,-Duser.language=es,-Duser.variant]

BUILD SUCCESSFUL in 20s
39 actionable tasks: 12 executed, 27 up-to-date
2026-03-29T16:25:41.074-0500 [DEBUG] [org.gradle.launcher.daemon.server.exec.ExecuteBuild] The daemon has finished executing the build.
2026-03-29T16:25:41.087-0500 [DEBUG] [org.gradle.launcher.daemon.server.DaemonStateCoordinator] daemon is running. Sleeping until state changes.
2026-03-29T16:25:41.088-0500 [DEBUG] [org.gradle.launcher.daemon.server.DaemonStateCoordinator] Command execution: finished waiting for DaemonCommandExecution[command = Build{id=25d7cd9e-34fd-4bf5-99bc-cc5f9a881745, currentDir=C:\Users\sebgo\AndroidStudioProjects\mytaxitravel}, connection = DefaultDaemonConnection: socket connection from /127.0.0.1:28940 to /127.0.0.1:13379]. Result org.gradle.launcher.daemon.server.DaemonStateCoordinator@3ec6a587 with state Busy
2026-03-29T16:25:41.089-0500 [DEBUG] [org.gradle.launcher.daemon.server.DaemonStateCoordinator] Command execution: completed DaemonCommandExecution[command = Build{id=25d7cd9e-34fd-4bf5-99bc-cc5f9a881745, currentDir=C:\Users\sebgo\AndroidStudioProjects\mytaxitravel}, connection = DefaultDaemonConnection: socket connection from /127.0.0.1:28940 to /127.0.0.1:13379]
2026-03-29T16:25:41.089-0500 [DEBUG] [org.gradle.launcher.daemon.server.DaemonStateCoordinator] resetting idle timer
2026-03-29T16:25:41.089-0500 [INFO] [org.gradle.launcher.daemon.server.DaemonRegistryUpdater] Marking the daemon as idle, address: [87107fdb-3f53-4eec-a91a-0d08b2658363 port:28940, addresses:[localhost/127.0.0.1]]
2026-03-29T16:25:41.090-0500 [DEBUG] [org.gradle.launcher.daemon.registry.PersistentDaemonRegistry] Marking busy by address: [87107fdb-3f53-4eec-a91a-0d08b2658363 port:28940, addresses:[localhost/127.0.0.1]]
2026-03-29T16:25:41.093-0500 [DEBUG] [org.gradle.cache.internal.DefaultFileLockManager] Waiting to acquire exclusive lock on daemon addresses registry.
2026-03-29T16:25:41.093-0500 [DEBUG] [org.gradle.cache.internal.DefaultFileLockManager] Lock acquired on daemon addresses registry.
2026-03-29T16:25:41.095-0500 [DEBUG] [org.gradle.cache.internal.DefaultFileLockManager] Releasing lock on daemon addresses registry.
2026-03-29T16:25:41.096-0500 [DEBUG] [org.gradle.launcher.daemon.server.exec.ReturnResult] Daemon is dispatching the build result: Success[value=org.gradle.launcher.exec.BuildActionResult@63a38547]
2026-03-29T16:25:41.096-0500 [DEBUG] [org.gradle.launcher.daemon.server.SynchronizedDispatchConnection] thread 274: dispatching Success[value=org.gradle.launcher.exec.BuildActionResult@63a38547]
2026-03-29T16:25:41.096-0500 [DEBUG] [org.gradle.launcher.daemon.server.DaemonStateCoordinator] daemon is running. Sleeping until state changes.
2026-03-29T16:25:41.098-0500 [DEBUG] [org.gradle.launcher.daemon.server.exec.CleanUpVirtualFileSystemAfterBuild] Cleaning virtual file system after build finished
2026-03-29T16:25:41.098-0500 [DEBUG] [org.gradle.launcher.daemon.server.DefaultIncomingConnectionHandler] Finishing executing command: Build{id=25d7cd9e-34fd-4bf5-99bc-cc5f9a881745, currentDir=C:\Users\sebgo\AndroidStudioProjects\mytaxitravel}
2026-03-29T16:25:41.100-0500 [DEBUG] [org.gradle.launcher.daemon.server.SynchronizedDispatchConnection] thread 275: received class org.gradle.launcher.daemon.protocol.CloseInput
2026-03-29T16:25:41.100-0500 [DEBUG] [org.gradle.launcher.daemon.server.DefaultDaemonConnection] thread 275: Received IO message from client: org.gradle.launcher.daemon.protocol.CloseInput@1d0b0940
2026-03-29T16:25:41.100-0500 [DEBUG] [org.gradle.launcher.daemon.server.SynchronizedDispatchConnection] thread 275: received class org.gradle.launcher.daemon.protocol.Finished
2026-03-29T16:25:41.101-0500 [DEBUG] [org.gradle.launcher.daemon.server.DefaultDaemonConnection] thread 275: Received non-IO message from client: org.gradle.launcher.daemon.protocol.Finished@13cce491
2026-03-29T16:25:41.101-0500 [DEBUG] [org.gradle.launcher.daemon.server.DefaultIncomingConnectionHandler] Received finished message: org.gradle.launcher.daemon.protocol.Finished@13cce491
2026-03-29T16:25:41.101-0500 [DEBUG] [org.gradle.launcher.daemon.server.SynchronizedDispatchConnection] thread 274: stopping connection
2026-03-29T16:25:41.103-0500 [DEBUG] [org.gradle.internal.remote.internal.inet.SocketConnection] Discarding EOFException: java.io.EOFException
2026-03-29T16:25:41.103-0500 [DEBUG] [org.gradle.launcher.daemon.server.SynchronizedDispatchConnection] thread 275: received null
2026-03-29T16:25:41.103-0500 [DEBUG] [org.gradle.launcher.daemon.server.DefaultDaemonConnection] thread 275: Received end-of-input from client.
2026-03-29T16:25:41.106-0500 [DEBUG] [org.gradle.launcher.daemon.server.SynchronizedDispatchConnection] thread 274: stopping connection
2026-03-29T16:25:43.881-0500 [DEBUG] [org.gradle.process.internal.health.memory.DefaultMemoryManager] 841566208 physical memory requested, 511524864 free
2026-03-29T16:25:43.882-0500 [DEBUG] [org.gradle.workers.internal.WorkerDaemonExpiration] Will attempt to release 802 of memory
2026-03-29T16:25:43.882-0500 [DEBUG] [org.gradle.process.internal.health.memory.DefaultMemoryManager] 841566208 physical memory requested, 0 released, 511524864 free
2026-03-29T16:25:44.783-0500 [DEBUG] [org.gradle.cache.internal.DefaultFileLockManager] Waiting to acquire shared lock on daemon addresses registry.
2026-03-29T16:25:44.784-0500 [DEBUG] [org.gradle.cache.internal.DefaultFileLockManager] Lock acquired on daemon addresses registry.
2026-03-29T16:25:44.803-0500 [DEBUG] [org.gradle.cache.internal.DefaultFileLockManager] Releasing lock on daemon addresses registry.
2026-03-29T16:25:44.806-0500 [DEBUG] [org.gradle.cache.internal.DefaultFileLockManager] Waiting to acquire shared lock on daemon addresses registry.
2026-03-29T16:25:44.807-0500 [DEBUG] [org.gradle.cache.internal.DefaultFileLockManager] Lock acquired on daemon addresses registry.
2026-03-29T16:25:44.807-0500 [DEBUG] [org.gradle.cache.internal.DefaultFileLockManager] Releasing lock on daemon addresses registry.
2026-03-29T16:25:49.958-0500 [DEBUG] [sun.rmi.transport.tcp] RMI TCP Connection(5)-127.0.0.1: (port 2680) connection closed
2026-03-29T16:25:49.959-0500 [DEBUG] [sun.rmi.transport.tcp] RMI TCP Connection(5)-127.0.0.1: close connection, socket: Socket[addr=/127.0.0.1,port=13402,localport=2680]
2026-03-29T16:25:49.959-0500 [DEBUG] [sun.rmi.transport.tcp] RMI TCP Connection(5)-127.0.0.1: socket close: Socket[addr=/127.0.0.1,port=13402,localport=2680]
2026-03-29T16:25:54.609-0500 [DEBUG] [org.gradle.cache.internal.DefaultFileLockManager] Waiting to acquire shared lock on daemon addresses registry.
2026-03-29T16:25:54.609-0500 [DEBUG] [org.gradle.cache.internal.DefaultFileLockManager] Lock acquired on daemon addresses registry.
2026-03-29T16:25:54.610-0500 [DEBUG] [org.gradle.cache.internal.DefaultFileLockManager] Releasing lock on daemon addresses registry.
2026-03-29T16:25:54.612-0500 [DEBUG] [org.gradle.cache.internal.DefaultFileLockManager] Waiting to acquire shared lock on daemon addresses registry.
2026-03-29T16:25:54.612-0500 [DEBUG] [org.gradle.cache.internal.DefaultFileLockManager] Lock acquired on daemon addresses registry.
2026-03-29T16:25:54.613-0500 [DEBUG] [org.gradle.cache.internal.DefaultFileLockManager] Releasing lock on daemon addresses registry.
2026-03-29T16:25:54.615-0500 [DEBUG] [org.gradle.cache.internal.DefaultFileLockManager] Waiting to acquire shared lock on daemon addresses registry.
2026-03-29T16:25:54.615-0500 [DEBUG] [org.gradle.cache.internal.DefaultFileLockManager] Lock acquired on daemon addresses registry.
2026-03-29T16:25:54.615-0500 [DEBUG] [org.gradle.cache.internal.DefaultFileLockManager] Releasing lock on daemon addresses registry.
2026-03-29T16:25:56.139-0500 [DEBUG] [org.gradle.internal.remote.internal.inet.TcpIncomingConnector] Accepted connection from /127.0.0.1:13437 to /127.0.0.1:28940.
2026-03-29T16:25:56.146-0500 [DEBUG] [org.gradle.launcher.daemon.server.SynchronizedDispatchConnection] thread 379: received class org.gradle.launcher.daemon.protocol.Build
2026-03-29T16:25:56.146-0500 [DEBUG] [org.gradle.launcher.daemon.server.DefaultDaemonConnection] thread 379: Received non-IO message from client: Build{id=be4b5ade-5917-482e-a510-6aa180292833, currentDir=C:\Users\sebgo\AndroidStudioProjects\mytaxitravel}
2026-03-29T16:25:56.146-0500 [INFO] [org.gradle.launcher.daemon.server.DefaultIncomingConnectionHandler] Received command: Build{id=be4b5ade-5917-482e-a510-6aa180292833, currentDir=C:\Users\sebgo\AndroidStudioProjects\mytaxitravel}.
2026-03-29T16:25:56.146-0500 [DEBUG] [org.gradle.launcher.daemon.server.DefaultIncomingConnectionHandler] Starting executing command: Build{id=be4b5ade-5917-482e-a510-6aa180292833, currentDir=C:\Users\sebgo\AndroidStudioProjects\mytaxitravel} with connection: socket connection from /127.0.0.1:28940 to /127.0.0.1:13437.
2026-03-29T16:25:56.146-0500 [DEBUG] [org.gradle.launcher.daemon.server.DaemonStateCoordinator] Command execution: started DaemonCommandExecution[command = Build{id=be4b5ade-5917-482e-a510-6aa180292833, currentDir=C:\Users\sebgo\AndroidStudioProjects\mytaxitravel}, connection = DefaultDaemonConnection: socket connection from /127.0.0.1:28940 to /127.0.0.1:13437] after 0.25095 minutes of idle
2026-03-29T16:25:56.147-0500 [INFO] [org.gradle.launcher.daemon.server.DaemonRegistryUpdater] Marking the daemon as busy, address: [87107fdb-3f53-4eec-a91a-0d08b2658363 port:28940, addresses:[localhost/127.0.0.1]]
2026-03-29T16:25:56.147-0500 [DEBUG] [org.gradle.launcher.daemon.registry.PersistentDaemonRegistry] Marking busy by address: [87107fdb-3f53-4eec-a91a-0d08b2658363 port:28940, addresses:[localhost/127.0.0.1]]
2026-03-29T16:25:56.148-0500 [DEBUG] [org.gradle.cache.internal.DefaultFileLockManager] Waiting to acquire exclusive lock on daemon addresses registry.
2026-03-29T16:25:56.148-0500 [DEBUG] [org.gradle.cache.internal.DefaultFileLockManager] Lock acquired on daemon addresses registry.
2026-03-29T16:25:56.149-0500 [DEBUG] [org.gradle.cache.internal.DefaultFileLockManager] Releasing lock on daemon addresses registry.
2026-03-29T16:25:56.150-0500 [DEBUG] [org.gradle.launcher.daemon.server.DaemonStateCoordinator] resetting idle timer
2026-03-29T16:25:56.150-0500 [DEBUG] [org.gradle.launcher.daemon.server.DaemonStateCoordinator] daemon is running. Sleeping until state changes.
2026-03-29T16:25:56.150-0500 [INFO] [org.gradle.launcher.daemon.server.exec.StartBuildOrRespondWithBusy] Daemon is about to start building Build{id=be4b5ade-5917-482e-a510-6aa180292833, currentDir=C:\Users\sebgo\AndroidStudioProjects\mytaxitravel}. Dispatching build started information...
2026-03-29T16:25:56.150-0500 [DEBUG] [org.gradle.launcher.daemon.server.SynchronizedDispatchConnection] thread 277: dispatching org.gradle.launcher.daemon.protocol.BuildStarted@4ea05cc8
2026-03-29T16:25:56.151-0500 [DEBUG] [org.gradle.launcher.daemon.server.exec.EstablishBuildEnvironment] Configuring env variables: [USERDOMAIN_ROAMINGPROFILE, Maven, PROCESSOR_LEVEL, SESSIONNAME, ALLUSERSPROFILE, PROCESSOR_ARCHITECTURE, PSModulePath, SystemDrive, USERNAME, ProgramFiles(x86), FPS_BROWSER_USER_PROFILE_STRING, PATHEXT, DriverData, OneDriveConsumer, IntelliJ IDEA Community Edition, PyCharm Community Edition, ProgramData, ProgramW6432, HOMEPATH, EFC_11740_3789132940, PROCESSOR_IDENTIFIER, ProgramFiles, PUBLIC, windir, =::, ZES_ENABLE_SYSMAN, LOCALAPPDATA, ChocolateyLastPathUpdate, USERDOMAIN, LOGONSERVER, FPS_BROWSER_APP_PROFILE_STRING, JAVA_HOME, OneDrive, APPDATA, ChocolateyInstall, CommonProgramFiles, Path, EFC_11740_2283032206, EFC_11740_2775293581, OS, COMPUTERNAME, PROCESSOR_REVISION, CommonProgramW6432, ComSpec, EFC_11740_1262719628, TEMP, SystemRoot, EFC_11740_1592913036, HOMEDRIVE, USERPROFILE, TMP, CommonProgramFiles(x86), NUMBER_OF_PROCESSORS]
2026-03-29T16:25:56.152-0500 [DEBUG] [org.gradle.launcher.daemon.server.exec.LogToClient] About to start relaying all logs to the client via the connection.
2026-03-29T16:25:56.152-0500 [INFO] [org.gradle.launcher.daemon.server.exec.LogToClient] The client will now receive all logging from the daemon (pid: 15796). The daemon log file: C:\Users\sebgo\AndroidStudioProjects\mytaxitravel\gradle\daemon\8.13\daemon-15796.out.log
2026-03-29T16:25:56.153-0500 [INFO] [org.gradle.launcher.daemon.server.exec.LogAndCheckHealth] Starting 4th build in daemon [uptime: 9 mins 42.192 secs, performance: 99%, GC rate: 0.00/s, heap usage: 0% of 2 GiB]
2026-03-29T16:25:56.154-0500 [DEBUG] [org.gradle.launcher.daemon.server.exec.ExecuteBuild] The daemon has started executing the build.
2026-03-29T16:25:56.154-0500 [DEBUG] [org.gradle.launcher.daemon.server.exec.ExecuteBuild] Executing build with daemon context: DefaultDaemonContext[uid=cc4bbf85-bda1-438d-96c8-60995f17b2b8,javaHome=F:\Android Studio\jbr,javaVersion=21,javaVendor=JetBrains s.r.o.,daemonRegistryDir=C:\Users\sebgo\AndroidStudioProjects\mytaxitravel\gradle\daemon,pid=15796,idleTimeout=10800000,priority=NORMAL,applyInstrumentationAgent=true,nativeServicesMode=ENABLED,daemonOpts=-Xmx2048m,-Dfile.encoding=UTF-8,-Duser.country=CO,-Duser.language=es,-Duser.variant]

BUILD SUCCESSFUL in 1s
39 actionable tasks: 39 up-to-date
2026-03-29T16:25:58.131-0500 [DEBUG] [org.gradle.launcher.daemon.server.exec.ExecuteBuild] The daemon has finished executing the build.
2026-03-29T16:25:58.141-0500 [DEBUG] [org.gradle.launcher.daemon.server.DaemonStateCoordinator] Command execution: finished waiting for DaemonCommandExecution[command = Build{id=be4b5ade-5917-482e-a510-6aa180292833, currentDir=C:\Users\sebgo\AndroidStudioProjects\mytaxitravel}, connection = DefaultDaemonConnection: socket connection from /127.0.0.1:28940 to /127.0.0.1:13437]. Result org.gradle.launcher.daemon.server.DaemonStateCoordinator@3ec6a587 with state Busy
2026-03-29T16:25:58.142-0500 [DEBUG] [org.gradle.launcher.daemon.server.DaemonStateCoordinator] Command execution: completed DaemonCommandExecution[command = Build{id=be4b5ade-5917-482e-a510-6aa180292833, currentDir=C:\Users\sebgo\AndroidStudioProjects\mytaxitravel}, connection = DefaultDaemonConnection: socket connection from /127.0.0.1:28940 to /127.0.0.1:13437]
2026-03-29T16:25:58.142-0500 [DEBUG] [org.gradle.launcher.daemon.server.DaemonStateCoordinator] resetting idle timer
2026-03-29T16:25:58.142-0500 [INFO] [org.gradle.launcher.daemon.server.DaemonRegistryUpdater] Marking the daemon as idle, address: [87107fdb-3f53-4eec-a91a-0d08b2658363 port:28940, addresses:[localhost/127.0.0.1]]
2026-03-29T16:25:58.142-0500 [DEBUG] [org.gradle.launcher.daemon.registry.PersistentDaemonRegistry] Marking busy by address: [87107fdb-3f53-4eec-a91a-0d08b2658363 port:28940, addresses:[localhost/127.0.0.1]]
2026-03-29T16:25:58.153-0500 [DEBUG] [org.gradle.cache.internal.DefaultFileLockManager] Waiting to acquire exclusive lock on daemon addresses registry.
2026-03-29T16:25:58.153-0500 [DEBUG] [org.gradle.cache.internal.DefaultFileLockManager] Lock acquired on daemon addresses registry.
2026-03-29T16:25:58.166-0500 [DEBUG] [org.gradle.cache.internal.DefaultFileLockManager] Releasing lock on daemon addresses registry.
2026-03-29T16:25:58.167-0500 [DEBUG] [org.gradle.launcher.daemon.server.DaemonStateCoordinator] daemon is running. Sleeping until state changes.
2026-03-29T16:25:58.167-0500 [DEBUG] [org.gradle.launcher.daemon.server.exec.ReturnResult] Daemon is dispatching the build result: Success[value=org.gradle.launcher.exec.BuildActionResult@2182d4e3]
2026-03-29T16:25:58.167-0500 [DEBUG] [org.gradle.launcher.daemon.server.SynchronizedDispatchConnection] thread 274: dispatching Success[value=org.gradle.launcher.exec.BuildActionResult@2182d4e3]
2026-03-29T16:25:58.167-0500 [DEBUG] [org.gradle.launcher.daemon.server.exec.CleanUpVirtualFileSystemAfterBuild] Cleaning virtual file system after build finished
2026-03-29T16:25:58.168-0500 [DEBUG] [org.gradle.launcher.daemon.server.SynchronizedDispatchConnection] thread 379: received class org.gradle.launcher.daemon.protocol.CloseInput
2026-03-29T16:25:58.168-0500 [DEBUG] [org.gradle.launcher.daemon.server.DefaultIncomingConnectionHandler] Finishing executing command: Build{id=be4b5ade-5917-482e-a510-6aa180292833, currentDir=C:\Users\sebgo\AndroidStudioProjects\mytaxitravel}
2026-03-29T16:25:58.168-0500 [DEBUG] [org.gradle.launcher.daemon.server.DefaultDaemonConnection] thread 379: Received IO message from client: org.gradle.launcher.daemon.protocol.CloseInput@6bee3a13
2026-03-29T16:25:58.168-0500 [DEBUG] [org.gradle.launcher.daemon.server.SynchronizedDispatchConnection] thread 379: received class org.gradle.launcher.daemon.protocol.Finished
2026-03-29T16:25:58.168-0500 [DEBUG] [org.gradle.launcher.daemon.server.DefaultDaemonConnection] thread 379: Received non-IO message from client: org.gradle.launcher.daemon.protocol.Finished@6529c91e
2026-03-29T16:25:58.168-0500 [DEBUG] [org.gradle.launcher.daemon.server.DefaultIncomingConnectionHandler] Received finished message: org.gradle.launcher.daemon.protocol.Finished@6529c91e
2026-03-29T16:25:58.168-0500 [DEBUG] [org.gradle.internal.remote.internal.inet.SocketConnection] Discarding EOFException: java.io.EOFException
2026-03-29T16:25:58.168-0500 [DEBUG] [org.gradle.launcher.daemon.server.SynchronizedDispatchConnection] thread 274: stopping connection
2026-03-29T16:25:58.169-0500 [DEBUG] [org.gradle.launcher.daemon.server.SynchronizedDispatchConnection] thread 379: received null
2026-03-29T16:25:58.169-0500 [DEBUG] [org.gradle.launcher.daemon.server.DefaultDaemonConnection] thread 379: Received end-of-input from client.
2026-03-29T16:25:58.169-0500 [DEBUG] [org.gradle.launcher.daemon.server.SynchronizedDispatchConnection] thread 274: stopping connection
2026-03-29T16:26:03.666-0500 [DEBUG] [sun.rmi.transport.tcp] RMI Scheduler(0): close connection, socket: Socket[addr=localhost/127.0.0.1,port=17680,localport=13399]
2026-03-29T16:26:03.778-0500 [DEBUG] [sun.rmi.transport.tcp] RMI TCP Connection(4)-127.0.0.1: (port 2680) connection closed
2026-03-29T16:26:03.778-0500 [DEBUG] [sun.rmi.transport.tcp] RMI TCP Connection(4)-127.0.0.1: close connection, socket: Socket[addr=/127.0.0.1,port=13401,localport=2680]
2026-03-29T16:26:03.778-0500 [DEBUG] [sun.rmi.transport.tcp] RMI TCP Connection(4)-127.0.0.1: socket close: Socket[addr=/127.0.0.1,port=13401,localport=2680]
2026-03-29T16:26:04.618-0500 [DEBUG] [org.gradle.cache.internal.DefaultFileLockManager] Waiting to acquire shared lock on daemon addresses registry.
2026-03-29T16:26:04.618-0500 [DEBUG] [org.gradle.cache.internal.DefaultFileLockManager] Lock acquired on daemon addresses registry.
2026-03-29T16:26:04.626-0500 [DEBUG] [org.gradle.cache.internal.DefaultFileLockManager] Releasing lock on daemon addresses registry.
2026-03-29T16:26:04.627-0500 [DEBUG] [org.gradle.cache.internal.DefaultFileLockManager] Waiting to acquire shared lock on daemon addresses registry.
2026-03-29T16:26:04.627-0500 [DEBUG] [org.gradle.cache.internal.DefaultFileLockManager] Lock acquired on daemon addresses registry.
2026-03-29T16:26:04.628-0500 [DEBUG] [org.gradle.cache.internal.DefaultFileLockManager] Releasing lock on daemon addresses registry.
2026-03-29T16:26:14.608-0500 [DEBUG] [org.gradle.cache.internal.DefaultFileLockManager] Waiting to acquire shared lock on daemon addresses registry.
2026-03-29T16:26:14.608-0500 [DEBUG] [org.gradle.cache.internal.DefaultFileLockManager] Lock acquired on daemon addresses registry.
2026-03-29T16:26:14.609-0500 [DEBUG] [org.gradle.cache.internal.DefaultFileLockManager] Releasing lock on daemon addresses registry.
2026-03-29T16:26:14.610-0500 [DEBUG] [org.gradle.cache.internal.DefaultFileLockManager] Waiting to acquire shared lock on daemon addresses registry.
2026-03-29T16:26:14.611-0500 [DEBUG] [org.gradle.cache.internal.DefaultFileLockManager] Lock acquired on daemon addresses registry.
2026-03-29T16:26:14.611-0500 [DEBUG] [org.gradle.cache.internal.DefaultFileLockManager] Releasing lock on daemon addresses registry.
2026-03-29T16:26:14.612-0500 [DEBUG] [org.gradle.cache.internal.DefaultFileLockManager] Waiting to acquire shared lock on daemon addresses registry.
2026-03-29T16:26:14.612-0500 [DEBUG] [org.gradle.cache.internal.DefaultFileLockManager] Lock acquired on daemon addresses registry.
2026-03-29T16:26:14.613-0500 [DEBUG] [org.gradle.cache.internal.DefaultFileLockManager] Releasing lock on daemon addresses registry.
2026-03-29T16:26:18.678-0500 [DEBUG] [sun.rmi.transport.tcp] RMI Scheduler(0): close connection, socket: Socket[addr=localhost/127.0.0.1,port=17680,localport=13440]
2026-03-29T16:26:19.390-0500 [DEBUG] [org.gradle.internal.remote.internal.inet.TcpIncomingConnector] Accepted connection from /127.0.0.1:13464 to /127.0.0.1:28940.
2026-03-29T16:26:19.398-0500 [DEBUG] [org.gradle.launcher.daemon.server.SynchronizedDispatchConnection] thread 456: received class org.gradle.launcher.daemon.protocol.Build
2026-03-29T16:26:19.398-0500 [DEBUG] [org.gradle.launcher.daemon.server.DefaultDaemonConnection] thread 456: Received non-IO message from client: Build{id=71fa02ca-d432-4dff-ae73-c77860f8b99d, currentDir=C:\Users\sebgo\AndroidStudioProjects\mytaxitravel}
2026-03-29T16:26:19.398-0500 [INFO] [org.gradle.launcher.daemon.server.DefaultIncomingConnectionHandler] Received command: Build{id=71fa02ca-d432-4dff-ae73-c77860f8b99d, currentDir=C:\Users\sebgo\AndroidStudioProjects\mytaxitravel}.
2026-03-29T16:26:19.398-0500 [DEBUG] [org.gradle.launcher.daemon.server.DefaultIncomingConnectionHandler] Starting executing command: Build{id=71fa02ca-d432-4dff-ae73-c77860f8b99d, currentDir=C:\Users\sebgo\AndroidStudioProjects\mytaxitravel} with connection: socket connection from /127.0.0.1:28940 to /127.0.0.1:13464.
2026-03-29T16:26:19.399-0500 [DEBUG] [org.gradle.launcher.daemon.server.DaemonStateCoordinator] Command execution: started DaemonCommandExecution[command = Build{id=71fa02ca-d432-4dff-ae73-c77860f8b99d, currentDir=C:\Users\sebgo\AndroidStudioProjects\mytaxitravel}, connection = DefaultDaemonConnection: socket connection from /127.0.0.1:28940 to /127.0.0.1:13464] after 0.35428333333333334 minutes of idle
2026-03-29T16:26:19.399-0500 [INFO] [org.gradle.launcher.daemon.server.DaemonRegistryUpdater] Marking the daemon as busy, address: [87107fdb-3f53-4eec-a91a-0d08b2658363 port:28940, addresses:[localhost/127.0.0.1]]
2026-03-29T16:26:19.399-0500 [DEBUG] [org.gradle.launcher.daemon.registry.PersistentDaemonRegistry] Marking busy by address: [87107fdb-3f53-4eec-a91a-0d08b2658363 port:28940, addresses:[localhost/127.0.0.1]]
2026-03-29T16:26:19.401-0500 [DEBUG] [org.gradle.cache.internal.DefaultFileLockManager] Waiting to acquire exclusive lock on daemon addresses registry.
2026-03-29T16:26:19.401-0500 [DEBUG] [org.gradle.cache.internal.DefaultFileLockManager] Lock acquired on daemon addresses registry.
2026-03-29T16:26:19.403-0500 [DEBUG] [org.gradle.cache.internal.DefaultFileLockManager] Releasing lock on daemon addresses registry.
2026-03-29T16:26:19.403-0500 [DEBUG] [org.gradle.launcher.daemon.server.DaemonStateCoordinator] resetting idle timer
2026-03-29T16:26:19.403-0500 [DEBUG] [org.gradle.launcher.daemon.server.DaemonStateCoordinator] daemon is running. Sleeping until state changes.
2026-03-29T16:26:19.403-0500 [INFO] [org.gradle.launcher.daemon.server.exec.StartBuildOrRespondWithBusy] Daemon is about to start building Build{id=71fa02ca-d432-4dff-ae73-c77860f8b99d, currentDir=C:\Users\sebgo\AndroidStudioProjects\mytaxitravel}. Dispatching build started information...
2026-03-29T16:26:19.403-0500 [DEBUG] [org.gradle.launcher.daemon.server.SynchronizedDispatchConnection] thread 277: dispatching org.gradle.launcher.daemon.protocol.BuildStarted@5bce3766
2026-03-29T16:26:19.404-0500 [DEBUG] [org.gradle.launcher.daemon.server.exec.EstablishBuildEnvironment] Configuring env variables: [USERDOMAIN_ROAMINGPROFILE, Maven, PROCESSOR_LEVEL, SESSIONNAME, ALLUSERSPROFILE, PROCESSOR_ARCHITECTURE, PSModulePath, SystemDrive, USERNAME, ProgramFiles(x86), FPS_BROWSER_USER_PROFILE_STRING, PATHEXT, DriverData, OneDriveConsumer, IntelliJ IDEA Community Edition, PyCharm Community Edition, ProgramData, ProgramW6432, HOMEPATH, EFC_11740_3789132940, PROCESSOR_IDENTIFIER, ProgramFiles, PUBLIC, windir, =::, ZES_ENABLE_SYSMAN, LOCALAPPDATA, ChocolateyLastPathUpdate, USERDOMAIN, LOGONSERVER, FPS_BROWSER_APP_PROFILE_STRING, JAVA_HOME, OneDrive, APPDATA, ChocolateyInstall, CommonProgramFiles, Path, EFC_11740_2283032206, EFC_11740_2775293581, OS, COMPUTERNAME, PROCESSOR_REVISION, CommonProgramW6432, ComSpec, EFC_11740_1262719628, TEMP, SystemRoot, EFC_11740_1592913036, HOMEDRIVE, USERPROFILE, TMP, CommonProgramFiles(x86), NUMBER_OF_PROCESSORS]
2026-03-29T16:26:19.405-0500 [DEBUG] [org.gradle.launcher.daemon.server.exec.LogToClient] About to start relaying all logs to the client via the connection.
2026-03-29T16:26:19.406-0500 [INFO] [org.gradle.launcher.daemon.server.exec.LogToClient] The client will now receive all logging from the daemon (pid: 15796). The daemon log file: C:\Users\sebgo\AndroidStudioProjects\mytaxitravel\gradle\daemon\8.13\daemon-15796.out.log
2026-03-29T16:26:19.406-0500 [INFO] [org.gradle.launcher.daemon.server.exec.LogAndCheckHealth] Starting 5th build in daemon [uptime: 10 mins 5.445 secs, performance: 99%, GC rate: 0.00/s, heap usage: 0% of 2 GiB]
2026-03-29T16:26:19.406-0500 [DEBUG] [org.gradle.launcher.daemon.server.exec.ExecuteBuild] The daemon has started executing the build.
2026-03-29T16:26:19.407-0500 [DEBUG] [org.gradle.launcher.daemon.server.exec.ExecuteBuild] Executing build with daemon context: DefaultDaemonContext[uid=cc4bbf85-bda1-438d-96c8-60995f17b2b8,javaHome=F:\Android Studio\jbr,javaVersion=21,javaVendor=JetBrains s.r.o.,daemonRegistryDir=C:\Users\sebgo\AndroidStudioProjects\mytaxitravel\gradle\daemon,pid=15796,idleTimeout=10800000,priority=NORMAL,applyInstrumentationAgent=true,nativeServicesMode=ENABLED,daemonOpts=-Xmx2048m,-Dfile.encoding=UTF-8,-Duser.country=CO,-Duser.language=es,-Duser.variant]

BUILD SUCCESSFUL in 1s
39 actionable tasks: 39 up-to-date
2026-03-29T16:26:21.159-0500 [DEBUG] [org.gradle.launcher.daemon.server.exec.ExecuteBuild] The daemon has finished executing the build.
2026-03-29T16:26:21.171-0500 [DEBUG] [org.gradle.launcher.daemon.server.DaemonStateCoordinator] Command execution: finished waiting for DaemonCommandExecution[command = Build{id=71fa02ca-d432-4dff-ae73-c77860f8b99d, currentDir=C:\Users\sebgo\AndroidStudioProjects\mytaxitravel}, connection = DefaultDaemonConnection: socket connection from /127.0.0.1:28940 to /127.0.0.1:13464]. Result org.gradle.launcher.daemon.server.DaemonStateCoordinator@3ec6a587 with state Busy
2026-03-29T16:26:21.171-0500 [DEBUG] [org.gradle.launcher.daemon.server.DaemonStateCoordinator] Command execution: completed DaemonCommandExecution[command = Build{id=71fa02ca-d432-4dff-ae73-c77860f8b99d, currentDir=C:\Users\sebgo\AndroidStudioProjects\mytaxitravel}, connection = DefaultDaemonConnection: socket connection from /127.0.0.1:28940 to /127.0.0.1:13464]
2026-03-29T16:26:21.171-0500 [DEBUG] [org.gradle.launcher.daemon.server.DaemonStateCoordinator] resetting idle timer
2026-03-29T16:26:21.171-0500 [INFO] [org.gradle.launcher.daemon.server.DaemonRegistryUpdater] Marking the daemon as idle, address: [87107fdb-3f53-4eec-a91a-0d08b2658363 port:28940, addresses:[localhost/127.0.0.1]]
2026-03-29T16:26:21.171-0500 [DEBUG] [org.gradle.launcher.daemon.registry.PersistentDaemonRegistry] Marking busy by address: [87107fdb-3f53-4eec-a91a-0d08b2658363 port:28940, addresses:[localhost/127.0.0.1]]
2026-03-29T16:26:21.183-0500 [DEBUG] [org.gradle.cache.internal.DefaultFileLockManager] Waiting to acquire exclusive lock on daemon addresses registry.
2026-03-29T16:26:21.184-0500 [DEBUG] [org.gradle.cache.internal.DefaultFileLockManager] Lock acquired on daemon addresses registry.
2026-03-29T16:26:21.196-0500 [DEBUG] [org.gradle.cache.internal.DefaultFileLockManager] Releasing lock on daemon addresses registry.
2026-03-29T16:26:21.197-0500 [DEBUG] [org.gradle.launcher.daemon.server.DaemonStateCoordinator] daemon is running. Sleeping until state changes.
2026-03-29T16:26:21.197-0500 [DEBUG] [org.gradle.launcher.daemon.server.exec.ReturnResult] Daemon is dispatching the build result: Success[value=org.gradle.launcher.exec.BuildActionResult@1c1d1420]
2026-03-29T16:26:21.197-0500 [DEBUG] [org.gradle.launcher.daemon.server.SynchronizedDispatchConnection] thread 274: dispatching Success[value=org.gradle.launcher.exec.BuildActionResult@1c1d1420]
2026-03-29T16:26:21.197-0500 [DEBUG] [org.gradle.launcher.daemon.server.exec.CleanUpVirtualFileSystemAfterBuild] Cleaning virtual file system after build finished
2026-03-29T16:26:21.198-0500 [DEBUG] [org.gradle.launcher.daemon.server.DefaultIncomingConnectionHandler] Finishing executing command: Build{id=71fa02ca-d432-4dff-ae73-c77860f8b99d, currentDir=C:\Users\sebgo\AndroidStudioProjects\mytaxitravel}
2026-03-29T16:26:21.198-0500 [DEBUG] [org.gradle.launcher.daemon.server.SynchronizedDispatchConnection] thread 456: received class org.gradle.launcher.daemon.protocol.CloseInput
2026-03-29T16:26:21.198-0500 [DEBUG] [org.gradle.launcher.daemon.server.DefaultDaemonConnection] thread 456: Received IO message from client: org.gradle.launcher.daemon.protocol.CloseInput@470b2c6d
2026-03-29T16:26:21.198-0500 [DEBUG] [org.gradle.launcher.daemon.server.SynchronizedDispatchConnection] thread 456: received class org.gradle.launcher.daemon.protocol.Finished
2026-03-29T16:26:21.198-0500 [DEBUG] [org.gradle.launcher.daemon.server.DefaultDaemonConnection] thread 456: Received non-IO message from client: org.gradle.launcher.daemon.protocol.Finished@49cccafc
2026-03-29T16:26:21.198-0500 [DEBUG] [org.gradle.launcher.daemon.server.DefaultIncomingConnectionHandler] Received finished message: org.gradle.launcher.daemon.protocol.Finished@49cccafc
2026-03-29T16:26:21.198-0500 [DEBUG] [org.gradle.internal.remote.internal.inet.SocketConnection] Discarding EOFException: java.io.EOFException
2026-03-29T16:26:21.198-0500 [DEBUG] [org.gradle.launcher.daemon.server.SynchronizedDispatchConnection] thread 456: received null
2026-03-29T16:26:21.198-0500 [DEBUG] [org.gradle.launcher.daemon.server.DefaultDaemonConnection] thread 456: Received end-of-input from client.
2026-03-29T16:26:21.198-0500 [DEBUG] [org.gradle.launcher.daemon.server.SynchronizedDispatchConnection] thread 274: stopping connection
2026-03-29T16:26:21.199-0500 [DEBUG] [org.gradle.launcher.daemon.server.SynchronizedDispatchConnection] thread 274: stopping connection
2026-03-29T16:26:23.881-0500 [DEBUG] [org.gradle.process.internal.health.memory.DefaultMemoryManager] 841566208 physical memory requested, 690331648 free
2026-03-29T16:26:23.881-0500 [DEBUG] [org.gradle.workers.internal.WorkerDaemonExpiration] Will attempt to release 802 of memory
2026-03-29T16:26:23.881-0500 [DEBUG] [org.gradle.process.internal.health.memory.DefaultMemoryManager] 841566208 physical memory requested, 0 released, 690331648 free
2026-03-29T16:26:24.629-0500 [DEBUG] [org.gradle.cache.internal.DefaultFileLockManager] Waiting to acquire shared lock on daemon addresses registry.
2026-03-29T16:26:24.629-0500 [DEBUG] [org.gradle.cache.internal.DefaultFileLockManager] Lock acquired on daemon addresses registry.
2026-03-29T16:26:24.643-0500 [DEBUG] [org.gradle.cache.internal.DefaultFileLockManager] Releasing lock on daemon addresses registry.
2026-03-29T16:26:24.647-0500 [DEBUG] [org.gradle.cache.internal.DefaultFileLockManager] Waiting to acquire shared lock on daemon addresses registry.
2026-03-29T16:26:24.648-0500 [DEBUG] [org.gradle.cache.internal.DefaultFileLockManager] Lock acquired on daemon addresses registry.
2026-03-29T16:26:24.648-0500 [DEBUG] [org.gradle.cache.internal.DefaultFileLockManager] Releasing lock on daemon addresses registry.
2026-03-29T16:26:34.609-0500 [DEBUG] [org.gradle.cache.internal.DefaultFileLockManager] Waiting to acquire shared lock on daemon addresses registry.
2026-03-29T16:26:34.609-0500 [DEBUG] [org.gradle.cache.internal.DefaultFileLockManager] Lock acquired on daemon addresses registry.
2026-03-29T16:26:34.609-0500 [DEBUG] [org.gradle.cache.internal.DefaultFileLockManager] Releasing lock on daemon addresses registry.
2026-03-29T16:26:34.611-0500 [DEBUG] [org.gradle.cache.internal.DefaultFileLockManager] Waiting to acquire shared lock on daemon addresses registry.
2026-03-29T16:26:34.611-0500 [DEBUG] [org.gradle.cache.internal.DefaultFileLockManager] Lock acquired on daemon addresses registry.
2026-03-29T16:26:34.612-0500 [DEBUG] [org.gradle.cache.internal.DefaultFileLockManager] Releasing lock on daemon addresses registry.
2026-03-29T16:26:34.613-0500 [DEBUG] [org.gradle.cache.internal.DefaultFileLockManager] Waiting to acquire shared lock on daemon addresses registry.
2026-03-29T16:26:34.613-0500 [DEBUG] [org.gradle.cache.internal.DefaultFileLockManager] Lock acquired on daemon addresses registry.
2026-03-29T16:26:34.614-0500 [DEBUG] [org.gradle.cache.internal.DefaultFileLockManager] Releasing lock on daemon addresses registry.
2026-03-29T16:26:43.880-0500 [DEBUG] [org.gradle.process.internal.health.memory.DefaultMemoryManager] 841566208 physical memory requested, 535957504 free
2026-03-29T16:26:43.881-0500 [DEBUG] [org.gradle.workers.internal.WorkerDaemonExpiration] Will attempt to release 802 of memory
2026-03-29T16:26:43.881-0500 [DEBUG] [org.gradle.process.internal.health.memory.DefaultMemoryManager] 841566208 physical memory requested, 0 released, 535957504 free
2026-03-29T16:26:44.609-0500 [DEBUG] [org.gradle.cache.internal.DefaultFileLockManager] Waiting to acquire shared lock on daemon addresses registry.
2026-03-29T16:26:44.609-0500 [DEBUG] [org.gradle.cache.internal.DefaultFileLockManager] Lock acquired on daemon addresses registry.
2026-03-29T16:26:44.609-0500 [DEBUG] [org.gradle.cache.internal.DefaultFileLockManager] Releasing lock on daemon addresses registry.
2026-03-29T16:26:44.611-0500 [DEBUG] [org.gradle.cache.internal.DefaultFileLockManager] Waiting to acquire shared lock on daemon addresses registry.
2026-03-29T16:26:44.611-0500 [DEBUG] [org.gradle.cache.internal.DefaultFileLockManager] Lock acquired on daemon addresses registry.
2026-03-29T16:26:44.612-0500 [DEBUG] [org.gradle.cache.internal.DefaultFileLockManager] Releasing lock on daemon addresses registry.
2026-03-29T16:26:44.613-0500 [DEBUG] [org.gradle.cache.internal.DefaultFileLockManager] Waiting to acquire shared lock on daemon addresses registry.
2026-03-29T16:26:44.613-0500 [DEBUG] [org.gradle.cache.internal.DefaultFileLockManager] Lock acquired on daemon addresses registry.
2026-03-29T16:26:44.613-0500 [DEBUG] [org.gradle.cache.internal.DefaultFileLockManager] Releasing lock on daemon addresses registry.
2026-03-29T16:26:54.609-0500 [DEBUG] [org.gradle.cache.internal.DefaultFileLockManager] Waiting to acquire shared lock on daemon addresses registry.
2026-03-29T16:26:54.609-0500 [DEBUG] [org.gradle.cache.internal.DefaultFileLockManager] Lock acquired on daemon addresses registry.
2026-03-29T16:26:54.610-0500 [DEBUG] [org.gradle.cache.internal.DefaultFileLockManager] Releasing lock on daemon addresses registry.
2026-03-29T16:26:54.611-0500 [DEBUG] [org.gradle.cache.internal.DefaultFileLockManager] Waiting to acquire shared lock on daemon addresses registry.
2026-03-29T16:26:54.611-0500 [DEBUG] [org.gradle.cache.internal.DefaultFileLockManager] Lock acquired on daemon addresses registry.
2026-03-29T16:26:54.612-0500 [DEBUG] [org.gradle.cache.internal.DefaultFileLockManager] Releasing lock on daemon addresses registry.
2026-03-29T16:26:54.613-0500 [DEBUG] [org.gradle.cache.internal.DefaultFileLockManager] Waiting to acquire shared lock on daemon addresses registry.
2026-03-29T16:26:54.613-0500 [DEBUG] [org.gradle.cache.internal.DefaultFileLockManager] Lock acquired on daemon addresses registry.
2026-03-29T16:26:54.613-0500 [DEBUG] [org.gradle.cache.internal.DefaultFileLockManager] Releasing lock on daemon addresses registry.
2026-03-29T16:27:04.609-0500 [DEBUG] [org.gradle.cache.internal.DefaultFileLockManager] Waiting to acquire shared lock on daemon addresses registry.
2026-03-29T16:27:04.610-0500 [DEBUG] [org.gradle.cache.internal.DefaultFileLockManager] Lock acquired on daemon addresses registry.
2026-03-29T16:27:04.610-0500 [DEBUG] [org.gradle.cache.internal.DefaultFileLockManager] Releasing lock on daemon addresses registry.
2026-03-29T16:27:04.611-0500 [DEBUG] [org.gradle.cache.internal.DefaultFileLockManager] Waiting to acquire shared lock on daemon addresses registry.
2026-03-29T16:27:04.612-0500 [DEBUG] [org.gradle.cache.internal.DefaultFileLockManager] Lock acquired on daemon addresses registry.
2026-03-29T16:27:04.612-0500 [DEBUG] [org.gradle.cache.internal.DefaultFileLockManager] Releasing lock on daemon addresses registry.
2026-03-29T16:27:04.613-0500 [DEBUG] [org.gradle.cache.internal.DefaultFileLockManager] Waiting to acquire shared lock on daemon addresses registry.
2026-03-29T16:27:04.613-0500 [DEBUG] [org.gradle.cache.internal.DefaultFileLockManager] Lock acquired on daemon addresses registry.
2026-03-29T16:27:04.613-0500 [DEBUG] [org.gradle.cache.internal.DefaultFileLockManager] Releasing lock on daemon addresses registry.
2026-03-29T16:27:07.993-0500 [DEBUG] [sun.rmi.transport.tcp] RMI TCP Connection(6)-127.0.0.1: accepted socket from [127.0.0.1:13534]
2026-03-29T16:27:08.001-0500 [DEBUG] [sun.rmi.transport.tcp] RMI TCP Connection(6)-127.0.0.1: (port 2680) op = 80
2026-03-29T16:27:08.005-0500 [DEBUG] [sun.rmi.loader] RMI TCP Connection(6)-127.0.0.1: name = "[Ljava.rmi.server.ObjID;", codebase = "", defaultLoader = jdk.internal.loader.ClassLoaders$PlatformClassLoader@49c3aee4
2026-03-29T16:27:08.007-0500 [DEBUG] [sun.rmi.loader] RMI TCP Connection(6)-127.0.0.1: name = "java.rmi.dgc.Lease", codebase = "", defaultLoader = jdk.internal.loader.ClassLoaders$PlatformClassLoader@49c3aee4
2026-03-29T16:27:08.008-0500 [DEBUG] [sun.rmi.loader] RMI TCP Connection(6)-127.0.0.1: name = "java.rmi.dgc.VMID", codebase = "", defaultLoader = jdk.internal.loader.ClassLoaders$PlatformClassLoader@49c3aee4
2026-03-29T16:27:08.008-0500 [DEBUG] [sun.rmi.loader] RMI TCP Connection(6)-127.0.0.1: name = "[B", codebase = "", defaultLoader = jdk.internal.loader.ClassLoaders$PlatformClassLoader@49c3aee4
2026-03-29T16:27:08.009-0500 [DEBUG] [sun.rmi.loader] RMI TCP Connection(6)-127.0.0.1: name = "java.rmi.server.UID", codebase = "", defaultLoader = jdk.internal.loader.ClassLoaders$PlatformClassLoader@49c3aee4
2026-03-29T16:27:14.608-0500 [DEBUG] [org.gradle.cache.internal.DefaultFileLockManager] Waiting to acquire shared lock on daemon addresses registry.
2026-03-29T16:27:14.608-0500 [DEBUG] [org.gradle.cache.internal.DefaultFileLockManager] Lock acquired on daemon addresses registry.
2026-03-29T16:27:14.609-0500 [DEBUG] [org.gradle.cache.internal.DefaultFileLockManager] Releasing lock on daemon addresses registry.
2026-03-29T16:27:14.610-0500 [DEBUG] [org.gradle.cache.internal.DefaultFileLockManager] Waiting to acquire shared lock on daemon addresses registry.
2026-03-29T16:27:14.610-0500 [DEBUG] [org.gradle.cache.internal.DefaultFileLockManager] Lock acquired on daemon addresses registry.
2026-03-29T16:27:14.611-0500 [DEBUG] [org.gradle.cache.internal.DefaultFileLockManager] Releasing lock on daemon addresses registry.
2026-03-29T16:27:14.612-0500 [DEBUG] [org.gradle.cache.internal.DefaultFileLockManager] Waiting to acquire shared lock on daemon addresses registry.
2026-03-29T16:27:14.612-0500 [DEBUG] [org.gradle.cache.internal.DefaultFileLockManager] Lock acquired on daemon addresses registry.
2026-03-29T16:27:14.615-0500 [DEBUG] [org.gradle.cache.internal.DefaultFileLockManager] Releasing lock on daemon addresses registry.
2026-03-29T16:27:23.019-0500 [DEBUG] [sun.rmi.transport.tcp] RMI TCP Connection(6)-127.0.0.1: (port 2680) connection closed
2026-03-29T16:27:23.019-0500 [DEBUG] [sun.rmi.transport.tcp] RMI TCP Connection(6)-127.0.0.1: close connection, socket: Socket[addr=/127.0.0.1,port=13534,localport=2680]
2026-03-29T16:27:23.021-0500 [DEBUG] [sun.rmi.transport.tcp] RMI TCP Connection(6)-127.0.0.1: socket close: Socket[addr=/127.0.0.1,port=13534,localport=2680]
2026-03-29T16:27:24.608-0500 [DEBUG] [org.gradle.cache.internal.DefaultFileLockManager] Waiting to acquire shared lock on daemon addresses registry.
2026-03-29T16:27:24.608-0500 [DEBUG] [org.gradle.cache.internal.DefaultFileLockManager] Lock acquired on daemon addresses registry.
2026-03-29T16:27:24.608-0500 [DEBUG] [org.gradle.cache.internal.DefaultFileLockManager] Releasing lock on daemon addresses registry.
2026-03-29T16:27:24.611-0500 [DEBUG] [org.gradle.cache.internal.DefaultFileLockManager] Waiting to acquire shared lock on daemon addresses registry.
2026-03-29T16:27:24.611-0500 [DEBUG] [org.gradle.cache.internal.DefaultFileLockManager] Lock acquired on daemon addresses registry.
2026-03-29T16:27:24.611-0500 [DEBUG] [org.gradle.cache.internal.DefaultFileLockManager] Releasing lock on daemon addresses registry.
2026-03-29T16:27:24.613-0500 [DEBUG] [org.gradle.cache.internal.DefaultFileLockManager] Waiting to acquire shared lock on daemon addresses registry.
2026-03-29T16:27:24.613-0500 [DEBUG] [org.gradle.cache.internal.DefaultFileLockManager] Lock acquired on daemon addresses registry.
2026-03-29T16:27:24.613-0500 [DEBUG] [org.gradle.cache.internal.DefaultFileLockManager] Releasing lock on daemon addresses registry.
2026-03-29T16:27:34.608-0500 [DEBUG] [org.gradle.cache.internal.DefaultFileLockManager] Waiting to acquire shared lock on daemon addresses registry.
2026-03-29T16:27:34.608-0500 [DEBUG] [org.gradle.cache.internal.DefaultFileLockManager] Lock acquired on daemon addresses registry.
2026-03-29T16:27:34.609-0500 [DEBUG] [org.gradle.cache.internal.DefaultFileLockManager] Releasing lock on daemon addresses registry.
2026-03-29T16:27:34.610-0500 [DEBUG] [org.gradle.cache.internal.DefaultFileLockManager] Waiting to acquire shared lock on daemon addresses registry.
2026-03-29T16:27:34.610-0500 [DEBUG] [org.gradle.cache.internal.DefaultFileLockManager] Lock acquired on daemon addresses registry.
2026-03-29T16:27:34.610-0500 [DEBUG] [org.gradle.cache.internal.DefaultFileLockManager] Releasing lock on daemon addresses registry.
2026-03-29T16:27:34.612-0500 [DEBUG] [org.gradle.cache.internal.DefaultFileLockManager] Waiting to acquire shared lock on daemon addresses registry.
2026-03-29T16:27:34.612-0500 [DEBUG] [org.gradle.cache.internal.DefaultFileLockManager] Lock acquired on daemon addresses registry.
2026-03-29T16:27:34.613-0500 [DEBUG] [org.gradle.cache.internal.DefaultFileLockManager] Releasing lock on daemon addresses registry.
2026-03-29T16:27:44.608-0500 [DEBUG] [org.gradle.cache.internal.DefaultFileLockManager] Waiting to acquire shared lock on daemon addresses registry.
2026-03-29T16:27:44.608-0500 [DEBUG] [org.gradle.cache.internal.DefaultFileLockManager] Lock acquired on daemon addresses registry.
2026-03-29T16:27:44.609-0500 [DEBUG] [org.gradle.cache.internal.DefaultFileLockManager] Releasing lock on daemon addresses registry.
2026-03-29T16:27:44.611-0500 [DEBUG] [org.gradle.cache.internal.DefaultFileLockManager] Waiting to acquire shared lock on daemon addresses registry.
2026-03-29T16:27:44.611-0500 [DEBUG] [org.gradle.cache.internal.DefaultFileLockManager] Lock acquired on daemon addresses registry.
2026-03-29T16:27:44.611-0500 [DEBUG] [org.gradle.cache.internal.DefaultFileLockManager] Releasing lock on daemon addresses registry.
2026-03-29T16:27:44.613-0500 [DEBUG] [org.gradle.cache.internal.DefaultFileLockManager] Waiting to acquire shared lock on daemon addresses registry.
2026-03-29T16:27:44.613-0500 [DEBUG] [org.gradle.cache.internal.DefaultFileLockManager] Lock acquired on daemon addresses registry.
2026-03-29T16:27:44.614-0500 [DEBUG] [org.gradle.cache.internal.DefaultFileLockManager] Releasing lock on daemon addresses registry.
2026-03-29T16:27:54.608-0500 [DEBUG] [org.gradle.cache.internal.DefaultFileLockManager] Waiting to acquire shared lock on daemon addresses registry.
2026-03-29T16:27:54.608-0500 [DEBUG] [org.gradle.cache.internal.DefaultFileLockManager] Lock acquired on daemon addresses registry.
2026-03-29T16:27:54.608-0500 [DEBUG] [org.gradle.cache.internal.DefaultFileLockManager] Releasing lock on daemon addresses registry.
2026-03-29T16:27:54.610-0500 [DEBUG] [org.gradle.cache.internal.DefaultFileLockManager] Waiting to acquire shared lock on daemon addresses registry.
2026-03-29T16:27:54.610-0500 [DEBUG] [org.gradle.cache.internal.DefaultFileLockManager] Lock acquired on daemon addresses registry.
2026-03-29T16:27:54.610-0500 [DEBUG] [org.gradle.cache.internal.DefaultFileLockManager] Releasing lock on daemon addresses registry.
2026-03-29T16:27:54.612-0500 [DEBUG] [org.gradle.cache.internal.DefaultFileLockManager] Waiting to acquire shared lock on daemon addresses registry.
2026-03-29T16:27:54.612-0500 [DEBUG] [org.gradle.cache.internal.DefaultFileLockManager] Lock acquired on daemon addresses registry.
2026-03-29T16:27:54.612-0500 [DEBUG] [org.gradle.cache.internal.DefaultFileLockManager] Releasing lock on daemon addresses registry.
2026-03-29T16:28:04.609-0500 [DEBUG] [org.gradle.cache.internal.DefaultFileLockManager] Waiting to acquire shared lock on daemon addresses registry.
2026-03-29T16:28:04.609-0500 [DEBUG] [org.gradle.cache.internal.DefaultFileLockManager] Lock acquired on daemon addresses registry.
2026-03-29T16:28:04.609-0500 [DEBUG] [org.gradle.cache.internal.DefaultFileLockManager] Releasing lock on daemon addresses registry.
2026-03-29T16:28:04.611-0500 [DEBUG] [org.gradle.cache.internal.DefaultFileLockManager] Waiting to acquire shared lock on daemon addresses registry.
2026-03-29T16:28:04.611-0500 [DEBUG] [org.gradle.cache.internal.DefaultFileLockManager] Lock acquired on daemon addresses registry.
2026-03-29T16:28:04.611-0500 [DEBUG] [org.gradle.cache.internal.DefaultFileLockManager] Releasing lock on daemon addresses registry.
2026-03-29T16:28:04.613-0500 [DEBUG] [org.gradle.cache.internal.DefaultFileLockManager] Waiting to acquire shared lock on daemon addresses registry.
2026-03-29T16:28:04.614-0500 [DEBUG] [org.gradle.cache.internal.DefaultFileLockManager] Lock acquired on daemon addresses registry.
2026-03-29T16:28:04.614-0500 [DEBUG] [org.gradle.cache.internal.DefaultFileLockManager] Releasing lock on daemon addresses registry.
2026-03-29T16:28:14.608-0500 [DEBUG] [org.gradle.cache.internal.DefaultFileLockManager] Waiting to acquire shared lock on daemon addresses registry.
2026-03-29T16:28:14.608-0500 [DEBUG] [org.gradle.cache.internal.DefaultFileLockManager] Lock acquired on daemon addresses registry.
2026-03-29T16:28:14.609-0500 [DEBUG] [org.gradle.cache.internal.DefaultFileLockManager] Releasing lock on daemon addresses registry.
2026-03-29T16:28:14.611-0500 [DEBUG] [org.gradle.cache.internal.DefaultFileLockManager] Waiting to acquire shared lock on daemon addresses registry.
2026-03-29T16:28:14.611-0500 [DEBUG] [org.gradle.cache.internal.DefaultFileLockManager] Lock acquired on daemon addresses registry.
2026-03-29T16:28:14.611-0500 [DEBUG] [org.gradle.cache.internal.DefaultFileLockManager] Releasing lock on daemon addresses registry.
2026-03-29T16:28:14.613-0500 [DEBUG] [org.gradle.cache.internal.DefaultFileLockManager] Waiting to acquire shared lock on daemon addresses registry.
2026-03-29T16:28:14.613-0500 [DEBUG] [org.gradle.cache.internal.DefaultFileLockManager] Lock acquired on daemon addresses registry.
2026-03-29T16:28:14.613-0500 [DEBUG] [org.gradle.cache.internal.DefaultFileLockManager] Releasing lock on daemon addresses registry.
2026-03-29T16:28:24.609-0500 [DEBUG] [org.gradle.cache.internal.DefaultFileLockManager] Waiting to acquire shared lock on daemon addresses registry.
2026-03-29T16:28:24.610-0500 [DEBUG] [org.gradle.cache.internal.DefaultFileLockManager] Lock acquired on daemon addresses registry.
2026-03-29T16:28:24.610-0500 [DEBUG] [org.gradle.cache.internal.DefaultFileLockManager] Releasing lock on daemon addresses registry.
2026-03-29T16:28:24.611-0500 [DEBUG] [org.gradle.cache.internal.DefaultFileLockManager] Waiting to acquire shared lock on daemon addresses registry.
2026-03-29T16:28:24.612-0500 [DEBUG] [org.gradle.cache.internal.DefaultFileLockManager] Lock acquired on daemon addresses registry.
2026-03-29T16:28:24.612-0500 [DEBUG] [org.gradle.cache.internal.DefaultFileLockManager] Releasing lock on daemon addresses registry.
2026-03-29T16:28:24.613-0500 [DEBUG] [org.gradle.cache.internal.DefaultFileLockManager] Waiting to acquire shared lock on daemon addresses registry.
2026-03-29T16:28:24.613-0500 [DEBUG] [org.gradle.cache.internal.DefaultFileLockManager] Lock acquired on daemon addresses registry.
2026-03-29T16:28:24.614-0500 [DEBUG] [org.gradle.cache.internal.DefaultFileLockManager] Releasing lock on daemon addresses registry.
2026-03-29T16:28:34.608-0500 [DEBUG] [org.gradle.cache.internal.DefaultFileLockManager] Waiting to acquire shared lock on daemon addresses registry.
2026-03-29T16:28:34.608-0500 [DEBUG] [org.gradle.cache.internal.DefaultFileLockManager] Lock acquired on daemon addresses registry.
2026-03-29T16:28:34.608-0500 [DEBUG] [org.gradle.cache.internal.DefaultFileLockManager] Releasing lock on daemon addresses registry.
2026-03-29T16:28:34.610-0500 [DEBUG] [org.gradle.cache.internal.DefaultFileLockManager] Waiting to acquire shared lock on daemon addresses registry.
2026-03-29T16:28:34.610-0500 [DEBUG] [org.gradle.cache.internal.DefaultFileLockManager] Lock acquired on daemon addresses registry.
2026-03-29T16:28:34.610-0500 [DEBUG] [org.gradle.cache.internal.DefaultFileLockManager] Releasing lock on daemon addresses registry.
2026-03-29T16:28:34.612-0500 [DEBUG] [org.gradle.cache.internal.DefaultFileLockManager] Waiting to acquire shared lock on daemon addresses registry.
2026-03-29T16:28:34.612-0500 [DEBUG] [org.gradle.cache.internal.DefaultFileLockManager] Lock acquired on daemon addresses registry.
2026-03-29T16:28:34.612-0500 [DEBUG] [org.gradle.cache.internal.DefaultFileLockManager] Releasing lock on daemon addresses registry.
2026-03-29T16:28:44.608-0500 [DEBUG] [org.gradle.cache.internal.DefaultFileLockManager] Waiting to acquire shared lock on daemon addresses registry.
2026-03-29T16:28:44.608-0500 [DEBUG] [org.gradle.cache.internal.DefaultFileLockManager] Lock acquired on daemon addresses registry.
2026-03-29T16:28:44.608-0500 [DEBUG] [org.gradle.cache.internal.DefaultFileLockManager] Releasing lock on daemon addresses registry.
2026-03-29T16:28:44.610-0500 [DEBUG] [org.gradle.cache.internal.DefaultFileLockManager] Waiting to acquire shared lock on daemon addresses registry.
2026-03-29T16:28:44.610-0500 [DEBUG] [org.gradle.cache.internal.DefaultFileLockManager] Lock acquired on daemon addresses registry.
2026-03-29T16:28:44.610-0500 [DEBUG] [org.gradle.cache.internal.DefaultFileLockManager] Releasing lock on daemon addresses registry.
2026-03-29T16:28:44.612-0500 [DEBUG] [org.gradle.cache.internal.DefaultFileLockManager] Waiting to acquire shared lock on daemon addresses registry.
2026-03-29T16:28:44.612-0500 [DEBUG] [org.gradle.cache.internal.DefaultFileLockManager] Lock acquired on daemon addresses registry.
2026-03-29T16:28:44.612-0500 [DEBUG] [org.gradle.cache.internal.DefaultFileLockManager] Releasing lock on daemon addresses registry.
2026-03-29T16:28:54.609-0500 [DEBUG] [org.gradle.cache.internal.DefaultFileLockManager] Waiting to acquire shared lock on daemon addresses registry.
2026-03-29T16:28:54.609-0500 [DEBUG] [org.gradle.cache.internal.DefaultFileLockManager] Lock acquired on daemon addresses registry.
2026-03-29T16:28:54.609-0500 [DEBUG] [org.gradle.cache.internal.DefaultFileLockManager] Releasing lock on daemon addresses registry.
2026-03-29T16:28:54.611-0500 [DEBUG] [org.gradle.cache.internal.DefaultFileLockManager] Waiting to acquire shared lock on daemon addresses registry.
2026-03-29T16:28:54.611-0500 [DEBUG] [org.gradle.cache.internal.DefaultFileLockManager] Lock acquired on daemon addresses registry.
2026-03-29T16:28:54.612-0500 [DEBUG] [org.gradle.cache.internal.DefaultFileLockManager] Releasing lock on daemon addresses registry.
2026-03-29T16:28:54.613-0500 [DEBUG] [org.gradle.cache.internal.DefaultFileLockManager] Waiting to acquire shared lock on daemon addresses registry.
2026-03-29T16:28:54.613-0500 [DEBUG] [org.gradle.cache.internal.DefaultFileLockManager] Lock acquired on daemon addresses registry.
2026-03-29T16:28:54.614-0500 [DEBUG] [org.gradle.cache.internal.DefaultFileLockManager] Releasing lock on daemon addresses registry.
2026-03-29T16:29:04.608-0500 [DEBUG] [org.gradle.cache.internal.DefaultFileLockManager] Waiting to acquire shared lock on daemon addresses registry.
2026-03-29T16:29:04.609-0500 [DEBUG] [org.gradle.cache.internal.DefaultFileLockManager] Lock acquired on daemon addresses registry.
2026-03-29T16:29:04.611-0500 [DEBUG] [org.gradle.cache.internal.DefaultFileLockManager] Releasing lock on daemon addresses registry.
2026-03-29T16:29:04.613-0500 [DEBUG] [org.gradle.cache.internal.DefaultFileLockManager] Waiting to acquire shared lock on daemon addresses registry.
2026-03-29T16:29:04.613-0500 [DEBUG] [org.gradle.cache.internal.DefaultFileLockManager] Lock acquired on daemon addresses registry.
2026-03-29T16:29:04.613-0500 [DEBUG] [org.gradle.cache.internal.DefaultFileLockManager] Releasing lock on daemon addresses registry.
2026-03-29T16:29:04.615-0500 [DEBUG] [org.gradle.cache.internal.DefaultFileLockManager] Waiting to acquire shared lock on daemon addresses registry.
2026-03-29T16:29:04.615-0500 [DEBUG] [org.gradle.cache.internal.DefaultFileLockManager] Lock acquired on daemon addresses registry.
2026-03-29T16:29:04.615-0500 [DEBUG] [org.gradle.cache.internal.DefaultFileLockManager] Releasing lock on daemon addresses registry.
2026-03-29T16:29:08.881-0500 [DEBUG] [org.gradle.process.internal.health.memory.DefaultMemoryManager] 841566208 physical memory requested, 803168256 free
2026-03-29T16:29:08.881-0500 [DEBUG] [org.gradle.workers.internal.WorkerDaemonExpiration] Will attempt to release 802 of memory
2026-03-29T16:29:08.881-0500 [DEBUG] [org.gradle.process.internal.health.memory.DefaultMemoryManager] 841566208 physical memory requested, 0 released, 803168256 free
2026-03-29T16:29:14.609-0500 [DEBUG] [org.gradle.cache.internal.DefaultFileLockManager] Waiting to acquire shared lock on daemon addresses registry.
2026-03-29T16:29:14.609-0500 [DEBUG] [org.gradle.cache.internal.DefaultFileLockManager] Lock acquired on daemon addresses registry.
2026-03-29T16:29:14.610-0500 [DEBUG] [org.gradle.cache.internal.DefaultFileLockManager] Releasing lock on daemon addresses registry.
2026-03-29T16:29:14.612-0500 [DEBUG] [org.gradle.cache.internal.DefaultFileLockManager] Waiting to acquire shared lock on daemon addresses registry.
2026-03-29T16:29:14.612-0500 [DEBUG] [org.gradle.cache.internal.DefaultFileLockManager] Lock acquired on daemon addresses registry.
2026-03-29T16:29:14.612-0500 [DEBUG] [org.gradle.cache.internal.DefaultFileLockManager] Releasing lock on daemon addresses registry.
2026-03-29T16:29:14.614-0500 [DEBUG] [org.gradle.cache.internal.DefaultFileLockManager] Waiting to acquire shared lock on daemon addresses registry.
2026-03-29T16:29:14.614-0500 [DEBUG] [org.gradle.cache.internal.DefaultFileLockManager] Lock acquired on daemon addresses registry.
2026-03-29T16:29:14.615-0500 [DEBUG] [org.gradle.cache.internal.DefaultFileLockManager] Releasing lock on daemon addresses registry.
2026-03-29T16:29:17.366-0500 [DEBUG] [org.gradle.internal.remote.internal.inet.TcpIncomingConnector] Accepted connection from /127.0.0.1:5057 to /127.0.0.1:28940.
2026-03-29T16:29:17.454-0500 [DEBUG] [org.gradle.launcher.daemon.server.SynchronizedDispatchConnection] thread 535: received class org.gradle.launcher.daemon.protocol.Build
2026-03-29T16:29:17.456-0500 [DEBUG] [org.gradle.launcher.daemon.server.DefaultDaemonConnection] thread 535: Received non-IO message from client: Build{id=4c22567d-f5e5-4afe-83b5-dd6cd1b83564, currentDir=C:\Users\sebgo\AndroidStudioProjects\mytaxitravel}
2026-03-29T16:29:17.457-0500 [INFO] [org.gradle.launcher.daemon.server.DefaultIncomingConnectionHandler] Received command: Build{id=4c22567d-f5e5-4afe-83b5-dd6cd1b83564, currentDir=C:\Users\sebgo\AndroidStudioProjects\mytaxitravel}.
2026-03-29T16:29:17.457-0500 [DEBUG] [org.gradle.launcher.daemon.server.DefaultIncomingConnectionHandler] Starting executing command: Build{id=4c22567d-f5e5-4afe-83b5-dd6cd1b83564, currentDir=C:\Users\sebgo\AndroidStudioProjects\mytaxitravel} with connection: socket connection from /127.0.0.1:28940 to /127.0.0.1:5057.
2026-03-29T16:29:17.467-0500 [DEBUG] [org.gradle.launcher.daemon.server.DaemonStateCoordinator] Command execution: started DaemonCommandExecution[command = Build{id=4c22567d-f5e5-4afe-83b5-dd6cd1b83564, currentDir=C:\Users\sebgo\AndroidStudioProjects\mytaxitravel}, connection = DefaultDaemonConnection: socket connection from /127.0.0.1:28940 to /127.0.0.1:5057] after 2.9382 minutes of idle
2026-03-29T16:29:17.467-0500 [INFO] [org.gradle.launcher.daemon.server.DaemonRegistryUpdater] Marking the daemon as busy, address: [87107fdb-3f53-4eec-a91a-0d08b2658363 port:28940, addresses:[localhost/127.0.0.1]]
2026-03-29T16:29:17.467-0500 [DEBUG] [org.gradle.launcher.daemon.registry.PersistentDaemonRegistry] Marking busy by address: [87107fdb-3f53-4eec-a91a-0d08b2658363 port:28940, addresses:[localhost/127.0.0.1]]
2026-03-29T16:29:17.469-0500 [DEBUG] [org.gradle.cache.internal.DefaultFileLockManager] Waiting to acquire exclusive lock on daemon addresses registry.
2026-03-29T16:29:17.471-0500 [DEBUG] [org.gradle.cache.internal.DefaultFileLockManager] Lock acquired on daemon addresses registry.
2026-03-29T16:29:17.476-0500 [DEBUG] [org.gradle.cache.internal.DefaultFileLockManager] Releasing lock on daemon addresses registry.
2026-03-29T16:29:17.477-0500 [DEBUG] [org.gradle.launcher.daemon.server.DaemonStateCoordinator] resetting idle timer
2026-03-29T16:29:17.478-0500 [DEBUG] [org.gradle.launcher.daemon.server.DaemonStateCoordinator] daemon is running. Sleeping until state changes.
2026-03-29T16:29:17.479-0500 [INFO] [org.gradle.launcher.daemon.server.exec.StartBuildOrRespondWithBusy] Daemon is about to start building Build{id=4c22567d-f5e5-4afe-83b5-dd6cd1b83564, currentDir=C:\Users\sebgo\AndroidStudioProjects\mytaxitravel}. Dispatching build started information...
2026-03-29T16:29:17.480-0500 [DEBUG] [org.gradle.launcher.daemon.server.SynchronizedDispatchConnection] thread 537: dispatching org.gradle.launcher.daemon.protocol.BuildStarted@58da5042
2026-03-29T16:29:17.495-0500 [DEBUG] [org.gradle.launcher.daemon.server.exec.EstablishBuildEnvironment] Configuring env variables: [USERDOMAIN_ROAMINGPROFILE, Maven, PROCESSOR_LEVEL, SESSIONNAME, ALLUSERSPROFILE, PROCESSOR_ARCHITECTURE, PSModulePath, SystemDrive, USERNAME, ProgramFiles(x86), FPS_BROWSER_USER_PROFILE_STRING, PATHEXT, DriverData, OneDriveConsumer, IntelliJ IDEA Community Edition, PyCharm Community Edition, ProgramData, ProgramW6432, HOMEPATH, EFC_11740_3789132940, PROCESSOR_IDENTIFIER, ProgramFiles, PUBLIC, windir, =::, ZES_ENABLE_SYSMAN, LOCALAPPDATA, ChocolateyLastPathUpdate, USERDOMAIN, LOGONSERVER, FPS_BROWSER_APP_PROFILE_STRING, JAVA_HOME, OneDrive, APPDATA, ChocolateyInstall, CommonProgramFiles, Path, EFC_11740_2283032206, EFC_11740_2775293581, OS, COMPUTERNAME, PROCESSOR_REVISION, CommonProgramW6432, ComSpec, EFC_11740_1262719628, TEMP, SystemRoot, EFC_11740_1592913036, HOMEDRIVE, USERPROFILE, TMP, CommonProgramFiles(x86), NUMBER_OF_PROCESSORS]
2026-03-29T16:29:17.515-0500 [DEBUG] [org.gradle.launcher.daemon.server.exec.LogToClient] About to start relaying all logs to the client via the connection.
2026-03-29T16:29:17.516-0500 [INFO] [org.gradle.launcher.daemon.server.exec.LogToClient] The client will now receive all logging from the daemon (pid: 15796). The daemon log file: C:\Users\sebgo\AndroidStudioProjects\mytaxitravel\gradle\daemon\8.13\daemon-15796.out.log
2026-03-29T16:29:17.533-0500 [INFO] [org.gradle.launcher.daemon.server.exec.LogAndCheckHealth] Starting 6th build in daemon [uptime: 13 mins 3.556 secs, performance: 99%, GC rate: 0.00/s, heap usage: 0% of 2 GiB]
2026-03-29T16:29:17.539-0500 [DEBUG] [org.gradle.launcher.daemon.server.exec.ExecuteBuild] The daemon has started executing the build.
2026-03-29T16:29:17.540-0500 [DEBUG] [org.gradle.launcher.daemon.server.exec.ExecuteBuild] Executing build with daemon context: DefaultDaemonContext[uid=cc4bbf85-bda1-438d-96c8-60995f17b2b8,javaHome=F:\Android Studio\jbr,javaVersion=21,javaVendor=JetBrains s.r.o.,daemonRegistryDir=C:\Users\sebgo\AndroidStudioProjects\mytaxitravel\gradle\daemon,pid=15796,idleTimeout=10800000,priority=NORMAL,applyInstrumentationAgent=true,nativeServicesMode=ENABLED,daemonOpts=-Xmx2048m,-Dfile.encoding=UTF-8,-Duser.country=CO,-Duser.language=es,-Duser.variant]

BUILD SUCCESSFUL in 2s
39 actionable tasks: 39 up-to-date
2026-03-29T16:29:20.298-0500 [DEBUG] [org.gradle.launcher.daemon.server.exec.ExecuteBuild] The daemon has finished executing the build.
2026-03-29T16:29:20.301-0500 [DEBUG] [org.gradle.launcher.daemon.server.DaemonStateCoordinator] daemon is running. Sleeping until state changes.
2026-03-29T16:29:20.301-0500 [DEBUG] [org.gradle.launcher.daemon.server.DaemonStateCoordinator] Command execution: finished waiting for DaemonCommandExecution[command = Build{id=4c22567d-f5e5-4afe-83b5-dd6cd1b83564, currentDir=C:\Users\sebgo\AndroidStudioProjects\mytaxitravel}, connection = DefaultDaemonConnection: socket connection from /127.0.0.1:28940 to /127.0.0.1:5057]. Result org.gradle.launcher.daemon.server.DaemonStateCoordinator@3ec6a587 with state Busy
2026-03-29T16:29:20.301-0500 [DEBUG] [org.gradle.launcher.daemon.server.DaemonStateCoordinator] Command execution: completed DaemonCommandExecution[command = Build{id=4c22567d-f5e5-4afe-83b5-dd6cd1b83564, currentDir=C:\Users\sebgo\AndroidStudioProjects\mytaxitravel}, connection = DefaultDaemonConnection: socket connection from /127.0.0.1:28940 to /127.0.0.1:5057]
2026-03-29T16:29:20.301-0500 [DEBUG] [org.gradle.launcher.daemon.server.DaemonStateCoordinator] resetting idle timer
2026-03-29T16:29:20.301-0500 [INFO] [org.gradle.launcher.daemon.server.DaemonRegistryUpdater] Marking the daemon as idle, address: [87107fdb-3f53-4eec-a91a-0d08b2658363 port:28940, addresses:[localhost/127.0.0.1]]
2026-03-29T16:29:20.301-0500 [DEBUG] [org.gradle.launcher.daemon.registry.PersistentDaemonRegistry] Marking busy by address: [87107fdb-3f53-4eec-a91a-0d08b2658363 port:28940, addresses:[localhost/127.0.0.1]]
2026-03-29T16:29:20.317-0500 [DEBUG] [org.gradle.cache.internal.DefaultFileLockManager] Waiting to acquire exclusive lock on daemon addresses registry.
2026-03-29T16:29:20.318-0500 [DEBUG] [org.gradle.cache.internal.DefaultFileLockManager] Lock acquired on daemon addresses registry.
2026-03-29T16:29:20.334-0500 [DEBUG] [org.gradle.cache.internal.DefaultFileLockManager] Releasing lock on daemon addresses registry.
2026-03-29T16:29:20.335-0500 [DEBUG] [org.gradle.launcher.daemon.server.DaemonStateCoordinator] daemon is running. Sleeping until state changes.
2026-03-29T16:29:20.335-0500 [DEBUG] [org.gradle.launcher.daemon.server.exec.ReturnResult] Daemon is dispatching the build result: Success[value=org.gradle.launcher.exec.BuildActionResult@66de9e14]
2026-03-29T16:29:20.335-0500 [DEBUG] [org.gradle.launcher.daemon.server.SynchronizedDispatchConnection] thread 534: dispatching Success[value=org.gradle.launcher.exec.BuildActionResult@66de9e14]
2026-03-29T16:29:20.336-0500 [DEBUG] [org.gradle.launcher.daemon.server.SynchronizedDispatchConnection] thread 535: received class org.gradle.launcher.daemon.protocol.CloseInput
2026-03-29T16:29:20.336-0500 [DEBUG] [org.gradle.launcher.daemon.server.DefaultIncomingConnectionHandler] Finishing executing command: Build{id=4c22567d-f5e5-4afe-83b5-dd6cd1b83564, currentDir=C:\Users\sebgo\AndroidStudioProjects\mytaxitravel}
2026-03-29T16:29:20.336-0500 [DEBUG] [org.gradle.launcher.daemon.server.DefaultDaemonConnection] thread 535: Received IO message from client: org.gradle.launcher.daemon.protocol.CloseInput@961914e
2026-03-29T16:29:20.336-0500 [DEBUG] [org.gradle.launcher.daemon.server.exec.CleanUpVirtualFileSystemAfterBuild] Cleaning virtual file system after build finished
2026-03-29T16:29:20.336-0500 [DEBUG] [org.gradle.launcher.daemon.server.SynchronizedDispatchConnection] thread 535: received class org.gradle.launcher.daemon.protocol.Finished
2026-03-29T16:29:20.337-0500 [DEBUG] [org.gradle.launcher.daemon.server.DefaultDaemonConnection] thread 535: Received non-IO message from client: org.gradle.launcher.daemon.protocol.Finished@7a67e12
2026-03-29T16:29:20.337-0500 [DEBUG] [org.gradle.launcher.daemon.server.DefaultIncomingConnectionHandler] Received finished message: org.gradle.launcher.daemon.protocol.Finished@7a67e12
2026-03-29T16:29:20.337-0500 [DEBUG] [org.gradle.internal.remote.internal.inet.SocketConnection] Discarding EOFException: java.io.EOFException
2026-03-29T16:29:20.337-0500 [DEBUG] [org.gradle.launcher.daemon.server.SynchronizedDispatchConnection] thread 535: received null
2026-03-29T16:29:20.337-0500 [DEBUG] [org.gradle.launcher.daemon.server.DefaultDaemonConnection] thread 535: Received end-of-input from client.
2026-03-29T16:29:20.337-0500 [DEBUG] [org.gradle.launcher.daemon.server.SynchronizedDispatchConnection] thread 534: stopping connection
2026-03-29T16:29:20.338-0500 [DEBUG] [org.gradle.launcher.daemon.server.SynchronizedDispatchConnection] thread 534: stopping connection
2026-03-29T16:29:24.626-0500 [DEBUG] [org.gradle.cache.internal.DefaultFileLockManager] Waiting to acquire shared lock on daemon addresses registry.
2026-03-29T16:29:24.626-0500 [DEBUG] [org.gradle.cache.internal.DefaultFileLockManager] Lock acquired on daemon addresses registry.
2026-03-29T16:29:24.637-0500 [DEBUG] [org.gradle.cache.internal.DefaultFileLockManager] Releasing lock on daemon addresses registry.
2026-03-29T16:29:24.640-0500 [DEBUG] [org.gradle.cache.internal.DefaultFileLockManager] Waiting to acquire shared lock on daemon addresses registry.
2026-03-29T16:29:24.640-0500 [DEBUG] [org.gradle.cache.internal.DefaultFileLockManager] Lock acquired on daemon addresses registry.
2026-03-29T16:29:24.640-0500 [DEBUG] [org.gradle.cache.internal.DefaultFileLockManager] Releasing lock on daemon addresses registry.
2026-03-29T16:29:34.608-0500 [DEBUG] [org.gradle.cache.internal.DefaultFileLockManager] Waiting to acquire shared lock on daemon addresses registry.
2026-03-29T16:29:34.608-0500 [DEBUG] [org.gradle.cache.internal.DefaultFileLockManager] Lock acquired on daemon addresses registry.
2026-03-29T16:29:34.608-0500 [DEBUG] [org.gradle.cache.internal.DefaultFileLockManager] Releasing lock on daemon addresses registry.
2026-03-29T16:29:34.609-0500 [DEBUG] [org.gradle.cache.internal.DefaultFileLockManager] Waiting to acquire shared lock on daemon addresses registry.
2026-03-29T16:29:34.609-0500 [DEBUG] [org.gradle.cache.internal.DefaultFileLockManager] Lock acquired on daemon addresses registry.
2026-03-29T16:29:34.610-0500 [DEBUG] [org.gradle.cache.internal.DefaultFileLockManager] Releasing lock on daemon addresses registry.
2026-03-29T16:29:34.612-0500 [DEBUG] [org.gradle.cache.internal.DefaultFileLockManager] Waiting to acquire shared lock on daemon addresses registry.
2026-03-29T16:29:34.612-0500 [DEBUG] [org.gradle.cache.internal.DefaultFileLockManager] Lock acquired on daemon addresses registry.
2026-03-29T16:29:34.612-0500 [DEBUG] [org.gradle.cache.internal.DefaultFileLockManager] Releasing lock on daemon addresses registry.
2026-03-29T16:29:42.566-0500 [DEBUG] [org.gradle.internal.remote.internal.inet.TcpIncomingConnector] Accepted connection from /127.0.0.1:5090 to /127.0.0.1:28940.
2026-03-29T16:29:42.572-0500 [DEBUG] [org.gradle.launcher.daemon.server.SynchronizedDispatchConnection] thread 614: received class org.gradle.launcher.daemon.protocol.Build
2026-03-29T16:29:42.572-0500 [DEBUG] [org.gradle.launcher.daemon.server.DefaultDaemonConnection] thread 614: Received non-IO message from client: Build{id=a7f9432d-ad13-4350-8679-f830b67bf4d6, currentDir=C:\Users\sebgo\AndroidStudioProjects\mytaxitravel}
2026-03-29T16:29:42.573-0500 [INFO] [org.gradle.launcher.daemon.server.DefaultIncomingConnectionHandler] Received command: Build{id=a7f9432d-ad13-4350-8679-f830b67bf4d6, currentDir=C:\Users\sebgo\AndroidStudioProjects\mytaxitravel}.
2026-03-29T16:29:42.573-0500 [DEBUG] [org.gradle.launcher.daemon.server.DefaultIncomingConnectionHandler] Starting executing command: Build{id=a7f9432d-ad13-4350-8679-f830b67bf4d6, currentDir=C:\Users\sebgo\AndroidStudioProjects\mytaxitravel} with connection: socket connection from /127.0.0.1:28940 to /127.0.0.1:5090.
2026-03-29T16:29:42.573-0500 [DEBUG] [org.gradle.launcher.daemon.server.DaemonStateCoordinator] Command execution: started DaemonCommandExecution[command = Build{id=a7f9432d-ad13-4350-8679-f830b67bf4d6, currentDir=C:\Users\sebgo\AndroidStudioProjects\mytaxitravel}, connection = DefaultDaemonConnection: socket connection from /127.0.0.1:28940 to /127.0.0.1:5090] after 0.3712 minutes of idle
2026-03-29T16:29:42.573-0500 [INFO] [org.gradle.launcher.daemon.server.DaemonRegistryUpdater] Marking the daemon as busy, address: [87107fdb-3f53-4eec-a91a-0d08b2658363 port:28940, addresses:[localhost/127.0.0.1]]
2026-03-29T16:29:42.573-0500 [DEBUG] [org.gradle.launcher.daemon.registry.PersistentDaemonRegistry] Marking busy by address: [87107fdb-3f53-4eec-a91a-0d08b2658363 port:28940, addresses:[localhost/127.0.0.1]]
2026-03-29T16:29:42.575-0500 [DEBUG] [org.gradle.cache.internal.DefaultFileLockManager] Waiting to acquire exclusive lock on daemon addresses registry.
2026-03-29T16:29:42.575-0500 [DEBUG] [org.gradle.cache.internal.DefaultFileLockManager] Lock acquired on daemon addresses registry.
2026-03-29T16:29:42.577-0500 [DEBUG] [org.gradle.cache.internal.DefaultFileLockManager] Releasing lock on daemon addresses registry.
2026-03-29T16:29:42.577-0500 [DEBUG] [org.gradle.launcher.daemon.server.DaemonStateCoordinator] resetting idle timer
2026-03-29T16:29:42.577-0500 [DEBUG] [org.gradle.launcher.daemon.server.DaemonStateCoordinator] daemon is running. Sleeping until state changes.
2026-03-29T16:29:42.577-0500 [INFO] [org.gradle.launcher.daemon.server.exec.StartBuildOrRespondWithBusy] Daemon is about to start building Build{id=a7f9432d-ad13-4350-8679-f830b67bf4d6, currentDir=C:\Users\sebgo\AndroidStudioProjects\mytaxitravel}. Dispatching build started information...
2026-03-29T16:29:42.577-0500 [DEBUG] [org.gradle.launcher.daemon.server.SynchronizedDispatchConnection] thread 537: dispatching org.gradle.launcher.daemon.protocol.BuildStarted@3673d3cf
2026-03-29T16:29:42.579-0500 [DEBUG] [org.gradle.launcher.daemon.server.exec.EstablishBuildEnvironment] Configuring env variables: [USERDOMAIN_ROAMINGPROFILE, Maven, PROCESSOR_LEVEL, SESSIONNAME, ALLUSERSPROFILE, PROCESSOR_ARCHITECTURE, PSModulePath, SystemDrive, USERNAME, ProgramFiles(x86), FPS_BROWSER_USER_PROFILE_STRING, PATHEXT, DriverData, OneDriveConsumer, IntelliJ IDEA Community Edition, PyCharm Community Edition, ProgramData, ProgramW6432, HOMEPATH, EFC_11740_3789132940, PROCESSOR_IDENTIFIER, ProgramFiles, PUBLIC, windir, =::, ZES_ENABLE_SYSMAN, LOCALAPPDATA, ChocolateyLastPathUpdate, USERDOMAIN, LOGONSERVER, FPS_BROWSER_APP_PROFILE_STRING, JAVA_HOME, OneDrive, APPDATA, ChocolateyInstall, CommonProgramFiles, Path, EFC_11740_2283032206, EFC_11740_2775293581, OS, COMPUTERNAME, PROCESSOR_REVISION, CommonProgramW6432, ComSpec, EFC_11740_1262719628, TEMP, SystemRoot, EFC_11740_1592913036, HOMEDRIVE, USERPROFILE, TMP, CommonProgramFiles(x86), NUMBER_OF_PROCESSORS]
2026-03-29T16:29:42.580-0500 [DEBUG] [org.gradle.launcher.daemon.server.exec.LogToClient] About to start relaying all logs to the client via the connection.
2026-03-29T16:29:42.580-0500 [INFO] [org.gradle.launcher.daemon.server.exec.LogToClient] The client will now receive all logging from the daemon (pid: 15796). The daemon log file: C:\Users\sebgo\AndroidStudioProjects\mytaxitravel\gradle\daemon\8.13\daemon-15796.out.log
2026-03-29T16:29:42.581-0500 [INFO] [org.gradle.launcher.daemon.server.exec.LogAndCheckHealth] Starting 7th build in daemon [uptime: 13 mins 28.62 secs, performance: 99%, GC rate: 0.00/s, heap usage: 0% of 2 GiB]
2026-03-29T16:29:42.581-0500 [DEBUG] [org.gradle.launcher.daemon.server.exec.ExecuteBuild] The daemon has started executing the build.
2026-03-29T16:29:42.581-0500 [DEBUG] [org.gradle.launcher.daemon.server.exec.ExecuteBuild] Executing build with daemon context: DefaultDaemonContext[uid=cc4bbf85-bda1-438d-96c8-60995f17b2b8,javaHome=F:\Android Studio\jbr,javaVersion=21,javaVendor=JetBrains s.r.o.,daemonRegistryDir=C:\Users\sebgo\AndroidStudioProjects\mytaxitravel\gradle\daemon,pid=15796,idleTimeout=10800000,priority=NORMAL,applyInstrumentationAgent=true,nativeServicesMode=ENABLED,daemonOpts=-Xmx2048m,-Dfile.encoding=UTF-8,-Duser.country=CO,-Duser.language=es,-Duser.variant]

BUILD SUCCESSFUL in 1s
39 actionable tasks: 39 up-to-date
2026-03-29T16:29:44.364-0500 [DEBUG] [org.gradle.launcher.daemon.server.exec.ExecuteBuild] The daemon has finished executing the build.
2026-03-29T16:29:44.367-0500 [DEBUG] [org.gradle.launcher.daemon.server.DaemonStateCoordinator] daemon is running. Sleeping until state changes.
2026-03-29T16:29:44.367-0500 [DEBUG] [org.gradle.launcher.daemon.server.DaemonStateCoordinator] Command execution: finished waiting for DaemonCommandExecution[command = Build{id=a7f9432d-ad13-4350-8679-f830b67bf4d6, currentDir=C:\Users\sebgo\AndroidStudioProjects\mytaxitravel}, connection = DefaultDaemonConnection: socket connection from /127.0.0.1:28940 to /127.0.0.1:5090]. Result org.gradle.launcher.daemon.server.DaemonStateCoordinator@3ec6a587 with state Busy
2026-03-29T16:29:44.367-0500 [DEBUG] [org.gradle.launcher.daemon.server.DaemonStateCoordinator] Command execution: completed DaemonCommandExecution[command = Build{id=a7f9432d-ad13-4350-8679-f830b67bf4d6, currentDir=C:\Users\sebgo\AndroidStudioProjects\mytaxitravel}, connection = DefaultDaemonConnection: socket connection from /127.0.0.1:28940 to /127.0.0.1:5090]
2026-03-29T16:29:44.367-0500 [DEBUG] [org.gradle.launcher.daemon.server.DaemonStateCoordinator] resetting idle timer
2026-03-29T16:29:44.367-0500 [INFO] [org.gradle.launcher.daemon.server.DaemonRegistryUpdater] Marking the daemon as idle, address: [87107fdb-3f53-4eec-a91a-0d08b2658363 port:28940, addresses:[localhost/127.0.0.1]]
2026-03-29T16:29:44.367-0500 [DEBUG] [org.gradle.launcher.daemon.registry.PersistentDaemonRegistry] Marking busy by address: [87107fdb-3f53-4eec-a91a-0d08b2658363 port:28940, addresses:[localhost/127.0.0.1]]
2026-03-29T16:29:44.388-0500 [DEBUG] [org.gradle.cache.internal.DefaultFileLockManager] Waiting to acquire exclusive lock on daemon addresses registry.
2026-03-29T16:29:44.389-0500 [DEBUG] [org.gradle.cache.internal.DefaultFileLockManager] Lock acquired on daemon addresses registry.
2026-03-29T16:29:44.406-0500 [DEBUG] [org.gradle.cache.internal.DefaultFileLockManager] Releasing lock on daemon addresses registry.
2026-03-29T16:29:44.407-0500 [DEBUG] [org.gradle.launcher.daemon.server.DaemonStateCoordinator] daemon is running. Sleeping until state changes.
2026-03-29T16:29:44.407-0500 [DEBUG] [org.gradle.launcher.daemon.server.exec.ReturnResult] Daemon is dispatching the build result: Success[value=org.gradle.launcher.exec.BuildActionResult@62c0f47]
2026-03-29T16:29:44.407-0500 [DEBUG] [org.gradle.launcher.daemon.server.SynchronizedDispatchConnection] thread 534: dispatching Success[value=org.gradle.launcher.exec.BuildActionResult@62c0f47]
2026-03-29T16:29:44.408-0500 [DEBUG] [org.gradle.launcher.daemon.server.exec.CleanUpVirtualFileSystemAfterBuild] Cleaning virtual file system after build finished
2026-03-29T16:29:44.408-0500 [DEBUG] [org.gradle.launcher.daemon.server.SynchronizedDispatchConnection] thread 614: received class org.gradle.launcher.daemon.protocol.CloseInput
2026-03-29T16:29:44.408-0500 [DEBUG] [org.gradle.launcher.daemon.server.DefaultIncomingConnectionHandler] Finishing executing command: Build{id=a7f9432d-ad13-4350-8679-f830b67bf4d6, currentDir=C:\Users\sebgo\AndroidStudioProjects\mytaxitravel}
2026-03-29T16:29:44.408-0500 [DEBUG] [org.gradle.launcher.daemon.server.DefaultDaemonConnection] thread 614: Received IO message from client: org.gradle.launcher.daemon.protocol.CloseInput@7273552e
2026-03-29T16:29:44.409-0500 [DEBUG] [org.gradle.launcher.daemon.server.SynchronizedDispatchConnection] thread 614: received class org.gradle.launcher.daemon.protocol.Finished
2026-03-29T16:29:44.409-0500 [DEBUG] [org.gradle.launcher.daemon.server.DefaultDaemonConnection] thread 614: Received non-IO message from client: org.gradle.launcher.daemon.protocol.Finished@7cb4b510
2026-03-29T16:29:44.409-0500 [DEBUG] [org.gradle.launcher.daemon.server.DefaultIncomingConnectionHandler] Received finished message: org.gradle.launcher.daemon.protocol.Finished@7cb4b510
2026-03-29T16:29:44.409-0500 [DEBUG] [org.gradle.launcher.daemon.server.SynchronizedDispatchConnection] thread 534: stopping connection
2026-03-29T16:29:44.409-0500 [DEBUG] [org.gradle.internal.remote.internal.inet.SocketConnection] Discarding EOFException: java.io.EOFException
2026-03-29T16:29:44.409-0500 [DEBUG] [org.gradle.launcher.daemon.server.SynchronizedDispatchConnection] thread 614: received null
2026-03-29T16:29:44.410-0500 [DEBUG] [org.gradle.launcher.daemon.server.DefaultDaemonConnection] thread 614: Received end-of-input from client.
2026-03-29T16:29:44.410-0500 [DEBUG] [org.gradle.launcher.daemon.server.SynchronizedDispatchConnection] thread 534: stopping connection
2026-03-29T16:29:44.655-0500 [DEBUG] [org.gradle.cache.internal.DefaultFileLockManager] Waiting to acquire shared lock on daemon addresses registry.
2026-03-29T16:29:44.656-0500 [DEBUG] [org.gradle.cache.internal.DefaultFileLockManager] Lock acquired on daemon addresses registry.
2026-03-29T16:29:44.675-0500 [DEBUG] [org.gradle.cache.internal.DefaultFileLockManager] Releasing lock on daemon addresses registry.
2026-03-29T16:29:44.682-0500 [DEBUG] [org.gradle.cache.internal.DefaultFileLockManager] Waiting to acquire shared lock on daemon addresses registry.
2026-03-29T16:29:44.682-0500 [DEBUG] [org.gradle.cache.internal.DefaultFileLockManager] Lock acquired on daemon addresses registry.
2026-03-29T16:29:44.684-0500 [DEBUG] [org.gradle.cache.internal.DefaultFileLockManager] Releasing lock on daemon addresses registry.
2026-03-29T16:29:54.608-0500 [DEBUG] [org.gradle.cache.internal.DefaultFileLockManager] Waiting to acquire shared lock on daemon addresses registry.
2026-03-29T16:29:54.609-0500 [DEBUG] [org.gradle.cache.internal.DefaultFileLockManager] Lock acquired on daemon addresses registry.
2026-03-29T16:29:54.609-0500 [DEBUG] [org.gradle.cache.internal.DefaultFileLockManager] Releasing lock on daemon addresses registry.
2026-03-29T16:29:54.611-0500 [DEBUG] [org.gradle.cache.internal.DefaultFileLockManager] Waiting to acquire shared lock on daemon addresses registry.
2026-03-29T16:29:54.611-0500 [DEBUG] [org.gradle.cache.internal.DefaultFileLockManager] Lock acquired on daemon addresses registry.
2026-03-29T16:29:54.611-0500 [DEBUG] [org.gradle.cache.internal.DefaultFileLockManager] Releasing lock on daemon addresses registry.
2026-03-29T16:29:54.613-0500 [DEBUG] [org.gradle.cache.internal.DefaultFileLockManager] Waiting to acquire shared lock on daemon addresses registry.
2026-03-29T16:29:54.613-0500 [DEBUG] [org.gradle.cache.internal.DefaultFileLockManager] Lock acquired on daemon addresses registry.
2026-03-29T16:29:54.614-0500 [DEBUG] [org.gradle.cache.internal.DefaultFileLockManager] Releasing lock on daemon addresses registry.
2026-03-29T16:30:03.880-0500 [DEBUG] [org.gradle.process.internal.health.memory.DefaultMemoryManager] 841566208 physical memory requested, 425902080 free
2026-03-29T16:30:03.881-0500 [DEBUG] [org.gradle.workers.internal.WorkerDaemonExpiration] Will attempt to release 802 of memory
2026-03-29T16:30:03.881-0500 [DEBUG] [org.gradle.process.internal.health.memory.DefaultMemoryManager] 841566208 physical memory requested, 0 released, 425902080 free
2026-03-29T16:30:04.610-0500 [DEBUG] [org.gradle.cache.internal.DefaultFileLockManager] Waiting to acquire shared lock on daemon addresses registry.
2026-03-29T16:30:04.610-0500 [DEBUG] [org.gradle.cache.internal.DefaultFileLockManager] Lock acquired on daemon addresses registry.
2026-03-29T16:30:04.611-0500 [DEBUG] [org.gradle.cache.internal.DefaultFileLockManager] Releasing lock on daemon addresses registry.
2026-03-29T16:30:04.613-0500 [DEBUG] [org.gradle.cache.internal.DefaultFileLockManager] Waiting to acquire shared lock on daemon addresses registry.
2026-03-29T16:30:04.613-0500 [DEBUG] [org.gradle.cache.internal.DefaultFileLockManager] Lock acquired on daemon addresses registry.
2026-03-29T16:30:04.613-0500 [DEBUG] [org.gradle.cache.internal.DefaultFileLockManager] Releasing lock on daemon addresses registry.
2026-03-29T16:30:04.615-0500 [DEBUG] [org.gradle.cache.internal.DefaultFileLockManager] Waiting to acquire shared lock on daemon addresses registry.
2026-03-29T16:30:04.615-0500 [DEBUG] [org.gradle.cache.internal.DefaultFileLockManager] Lock acquired on daemon addresses registry.
2026-03-29T16:30:04.615-0500 [DEBUG] [org.gradle.cache.internal.DefaultFileLockManager] Releasing lock on daemon addresses registry.
2026-03-29T16:30:14.610-0500 [DEBUG] [org.gradle.cache.internal.DefaultFileLockManager] Waiting to acquire shared lock on daemon addresses registry.
2026-03-29T16:30:14.610-0500 [DEBUG] [org.gradle.cache.internal.DefaultFileLockManager] Lock acquired on daemon addresses registry.
2026-03-29T16:30:14.610-0500 [DEBUG] [org.gradle.cache.internal.DefaultFileLockManager] Releasing lock on daemon addresses registry.
2026-03-29T16:30:14.612-0500 [DEBUG] [org.gradle.cache.internal.DefaultFileLockManager] Waiting to acquire shared lock on daemon addresses registry.
2026-03-29T16:30:14.612-0500 [DEBUG] [org.gradle.cache.internal.DefaultFileLockManager] Lock acquired on daemon addresses registry.
2026-03-29T16:30:14.613-0500 [DEBUG] [org.gradle.cache.internal.DefaultFileLockManager] Releasing lock on daemon addresses registry.
2026-03-29T16:30:14.615-0500 [DEBUG] [org.gradle.cache.internal.DefaultFileLockManager] Waiting to acquire shared lock on daemon addresses registry.
2026-03-29T16:30:14.615-0500 [DEBUG] [org.gradle.cache.internal.DefaultFileLockManager] Lock acquired on daemon addresses registry.
2026-03-29T16:30:14.615-0500 [DEBUG] [org.gradle.cache.internal.DefaultFileLockManager] Releasing lock on daemon addresses registry.
2026-03-29T16:30:24.610-0500 [DEBUG] [org.gradle.cache.internal.DefaultFileLockManager] Waiting to acquire shared lock on daemon addresses registry.
2026-03-29T16:30:24.610-0500 [DEBUG] [org.gradle.cache.internal.DefaultFileLockManager] Lock acquired on daemon addresses registry.
2026-03-29T16:30:24.611-0500 [DEBUG] [org.gradle.cache.internal.DefaultFileLockManager] Releasing lock on daemon addresses registry.
2026-03-29T16:30:24.613-0500 [DEBUG] [org.gradle.cache.internal.DefaultFileLockManager] Waiting to acquire shared lock on daemon addresses registry.
2026-03-29T16:30:24.613-0500 [DEBUG] [org.gradle.cache.internal.DefaultFileLockManager] Lock acquired on daemon addresses registry.
2026-03-29T16:30:24.613-0500 [DEBUG] [org.gradle.cache.internal.DefaultFileLockManager] Releasing lock on daemon addresses registry.
2026-03-29T16:30:24.615-0500 [DEBUG] [org.gradle.cache.internal.DefaultFileLockManager] Waiting to acquire shared lock on daemon addresses registry.
2026-03-29T16:30:24.615-0500 [DEBUG] [org.gradle.cache.internal.DefaultFileLockManager] Lock acquired on daemon addresses registry.
2026-03-29T16:30:24.615-0500 [DEBUG] [org.gradle.cache.internal.DefaultFileLockManager] Releasing lock on daemon addresses registry.
2026-03-29T16:30:33.800-0500 [DEBUG] [sun.rmi.transport.tcp] RMI TCP Connection(7)-127.0.0.1: accepted socket from [127.0.0.1:5173]
2026-03-29T16:30:33.803-0500 [DEBUG] [sun.rmi.transport.tcp] RMI TCP Connection(7)-127.0.0.1: (port 2680) op = 80
2026-03-29T16:30:33.806-0500 [DEBUG] [sun.rmi.loader] RMI TCP Connection(7)-127.0.0.1: name = "[Ljava.rmi.server.ObjID;", codebase = "", defaultLoader = jdk.internal.loader.ClassLoaders$PlatformClassLoader@49c3aee4
2026-03-29T16:30:33.807-0500 [DEBUG] [sun.rmi.loader] RMI TCP Connection(7)-127.0.0.1: name = "java.rmi.dgc.Lease", codebase = "", defaultLoader = jdk.internal.loader.ClassLoaders$PlatformClassLoader@49c3aee4
2026-03-29T16:30:33.808-0500 [DEBUG] [sun.rmi.loader] RMI TCP Connection(7)-127.0.0.1: name = "java.rmi.dgc.VMID", codebase = "", defaultLoader = jdk.internal.loader.ClassLoaders$PlatformClassLoader@49c3aee4
2026-03-29T16:30:33.809-0500 [DEBUG] [sun.rmi.loader] RMI TCP Connection(7)-127.0.0.1: name = "[B", codebase = "", defaultLoader = jdk.internal.loader.ClassLoaders$PlatformClassLoader@49c3aee4
2026-03-29T16:30:33.809-0500 [DEBUG] [sun.rmi.loader] RMI TCP Connection(7)-127.0.0.1: name = "java.rmi.server.UID", codebase = "", defaultLoader = jdk.internal.loader.ClassLoaders$PlatformClassLoader@49c3aee4
2026-03-29T16:30:34.610-0500 [DEBUG] [org.gradle.cache.internal.DefaultFileLockManager] Waiting to acquire shared lock on daemon addresses registry.
2026-03-29T16:30:34.610-0500 [DEBUG] [org.gradle.cache.internal.DefaultFileLockManager] Lock acquired on daemon addresses registry.
2026-03-29T16:30:34.611-0500 [DEBUG] [org.gradle.cache.internal.DefaultFileLockManager] Releasing lock on daemon addresses registry.
2026-03-29T16:30:34.612-0500 [DEBUG] [org.gradle.cache.internal.DefaultFileLockManager] Waiting to acquire shared lock on daemon addresses registry.
2026-03-29T16:30:34.613-0500 [DEBUG] [org.gradle.cache.internal.DefaultFileLockManager] Lock acquired on daemon addresses registry.
2026-03-29T16:30:34.613-0500 [DEBUG] [org.gradle.cache.internal.DefaultFileLockManager] Releasing lock on daemon addresses registry.
2026-03-29T16:30:34.615-0500 [DEBUG] [org.gradle.cache.internal.DefaultFileLockManager] Waiting to acquire shared lock on daemon addresses registry.
2026-03-29T16:30:34.615-0500 [DEBUG] [org.gradle.cache.internal.DefaultFileLockManager] Lock acquired on daemon addresses registry.
2026-03-29T16:30:34.616-0500 [DEBUG] [org.gradle.cache.internal.DefaultFileLockManager] Releasing lock on daemon addresses registry.
2026-03-29T16:30:44.614-0500 [DEBUG] [org.gradle.cache.internal.DefaultFileLockManager] Waiting to acquire shared lock on daemon addresses registry.
2026-03-29T16:30:44.615-0500 [DEBUG] [org.gradle.cache.internal.DefaultFileLockManager] Lock acquired on daemon addresses registry.
2026-03-29T16:30:44.618-0500 [DEBUG] [org.gradle.cache.internal.DefaultFileLockManager] Releasing lock on daemon addresses registry.
2026-03-29T16:30:44.624-0500 [DEBUG] [org.gradle.cache.internal.DefaultFileLockManager] Waiting to acquire shared lock on daemon addresses registry.
2026-03-29T16:30:44.625-0500 [DEBUG] [org.gradle.cache.internal.DefaultFileLockManager] Lock acquired on daemon addresses registry.
2026-03-29T16:30:44.626-0500 [DEBUG] [org.gradle.cache.internal.DefaultFileLockManager] Releasing lock on daemon addresses registry.
2026-03-29T16:30:44.631-0500 [DEBUG] [org.gradle.cache.internal.DefaultFileLockManager] Waiting to acquire shared lock on daemon addresses registry.
2026-03-29T16:30:44.631-0500 [DEBUG] [org.gradle.cache.internal.DefaultFileLockManager] Lock acquired on daemon addresses registry.
2026-03-29T16:30:44.633-0500 [DEBUG] [org.gradle.cache.internal.DefaultFileLockManager] Releasing lock on daemon addresses registry.
2026-03-29T16:30:48.830-0500 [DEBUG] [sun.rmi.transport.tcp] RMI TCP Connection(7)-127.0.0.1: (port 2680) connection closed
2026-03-29T16:30:48.840-0500 [DEBUG] [sun.rmi.transport.tcp] RMI TCP Connection(7)-127.0.0.1: close connection, socket: Socket[addr=/127.0.0.1,port=5173,localport=2680]
2026-03-29T16:30:48.881-0500 [DEBUG] [org.gradle.process.internal.health.memory.DefaultMemoryManager] 841566208 physical memory requested, 632946688 free
2026-03-29T16:30:48.882-0500 [DEBUG] [org.gradle.workers.internal.WorkerDaemonExpiration] Will attempt to release 802 of memory
2026-03-29T16:30:48.883-0500 [DEBUG] [org.gradle.process.internal.health.memory.DefaultMemoryManager] 841566208 physical memory requested, 0 released, 632946688 free
2026-03-29T16:30:48.890-0500 [DEBUG] [sun.rmi.transport.tcp] RMI TCP Connection(7)-127.0.0.1: socket close: Socket[addr=/127.0.0.1,port=5173,localport=2680]
2026-03-29T16:30:53.881-0500 [DEBUG] [org.gradle.process.internal.health.memory.DefaultMemoryManager] 841566208 physical memory requested, 679972864 free
2026-03-29T16:30:53.881-0500 [DEBUG] [org.gradle.workers.internal.WorkerDaemonExpiration] Will attempt to release 802 of memory
2026-03-29T16:30:53.881-0500 [DEBUG] [org.gradle.process.internal.health.memory.DefaultMemoryManager] 841566208 physical memory requested, 0 released, 679972864 free
2026-03-29T16:30:54.609-0500 [DEBUG] [org.gradle.cache.internal.DefaultFileLockManager] Waiting to acquire shared lock on daemon addresses registry.
2026-03-29T16:30:54.610-0500 [DEBUG] [org.gradle.cache.internal.DefaultFileLockManager] Lock acquired on daemon addresses registry.
2026-03-29T16:30:54.611-0500 [DEBUG] [org.gradle.cache.internal.DefaultFileLockManager] Releasing lock on daemon addresses registry.
2026-03-29T16:30:54.614-0500 [DEBUG] [org.gradle.cache.internal.DefaultFileLockManager] Waiting to acquire shared lock on daemon addresses registry.
2026-03-29T16:30:54.614-0500 [DEBUG] [org.gradle.cache.internal.DefaultFileLockManager] Lock acquired on daemon addresses registry.
2026-03-29T16:30:54.615-0500 [DEBUG] [org.gradle.cache.internal.DefaultFileLockManager] Releasing lock on daemon addresses registry.
2026-03-29T16:30:54.617-0500 [DEBUG] [org.gradle.cache.internal.DefaultFileLockManager] Waiting to acquire shared lock on daemon addresses registry.
2026-03-29T16:30:54.618-0500 [DEBUG] [org.gradle.cache.internal.DefaultFileLockManager] Lock acquired on daemon addresses registry.
2026-03-29T16:30:54.618-0500 [DEBUG] [org.gradle.cache.internal.DefaultFileLockManager] Releasing lock on daemon addresses registry.
2026-03-29T16:31:04.609-0500 [DEBUG] [org.gradle.cache.internal.DefaultFileLockManager] Waiting to acquire shared lock on daemon addresses registry.
2026-03-29T16:31:04.610-0500 [DEBUG] [org.gradle.cache.internal.DefaultFileLockManager] Lock acquired on daemon addresses registry.
2026-03-29T16:31:04.610-0500 [DEBUG] [org.gradle.cache.internal.DefaultFileLockManager] Releasing lock on daemon addresses registry.
2026-03-29T16:31:04.612-0500 [DEBUG] [org.gradle.cache.internal.DefaultFileLockManager] Waiting to acquire shared lock on daemon addresses registry.
2026-03-29T16:31:04.612-0500 [DEBUG] [org.gradle.cache.internal.DefaultFileLockManager] Lock acquired on daemon addresses registry.
2026-03-29T16:31:04.613-0500 [DEBUG] [org.gradle.cache.internal.DefaultFileLockManager] Releasing lock on daemon addresses registry.
2026-03-29T16:31:04.615-0500 [DEBUG] [org.gradle.cache.internal.DefaultFileLockManager] Waiting to acquire shared lock on daemon addresses registry.
2026-03-29T16:31:04.616-0500 [DEBUG] [org.gradle.cache.internal.DefaultFileLockManager] Lock acquired on daemon addresses registry.
2026-03-29T16:31:04.617-0500 [DEBUG] [org.gradle.cache.internal.DefaultFileLockManager] Releasing lock on daemon addresses registry.
2026-03-29T16:31:14.608-0500 [DEBUG] [org.gradle.cache.internal.DefaultFileLockManager] Waiting to acquire shared lock on daemon addresses registry.
2026-03-29T16:31:14.609-0500 [DEBUG] [org.gradle.cache.internal.DefaultFileLockManager] Lock acquired on daemon addresses registry.
2026-03-29T16:31:14.609-0500 [DEBUG] [org.gradle.cache.internal.DefaultFileLockManager] Releasing lock on daemon addresses registry.
2026-03-29T16:31:14.611-0500 [DEBUG] [org.gradle.cache.internal.DefaultFileLockManager] Waiting to acquire shared lock on daemon addresses registry.
2026-03-29T16:31:14.630-0500 [DEBUG] [org.gradle.cache.internal.DefaultFileLockManager] Lock acquired on daemon addresses registry.
2026-03-29T16:31:14.631-0500 [DEBUG] [org.gradle.cache.internal.DefaultFileLockManager] Releasing lock on daemon addresses registry.
2026-03-29T16:31:14.644-0500 [DEBUG] [org.gradle.cache.internal.DefaultFileLockManager] Waiting to acquire shared lock on daemon addresses registry.
2026-03-29T16:31:14.644-0500 [DEBUG] [org.gradle.cache.internal.DefaultFileLockManager] Lock acquired on daemon addresses registry.
2026-03-29T16:31:14.644-0500 [DEBUG] [org.gradle.cache.internal.DefaultFileLockManager] Releasing lock on daemon addresses registry.
2026-03-29T16:31:24.610-0500 [DEBUG] [org.gradle.cache.internal.DefaultFileLockManager] Waiting to acquire shared lock on daemon addresses registry.
2026-03-29T16:31:24.610-0500 [DEBUG] [org.gradle.cache.internal.DefaultFileLockManager] Lock acquired on daemon addresses registry.
2026-03-29T16:31:24.610-0500 [DEBUG] [org.gradle.cache.internal.DefaultFileLockManager] Releasing lock on daemon addresses registry.
2026-03-29T16:31:24.682-0500 [DEBUG] [org.gradle.cache.internal.DefaultFileLockManager] Waiting to acquire shared lock on daemon addresses registry.
2026-03-29T16:31:24.688-0500 [DEBUG] [org.gradle.cache.internal.DefaultFileLockManager] Lock acquired on daemon addresses registry.
2026-03-29T16:31:24.688-0500 [DEBUG] [org.gradle.cache.internal.DefaultFileLockManager] Releasing lock on daemon addresses registry.
2026-03-29T16:31:24.701-0500 [DEBUG] [org.gradle.cache.internal.DefaultFileLockManager] Waiting to acquire shared lock on daemon addresses registry.
2026-03-29T16:31:24.711-0500 [DEBUG] [org.gradle.cache.internal.DefaultFileLockManager] Lock acquired on daemon addresses registry.
2026-03-29T16:31:24.717-0500 [DEBUG] [org.gradle.cache.internal.DefaultFileLockManager] Releasing lock on daemon addresses registry.
2026-03-29T16:31:34.611-0500 [DEBUG] [org.gradle.cache.internal.DefaultFileLockManager] Waiting to acquire shared lock on daemon addresses registry.
2026-03-29T16:31:34.611-0500 [DEBUG] [org.gradle.cache.internal.DefaultFileLockManager] Lock acquired on daemon addresses registry.
2026-03-29T16:31:34.612-0500 [DEBUG] [org.gradle.cache.internal.DefaultFileLockManager] Releasing lock on daemon addresses registry.
2026-03-29T16:31:34.616-0500 [DEBUG] [org.gradle.cache.internal.DefaultFileLockManager] Waiting to acquire shared lock on daemon addresses registry.
2026-03-29T16:31:34.616-0500 [DEBUG] [org.gradle.cache.internal.DefaultFileLockManager] Lock acquired on daemon addresses registry.
2026-03-29T16:31:34.617-0500 [DEBUG] [org.gradle.cache.internal.DefaultFileLockManager] Releasing lock on daemon addresses registry.
2026-03-29T16:31:34.620-0500 [DEBUG] [org.gradle.cache.internal.DefaultFileLockManager] Waiting to acquire shared lock on daemon addresses registry.
2026-03-29T16:31:34.620-0500 [DEBUG] [org.gradle.cache.internal.DefaultFileLockManager] Lock acquired on daemon addresses registry.
2026-03-29T16:31:34.622-0500 [DEBUG] [org.gradle.cache.internal.DefaultFileLockManager] Releasing lock on daemon addresses registry.
2026-03-29T16:31:44.610-0500 [DEBUG] [org.gradle.cache.internal.DefaultFileLockManager] Waiting to acquire shared lock on daemon addresses registry.
2026-03-29T16:31:44.611-0500 [DEBUG] [org.gradle.cache.internal.DefaultFileLockManager] Lock acquired on daemon addresses registry.
2026-03-29T16:31:44.612-0500 [DEBUG] [org.gradle.cache.internal.DefaultFileLockManager] Releasing lock on daemon addresses registry.
2026-03-29T16:31:44.615-0500 [DEBUG] [org.gradle.cache.internal.DefaultFileLockManager] Waiting to acquire shared lock on daemon addresses registry.
2026-03-29T16:31:44.616-0500 [DEBUG] [org.gradle.cache.internal.DefaultFileLockManager] Lock acquired on daemon addresses registry.
2026-03-29T16:31:44.616-0500 [DEBUG] [org.gradle.cache.internal.DefaultFileLockManager] Releasing lock on daemon addresses registry.
2026-03-29T16:31:44.619-0500 [DEBUG] [org.gradle.cache.internal.DefaultFileLockManager] Waiting to acquire shared lock on daemon addresses registry.
2026-03-29T16:31:44.619-0500 [DEBUG] [org.gradle.cache.internal.DefaultFileLockManager] Lock acquired on daemon addresses registry.
2026-03-29T16:31:44.620-0500 [DEBUG] [org.gradle.cache.internal.DefaultFileLockManager] Releasing lock on daemon addresses registry.
2026-03-29T16:31:54.612-0500 [DEBUG] [org.gradle.cache.internal.DefaultFileLockManager] Waiting to acquire shared lock on daemon addresses registry.
2026-03-29T16:31:54.612-0500 [DEBUG] [org.gradle.cache.internal.DefaultFileLockManager] Lock acquired on daemon addresses registry.
2026-03-29T16:31:54.623-0500 [DEBUG] [org.gradle.cache.internal.DefaultFileLockManager] Releasing lock on daemon addresses registry.
2026-03-29T16:31:54.627-0500 [DEBUG] [org.gradle.cache.internal.DefaultFileLockManager] Waiting to acquire shared lock on daemon addresses registry.
2026-03-29T16:31:54.628-0500 [DEBUG] [org.gradle.cache.internal.DefaultFileLockManager] Lock acquired on daemon addresses registry.
2026-03-29T16:31:54.628-0500 [DEBUG] [org.gradle.cache.internal.DefaultFileLockManager] Releasing lock on daemon addresses registry.
2026-03-29T16:31:54.631-0500 [DEBUG] [org.gradle.cache.internal.DefaultFileLockManager] Waiting to acquire shared lock on daemon addresses registry.
2026-03-29T16:31:54.631-0500 [DEBUG] [org.gradle.cache.internal.DefaultFileLockManager] Lock acquired on daemon addresses registry.
2026-03-29T16:31:54.632-0500 [DEBUG] [org.gradle.cache.internal.DefaultFileLockManager] Releasing lock on daemon addresses registry.
2026-03-29T16:32:04.609-0500 [DEBUG] [org.gradle.cache.internal.DefaultFileLockManager] Waiting to acquire shared lock on daemon addresses registry.
2026-03-29T16:32:04.610-0500 [DEBUG] [org.gradle.cache.internal.DefaultFileLockManager] Lock acquired on daemon addresses registry.
2026-03-29T16:32:04.611-0500 [DEBUG] [org.gradle.cache.internal.DefaultFileLockManager] Releasing lock on daemon addresses registry.
2026-03-29T16:32:04.613-0500 [DEBUG] [org.gradle.cache.internal.DefaultFileLockManager] Waiting to acquire shared lock on daemon addresses registry.
2026-03-29T16:32:04.614-0500 [DEBUG] [org.gradle.cache.internal.DefaultFileLockManager] Lock acquired on daemon addresses registry.
2026-03-29T16:32:04.614-0500 [DEBUG] [org.gradle.cache.internal.DefaultFileLockManager] Releasing lock on daemon addresses registry.
2026-03-29T16:32:04.617-0500 [DEBUG] [org.gradle.cache.internal.DefaultFileLockManager] Waiting to acquire shared lock on daemon addresses registry.
2026-03-29T16:32:04.617-0500 [DEBUG] [org.gradle.cache.internal.DefaultFileLockManager] Lock acquired on daemon addresses registry.
2026-03-29T16:32:04.619-0500 [DEBUG] [org.gradle.cache.internal.DefaultFileLockManager] Releasing lock on daemon addresses registry.
2026-03-29T16:32:07.975-0500 [DEBUG] [sun.rmi.transport.tcp] RMI TCP Connection(8)-127.0.0.1: accepted socket from [127.0.0.1:5401]
2026-03-29T16:32:07.979-0500 [DEBUG] [sun.rmi.transport.tcp] RMI TCP Connection(8)-127.0.0.1: (port 2680) op = 80
2026-03-29T16:32:07.986-0500 [DEBUG] [sun.rmi.loader] RMI TCP Connection(8)-127.0.0.1: name = "[Ljava.rmi.server.ObjID;", codebase = "", defaultLoader = jdk.internal.loader.ClassLoaders$PlatformClassLoader@49c3aee4
2026-03-29T16:32:07.987-0500 [DEBUG] [sun.rmi.loader] RMI TCP Connection(8)-127.0.0.1: name = "java.rmi.dgc.Lease", codebase = "", defaultLoader = jdk.internal.loader.ClassLoaders$PlatformClassLoader@49c3aee4
2026-03-29T16:32:07.988-0500 [DEBUG] [sun.rmi.loader] RMI TCP Connection(8)-127.0.0.1: name = "java.rmi.dgc.VMID", codebase = "", defaultLoader = jdk.internal.loader.ClassLoaders$PlatformClassLoader@49c3aee4
2026-03-29T16:32:07.989-0500 [DEBUG] [sun.rmi.loader] RMI TCP Connection(8)-127.0.0.1: name = "[B", codebase = "", defaultLoader = jdk.internal.loader.ClassLoaders$PlatformClassLoader@49c3aee4
2026-03-29T16:32:07.989-0500 [DEBUG] [sun.rmi.loader] RMI TCP Connection(8)-127.0.0.1: name = "java.rmi.server.UID", codebase = "", defaultLoader = jdk.internal.loader.ClassLoaders$PlatformClassLoader@49c3aee4
2026-03-29T16:32:14.607-0500 [DEBUG] [org.gradle.cache.internal.DefaultFileLockManager] Waiting to acquire shared lock on daemon addresses registry.
2026-03-29T16:32:14.608-0500 [DEBUG] [org.gradle.cache.internal.DefaultFileLockManager] Lock acquired on daemon addresses registry.
2026-03-29T16:32:14.609-0500 [DEBUG] [org.gradle.cache.internal.DefaultFileLockManager] Releasing lock on daemon addresses registry.
2026-03-29T16:32:14.611-0500 [DEBUG] [org.gradle.cache.internal.DefaultFileLockManager] Waiting to acquire shared lock on daemon addresses registry.
2026-03-29T16:32:14.612-0500 [DEBUG] [org.gradle.cache.internal.DefaultFileLockManager] Lock acquired on daemon addresses registry.
2026-03-29T16:32:14.612-0500 [DEBUG] [org.gradle.cache.internal.DefaultFileLockManager] Releasing lock on daemon addresses registry.
2026-03-29T16:32:14.614-0500 [DEBUG] [org.gradle.cache.internal.DefaultFileLockManager] Waiting to acquire shared lock on daemon addresses registry.
2026-03-29T16:32:14.614-0500 [DEBUG] [org.gradle.cache.internal.DefaultFileLockManager] Lock acquired on daemon addresses registry.
2026-03-29T16:32:14.615-0500 [DEBUG] [org.gradle.cache.internal.DefaultFileLockManager] Releasing lock on daemon addresses registry.
2026-03-29T16:32:22.998-0500 [DEBUG] [sun.rmi.transport.tcp] RMI TCP Connection(8)-127.0.0.1: (port 2680) connection closed
2026-03-29T16:32:22.999-0500 [DEBUG] [sun.rmi.transport.tcp] RMI TCP Connection(8)-127.0.0.1: close connection, socket: Socket[addr=/127.0.0.1,port=5401,localport=2680]
2026-03-29T16:32:23.000-0500 [DEBUG] [sun.rmi.transport.tcp] RMI TCP Connection(8)-127.0.0.1: socket close: Socket[addr=/127.0.0.1,port=5401,localport=2680]
2026-03-29T16:32:24.610-0500 [DEBUG] [org.gradle.cache.internal.DefaultFileLockManager] Waiting to acquire shared lock on daemon addresses registry.
2026-03-29T16:32:24.610-0500 [DEBUG] [org.gradle.cache.internal.DefaultFileLockManager] Lock acquired on daemon addresses registry.
2026-03-29T16:32:24.611-0500 [DEBUG] [org.gradle.cache.internal.DefaultFileLockManager] Releasing lock on daemon addresses registry.
2026-03-29T16:32:24.614-0500 [DEBUG] [org.gradle.cache.internal.DefaultFileLockManager] Waiting to acquire shared lock on daemon addresses registry.
2026-03-29T16:32:24.614-0500 [DEBUG] [org.gradle.cache.internal.DefaultFileLockManager] Lock acquired on daemon addresses registry.
2026-03-29T16:32:24.615-0500 [DEBUG] [org.gradle.cache.internal.DefaultFileLockManager] Releasing lock on daemon addresses registry.
2026-03-29T16:32:24.617-0500 [DEBUG] [org.gradle.cache.internal.DefaultFileLockManager] Waiting to acquire shared lock on daemon addresses registry.
2026-03-29T16:32:24.618-0500 [DEBUG] [org.gradle.cache.internal.DefaultFileLockManager] Lock acquired on daemon addresses registry.
2026-03-29T16:32:24.618-0500 [DEBUG] [org.gradle.cache.internal.DefaultFileLockManager] Releasing lock on daemon addresses registry.
2026-03-29T16:32:34.613-0500 [DEBUG] [org.gradle.cache.internal.DefaultFileLockManager] Waiting to acquire shared lock on daemon addresses registry.
2026-03-29T16:32:34.614-0500 [DEBUG] [org.gradle.cache.internal.DefaultFileLockManager] Lock acquired on daemon addresses registry.
2026-03-29T16:32:34.615-0500 [DEBUG] [org.gradle.cache.internal.DefaultFileLockManager] Releasing lock on daemon addresses registry.
2026-03-29T16:32:34.623-0500 [DEBUG] [org.gradle.cache.internal.DefaultFileLockManager] Waiting to acquire shared lock on daemon addresses registry.
2026-03-29T16:32:34.625-0500 [DEBUG] [org.gradle.cache.internal.DefaultFileLockManager] Lock acquired on daemon addresses registry.
2026-03-29T16:32:34.625-0500 [DEBUG] [org.gradle.cache.internal.DefaultFileLockManager] Releasing lock on daemon addresses registry.
2026-03-29T16:32:34.631-0500 [DEBUG] [org.gradle.cache.internal.DefaultFileLockManager] Waiting to acquire shared lock on daemon addresses registry.
2026-03-29T16:32:34.634-0500 [DEBUG] [org.gradle.cache.internal.DefaultFileLockManager] Lock acquired on daemon addresses registry.
2026-03-29T16:32:34.637-0500 [DEBUG] [org.gradle.cache.internal.DefaultFileLockManager] Releasing lock on daemon addresses registry.
2026-03-29T16:32:44.611-0500 [DEBUG] [org.gradle.cache.internal.DefaultFileLockManager] Waiting to acquire shared lock on daemon addresses registry.
2026-03-29T16:32:44.611-0500 [DEBUG] [org.gradle.cache.internal.DefaultFileLockManager] Lock acquired on daemon addresses registry.
2026-03-29T16:32:44.612-0500 [DEBUG] [org.gradle.cache.internal.DefaultFileLockManager] Releasing lock on daemon addresses registry.
2026-03-29T16:32:44.614-0500 [DEBUG] [org.gradle.cache.internal.DefaultFileLockManager] Waiting to acquire shared lock on daemon addresses registry.
2026-03-29T16:32:44.615-0500 [DEBUG] [org.gradle.cache.internal.DefaultFileLockManager] Lock acquired on daemon addresses registry.
2026-03-29T16:32:44.615-0500 [DEBUG] [org.gradle.cache.internal.DefaultFileLockManager] Releasing lock on daemon addresses registry.
2026-03-29T16:32:44.617-0500 [DEBUG] [org.gradle.cache.internal.DefaultFileLockManager] Waiting to acquire shared lock on daemon addresses registry.
2026-03-29T16:32:44.619-0500 [DEBUG] [org.gradle.cache.internal.DefaultFileLockManager] Lock acquired on daemon addresses registry.
2026-03-29T16:32:44.620-0500 [DEBUG] [org.gradle.cache.internal.DefaultFileLockManager] Releasing lock on daemon addresses registry.
2026-03-29T16:32:54.609-0500 [DEBUG] [org.gradle.cache.internal.DefaultFileLockManager] Waiting to acquire shared lock on daemon addresses registry.
2026-03-29T16:32:54.609-0500 [DEBUG] [org.gradle.cache.internal.DefaultFileLockManager] Lock acquired on daemon addresses registry.
2026-03-29T16:32:54.611-0500 [DEBUG] [org.gradle.cache.internal.DefaultFileLockManager] Releasing lock on daemon addresses registry.
2026-03-29T16:32:54.613-0500 [DEBUG] [org.gradle.cache.internal.DefaultFileLockManager] Waiting to acquire shared lock on daemon addresses registry.
2026-03-29T16:32:54.614-0500 [DEBUG] [org.gradle.cache.internal.DefaultFileLockManager] Lock acquired on daemon addresses registry.
2026-03-29T16:32:54.614-0500 [DEBUG] [org.gradle.cache.internal.DefaultFileLockManager] Releasing lock on daemon addresses registry.
2026-03-29T16:32:54.616-0500 [DEBUG] [org.gradle.cache.internal.DefaultFileLockManager] Waiting to acquire shared lock on daemon addresses registry.
2026-03-29T16:32:54.616-0500 [DEBUG] [org.gradle.cache.internal.DefaultFileLockManager] Lock acquired on daemon addresses registry.
2026-03-29T16:32:54.617-0500 [DEBUG] [org.gradle.cache.internal.DefaultFileLockManager] Releasing lock on daemon addresses registry.
2026-03-29T16:33:04.612-0500 [DEBUG] [org.gradle.cache.internal.DefaultFileLockManager] Waiting to acquire shared lock on daemon addresses registry.
2026-03-29T16:33:04.613-0500 [DEBUG] [org.gradle.cache.internal.DefaultFileLockManager] Lock acquired on daemon addresses registry.
2026-03-29T16:33:04.617-0500 [DEBUG] [org.gradle.cache.internal.DefaultFileLockManager] Releasing lock on daemon addresses registry.
2026-03-29T16:33:04.622-0500 [DEBUG] [org.gradle.cache.internal.DefaultFileLockManager] Waiting to acquire shared lock on daemon addresses registry.
2026-03-29T16:33:04.622-0500 [DEBUG] [org.gradle.cache.internal.DefaultFileLockManager] Lock acquired on daemon addresses registry.
2026-03-29T16:33:04.623-0500 [DEBUG] [org.gradle.cache.internal.DefaultFileLockManager] Releasing lock on daemon addresses registry.
2026-03-29T16:33:04.625-0500 [DEBUG] [org.gradle.cache.internal.DefaultFileLockManager] Waiting to acquire shared lock on daemon addresses registry.
2026-03-29T16:33:04.625-0500 [DEBUG] [org.gradle.cache.internal.DefaultFileLockManager] Lock acquired on daemon addresses registry.
2026-03-29T16:33:04.626-0500 [DEBUG] [org.gradle.cache.internal.DefaultFileLockManager] Releasing lock on daemon addresses registry.
2026-03-29T16:33:13.880-0500 [DEBUG] [org.gradle.process.internal.health.memory.DefaultMemoryManager] 841566208 physical memory requested, 832172032 free
2026-03-29T16:33:13.880-0500 [DEBUG] [org.gradle.workers.internal.WorkerDaemonExpiration] Will attempt to release 802 of memory
2026-03-29T16:33:13.880-0500 [DEBUG] [org.gradle.process.internal.health.memory.DefaultMemoryManager] 841566208 physical memory requested, 0 released, 832172032 free
2026-03-29T16:33:14.609-0500 [DEBUG] [org.gradle.cache.internal.DefaultFileLockManager] Waiting to acquire shared lock on daemon addresses registry.
2026-03-29T16:33:14.609-0500 [DEBUG] [org.gradle.cache.internal.DefaultFileLockManager] Lock acquired on daemon addresses registry.
2026-03-29T16:33:14.611-0500 [DEBUG] [org.gradle.cache.internal.DefaultFileLockManager] Releasing lock on daemon addresses registry.
2026-03-29T16:33:14.613-0500 [DEBUG] [org.gradle.cache.internal.DefaultFileLockManager] Waiting to acquire shared lock on daemon addresses registry.
2026-03-29T16:33:14.613-0500 [DEBUG] [org.gradle.cache.internal.DefaultFileLockManager] Lock acquired on daemon addresses registry.
2026-03-29T16:33:14.614-0500 [DEBUG] [org.gradle.cache.internal.DefaultFileLockManager] Releasing lock on daemon addresses registry.
2026-03-29T16:33:14.615-0500 [DEBUG] [org.gradle.cache.internal.DefaultFileLockManager] Waiting to acquire shared lock on daemon addresses registry.
2026-03-29T16:33:14.616-0500 [DEBUG] [org.gradle.cache.internal.DefaultFileLockManager] Lock acquired on daemon addresses registry.
2026-03-29T16:33:14.616-0500 [DEBUG] [org.gradle.cache.internal.DefaultFileLockManager] Releasing lock on daemon addresses registry.
2026-03-29T16:33:24.609-0500 [DEBUG] [org.gradle.cache.internal.DefaultFileLockManager] Waiting to acquire shared lock on daemon addresses registry.
2026-03-29T16:33:24.610-0500 [DEBUG] [org.gradle.cache.internal.DefaultFileLockManager] Lock acquired on daemon addresses registry.
2026-03-29T16:33:24.610-0500 [DEBUG] [org.gradle.cache.internal.DefaultFileLockManager] Releasing lock on daemon addresses registry.
2026-03-29T16:33:24.612-0500 [DEBUG] [org.gradle.cache.internal.DefaultFileLockManager] Waiting to acquire shared lock on daemon addresses registry.
2026-03-29T16:33:24.612-0500 [DEBUG] [org.gradle.cache.internal.DefaultFileLockManager] Lock acquired on daemon addresses registry.
2026-03-29T16:33:24.612-0500 [DEBUG] [org.gradle.cache.internal.DefaultFileLockManager] Releasing lock on daemon addresses registry.
2026-03-29T16:33:24.614-0500 [DEBUG] [org.gradle.cache.internal.DefaultFileLockManager] Waiting to acquire shared lock on daemon addresses registry.
2026-03-29T16:33:24.614-0500 [DEBUG] [org.gradle.cache.internal.DefaultFileLockManager] Lock acquired on daemon addresses registry.
2026-03-29T16:33:24.614-0500 [DEBUG] [org.gradle.cache.internal.DefaultFileLockManager] Releasing lock on daemon addresses registry.
2026-03-29T16:33:34.613-0500 [DEBUG] [org.gradle.cache.internal.DefaultFileLockManager] Waiting to acquire shared lock on daemon addresses registry.
2026-03-29T16:33:34.613-0500 [DEBUG] [org.gradle.cache.internal.DefaultFileLockManager] Lock acquired on daemon addresses registry.
2026-03-29T16:33:34.617-0500 [DEBUG] [org.gradle.cache.internal.DefaultFileLockManager] Releasing lock on daemon addresses registry.
2026-03-29T16:33:34.623-0500 [DEBUG] [org.gradle.cache.internal.DefaultFileLockManager] Waiting to acquire shared lock on daemon addresses registry.
2026-03-29T16:33:34.624-0500 [DEBUG] [org.gradle.cache.internal.DefaultFileLockManager] Lock acquired on daemon addresses registry.
2026-03-29T16:33:34.625-0500 [DEBUG] [org.gradle.cache.internal.DefaultFileLockManager] Releasing lock on daemon addresses registry.
2026-03-29T16:33:34.628-0500 [DEBUG] [org.gradle.cache.internal.DefaultFileLockManager] Waiting to acquire shared lock on daemon addresses registry.
2026-03-29T16:33:34.629-0500 [DEBUG] [org.gradle.cache.internal.DefaultFileLockManager] Lock acquired on daemon addresses registry.
2026-03-29T16:33:34.629-0500 [DEBUG] [org.gradle.cache.internal.DefaultFileLockManager] Releasing lock on daemon addresses registry.
2026-03-29T16:33:44.611-0500 [DEBUG] [org.gradle.cache.internal.DefaultFileLockManager] Waiting to acquire shared lock on daemon addresses registry.
2026-03-29T16:33:44.611-0500 [DEBUG] [org.gradle.cache.internal.DefaultFileLockManager] Lock acquired on daemon addresses registry.
2026-03-29T16:33:44.612-0500 [DEBUG] [org.gradle.cache.internal.DefaultFileLockManager] Releasing lock on daemon addresses registry.
2026-03-29T16:33:44.616-0500 [DEBUG] [org.gradle.cache.internal.DefaultFileLockManager] Waiting to acquire shared lock on daemon addresses registry.
2026-03-29T16:33:44.617-0500 [DEBUG] [org.gradle.cache.internal.DefaultFileLockManager] Lock acquired on daemon addresses registry.
2026-03-29T16:33:44.618-0500 [DEBUG] [org.gradle.cache.internal.DefaultFileLockManager] Releasing lock on daemon addresses registry.
2026-03-29T16:33:44.621-0500 [DEBUG] [org.gradle.cache.internal.DefaultFileLockManager] Waiting to acquire shared lock on daemon addresses registry.
2026-03-29T16:33:44.621-0500 [DEBUG] [org.gradle.cache.internal.DefaultFileLockManager] Lock acquired on daemon addresses registry.
2026-03-29T16:33:44.622-0500 [DEBUG] [org.gradle.cache.internal.DefaultFileLockManager] Releasing lock on daemon addresses registry.
2026-03-29T16:33:54.608-0500 [DEBUG] [org.gradle.cache.internal.DefaultFileLockManager] Waiting to acquire shared lock on daemon addresses registry.
2026-03-29T16:33:54.608-0500 [DEBUG] [org.gradle.cache.internal.DefaultFileLockManager] Lock acquired on daemon addresses registry.
2026-03-29T16:33:54.621-0500 [DEBUG] [org.gradle.cache.internal.DefaultFileLockManager] Releasing lock on daemon addresses registry.
2026-03-29T16:33:54.623-0500 [DEBUG] [org.gradle.cache.internal.DefaultFileLockManager] Waiting to acquire shared lock on daemon addresses registry.
2026-03-29T16:33:54.624-0500 [DEBUG] [org.gradle.cache.internal.DefaultFileLockManager] Lock acquired on daemon addresses registry.
2026-03-29T16:33:54.624-0500 [DEBUG] [org.gradle.cache.internal.DefaultFileLockManager] Releasing lock on daemon addresses registry.
2026-03-29T16:33:54.625-0500 [DEBUG] [org.gradle.cache.internal.DefaultFileLockManager] Waiting to acquire shared lock on daemon addresses registry.
2026-03-29T16:33:54.625-0500 [DEBUG] [org.gradle.cache.internal.DefaultFileLockManager] Lock acquired on daemon addresses registry.
2026-03-29T16:33:54.626-0500 [DEBUG] [org.gradle.cache.internal.DefaultFileLockManager] Releasing lock on daemon addresses registry.
2026-03-29T16:34:04.609-0500 [DEBUG] [org.gradle.cache.internal.DefaultFileLockManager] Waiting to acquire shared lock on daemon addresses registry.
2026-03-29T16:34:04.609-0500 [DEBUG] [org.gradle.cache.internal.DefaultFileLockManager] Lock acquired on daemon addresses registry.
2026-03-29T16:34:04.610-0500 [DEBUG] [org.gradle.cache.internal.DefaultFileLockManager] Releasing lock on daemon addresses registry.
2026-03-29T16:34:04.612-0500 [DEBUG] [org.gradle.cache.internal.DefaultFileLockManager] Waiting to acquire shared lock on daemon addresses registry.
2026-03-29T16:34:04.612-0500 [DEBUG] [org.gradle.cache.internal.DefaultFileLockManager] Lock acquired on daemon addresses registry.
2026-03-29T16:34:04.613-0500 [DEBUG] [org.gradle.cache.internal.DefaultFileLockManager] Releasing lock on daemon addresses registry.
2026-03-29T16:34:04.614-0500 [DEBUG] [org.gradle.cache.internal.DefaultFileLockManager] Waiting to acquire shared lock on daemon addresses registry.
2026-03-29T16:34:04.614-0500 [DEBUG] [org.gradle.cache.internal.DefaultFileLockManager] Lock acquired on daemon addresses registry.
2026-03-29T16:34:04.615-0500 [DEBUG] [org.gradle.cache.internal.DefaultFileLockManager] Releasing lock on daemon addresses registry.
2026-03-29T16:34:14.624-0500 [DEBUG] [org.gradle.cache.internal.DefaultFileLockManager] Waiting to acquire shared lock on daemon addresses registry.
2026-03-29T16:34:14.625-0500 [DEBUG] [org.gradle.cache.internal.DefaultFileLockManager] Lock acquired on daemon addresses registry.
2026-03-29T16:34:14.626-0500 [DEBUG] [org.gradle.cache.internal.DefaultFileLockManager] Releasing lock on daemon addresses registry.
2026-03-29T16:34:14.631-0500 [DEBUG] [org.gradle.cache.internal.DefaultFileLockManager] Waiting to acquire shared lock on daemon addresses registry.
2026-03-29T16:34:14.631-0500 [DEBUG] [org.gradle.cache.internal.DefaultFileLockManager] Lock acquired on daemon addresses registry.
2026-03-29T16:34:14.632-0500 [DEBUG] [org.gradle.cache.internal.DefaultFileLockManager] Releasing lock on daemon addresses registry.
2026-03-29T16:34:14.634-0500 [DEBUG] [org.gradle.cache.internal.DefaultFileLockManager] Waiting to acquire shared lock on daemon addresses registry.
2026-03-29T16:34:14.635-0500 [DEBUG] [org.gradle.cache.internal.DefaultFileLockManager] Lock acquired on daemon addresses registry.
2026-03-29T16:34:14.635-0500 [DEBUG] [org.gradle.cache.internal.DefaultFileLockManager] Releasing lock on daemon addresses registry.
2026-03-29T16:34:24.611-0500 [DEBUG] [org.gradle.cache.internal.DefaultFileLockManager] Waiting to acquire shared lock on daemon addresses registry.
2026-03-29T16:34:24.611-0500 [DEBUG] [org.gradle.cache.internal.DefaultFileLockManager] Lock acquired on daemon addresses registry.
2026-03-29T16:34:24.614-0500 [DEBUG] [org.gradle.cache.internal.DefaultFileLockManager] Releasing lock on daemon addresses registry.
2026-03-29T16:34:24.615-0500 [DEBUG] [org.gradle.cache.internal.DefaultFileLockManager] Waiting to acquire shared lock on daemon addresses registry.
2026-03-29T16:34:24.615-0500 [DEBUG] [org.gradle.cache.internal.DefaultFileLockManager] Lock acquired on daemon addresses registry.
2026-03-29T16:34:24.616-0500 [DEBUG] [org.gradle.cache.internal.DefaultFileLockManager] Releasing lock on daemon addresses registry.
2026-03-29T16:34:24.617-0500 [DEBUG] [org.gradle.cache.internal.DefaultFileLockManager] Waiting to acquire shared lock on daemon addresses registry.
2026-03-29T16:34:24.617-0500 [DEBUG] [org.gradle.cache.internal.DefaultFileLockManager] Lock acquired on daemon addresses registry.
2026-03-29T16:34:24.617-0500 [DEBUG] [org.gradle.cache.internal.DefaultFileLockManager] Releasing lock on daemon addresses registry.
2026-03-29T16:34:34.609-0500 [DEBUG] [org.gradle.cache.internal.DefaultFileLockManager] Waiting to acquire shared lock on daemon addresses registry.
2026-03-29T16:34:34.609-0500 [DEBUG] [org.gradle.cache.internal.DefaultFileLockManager] Lock acquired on daemon addresses registry.
2026-03-29T16:34:34.609-0500 [DEBUG] [org.gradle.cache.internal.DefaultFileLockManager] Releasing lock on daemon addresses registry.
2026-03-29T16:34:34.612-0500 [DEBUG] [org.gradle.cache.internal.DefaultFileLockManager] Waiting to acquire shared lock on daemon addresses registry.
2026-03-29T16:34:34.612-0500 [DEBUG] [org.gradle.cache.internal.DefaultFileLockManager] Lock acquired on daemon addresses registry.
2026-03-29T16:34:34.613-0500 [DEBUG] [org.gradle.cache.internal.DefaultFileLockManager] Releasing lock on daemon addresses registry.
2026-03-29T16:34:34.614-0500 [DEBUG] [org.gradle.cache.internal.DefaultFileLockManager] Waiting to acquire shared lock on daemon addresses registry.
2026-03-29T16:34:34.614-0500 [DEBUG] [org.gradle.cache.internal.DefaultFileLockManager] Lock acquired on daemon addresses registry.
2026-03-29T16:34:34.615-0500 [DEBUG] [org.gradle.cache.internal.DefaultFileLockManager] Releasing lock on daemon addresses registry.
2026-03-29T16:34:44.618-0500 [DEBUG] [org.gradle.cache.internal.DefaultFileLockManager] Waiting to acquire shared lock on daemon addresses registry.
2026-03-29T16:34:44.618-0500 [DEBUG] [org.gradle.cache.internal.DefaultFileLockManager] Lock acquired on daemon addresses registry.
2026-03-29T16:34:44.619-0500 [DEBUG] [org.gradle.cache.internal.DefaultFileLockManager] Releasing lock on daemon addresses registry.
2026-03-29T16:34:44.620-0500 [DEBUG] [org.gradle.cache.internal.DefaultFileLockManager] Waiting to acquire shared lock on daemon addresses registry.
2026-03-29T16:34:44.621-0500 [DEBUG] [org.gradle.cache.internal.DefaultFileLockManager] Lock acquired on daemon addresses registry.
2026-03-29T16:34:44.621-0500 [DEBUG] [org.gradle.cache.internal.DefaultFileLockManager] Releasing lock on daemon addresses registry.
2026-03-29T16:34:44.622-0500 [DEBUG] [org.gradle.cache.internal.DefaultFileLockManager] Waiting to acquire shared lock on daemon addresses registry.
2026-03-29T16:34:44.622-0500 [DEBUG] [org.gradle.cache.internal.DefaultFileLockManager] Lock acquired on daemon addresses registry.
2026-03-29T16:34:44.622-0500 [DEBUG] [org.gradle.cache.internal.DefaultFileLockManager] Releasing lock on daemon addresses registry.
2026-03-29T16:34:54.615-0500 [DEBUG] [org.gradle.cache.internal.DefaultFileLockManager] Waiting to acquire shared lock on daemon addresses registry.
2026-03-29T16:34:54.616-0500 [DEBUG] [org.gradle.cache.internal.DefaultFileLockManager] Lock acquired on daemon addresses registry.
2026-03-29T16:34:54.617-0500 [DEBUG] [org.gradle.cache.internal.DefaultFileLockManager] Releasing lock on daemon addresses registry.
2026-03-29T16:34:54.622-0500 [DEBUG] [org.gradle.cache.internal.DefaultFileLockManager] Waiting to acquire shared lock on daemon addresses registry.
2026-03-29T16:34:54.623-0500 [DEBUG] [org.gradle.cache.internal.DefaultFileLockManager] Lock acquired on daemon addresses registry.
2026-03-29T16:34:54.624-0500 [DEBUG] [org.gradle.cache.internal.DefaultFileLockManager] Releasing lock on daemon addresses registry.
2026-03-29T16:34:54.630-0500 [DEBUG] [org.gradle.cache.internal.DefaultFileLockManager] Waiting to acquire shared lock on daemon addresses registry.
2026-03-29T16:34:54.630-0500 [DEBUG] [org.gradle.cache.internal.DefaultFileLockManager] Lock acquired on daemon addresses registry.
2026-03-29T16:34:54.632-0500 [DEBUG] [org.gradle.cache.internal.DefaultFileLockManager] Releasing lock on daemon addresses registry.
2026-03-29T16:35:04.621-0500 [DEBUG] [org.gradle.cache.internal.DefaultFileLockManager] Waiting to acquire shared lock on daemon addresses registry.
2026-03-29T16:35:04.621-0500 [DEBUG] [org.gradle.cache.internal.DefaultFileLockManager] Lock acquired on daemon addresses registry.
2026-03-29T16:35:04.622-0500 [DEBUG] [org.gradle.cache.internal.DefaultFileLockManager] Releasing lock on daemon addresses registry.
2026-03-29T16:35:04.623-0500 [DEBUG] [org.gradle.cache.internal.DefaultFileLockManager] Waiting to acquire shared lock on daemon addresses registry.
2026-03-29T16:35:04.623-0500 [DEBUG] [org.gradle.cache.internal.DefaultFileLockManager] Lock acquired on daemon addresses registry.
2026-03-29T16:35:04.624-0500 [DEBUG] [org.gradle.cache.internal.DefaultFileLockManager] Releasing lock on daemon addresses registry.
2026-03-29T16:35:04.625-0500 [DEBUG] [org.gradle.cache.internal.DefaultFileLockManager] Waiting to acquire shared lock on daemon addresses registry.
2026-03-29T16:35:04.625-0500 [DEBUG] [org.gradle.cache.internal.DefaultFileLockManager] Lock acquired on daemon addresses registry.
2026-03-29T16:35:04.626-0500 [DEBUG] [org.gradle.cache.internal.DefaultFileLockManager] Releasing lock on daemon addresses registry.
2026-03-29T16:35:14.622-0500 [DEBUG] [org.gradle.cache.internal.DefaultFileLockManager] Waiting to acquire shared lock on daemon addresses registry.
2026-03-29T16:35:14.622-0500 [DEBUG] [org.gradle.cache.internal.DefaultFileLockManager] Lock acquired on daemon addresses registry.
2026-03-29T16:35:14.624-0500 [DEBUG] [org.gradle.cache.internal.DefaultFileLockManager] Releasing lock on daemon addresses registry.
2026-03-29T16:35:14.627-0500 [DEBUG] [org.gradle.cache.internal.DefaultFileLockManager] Waiting to acquire shared lock on daemon addresses registry.
2026-03-29T16:35:14.627-0500 [DEBUG] [org.gradle.cache.internal.DefaultFileLockManager] Lock acquired on daemon addresses registry.
2026-03-29T16:35:14.628-0500 [DEBUG] [org.gradle.cache.internal.DefaultFileLockManager] Releasing lock on daemon addresses registry.
2026-03-29T16:35:14.631-0500 [DEBUG] [org.gradle.cache.internal.DefaultFileLockManager] Waiting to acquire shared lock on daemon addresses registry.
2026-03-29T16:35:14.632-0500 [DEBUG] [org.gradle.cache.internal.DefaultFileLockManager] Lock acquired on daemon addresses registry.
2026-03-29T16:35:14.632-0500 [DEBUG] [org.gradle.cache.internal.DefaultFileLockManager] Releasing lock on daemon addresses registry.
2026-03-29T16:35:24.619-0500 [DEBUG] [org.gradle.cache.internal.DefaultFileLockManager] Waiting to acquire shared lock on daemon addresses registry.
2026-03-29T16:35:24.620-0500 [DEBUG] [org.gradle.cache.internal.DefaultFileLockManager] Lock acquired on daemon addresses registry.
2026-03-29T16:35:24.628-0500 [DEBUG] [org.gradle.cache.internal.DefaultFileLockManager] Releasing lock on daemon addresses registry.
2026-03-29T16:35:24.632-0500 [DEBUG] [org.gradle.cache.internal.DefaultFileLockManager] Waiting to acquire shared lock on daemon addresses registry.
2026-03-29T16:35:24.633-0500 [DEBUG] [org.gradle.cache.internal.DefaultFileLockManager] Lock acquired on daemon addresses registry.
2026-03-29T16:35:24.634-0500 [DEBUG] [org.gradle.cache.internal.DefaultFileLockManager] Releasing lock on daemon addresses registry.
2026-03-29T16:35:24.638-0500 [DEBUG] [org.gradle.cache.internal.DefaultFileLockManager] Waiting to acquire shared lock on daemon addresses registry.
2026-03-29T16:35:24.638-0500 [DEBUG] [org.gradle.cache.internal.DefaultFileLockManager] Lock acquired on daemon addresses registry.
2026-03-29T16:35:24.639-0500 [DEBUG] [org.gradle.cache.internal.DefaultFileLockManager] Releasing lock on daemon addresses registry.
2026-03-29T16:35:33.858-0500 [DEBUG] [sun.rmi.transport.tcp] RMI TCP Connection(9)-127.0.0.1: accepted socket from [127.0.0.1:17190]
2026-03-29T16:35:33.868-0500 [DEBUG] [sun.rmi.transport.tcp] RMI TCP Connection(9)-127.0.0.1: (port 2680) op = 80
2026-03-29T16:35:33.874-0500 [DEBUG] [sun.rmi.loader] RMI TCP Connection(9)-127.0.0.1: name = "[Ljava.rmi.server.ObjID;", codebase = "", defaultLoader = jdk.internal.loader.ClassLoaders$PlatformClassLoader@49c3aee4
2026-03-29T16:35:33.877-0500 [DEBUG] [sun.rmi.loader] RMI TCP Connection(9)-127.0.0.1: name = "java.rmi.dgc.Lease", codebase = "", defaultLoader = jdk.internal.loader.ClassLoaders$PlatformClassLoader@49c3aee4
2026-03-29T16:35:33.878-0500 [DEBUG] [sun.rmi.loader] RMI TCP Connection(9)-127.0.0.1: name = "java.rmi.dgc.VMID", codebase = "", defaultLoader = jdk.internal.loader.ClassLoaders$PlatformClassLoader@49c3aee4
2026-03-29T16:35:33.879-0500 [DEBUG] [sun.rmi.loader] RMI TCP Connection(9)-127.0.0.1: name = "[B", codebase = "", defaultLoader = jdk.internal.loader.ClassLoaders$PlatformClassLoader@49c3aee4
2026-03-29T16:35:33.881-0500 [DEBUG] [sun.rmi.loader] RMI TCP Connection(9)-127.0.0.1: name = "java.rmi.server.UID", codebase = "", defaultLoader = jdk.internal.loader.ClassLoaders$PlatformClassLoader@49c3aee4
2026-03-29T16:35:34.613-0500 [DEBUG] [org.gradle.cache.internal.DefaultFileLockManager] Waiting to acquire shared lock on daemon addresses registry.
2026-03-29T16:35:34.613-0500 [DEBUG] [org.gradle.cache.internal.DefaultFileLockManager] Lock acquired on daemon addresses registry.
2026-03-29T16:35:34.613-0500 [DEBUG] [org.gradle.cache.internal.DefaultFileLockManager] Releasing lock on daemon addresses registry.
2026-03-29T16:35:34.626-0500 [DEBUG] [org.gradle.cache.internal.DefaultFileLockManager] Waiting to acquire shared lock on daemon addresses registry.
2026-03-29T16:35:34.627-0500 [DEBUG] [org.gradle.cache.internal.DefaultFileLockManager] Lock acquired on daemon addresses registry.
2026-03-29T16:35:34.628-0500 [DEBUG] [org.gradle.cache.internal.DefaultFileLockManager] Releasing lock on daemon addresses registry.
2026-03-29T16:35:34.631-0500 [DEBUG] [org.gradle.cache.internal.DefaultFileLockManager] Waiting to acquire shared lock on daemon addresses registry.
2026-03-29T16:35:34.631-0500 [DEBUG] [org.gradle.cache.internal.DefaultFileLockManager] Lock acquired on daemon addresses registry.
2026-03-29T16:35:34.632-0500 [DEBUG] [org.gradle.cache.internal.DefaultFileLockManager] Releasing lock on daemon addresses registry.
2026-03-29T16:35:44.620-0500 [DEBUG] [org.gradle.cache.internal.DefaultFileLockManager] Waiting to acquire shared lock on daemon addresses registry.
2026-03-29T16:35:44.637-0500 [DEBUG] [org.gradle.cache.internal.DefaultFileLockManager] Lock acquired on daemon addresses registry.
2026-03-29T16:35:44.640-0500 [DEBUG] [org.gradle.cache.internal.DefaultFileLockManager] Releasing lock on daemon addresses registry.
2026-03-29T16:35:44.645-0500 [DEBUG] [org.gradle.cache.internal.DefaultFileLockManager] Waiting to acquire shared lock on daemon addresses registry.
2026-03-29T16:35:44.645-0500 [DEBUG] [org.gradle.cache.internal.DefaultFileLockManager] Lock acquired on daemon addresses registry.
2026-03-29T16:35:44.646-0500 [DEBUG] [org.gradle.cache.internal.DefaultFileLockManager] Releasing lock on daemon addresses registry.
2026-03-29T16:35:44.652-0500 [DEBUG] [org.gradle.cache.internal.DefaultFileLockManager] Waiting to acquire shared lock on daemon addresses registry.
2026-03-29T16:35:44.652-0500 [DEBUG] [org.gradle.cache.internal.DefaultFileLockManager] Lock acquired on daemon addresses registry.
2026-03-29T16:35:44.653-0500 [DEBUG] [org.gradle.cache.internal.DefaultFileLockManager] Releasing lock on daemon addresses registry.
2026-03-29T16:35:48.909-0500 [DEBUG] [sun.rmi.transport.tcp] RMI TCP Connection(9)-127.0.0.1: (port 2680) connection closed
2026-03-29T16:35:48.909-0500 [DEBUG] [sun.rmi.transport.tcp] RMI TCP Connection(9)-127.0.0.1: close connection, socket: Socket[addr=/127.0.0.1,port=17190,localport=2680]
2026-03-29T16:35:48.911-0500 [DEBUG] [sun.rmi.transport.tcp] RMI TCP Connection(9)-127.0.0.1: socket close: Socket[addr=/127.0.0.1,port=17190,localport=2680]
2026-03-29T16:35:54.609-0500 [DEBUG] [org.gradle.cache.internal.DefaultFileLockManager] Waiting to acquire shared lock on daemon addresses registry.
2026-03-29T16:35:54.609-0500 [DEBUG] [org.gradle.cache.internal.DefaultFileLockManager] Lock acquired on daemon addresses registry.
2026-03-29T16:35:54.610-0500 [DEBUG] [org.gradle.cache.internal.DefaultFileLockManager] Releasing lock on daemon addresses registry.
2026-03-29T16:35:54.613-0500 [DEBUG] [org.gradle.cache.internal.DefaultFileLockManager] Waiting to acquire shared lock on daemon addresses registry.
2026-03-29T16:35:54.613-0500 [DEBUG] [org.gradle.cache.internal.DefaultFileLockManager] Lock acquired on daemon addresses registry.
2026-03-29T16:35:54.613-0500 [DEBUG] [org.gradle.cache.internal.DefaultFileLockManager] Releasing lock on daemon addresses registry.
2026-03-29T16:35:54.616-0500 [DEBUG] [org.gradle.cache.internal.DefaultFileLockManager] Waiting to acquire shared lock on daemon addresses registry.
2026-03-29T16:35:54.616-0500 [DEBUG] [org.gradle.cache.internal.DefaultFileLockManager] Lock acquired on daemon addresses registry.
2026-03-29T16:35:54.617-0500 [DEBUG] [org.gradle.cache.internal.DefaultFileLockManager] Releasing lock on daemon addresses registry.
2026-03-29T16:36:04.608-0500 [DEBUG] [org.gradle.cache.internal.DefaultFileLockManager] Waiting to acquire shared lock on daemon addresses registry.
2026-03-29T16:36:04.620-0500 [DEBUG] [org.gradle.cache.internal.DefaultFileLockManager] Lock acquired on daemon addresses registry.
2026-03-29T16:36:04.620-0500 [DEBUG] [org.gradle.cache.internal.DefaultFileLockManager] Releasing lock on daemon addresses registry.
2026-03-29T16:36:04.622-0500 [DEBUG] [org.gradle.cache.internal.DefaultFileLockManager] Waiting to acquire shared lock on daemon addresses registry.
2026-03-29T16:36:04.623-0500 [DEBUG] [org.gradle.cache.internal.DefaultFileLockManager] Lock acquired on daemon addresses registry.
2026-03-29T16:36:04.623-0500 [DEBUG] [org.gradle.cache.internal.DefaultFileLockManager] Releasing lock on daemon addresses registry.
2026-03-29T16:36:04.624-0500 [DEBUG] [org.gradle.cache.internal.DefaultFileLockManager] Waiting to acquire shared lock on daemon addresses registry.
2026-03-29T16:36:04.624-0500 [DEBUG] [org.gradle.cache.internal.DefaultFileLockManager] Lock acquired on daemon addresses registry.
2026-03-29T16:36:04.625-0500 [DEBUG] [org.gradle.cache.internal.DefaultFileLockManager] Releasing lock on daemon addresses registry.
2026-03-29T16:36:14.314-0500 [DEBUG] [org.gradle.internal.watch.vfs.impl.WatchingVirtualFileSystem] Handling VFS change CREATED C:\Users\sebgo\AndroidStudioProjects\mytaxitravel\app\src\main\res\layout\activity_configuracion_perfil.xml~
2026-03-29T16:36:14.363-0500 [DEBUG] [org.gradle.internal.watch.vfs.impl.WatchingVirtualFileSystem] Handling VFS change MODIFIED C:\Users\sebgo\AndroidStudioProjects\mytaxitravel\app\src\main\res\layout\activity_configuracion_perfil.xml
2026-03-29T16:36:14.608-0500 [DEBUG] [org.gradle.cache.internal.DefaultFileLockManager] Waiting to acquire shared lock on daemon addresses registry.
2026-03-29T16:36:14.608-0500 [DEBUG] [org.gradle.cache.internal.DefaultFileLockManager] Lock acquired on daemon addresses registry.
2026-03-29T16:36:14.609-0500 [DEBUG] [org.gradle.cache.internal.DefaultFileLockManager] Releasing lock on daemon addresses registry.
2026-03-29T16:36:14.612-0500 [DEBUG] [org.gradle.cache.internal.DefaultFileLockManager] Waiting to acquire shared lock on daemon addresses registry.
2026-03-29T16:36:14.613-0500 [DEBUG] [org.gradle.cache.internal.DefaultFileLockManager] Lock acquired on daemon addresses registry.
2026-03-29T16:36:14.614-0500 [DEBUG] [org.gradle.cache.internal.DefaultFileLockManager] Releasing lock on daemon addresses registry.
2026-03-29T16:36:14.617-0500 [DEBUG] [org.gradle.cache.internal.DefaultFileLockManager] Waiting to acquire shared lock on daemon addresses registry.
2026-03-29T16:36:14.618-0500 [DEBUG] [org.gradle.cache.internal.DefaultFileLockManager] Lock acquired on daemon addresses registry.
2026-03-29T16:36:14.618-0500 [DEBUG] [org.gradle.cache.internal.DefaultFileLockManager] Releasing lock on daemon addresses registry.
2026-03-29T16:36:24.618-0500 [DEBUG] [org.gradle.cache.internal.DefaultFileLockManager] Waiting to acquire shared lock on daemon addresses registry.
2026-03-29T16:36:24.618-0500 [DEBUG] [org.gradle.cache.internal.DefaultFileLockManager] Lock acquired on daemon addresses registry.
2026-03-29T16:36:24.618-0500 [DEBUG] [org.gradle.cache.internal.DefaultFileLockManager] Releasing lock on daemon addresses registry.
2026-03-29T16:36:24.620-0500 [DEBUG] [org.gradle.cache.internal.DefaultFileLockManager] Waiting to acquire shared lock on daemon addresses registry.
2026-03-29T16:36:24.621-0500 [DEBUG] [org.gradle.cache.internal.DefaultFileLockManager] Lock acquired on daemon addresses registry.
2026-03-29T16:36:24.621-0500 [DEBUG] [org.gradle.cache.internal.DefaultFileLockManager] Releasing lock on daemon addresses registry.
2026-03-29T16:36:24.623-0500 [DEBUG] [org.gradle.cache.internal.DefaultFileLockManager] Waiting to acquire shared lock on daemon addresses registry.
2026-03-29T16:36:24.623-0500 [DEBUG] [org.gradle.cache.internal.DefaultFileLockManager] Lock acquired on daemon addresses registry.
2026-03-29T16:36:24.623-0500 [DEBUG] [org.gradle.cache.internal.DefaultFileLockManager] Releasing lock on daemon addresses registry.
2026-03-29T16:36:34.615-0500 [DEBUG] [org.gradle.cache.internal.DefaultFileLockManager] Waiting to acquire shared lock on daemon addresses registry.
2026-03-29T16:36:34.615-0500 [DEBUG] [org.gradle.cache.internal.DefaultFileLockManager] Lock acquired on daemon addresses registry.
2026-03-29T16:36:34.615-0500 [DEBUG] [org.gradle.cache.internal.DefaultFileLockManager] Releasing lock on daemon addresses registry.
2026-03-29T16:36:34.617-0500 [DEBUG] [org.gradle.cache.internal.DefaultFileLockManager] Waiting to acquire shared lock on daemon addresses registry.
2026-03-29T16:36:34.627-0500 [DEBUG] [org.gradle.cache.internal.DefaultFileLockManager] Lock acquired on daemon addresses registry.
2026-03-29T16:36:34.628-0500 [DEBUG] [org.gradle.cache.internal.DefaultFileLockManager] Releasing lock on daemon addresses registry.
2026-03-29T16:36:34.629-0500 [DEBUG] [org.gradle.cache.internal.DefaultFileLockManager] Waiting to acquire shared lock on daemon addresses registry.
2026-03-29T16:36:34.630-0500 [DEBUG] [org.gradle.cache.internal.DefaultFileLockManager] Lock acquired on daemon addresses registry.
2026-03-29T16:36:34.630-0500 [DEBUG] [org.gradle.cache.internal.DefaultFileLockManager] Releasing lock on daemon addresses registry.
2026-03-29T16:36:44.611-0500 [DEBUG] [org.gradle.cache.internal.DefaultFileLockManager] Waiting to acquire shared lock on daemon addresses registry.
2026-03-29T16:36:44.611-0500 [DEBUG] [org.gradle.cache.internal.DefaultFileLockManager] Lock acquired on daemon addresses registry.
2026-03-29T16:36:44.611-0500 [DEBUG] [org.gradle.cache.internal.DefaultFileLockManager] Releasing lock on daemon addresses registry.
2026-03-29T16:36:44.612-0500 [DEBUG] [org.gradle.cache.internal.DefaultFileLockManager] Waiting to acquire shared lock on daemon addresses registry.
2026-03-29T16:36:44.613-0500 [DEBUG] [org.gradle.cache.internal.DefaultFileLockManager] Lock acquired on daemon addresses registry.
2026-03-29T16:36:44.613-0500 [DEBUG] [org.gradle.cache.internal.DefaultFileLockManager] Releasing lock on daemon addresses registry.
2026-03-29T16:36:44.614-0500 [DEBUG] [org.gradle.cache.internal.DefaultFileLockManager] Waiting to acquire shared lock on daemon addresses registry.
2026-03-29T16:36:44.614-0500 [DEBUG] [org.gradle.cache.internal.DefaultFileLockManager] Lock acquired on daemon addresses registry.
2026-03-29T16:36:44.615-0500 [DEBUG] [org.gradle.cache.internal.DefaultFileLockManager] Releasing lock on daemon addresses registry.
2026-03-29T16:36:54.613-0500 [DEBUG] [org.gradle.cache.internal.DefaultFileLockManager] Waiting to acquire shared lock on daemon addresses registry.
2026-03-29T16:36:54.613-0500 [DEBUG] [org.gradle.cache.internal.DefaultFileLockManager] Lock acquired on daemon addresses registry.
2026-03-29T16:36:54.614-0500 [DEBUG] [org.gradle.cache.internal.DefaultFileLockManager] Releasing lock on daemon addresses registry.
2026-03-29T16:36:54.634-0500 [DEBUG] [org.gradle.cache.internal.DefaultFileLockManager] Waiting to acquire shared lock on daemon addresses registry.
2026-03-29T16:36:54.634-0500 [DEBUG] [org.gradle.cache.internal.DefaultFileLockManager] Lock acquired on daemon addresses registry.
2026-03-29T16:36:54.635-0500 [DEBUG] [org.gradle.cache.internal.DefaultFileLockManager] Releasing lock on daemon addresses registry.
2026-03-29T16:36:54.638-0500 [DEBUG] [org.gradle.cache.internal.DefaultFileLockManager] Waiting to acquire shared lock on daemon addresses registry.
2026-03-29T16:36:54.638-0500 [DEBUG] [org.gradle.cache.internal.DefaultFileLockManager] Lock acquired on daemon addresses registry.
2026-03-29T16:36:54.640-0500 [DEBUG] [org.gradle.cache.internal.DefaultFileLockManager] Releasing lock on daemon addresses registry.
2026-03-29T16:37:04.607-0500 [DEBUG] [org.gradle.cache.internal.DefaultFileLockManager] Waiting to acquire shared lock on daemon addresses registry.
2026-03-29T16:37:04.608-0500 [DEBUG] [org.gradle.cache.internal.DefaultFileLockManager] Lock acquired on daemon addresses registry.
2026-03-29T16:37:04.608-0500 [DEBUG] [org.gradle.cache.internal.DefaultFileLockManager] Releasing lock on daemon addresses registry.
2026-03-29T16:37:04.610-0500 [DEBUG] [org.gradle.cache.internal.DefaultFileLockManager] Waiting to acquire shared lock on daemon addresses registry.
2026-03-29T16:37:04.610-0500 [DEBUG] [org.gradle.cache.internal.DefaultFileLockManager] Lock acquired on daemon addresses registry.
2026-03-29T16:37:04.610-0500 [DEBUG] [org.gradle.cache.internal.DefaultFileLockManager] Releasing lock on daemon addresses registry.
2026-03-29T16:37:04.612-0500 [DEBUG] [org.gradle.cache.internal.DefaultFileLockManager] Waiting to acquire shared lock on daemon addresses registry.
2026-03-29T16:37:04.612-0500 [DEBUG] [org.gradle.cache.internal.DefaultFileLockManager] Lock acquired on daemon addresses registry.
2026-03-29T16:37:04.612-0500 [DEBUG] [org.gradle.cache.internal.DefaultFileLockManager] Releasing lock on daemon addresses registry.
2026-03-29T16:37:07.971-0500 [DEBUG] [sun.rmi.transport.tcp] RMI TCP Connection(10)-127.0.0.1: accepted socket from [127.0.0.1:17228]
2026-03-29T16:37:07.973-0500 [DEBUG] [sun.rmi.transport.tcp] RMI TCP Connection(10)-127.0.0.1: (port 2680) op = 80
2026-03-29T16:37:07.975-0500 [DEBUG] [sun.rmi.loader] RMI TCP Connection(10)-127.0.0.1: name = "[Ljava.rmi.server.ObjID;", codebase = "", defaultLoader = jdk.internal.loader.ClassLoaders$PlatformClassLoader@49c3aee4
2026-03-29T16:37:07.976-0500 [DEBUG] [sun.rmi.loader] RMI TCP Connection(10)-127.0.0.1: name = "java.rmi.dgc.Lease", codebase = "", defaultLoader = jdk.internal.loader.ClassLoaders$PlatformClassLoader@49c3aee4
2026-03-29T16:37:07.977-0500 [DEBUG] [sun.rmi.loader] RMI TCP Connection(10)-127.0.0.1: name = "java.rmi.dgc.VMID", codebase = "", defaultLoader = jdk.internal.loader.ClassLoaders$PlatformClassLoader@49c3aee4
2026-03-29T16:37:07.978-0500 [DEBUG] [sun.rmi.loader] RMI TCP Connection(10)-127.0.0.1: name = "[B", codebase = "", defaultLoader = jdk.internal.loader.ClassLoaders$PlatformClassLoader@49c3aee4
2026-03-29T16:37:07.978-0500 [DEBUG] [sun.rmi.loader] RMI TCP Connection(10)-127.0.0.1: name = "java.rmi.server.UID", codebase = "", defaultLoader = jdk.internal.loader.ClassLoaders$PlatformClassLoader@49c3aee4
2026-03-29T16:37:14.609-0500 [DEBUG] [org.gradle.cache.internal.DefaultFileLockManager] Waiting to acquire shared lock on daemon addresses registry.
2026-03-29T16:37:14.609-0500 [DEBUG] [org.gradle.cache.internal.DefaultFileLockManager] Lock acquired on daemon addresses registry.
2026-03-29T16:37:14.610-0500 [DEBUG] [org.gradle.cache.internal.DefaultFileLockManager] Releasing lock on daemon addresses registry.
2026-03-29T16:37:14.612-0500 [DEBUG] [org.gradle.cache.internal.DefaultFileLockManager] Waiting to acquire shared lock on daemon addresses registry.
2026-03-29T16:37:14.612-0500 [DEBUG] [org.gradle.cache.internal.DefaultFileLockManager] Lock acquired on daemon addresses registry.
2026-03-29T16:37:14.612-0500 [DEBUG] [org.gradle.cache.internal.DefaultFileLockManager] Releasing lock on daemon addresses registry.
2026-03-29T16:37:14.614-0500 [DEBUG] [org.gradle.cache.internal.DefaultFileLockManager] Waiting to acquire shared lock on daemon addresses registry.
2026-03-29T16:37:14.614-0500 [DEBUG] [org.gradle.cache.internal.DefaultFileLockManager] Lock acquired on daemon addresses registry.
2026-03-29T16:37:14.615-0500 [DEBUG] [org.gradle.cache.internal.DefaultFileLockManager] Releasing lock on daemon addresses registry.
2026-03-29T16:37:22.985-0500 [DEBUG] [sun.rmi.transport.tcp] RMI TCP Connection(10)-127.0.0.1: (port 2680) connection closed
2026-03-29T16:37:22.985-0500 [DEBUG] [sun.rmi.transport.tcp] RMI TCP Connection(10)-127.0.0.1: close connection, socket: Socket[addr=/127.0.0.1,port=17228,localport=2680]
2026-03-29T16:37:22.985-0500 [DEBUG] [sun.rmi.transport.tcp] RMI TCP Connection(10)-127.0.0.1: socket close: Socket[addr=/127.0.0.1,port=17228,localport=2680]
2026-03-29T16:37:24.610-0500 [DEBUG] [org.gradle.cache.internal.DefaultFileLockManager] Waiting to acquire shared lock on daemon addresses registry.
2026-03-29T16:37:24.611-0500 [DEBUG] [org.gradle.cache.internal.DefaultFileLockManager] Lock acquired on daemon addresses registry.
2026-03-29T16:37:24.611-0500 [DEBUG] [org.gradle.cache.internal.DefaultFileLockManager] Releasing lock on daemon addresses registry.
2026-03-29T16:37:24.614-0500 [DEBUG] [org.gradle.cache.internal.DefaultFileLockManager] Waiting to acquire shared lock on daemon addresses registry.
2026-03-29T16:37:24.614-0500 [DEBUG] [org.gradle.cache.internal.DefaultFileLockManager] Lock acquired on daemon addresses registry.
2026-03-29T16:37:24.614-0500 [DEBUG] [org.gradle.cache.internal.DefaultFileLockManager] Releasing lock on daemon addresses registry.
2026-03-29T16:37:24.617-0500 [DEBUG] [org.gradle.cache.internal.DefaultFileLockManager] Waiting to acquire shared lock on daemon addresses registry.
2026-03-29T16:37:24.617-0500 [DEBUG] [org.gradle.cache.internal.DefaultFileLockManager] Lock acquired on daemon addresses registry.
2026-03-29T16:37:24.618-0500 [DEBUG] [org.gradle.cache.internal.DefaultFileLockManager] Releasing lock on daemon addresses registry.
2026-03-29T16:37:34.623-0500 [DEBUG] [org.gradle.cache.internal.DefaultFileLockManager] Waiting to acquire shared lock on daemon addresses registry.
2026-03-29T16:37:34.624-0500 [DEBUG] [org.gradle.cache.internal.DefaultFileLockManager] Lock acquired on daemon addresses registry.
2026-03-29T16:37:34.625-0500 [DEBUG] [org.gradle.cache.internal.DefaultFileLockManager] Releasing lock on daemon addresses registry.
2026-03-29T16:37:34.630-0500 [DEBUG] [org.gradle.cache.internal.DefaultFileLockManager] Waiting to acquire shared lock on daemon addresses registry.
2026-03-29T16:37:34.631-0500 [DEBUG] [org.gradle.cache.internal.DefaultFileLockManager] Lock acquired on daemon addresses registry.
2026-03-29T16:37:34.641-0500 [DEBUG] [org.gradle.cache.internal.DefaultFileLockManager] Releasing lock on daemon addresses registry.
2026-03-29T16:37:34.651-0500 [DEBUG] [org.gradle.cache.internal.DefaultFileLockManager] Waiting to acquire shared lock on daemon addresses registry.
2026-03-29T16:37:34.651-0500 [DEBUG] [org.gradle.cache.internal.DefaultFileLockManager] Lock acquired on daemon addresses registry.
2026-03-29T16:37:34.653-0500 [DEBUG] [org.gradle.cache.internal.DefaultFileLockManager] Releasing lock on daemon addresses registry.
2026-03-29T16:37:44.632-0500 [DEBUG] [org.gradle.cache.internal.DefaultFileLockManager] Waiting to acquire shared lock on daemon addresses registry.
2026-03-29T16:37:44.635-0500 [DEBUG] [org.gradle.cache.internal.DefaultFileLockManager] Lock acquired on daemon addresses registry.
2026-03-29T16:37:44.637-0500 [DEBUG] [org.gradle.cache.internal.DefaultFileLockManager] Releasing lock on daemon addresses registry.
2026-03-29T16:37:44.644-0500 [DEBUG] [org.gradle.cache.internal.DefaultFileLockManager] Waiting to acquire shared lock on daemon addresses registry.
2026-03-29T16:37:44.645-0500 [DEBUG] [org.gradle.cache.internal.DefaultFileLockManager] Lock acquired on daemon addresses registry.
2026-03-29T16:37:44.647-0500 [DEBUG] [org.gradle.cache.internal.DefaultFileLockManager] Releasing lock on daemon addresses registry.
2026-03-29T16:37:44.654-0500 [DEBUG] [org.gradle.cache.internal.DefaultFileLockManager] Waiting to acquire shared lock on daemon addresses registry.
2026-03-29T16:37:44.654-0500 [DEBUG] [org.gradle.cache.internal.DefaultFileLockManager] Lock acquired on daemon addresses registry.
2026-03-29T16:37:44.656-0500 [DEBUG] [org.gradle.cache.internal.DefaultFileLockManager] Releasing lock on daemon addresses registry.
2026-03-29T16:37:54.625-0500 [DEBUG] [org.gradle.cache.internal.DefaultFileLockManager] Waiting to acquire shared lock on daemon addresses registry.
2026-03-29T16:37:54.625-0500 [DEBUG] [org.gradle.cache.internal.DefaultFileLockManager] Lock acquired on daemon addresses registry.
2026-03-29T16:37:54.625-0500 [DEBUG] [org.gradle.cache.internal.DefaultFileLockManager] Releasing lock on daemon addresses registry.
2026-03-29T16:37:54.630-0500 [DEBUG] [org.gradle.cache.internal.DefaultFileLockManager] Waiting to acquire shared lock on daemon addresses registry.
2026-03-29T16:37:54.630-0500 [DEBUG] [org.gradle.cache.internal.DefaultFileLockManager] Lock acquired on daemon addresses registry.
2026-03-29T16:37:54.631-0500 [DEBUG] [org.gradle.cache.internal.DefaultFileLockManager] Releasing lock on daemon addresses registry.
2026-03-29T16:37:54.633-0500 [DEBUG] [org.gradle.cache.internal.DefaultFileLockManager] Waiting to acquire shared lock on daemon addresses registry.
2026-03-29T16:37:54.634-0500 [DEBUG] [org.gradle.cache.internal.DefaultFileLockManager] Lock acquired on daemon addresses registry.
2026-03-29T16:37:54.635-0500 [DEBUG] [org.gradle.cache.internal.DefaultFileLockManager] Releasing lock on daemon addresses registry.
2026-03-29T16:38:04.623-0500 [DEBUG] [org.gradle.cache.internal.DefaultFileLockManager] Waiting to acquire shared lock on daemon addresses registry.
2026-03-29T16:38:04.624-0500 [DEBUG] [org.gradle.cache.internal.DefaultFileLockManager] Lock acquired on daemon addresses registry.
2026-03-29T16:38:04.626-0500 [DEBUG] [org.gradle.cache.internal.DefaultFileLockManager] Releasing lock on daemon addresses registry.
2026-03-29T16:38:04.645-0500 [DEBUG] [org.gradle.cache.internal.DefaultFileLockManager] Waiting to acquire shared lock on daemon addresses registry.
2026-03-29T16:38:04.646-0500 [DEBUG] [org.gradle.cache.internal.DefaultFileLockManager] Lock acquired on daemon addresses registry.
2026-03-29T16:38:04.647-0500 [DEBUG] [org.gradle.cache.internal.DefaultFileLockManager] Releasing lock on daemon addresses registry.
2026-03-29T16:38:04.651-0500 [DEBUG] [org.gradle.cache.internal.DefaultFileLockManager] Waiting to acquire shared lock on daemon addresses registry.
2026-03-29T16:38:04.652-0500 [DEBUG] [org.gradle.cache.internal.DefaultFileLockManager] Lock acquired on daemon addresses registry.
2026-03-29T16:38:04.653-0500 [DEBUG] [org.gradle.cache.internal.DefaultFileLockManager] Releasing lock on daemon addresses registry.
2026-03-29T16:38:14.617-0500 [DEBUG] [org.gradle.cache.internal.DefaultFileLockManager] Waiting to acquire shared lock on daemon addresses registry.
2026-03-29T16:38:14.628-0500 [DEBUG] [org.gradle.cache.internal.DefaultFileLockManager] Lock acquired on daemon addresses registry.
2026-03-29T16:38:14.630-0500 [DEBUG] [org.gradle.cache.internal.DefaultFileLockManager] Releasing lock on daemon addresses registry.
2026-03-29T16:38:14.633-0500 [DEBUG] [org.gradle.cache.internal.DefaultFileLockManager] Waiting to acquire shared lock on daemon addresses registry.
2026-03-29T16:38:14.634-0500 [DEBUG] [org.gradle.cache.internal.DefaultFileLockManager] Lock acquired on daemon addresses registry.
2026-03-29T16:38:14.635-0500 [DEBUG] [org.gradle.cache.internal.DefaultFileLockManager] Releasing lock on daemon addresses registry.
2026-03-29T16:38:14.637-0500 [DEBUG] [org.gradle.cache.internal.DefaultFileLockManager] Waiting to acquire shared lock on daemon addresses registry.
2026-03-29T16:38:14.637-0500 [DEBUG] [org.gradle.cache.internal.DefaultFileLockManager] Lock acquired on daemon addresses registry.
2026-03-29T16:38:14.638-0500 [DEBUG] [org.gradle.cache.internal.DefaultFileLockManager] Releasing lock on daemon addresses registry.
2026-03-29T16:38:24.609-0500 [DEBUG] [org.gradle.cache.internal.DefaultFileLockManager] Waiting to acquire shared lock on daemon addresses registry.
2026-03-29T16:38:24.610-0500 [DEBUG] [org.gradle.cache.internal.DefaultFileLockManager] Lock acquired on daemon addresses registry.
2026-03-29T16:38:24.610-0500 [DEBUG] [org.gradle.cache.internal.DefaultFileLockManager] Releasing lock on daemon addresses registry.
2026-03-29T16:38:24.613-0500 [DEBUG] [org.gradle.cache.internal.DefaultFileLockManager] Waiting to acquire shared lock on daemon addresses registry.
2026-03-29T16:38:24.613-0500 [DEBUG] [org.gradle.cache.internal.DefaultFileLockManager] Lock acquired on daemon addresses registry.
2026-03-29T16:38:24.627-0500 [DEBUG] [org.gradle.cache.internal.DefaultFileLockManager] Releasing lock on daemon addresses registry.
2026-03-29T16:38:24.631-0500 [DEBUG] [org.gradle.cache.internal.DefaultFileLockManager] Waiting to acquire shared lock on daemon addresses registry.
2026-03-29T16:38:24.631-0500 [DEBUG] [org.gradle.cache.internal.DefaultFileLockManager] Lock acquired on daemon addresses registry.
2026-03-29T16:38:24.632-0500 [DEBUG] [org.gradle.cache.internal.DefaultFileLockManager] Releasing lock on daemon addresses registry.
2026-03-29T16:38:34.611-0500 [DEBUG] [org.gradle.cache.internal.DefaultFileLockManager] Waiting to acquire shared lock on daemon addresses registry.
2026-03-29T16:38:34.611-0500 [DEBUG] [org.gradle.cache.internal.DefaultFileLockManager] Lock acquired on daemon addresses registry.
2026-03-29T16:38:34.611-0500 [DEBUG] [org.gradle.cache.internal.DefaultFileLockManager] Releasing lock on daemon addresses registry.
2026-03-29T16:38:34.612-0500 [DEBUG] [org.gradle.cache.internal.DefaultFileLockManager] Waiting to acquire shared lock on daemon addresses registry.
2026-03-29T16:38:34.612-0500 [DEBUG] [org.gradle.cache.internal.DefaultFileLockManager] Lock acquired on daemon addresses registry.
2026-03-29T16:38:34.612-0500 [DEBUG] [org.gradle.cache.internal.DefaultFileLockManager] Releasing lock on daemon addresses registry.
2026-03-29T16:38:34.613-0500 [DEBUG] [org.gradle.cache.internal.DefaultFileLockManager] Waiting to acquire shared lock on daemon addresses registry.
2026-03-29T16:38:34.614-0500 [DEBUG] [org.gradle.cache.internal.DefaultFileLockManager] Lock acquired on daemon addresses registry.
2026-03-29T16:38:34.614-0500 [DEBUG] [org.gradle.cache.internal.DefaultFileLockManager] Releasing lock on daemon addresses registry.
2026-03-29T16:38:44.610-0500 [DEBUG] [org.gradle.cache.internal.DefaultFileLockManager] Waiting to acquire shared lock on daemon addresses registry.
2026-03-29T16:38:44.610-0500 [DEBUG] [org.gradle.cache.internal.DefaultFileLockManager] Lock acquired on daemon addresses registry.
2026-03-29T16:38:44.610-0500 [DEBUG] [org.gradle.cache.internal.DefaultFileLockManager] Releasing lock on daemon addresses registry.
2026-03-29T16:38:44.611-0500 [DEBUG] [org.gradle.cache.internal.DefaultFileLockManager] Waiting to acquire shared lock on daemon addresses registry.
2026-03-29T16:38:44.612-0500 [DEBUG] [org.gradle.cache.internal.DefaultFileLockManager] Lock acquired on daemon addresses registry.
2026-03-29T16:38:44.612-0500 [DEBUG] [org.gradle.cache.internal.DefaultFileLockManager] Releasing lock on daemon addresses registry.
2026-03-29T16:38:44.613-0500 [DEBUG] [org.gradle.cache.internal.DefaultFileLockManager] Waiting to acquire shared lock on daemon addresses registry.
2026-03-29T16:38:44.613-0500 [DEBUG] [org.gradle.cache.internal.DefaultFileLockManager] Lock acquired on daemon addresses registry.
2026-03-29T16:38:44.614-0500 [DEBUG] [org.gradle.cache.internal.DefaultFileLockManager] Releasing lock on daemon addresses registry.
2026-03-29T16:38:54.609-0500 [DEBUG] [org.gradle.cache.internal.DefaultFileLockManager] Waiting to acquire shared lock on daemon addresses registry.
2026-03-29T16:38:54.610-0500 [DEBUG] [org.gradle.cache.internal.DefaultFileLockManager] Lock acquired on daemon addresses registry.
2026-03-29T16:38:54.611-0500 [DEBUG] [org.gradle.cache.internal.DefaultFileLockManager] Releasing lock on daemon addresses registry.
2026-03-29T16:38:54.613-0500 [DEBUG] [org.gradle.cache.internal.DefaultFileLockManager] Waiting to acquire shared lock on daemon addresses registry.
2026-03-29T16:38:54.614-0500 [DEBUG] [org.gradle.cache.internal.DefaultFileLockManager] Lock acquired on daemon addresses registry.
2026-03-29T16:38:54.615-0500 [DEBUG] [org.gradle.cache.internal.DefaultFileLockManager] Releasing lock on daemon addresses registry.
2026-03-29T16:38:54.616-0500 [DEBUG] [org.gradle.cache.internal.DefaultFileLockManager] Waiting to acquire shared lock on daemon addresses registry.
2026-03-29T16:38:54.617-0500 [DEBUG] [org.gradle.cache.internal.DefaultFileLockManager] Lock acquired on daemon addresses registry.
2026-03-29T16:38:54.617-0500 [DEBUG] [org.gradle.cache.internal.DefaultFileLockManager] Releasing lock on daemon addresses registry.
2026-03-29T16:39:03.880-0500 [DEBUG] [org.gradle.process.internal.health.memory.DefaultMemoryManager] 841566208 physical memory requested, 829239296 free
2026-03-29T16:39:03.880-0500 [DEBUG] [org.gradle.workers.internal.WorkerDaemonExpiration] Will attempt to release 802 of memory
2026-03-29T16:39:03.881-0500 [DEBUG] [org.gradle.process.internal.health.memory.DefaultMemoryManager] 841566208 physical memory requested, 0 released, 829239296 free
2026-03-29T16:39:04.610-0500 [DEBUG] [org.gradle.cache.internal.DefaultFileLockManager] Waiting to acquire shared lock on daemon addresses registry.
2026-03-29T16:39:04.611-0500 [DEBUG] [org.gradle.cache.internal.DefaultFileLockManager] Lock acquired on daemon addresses registry.
2026-03-29T16:39:04.611-0500 [DEBUG] [org.gradle.cache.internal.DefaultFileLockManager] Releasing lock on daemon addresses registry.
2026-03-29T16:39:04.613-0500 [DEBUG] [org.gradle.cache.internal.DefaultFileLockManager] Waiting to acquire shared lock on daemon addresses registry.
2026-03-29T16:39:04.613-0500 [DEBUG] [org.gradle.cache.internal.DefaultFileLockManager] Lock acquired on daemon addresses registry.
2026-03-29T16:39:04.614-0500 [DEBUG] [org.gradle.cache.internal.DefaultFileLockManager] Releasing lock on daemon addresses registry.
2026-03-29T16:39:04.616-0500 [DEBUG] [org.gradle.cache.internal.DefaultFileLockManager] Waiting to acquire shared lock on daemon addresses registry.
2026-03-29T16:39:04.616-0500 [DEBUG] [org.gradle.cache.internal.DefaultFileLockManager] Lock acquired on daemon addresses registry.
2026-03-29T16:39:04.617-0500 [DEBUG] [org.gradle.cache.internal.DefaultFileLockManager] Releasing lock on daemon addresses registry.
2026-03-29T16:39:09.013-0500 [DEBUG] [org.gradle.process.internal.health.memory.DefaultMemoryManager] 841566208 physical memory requested, 802447360 free
2026-03-29T16:39:09.013-0500 [DEBUG] [org.gradle.workers.internal.WorkerDaemonExpiration] Will attempt to release 802 of memory
2026-03-29T16:39:09.013-0500 [DEBUG] [org.gradle.process.internal.health.memory.DefaultMemoryManager] 841566208 physical memory requested, 0 released, 802447360 free
2026-03-29T16:39:14.620-0500 [DEBUG] [org.gradle.cache.internal.DefaultFileLockManager] Waiting to acquire shared lock on daemon addresses registry.
2026-03-29T16:39:14.620-0500 [DEBUG] [org.gradle.cache.internal.DefaultFileLockManager] Lock acquired on daemon addresses registry.
2026-03-29T16:39:14.621-0500 [DEBUG] [org.gradle.cache.internal.DefaultFileLockManager] Releasing lock on daemon addresses registry.
2026-03-29T16:39:14.623-0500 [DEBUG] [org.gradle.cache.internal.DefaultFileLockManager] Waiting to acquire shared lock on daemon addresses registry.
2026-03-29T16:39:14.623-0500 [DEBUG] [org.gradle.cache.internal.DefaultFileLockManager] Lock acquired on daemon addresses registry.
2026-03-29T16:39:14.623-0500 [DEBUG] [org.gradle.cache.internal.DefaultFileLockManager] Releasing lock on daemon addresses registry.
2026-03-29T16:39:14.625-0500 [DEBUG] [org.gradle.cache.internal.DefaultFileLockManager] Waiting to acquire shared lock on daemon addresses registry.
2026-03-29T16:39:14.625-0500 [DEBUG] [org.gradle.cache.internal.DefaultFileLockManager] Lock acquired on daemon addresses registry.
2026-03-29T16:39:14.625-0500 [DEBUG] [org.gradle.cache.internal.DefaultFileLockManager] Releasing lock on daemon addresses registry.
2026-03-29T16:39:18.891-0500 [DEBUG] [org.gradle.process.internal.health.memory.DefaultMemoryManager] 841566208 physical memory requested, 796659712 free
2026-03-29T16:39:18.892-0500 [DEBUG] [org.gradle.workers.internal.WorkerDaemonExpiration] Will attempt to release 802 of memory
2026-03-29T16:39:18.893-0500 [DEBUG] [org.gradle.process.internal.health.memory.DefaultMemoryManager] 841566208 physical memory requested, 0 released, 796659712 free
2026-03-29T16:39:23.882-0500 [DEBUG] [org.gradle.process.internal.health.memory.DefaultMemoryManager] 841566208 physical memory requested, 805183488 free
2026-03-29T16:39:23.896-0500 [DEBUG] [org.gradle.workers.internal.WorkerDaemonExpiration] Will attempt to release 802 of memory
2026-03-29T16:39:23.896-0500 [DEBUG] [org.gradle.process.internal.health.memory.DefaultMemoryManager] 841566208 physical memory requested, 0 released, 805183488 free
2026-03-29T16:39:24.622-0500 [DEBUG] [org.gradle.cache.internal.DefaultFileLockManager] Waiting to acquire shared lock on daemon addresses registry.
2026-03-29T16:39:24.622-0500 [DEBUG] [org.gradle.cache.internal.DefaultFileLockManager] Lock acquired on daemon addresses registry.
2026-03-29T16:39:24.622-0500 [DEBUG] [org.gradle.cache.internal.DefaultFileLockManager] Releasing lock on daemon addresses registry.
2026-03-29T16:39:24.624-0500 [DEBUG] [org.gradle.cache.internal.DefaultFileLockManager] Waiting to acquire shared lock on daemon addresses registry.
2026-03-29T16:39:24.624-0500 [DEBUG] [org.gradle.cache.internal.DefaultFileLockManager] Lock acquired on daemon addresses registry.
2026-03-29T16:39:24.624-0500 [DEBUG] [org.gradle.cache.internal.DefaultFileLockManager] Releasing lock on daemon addresses registry.
2026-03-29T16:39:24.625-0500 [DEBUG] [org.gradle.cache.internal.DefaultFileLockManager] Waiting to acquire shared lock on daemon addresses registry.
2026-03-29T16:39:24.625-0500 [DEBUG] [org.gradle.cache.internal.DefaultFileLockManager] Lock acquired on daemon addresses registry.
2026-03-29T16:39:24.625-0500 [DEBUG] [org.gradle.cache.internal.DefaultFileLockManager] Releasing lock on daemon addresses registry.
2026-03-29T16:39:28.880-0500 [DEBUG] [org.gradle.process.internal.health.memory.DefaultMemoryManager] 841566208 physical memory requested, 808210432 free
2026-03-29T16:39:28.880-0500 [DEBUG] [org.gradle.workers.internal.WorkerDaemonExpiration] Will attempt to release 802 of memory
2026-03-29T16:39:28.880-0500 [DEBUG] [org.gradle.process.internal.health.memory.DefaultMemoryManager] 841566208 physical memory requested, 0 released, 808210432 free
2026-03-29T16:39:34.610-0500 [DEBUG] [org.gradle.cache.internal.DefaultFileLockManager] Waiting to acquire shared lock on daemon addresses registry.
2026-03-29T16:39:34.611-0500 [DEBUG] [org.gradle.cache.internal.DefaultFileLockManager] Lock acquired on daemon addresses registry.
2026-03-29T16:39:34.612-0500 [DEBUG] [org.gradle.cache.internal.DefaultFileLockManager] Releasing lock on daemon addresses registry.
2026-03-29T16:39:34.617-0500 [DEBUG] [org.gradle.cache.internal.DefaultFileLockManager] Waiting to acquire shared lock on daemon addresses registry.
2026-03-29T16:39:34.618-0500 [DEBUG] [org.gradle.cache.internal.DefaultFileLockManager] Lock acquired on daemon addresses registry.
2026-03-29T16:39:34.619-0500 [DEBUG] [org.gradle.cache.internal.DefaultFileLockManager] Releasing lock on daemon addresses registry.
2026-03-29T16:39:34.622-0500 [DEBUG] [org.gradle.cache.internal.DefaultFileLockManager] Waiting to acquire shared lock on daemon addresses registry.
2026-03-29T16:39:34.622-0500 [DEBUG] [org.gradle.cache.internal.DefaultFileLockManager] Lock acquired on daemon addresses registry.
2026-03-29T16:39:34.623-0500 [DEBUG] [org.gradle.cache.internal.DefaultFileLockManager] Releasing lock on daemon addresses registry.
2026-03-29T16:39:44.609-0500 [DEBUG] [org.gradle.cache.internal.DefaultFileLockManager] Waiting to acquire shared lock on daemon addresses registry.
2026-03-29T16:39:44.609-0500 [DEBUG] [org.gradle.cache.internal.DefaultFileLockManager] Lock acquired on daemon addresses registry.
2026-03-29T16:39:44.610-0500 [DEBUG] [org.gradle.cache.internal.DefaultFileLockManager] Releasing lock on daemon addresses registry.
2026-03-29T16:39:44.611-0500 [DEBUG] [org.gradle.cache.internal.DefaultFileLockManager] Waiting to acquire shared lock on daemon addresses registry.
2026-03-29T16:39:44.611-0500 [DEBUG] [org.gradle.cache.internal.DefaultFileLockManager] Lock acquired on daemon addresses registry.
2026-03-29T16:39:44.611-0500 [DEBUG] [org.gradle.cache.internal.DefaultFileLockManager] Releasing lock on daemon addresses registry.
2026-03-29T16:39:44.612-0500 [DEBUG] [org.gradle.cache.internal.DefaultFileLockManager] Waiting to acquire shared lock on daemon addresses registry.
2026-03-29T16:39:44.612-0500 [DEBUG] [org.gradle.cache.internal.DefaultFileLockManager] Lock acquired on daemon addresses registry.
2026-03-29T16:39:44.613-0500 [DEBUG] [org.gradle.cache.internal.DefaultFileLockManager] Releasing lock on daemon addresses registry.
2026-03-29T16:39:54.608-0500 [DEBUG] [org.gradle.cache.internal.DefaultFileLockManager] Waiting to acquire shared lock on daemon addresses registry.
2026-03-29T16:39:54.608-0500 [DEBUG] [org.gradle.cache.internal.DefaultFileLockManager] Lock acquired on daemon addresses registry.
2026-03-29T16:39:54.608-0500 [DEBUG] [org.gradle.cache.internal.DefaultFileLockManager] Releasing lock on daemon addresses registry.
2026-03-29T16:39:54.609-0500 [DEBUG] [org.gradle.cache.internal.DefaultFileLockManager] Waiting to acquire shared lock on daemon addresses registry.
2026-03-29T16:39:54.609-0500 [DEBUG] [org.gradle.cache.internal.DefaultFileLockManager] Lock acquired on daemon addresses registry.
2026-03-29T16:39:54.610-0500 [DEBUG] [org.gradle.cache.internal.DefaultFileLockManager] Releasing lock on daemon addresses registry.
2026-03-29T16:39:54.611-0500 [DEBUG] [org.gradle.cache.internal.DefaultFileLockManager] Waiting to acquire shared lock on daemon addresses registry.
2026-03-29T16:39:54.611-0500 [DEBUG] [org.gradle.cache.internal.DefaultFileLockManager] Lock acquired on daemon addresses registry.
2026-03-29T16:39:54.611-0500 [DEBUG] [org.gradle.cache.internal.DefaultFileLockManager] Releasing lock on daemon addresses registry.
2026-03-29T16:40:04.608-0500 [DEBUG] [org.gradle.cache.internal.DefaultFileLockManager] Waiting to acquire shared lock on daemon addresses registry.
2026-03-29T16:40:04.609-0500 [DEBUG] [org.gradle.cache.internal.DefaultFileLockManager] Lock acquired on daemon addresses registry.
2026-03-29T16:40:04.609-0500 [DEBUG] [org.gradle.cache.internal.DefaultFileLockManager] Releasing lock on daemon addresses registry.
2026-03-29T16:40:04.610-0500 [DEBUG] [org.gradle.cache.internal.DefaultFileLockManager] Waiting to acquire shared lock on daemon addresses registry.
2026-03-29T16:40:04.610-0500 [DEBUG] [org.gradle.cache.internal.DefaultFileLockManager] Lock acquired on daemon addresses registry.
2026-03-29T16:40:04.610-0500 [DEBUG] [org.gradle.cache.internal.DefaultFileLockManager] Releasing lock on daemon addresses registry.
2026-03-29T16:40:04.612-0500 [DEBUG] [org.gradle.cache.internal.DefaultFileLockManager] Waiting to acquire shared lock on daemon addresses registry.
2026-03-29T16:40:04.612-0500 [DEBUG] [org.gradle.cache.internal.DefaultFileLockManager] Lock acquired on daemon addresses registry.
2026-03-29T16:40:04.612-0500 [DEBUG] [org.gradle.cache.internal.DefaultFileLockManager] Releasing lock on daemon addresses registry.
2026-03-29T16:40:14.609-0500 [DEBUG] [org.gradle.cache.internal.DefaultFileLockManager] Waiting to acquire shared lock on daemon addresses registry.
2026-03-29T16:40:14.609-0500 [DEBUG] [org.gradle.cache.internal.DefaultFileLockManager] Lock acquired on daemon addresses registry.
2026-03-29T16:40:14.609-0500 [DEBUG] [org.gradle.cache.internal.DefaultFileLockManager] Releasing lock on daemon addresses registry.
2026-03-29T16:40:14.610-0500 [DEBUG] [org.gradle.cache.internal.DefaultFileLockManager] Waiting to acquire shared lock on daemon addresses registry.
2026-03-29T16:40:14.610-0500 [DEBUG] [org.gradle.cache.internal.DefaultFileLockManager] Lock acquired on daemon addresses registry.
2026-03-29T16:40:14.611-0500 [DEBUG] [org.gradle.cache.internal.DefaultFileLockManager] Releasing lock on daemon addresses registry.
2026-03-29T16:40:14.612-0500 [DEBUG] [org.gradle.cache.internal.DefaultFileLockManager] Waiting to acquire shared lock on daemon addresses registry.
2026-03-29T16:40:14.612-0500 [DEBUG] [org.gradle.cache.internal.DefaultFileLockManager] Lock acquired on daemon addresses registry.
2026-03-29T16:40:14.612-0500 [DEBUG] [org.gradle.cache.internal.DefaultFileLockManager] Releasing lock on daemon addresses registry.
2026-03-29T16:40:24.613-0500 [DEBUG] [org.gradle.cache.internal.DefaultFileLockManager] Waiting to acquire shared lock on daemon addresses registry.
2026-03-29T16:40:24.613-0500 [DEBUG] [org.gradle.cache.internal.DefaultFileLockManager] Lock acquired on daemon addresses registry.
2026-03-29T16:40:24.615-0500 [DEBUG] [org.gradle.cache.internal.DefaultFileLockManager] Releasing lock on daemon addresses registry.
2026-03-29T16:40:24.620-0500 [DEBUG] [org.gradle.cache.internal.DefaultFileLockManager] Waiting to acquire shared lock on daemon addresses registry.
2026-03-29T16:40:24.634-0500 [DEBUG] [org.gradle.cache.internal.DefaultFileLockManager] Lock acquired on daemon addresses registry.
2026-03-29T16:40:24.635-0500 [DEBUG] [org.gradle.cache.internal.DefaultFileLockManager] Releasing lock on daemon addresses registry.
2026-03-29T16:40:24.638-0500 [DEBUG] [org.gradle.cache.internal.DefaultFileLockManager] Waiting to acquire shared lock on daemon addresses registry.
2026-03-29T16:40:24.638-0500 [DEBUG] [org.gradle.cache.internal.DefaultFileLockManager] Lock acquired on daemon addresses registry.
2026-03-29T16:40:24.639-0500 [DEBUG] [org.gradle.cache.internal.DefaultFileLockManager] Releasing lock on daemon addresses registry.
2026-03-29T16:40:33.811-0500 [DEBUG] [sun.rmi.transport.tcp] RMI TCP Connection(11)-127.0.0.1: accepted socket from [127.0.0.1:10818]
2026-03-29T16:40:33.812-0500 [DEBUG] [sun.rmi.transport.tcp] RMI TCP Connection(11)-127.0.0.1: (port 2680) op = 80
2026-03-29T16:40:33.812-0500 [DEBUG] [sun.rmi.loader] RMI TCP Connection(11)-127.0.0.1: name = "[Ljava.rmi.server.ObjID;", codebase = "", defaultLoader = jdk.internal.loader.ClassLoaders$PlatformClassLoader@49c3aee4
2026-03-29T16:40:33.813-0500 [DEBUG] [sun.rmi.loader] RMI TCP Connection(11)-127.0.0.1: name = "java.rmi.dgc.Lease", codebase = "", defaultLoader = jdk.internal.loader.ClassLoaders$PlatformClassLoader@49c3aee4
2026-03-29T16:40:33.813-0500 [DEBUG] [sun.rmi.loader] RMI TCP Connection(11)-127.0.0.1: name = "java.rmi.dgc.VMID", codebase = "", defaultLoader = jdk.internal.loader.ClassLoaders$PlatformClassLoader@49c3aee4
2026-03-29T16:40:33.813-0500 [DEBUG] [sun.rmi.loader] RMI TCP Connection(11)-127.0.0.1: name = "[B", codebase = "", defaultLoader = jdk.internal.loader.ClassLoaders$PlatformClassLoader@49c3aee4
2026-03-29T16:40:33.813-0500 [DEBUG] [sun.rmi.loader] RMI TCP Connection(11)-127.0.0.1: name = "java.rmi.server.UID", codebase = "", defaultLoader = jdk.internal.loader.ClassLoaders$PlatformClassLoader@49c3aee4
2026-03-29T16:40:34.609-0500 [DEBUG] [org.gradle.cache.internal.DefaultFileLockManager] Waiting to acquire shared lock on daemon addresses registry.
2026-03-29T16:40:34.609-0500 [DEBUG] [org.gradle.cache.internal.DefaultFileLockManager] Lock acquired on daemon addresses registry.
2026-03-29T16:40:34.609-0500 [DEBUG] [org.gradle.cache.internal.DefaultFileLockManager] Releasing lock on daemon addresses registry.
2026-03-29T16:40:34.611-0500 [DEBUG] [org.gradle.cache.internal.DefaultFileLockManager] Waiting to acquire shared lock on daemon addresses registry.
2026-03-29T16:40:34.612-0500 [DEBUG] [org.gradle.cache.internal.DefaultFileLockManager] Lock acquired on daemon addresses registry.
2026-03-29T16:40:34.612-0500 [DEBUG] [org.gradle.cache.internal.DefaultFileLockManager] Releasing lock on daemon addresses registry.
2026-03-29T16:40:34.614-0500 [DEBUG] [org.gradle.cache.internal.DefaultFileLockManager] Waiting to acquire shared lock on daemon addresses registry.
2026-03-29T16:40:34.628-0500 [DEBUG] [org.gradle.cache.internal.DefaultFileLockManager] Lock acquired on daemon addresses registry.
2026-03-29T16:40:34.629-0500 [DEBUG] [org.gradle.cache.internal.DefaultFileLockManager] Releasing lock on daemon addresses registry.
2026-03-29T16:40:44.609-0500 [DEBUG] [org.gradle.cache.internal.DefaultFileLockManager] Waiting to acquire shared lock on daemon addresses registry.
2026-03-29T16:40:44.609-0500 [DEBUG] [org.gradle.cache.internal.DefaultFileLockManager] Lock acquired on daemon addresses registry.
2026-03-29T16:40:44.609-0500 [DEBUG] [org.gradle.cache.internal.DefaultFileLockManager] Releasing lock on daemon addresses registry.
2026-03-29T16:40:44.611-0500 [DEBUG] [org.gradle.cache.internal.DefaultFileLockManager] Waiting to acquire shared lock on daemon addresses registry.
2026-03-29T16:40:44.611-0500 [DEBUG] [org.gradle.cache.internal.DefaultFileLockManager] Lock acquired on daemon addresses registry.
2026-03-29T16:40:44.612-0500 [DEBUG] [org.gradle.cache.internal.DefaultFileLockManager] Releasing lock on daemon addresses registry.
2026-03-29T16:40:44.613-0500 [DEBUG] [org.gradle.cache.internal.DefaultFileLockManager] Waiting to acquire shared lock on daemon addresses registry.
2026-03-29T16:40:44.613-0500 [DEBUG] [org.gradle.cache.internal.DefaultFileLockManager] Lock acquired on daemon addresses registry.
2026-03-29T16:40:44.614-0500 [DEBUG] [org.gradle.cache.internal.DefaultFileLockManager] Releasing lock on daemon addresses registry.
2026-03-29T16:40:48.815-0500 [DEBUG] [sun.rmi.transport.tcp] RMI TCP Connection(11)-127.0.0.1: (port 2680) connection closed
2026-03-29T16:40:48.815-0500 [DEBUG] [sun.rmi.transport.tcp] RMI TCP Connection(11)-127.0.0.1: close connection, socket: Socket[addr=/127.0.0.1,port=10818,localport=2680]
2026-03-29T16:40:48.816-0500 [DEBUG] [sun.rmi.transport.tcp] RMI TCP Connection(11)-127.0.0.1: socket close: Socket[addr=/127.0.0.1,port=10818,localport=2680]
2026-03-29T16:40:54.612-0500 [DEBUG] [org.gradle.cache.internal.DefaultFileLockManager] Waiting to acquire shared lock on daemon addresses registry.
2026-03-29T16:40:54.613-0500 [DEBUG] [org.gradle.cache.internal.DefaultFileLockManager] Lock acquired on daemon addresses registry.
2026-03-29T16:40:54.614-0500 [DEBUG] [org.gradle.cache.internal.DefaultFileLockManager] Releasing lock on daemon addresses registry.
2026-03-29T16:40:54.618-0500 [DEBUG] [org.gradle.cache.internal.DefaultFileLockManager] Waiting to acquire shared lock on daemon addresses registry.
2026-03-29T16:40:54.618-0500 [DEBUG] [org.gradle.cache.internal.DefaultFileLockManager] Lock acquired on daemon addresses registry.
2026-03-29T16:40:54.620-0500 [DEBUG] [org.gradle.cache.internal.DefaultFileLockManager] Releasing lock on daemon addresses registry.
2026-03-29T16:40:54.623-0500 [DEBUG] [org.gradle.cache.internal.DefaultFileLockManager] Waiting to acquire shared lock on daemon addresses registry.
2026-03-29T16:40:54.623-0500 [DEBUG] [org.gradle.cache.internal.DefaultFileLockManager] Lock acquired on daemon addresses registry.
2026-03-29T16:40:54.623-0500 [DEBUG] [org.gradle.cache.internal.DefaultFileLockManager] Releasing lock on daemon addresses registry.
2026-03-29T16:41:04.610-0500 [DEBUG] [org.gradle.cache.internal.DefaultFileLockManager] Waiting to acquire shared lock on daemon addresses registry.
2026-03-29T16:41:04.610-0500 [DEBUG] [org.gradle.cache.internal.DefaultFileLockManager] Lock acquired on daemon addresses registry.
2026-03-29T16:41:04.610-0500 [DEBUG] [org.gradle.cache.internal.DefaultFileLockManager] Releasing lock on daemon addresses registry.
2026-03-29T16:41:04.611-0500 [DEBUG] [org.gradle.cache.internal.DefaultFileLockManager] Waiting to acquire shared lock on daemon addresses registry.
2026-03-29T16:41:04.612-0500 [DEBUG] [org.gradle.cache.internal.DefaultFileLockManager] Lock acquired on daemon addresses registry.
2026-03-29T16:41:04.612-0500 [DEBUG] [org.gradle.cache.internal.DefaultFileLockManager] Releasing lock on daemon addresses registry.
2026-03-29T16:41:04.613-0500 [DEBUG] [org.gradle.cache.internal.DefaultFileLockManager] Waiting to acquire shared lock on daemon addresses registry.
2026-03-29T16:41:04.614-0500 [DEBUG] [org.gradle.cache.internal.DefaultFileLockManager] Lock acquired on daemon addresses registry.
2026-03-29T16:41:04.614-0500 [DEBUG] [org.gradle.cache.internal.DefaultFileLockManager] Releasing lock on daemon addresses registry.
2026-03-29T16:41:14.612-0500 [DEBUG] [org.gradle.cache.internal.DefaultFileLockManager] Waiting to acquire shared lock on daemon addresses registry.
2026-03-29T16:41:14.612-0500 [DEBUG] [org.gradle.cache.internal.DefaultFileLockManager] Lock acquired on daemon addresses registry.
2026-03-29T16:41:14.613-0500 [DEBUG] [org.gradle.cache.internal.DefaultFileLockManager] Releasing lock on daemon addresses registry.
2026-03-29T16:41:14.618-0500 [DEBUG] [org.gradle.cache.internal.DefaultFileLockManager] Waiting to acquire shared lock on daemon addresses registry.
2026-03-29T16:41:14.618-0500 [DEBUG] [org.gradle.cache.internal.DefaultFileLockManager] Lock acquired on daemon addresses registry.
2026-03-29T16:41:14.619-0500 [DEBUG] [org.gradle.cache.internal.DefaultFileLockManager] Releasing lock on daemon addresses registry.
2026-03-29T16:41:14.624-0500 [DEBUG] [org.gradle.cache.internal.DefaultFileLockManager] Waiting to acquire shared lock on daemon addresses registry.
2026-03-29T16:41:14.624-0500 [DEBUG] [org.gradle.cache.internal.DefaultFileLockManager] Lock acquired on daemon addresses registry.
2026-03-29T16:41:14.625-0500 [DEBUG] [org.gradle.cache.internal.DefaultFileLockManager] Releasing lock on daemon addresses registry.
2026-03-29T16:41:24.612-0500 [DEBUG] [org.gradle.cache.internal.DefaultFileLockManager] Waiting to acquire shared lock on daemon addresses registry.
2026-03-29T16:41:24.612-0500 [DEBUG] [org.gradle.cache.internal.DefaultFileLockManager] Lock acquired on daemon addresses registry.
2026-03-29T16:41:24.614-0500 [DEBUG] [org.gradle.cache.internal.DefaultFileLockManager] Releasing lock on daemon addresses registry.
2026-03-29T16:41:24.618-0500 [DEBUG] [org.gradle.cache.internal.DefaultFileLockManager] Waiting to acquire shared lock on daemon addresses registry.
2026-03-29T16:41:24.620-0500 [DEBUG] [org.gradle.cache.internal.DefaultFileLockManager] Lock acquired on daemon addresses registry.
2026-03-29T16:41:24.621-0500 [DEBUG] [org.gradle.cache.internal.DefaultFileLockManager] Releasing lock on daemon addresses registry.
2026-03-29T16:41:24.626-0500 [DEBUG] [org.gradle.cache.internal.DefaultFileLockManager] Waiting to acquire shared lock on daemon addresses registry.
2026-03-29T16:41:24.627-0500 [DEBUG] [org.gradle.cache.internal.DefaultFileLockManager] Lock acquired on daemon addresses registry.
2026-03-29T16:41:24.629-0500 [DEBUG] [org.gradle.cache.internal.DefaultFileLockManager] Releasing lock on daemon addresses registry.
2026-03-29T16:41:34.608-0500 [DEBUG] [org.gradle.cache.internal.DefaultFileLockManager] Waiting to acquire shared lock on daemon addresses registry.
2026-03-29T16:41:34.609-0500 [DEBUG] [org.gradle.cache.internal.DefaultFileLockManager] Lock acquired on daemon addresses registry.
2026-03-29T16:41:34.624-0500 [DEBUG] [org.gradle.cache.internal.DefaultFileLockManager] Releasing lock on daemon addresses registry.
2026-03-29T16:41:34.626-0500 [DEBUG] [org.gradle.cache.internal.DefaultFileLockManager] Waiting to acquire shared lock on daemon addresses registry.
2026-03-29T16:41:34.627-0500 [DEBUG] [org.gradle.cache.internal.DefaultFileLockManager] Lock acquired on daemon addresses registry.
2026-03-29T16:41:34.627-0500 [DEBUG] [org.gradle.cache.internal.DefaultFileLockManager] Releasing lock on daemon addresses registry.
2026-03-29T16:41:34.629-0500 [DEBUG] [org.gradle.cache.internal.DefaultFileLockManager] Waiting to acquire shared lock on daemon addresses registry.
2026-03-29T16:41:34.629-0500 [DEBUG] [org.gradle.cache.internal.DefaultFileLockManager] Lock acquired on daemon addresses registry.
2026-03-29T16:41:34.629-0500 [DEBUG] [org.gradle.cache.internal.DefaultFileLockManager] Releasing lock on daemon addresses registry.
2026-03-29T16:41:44.609-0500 [DEBUG] [org.gradle.cache.internal.DefaultFileLockManager] Waiting to acquire shared lock on daemon addresses registry.
2026-03-29T16:41:44.610-0500 [DEBUG] [org.gradle.cache.internal.DefaultFileLockManager] Lock acquired on daemon addresses registry.
2026-03-29T16:41:44.610-0500 [DEBUG] [org.gradle.cache.internal.DefaultFileLockManager] Releasing lock on daemon addresses registry.
2026-03-29T16:41:44.612-0500 [DEBUG] [org.gradle.cache.internal.DefaultFileLockManager] Waiting to acquire shared lock on daemon addresses registry.
2026-03-29T16:41:44.612-0500 [DEBUG] [org.gradle.cache.internal.DefaultFileLockManager] Lock acquired on daemon addresses registry.
2026-03-29T16:41:44.613-0500 [DEBUG] [org.gradle.cache.internal.DefaultFileLockManager] Releasing lock on daemon addresses registry.
2026-03-29T16:41:44.615-0500 [DEBUG] [org.gradle.cache.internal.DefaultFileLockManager] Waiting to acquire shared lock on daemon addresses registry.
2026-03-29T16:41:44.621-0500 [DEBUG] [org.gradle.cache.internal.DefaultFileLockManager] Lock acquired on daemon addresses registry.
2026-03-29T16:41:44.622-0500 [DEBUG] [org.gradle.cache.internal.DefaultFileLockManager] Releasing lock on daemon addresses registry.
2026-03-29T16:41:54.608-0500 [DEBUG] [org.gradle.cache.internal.DefaultFileLockManager] Waiting to acquire shared lock on daemon addresses registry.
2026-03-29T16:41:54.608-0500 [DEBUG] [org.gradle.cache.internal.DefaultFileLockManager] Lock acquired on daemon addresses registry.
2026-03-29T16:41:54.608-0500 [DEBUG] [org.gradle.cache.internal.DefaultFileLockManager] Releasing lock on daemon addresses registry.
2026-03-29T16:41:54.610-0500 [DEBUG] [org.gradle.cache.internal.DefaultFileLockManager] Waiting to acquire shared lock on daemon addresses registry.
2026-03-29T16:41:54.610-0500 [DEBUG] [org.gradle.cache.internal.DefaultFileLockManager] Lock acquired on daemon addresses registry.
2026-03-29T16:41:54.610-0500 [DEBUG] [org.gradle.cache.internal.DefaultFileLockManager] Releasing lock on daemon addresses registry.
2026-03-29T16:41:54.612-0500 [DEBUG] [org.gradle.cache.internal.DefaultFileLockManager] Waiting to acquire shared lock on daemon addresses registry.
2026-03-29T16:41:54.612-0500 [DEBUG] [org.gradle.cache.internal.DefaultFileLockManager] Lock acquired on daemon addresses registry.
2026-03-29T16:41:54.613-0500 [DEBUG] [org.gradle.cache.internal.DefaultFileLockManager] Releasing lock on daemon addresses registry.
2026-03-29T16:42:03.882-0500 [DEBUG] [org.gradle.process.internal.health.memory.DefaultMemoryManager] 841566208 physical memory requested, 779911168 free
2026-03-29T16:42:03.882-0500 [DEBUG] [org.gradle.workers.internal.WorkerDaemonExpiration] Will attempt to release 802 of memory
2026-03-29T16:42:03.882-0500 [DEBUG] [org.gradle.process.internal.health.memory.DefaultMemoryManager] 841566208 physical memory requested, 0 released, 779911168 free
2026-03-29T16:42:04.609-0500 [DEBUG] [org.gradle.cache.internal.DefaultFileLockManager] Waiting to acquire shared lock on daemon addresses registry.
2026-03-29T16:42:04.610-0500 [DEBUG] [org.gradle.cache.internal.DefaultFileLockManager] Lock acquired on daemon addresses registry.
2026-03-29T16:42:04.610-0500 [DEBUG] [org.gradle.cache.internal.DefaultFileLockManager] Releasing lock on daemon addresses registry.
2026-03-29T16:42:04.613-0500 [DEBUG] [org.gradle.cache.internal.DefaultFileLockManager] Waiting to acquire shared lock on daemon addresses registry.
2026-03-29T16:42:04.613-0500 [DEBUG] [org.gradle.cache.internal.DefaultFileLockManager] Lock acquired on daemon addresses registry.
2026-03-29T16:42:04.614-0500 [DEBUG] [org.gradle.cache.internal.DefaultFileLockManager] Releasing lock on daemon addresses registry.
2026-03-29T16:42:04.617-0500 [DEBUG] [org.gradle.cache.internal.DefaultFileLockManager] Waiting to acquire shared lock on daemon addresses registry.
2026-03-29T16:42:04.617-0500 [DEBUG] [org.gradle.cache.internal.DefaultFileLockManager] Lock acquired on daemon addresses registry.
2026-03-29T16:42:04.618-0500 [DEBUG] [org.gradle.cache.internal.DefaultFileLockManager] Releasing lock on daemon addresses registry.
2026-03-29T16:42:07.964-0500 [DEBUG] [sun.rmi.transport.tcp] RMI TCP Connection(12)-127.0.0.1: accepted socket from [127.0.0.1:48236]
2026-03-29T16:42:07.964-0500 [DEBUG] [sun.rmi.transport.tcp] RMI TCP Connection(12)-127.0.0.1: (port 2680) op = 80
2026-03-29T16:42:07.965-0500 [DEBUG] [sun.rmi.loader] RMI TCP Connection(12)-127.0.0.1: name = "[Ljava.rmi.server.ObjID;", codebase = "", defaultLoader = jdk.internal.loader.ClassLoaders$PlatformClassLoader@49c3aee4
2026-03-29T16:42:07.965-0500 [DEBUG] [sun.rmi.loader] RMI TCP Connection(12)-127.0.0.1: name = "java.rmi.dgc.Lease", codebase = "", defaultLoader = jdk.internal.loader.ClassLoaders$PlatformClassLoader@49c3aee4
2026-03-29T16:42:07.966-0500 [DEBUG] [sun.rmi.loader] RMI TCP Connection(12)-127.0.0.1: name = "java.rmi.dgc.VMID", codebase = "", defaultLoader = jdk.internal.loader.ClassLoaders$PlatformClassLoader@49c3aee4
2026-03-29T16:42:07.966-0500 [DEBUG] [sun.rmi.loader] RMI TCP Connection(12)-127.0.0.1: name = "[B", codebase = "", defaultLoader = jdk.internal.loader.ClassLoaders$PlatformClassLoader@49c3aee4
2026-03-29T16:42:07.967-0500 [DEBUG] [sun.rmi.loader] RMI TCP Connection(12)-127.0.0.1: name = "java.rmi.server.UID", codebase = "", defaultLoader = jdk.internal.loader.ClassLoaders$PlatformClassLoader@49c3aee4
2026-03-29T16:42:08.880-0500 [DEBUG] [org.gradle.process.internal.health.memory.DefaultMemoryManager] 841566208 physical memory requested, 778170368 free
2026-03-29T16:42:08.881-0500 [DEBUG] [org.gradle.workers.internal.WorkerDaemonExpiration] Will attempt to release 802 of memory
2026-03-29T16:42:08.881-0500 [DEBUG] [org.gradle.process.internal.health.memory.DefaultMemoryManager] 841566208 physical memory requested, 0 released, 778170368 free
2026-03-29T16:42:13.881-0500 [DEBUG] [org.gradle.process.internal.health.memory.DefaultMemoryManager] 841566208 physical memory requested, 765485056 free
2026-03-29T16:42:13.882-0500 [DEBUG] [org.gradle.workers.internal.WorkerDaemonExpiration] Will attempt to release 802 of memory
2026-03-29T16:42:13.882-0500 [DEBUG] [org.gradle.process.internal.health.memory.DefaultMemoryManager] 841566208 physical memory requested, 0 released, 765485056 free
2026-03-29T16:42:14.608-0500 [DEBUG] [org.gradle.cache.internal.DefaultFileLockManager] Waiting to acquire shared lock on daemon addresses registry.
2026-03-29T16:42:14.608-0500 [DEBUG] [org.gradle.cache.internal.DefaultFileLockManager] Lock acquired on daemon addresses registry.
2026-03-29T16:42:14.608-0500 [DEBUG] [org.gradle.cache.internal.DefaultFileLockManager] Releasing lock on daemon addresses registry.
2026-03-29T16:42:14.623-0500 [DEBUG] [org.gradle.cache.internal.DefaultFileLockManager] Waiting to acquire shared lock on daemon addresses registry.
2026-03-29T16:42:14.624-0500 [DEBUG] [org.gradle.cache.internal.DefaultFileLockManager] Lock acquired on daemon addresses registry.
2026-03-29T16:42:14.624-0500 [DEBUG] [org.gradle.cache.internal.DefaultFileLockManager] Releasing lock on daemon addresses registry.
2026-03-29T16:42:14.628-0500 [DEBUG] [org.gradle.cache.internal.DefaultFileLockManager] Waiting to acquire shared lock on daemon addresses registry.
2026-03-29T16:42:14.628-0500 [DEBUG] [org.gradle.cache.internal.DefaultFileLockManager] Lock acquired on daemon addresses registry.
2026-03-29T16:42:14.628-0500 [DEBUG] [org.gradle.cache.internal.DefaultFileLockManager] Releasing lock on daemon addresses registry.
2026-03-29T16:42:18.881-0500 [DEBUG] [org.gradle.process.internal.health.memory.DefaultMemoryManager] 841566208 physical memory requested, 767692800 free
2026-03-29T16:42:18.881-0500 [DEBUG] [org.gradle.workers.internal.WorkerDaemonExpiration] Will attempt to release 802 of memory
2026-03-29T16:42:18.881-0500 [DEBUG] [org.gradle.process.internal.health.memory.DefaultMemoryManager] 841566208 physical memory requested, 0 released, 767692800 free
2026-03-29T16:42:22.969-0500 [DEBUG] [sun.rmi.transport.tcp] RMI TCP Connection(12)-127.0.0.1: (port 2680) connection closed
2026-03-29T16:42:22.983-0500 [DEBUG] [sun.rmi.transport.tcp] RMI TCP Connection(12)-127.0.0.1: close connection, socket: Socket[addr=/127.0.0.1,port=48236,localport=2680]
2026-03-29T16:42:22.984-0500 [DEBUG] [sun.rmi.transport.tcp] RMI TCP Connection(12)-127.0.0.1: socket close: Socket[addr=/127.0.0.1,port=48236,localport=2680]
2026-03-29T16:42:23.881-0500 [DEBUG] [org.gradle.process.internal.health.memory.DefaultMemoryManager] 841566208 physical memory requested, 764190720 free
2026-03-29T16:42:23.881-0500 [DEBUG] [org.gradle.workers.internal.WorkerDaemonExpiration] Will attempt to release 802 of memory
2026-03-29T16:42:23.881-0500 [DEBUG] [org.gradle.process.internal.health.memory.DefaultMemoryManager] 841566208 physical memory requested, 0 released, 764190720 free
2026-03-29T16:42:24.608-0500 [DEBUG] [org.gradle.cache.internal.DefaultFileLockManager] Waiting to acquire shared lock on daemon addresses registry.
2026-03-29T16:42:24.609-0500 [DEBUG] [org.gradle.cache.internal.DefaultFileLockManager] Lock acquired on daemon addresses registry.
2026-03-29T16:42:24.609-0500 [DEBUG] [org.gradle.cache.internal.DefaultFileLockManager] Releasing lock on daemon addresses registry.
2026-03-29T16:42:24.610-0500 [DEBUG] [org.gradle.cache.internal.DefaultFileLockManager] Waiting to acquire shared lock on daemon addresses registry.
2026-03-29T16:42:24.610-0500 [DEBUG] [org.gradle.cache.internal.DefaultFileLockManager] Lock acquired on daemon addresses registry.
2026-03-29T16:42:24.610-0500 [DEBUG] [org.gradle.cache.internal.DefaultFileLockManager] Releasing lock on daemon addresses registry.
2026-03-29T16:42:24.612-0500 [DEBUG] [org.gradle.cache.internal.DefaultFileLockManager] Waiting to acquire shared lock on daemon addresses registry.
2026-03-29T16:42:24.612-0500 [DEBUG] [org.gradle.cache.internal.DefaultFileLockManager] Lock acquired on daemon addresses registry.
2026-03-29T16:42:24.612-0500 [DEBUG] [org.gradle.cache.internal.DefaultFileLockManager] Releasing lock on daemon addresses registry.
2026-03-29T16:42:28.881-0500 [DEBUG] [org.gradle.process.internal.health.memory.DefaultMemoryManager] 841566208 physical memory requested, 762605568 free
2026-03-29T16:42:28.881-0500 [DEBUG] [org.gradle.workers.internal.WorkerDaemonExpiration] Will attempt to release 802 of memory
2026-03-29T16:42:28.881-0500 [DEBUG] [org.gradle.process.internal.health.memory.DefaultMemoryManager] 841566208 physical memory requested, 0 released, 762605568 free
2026-03-29T16:42:33.880-0500 [DEBUG] [org.gradle.process.internal.health.memory.DefaultMemoryManager] 841566208 physical memory requested, 780042240 free
2026-03-29T16:42:33.880-0500 [DEBUG] [org.gradle.workers.internal.WorkerDaemonExpiration] Will attempt to release 802 of memory
2026-03-29T16:42:33.880-0500 [DEBUG] [org.gradle.process.internal.health.memory.DefaultMemoryManager] 841566208 physical memory requested, 0 released, 780042240 free
2026-03-29T16:42:34.608-0500 [DEBUG] [org.gradle.cache.internal.DefaultFileLockManager] Waiting to acquire shared lock on daemon addresses registry.
2026-03-29T16:42:34.608-0500 [DEBUG] [org.gradle.cache.internal.DefaultFileLockManager] Lock acquired on daemon addresses registry.
2026-03-29T16:42:34.608-0500 [DEBUG] [org.gradle.cache.internal.DefaultFileLockManager] Releasing lock on daemon addresses registry.
2026-03-29T16:42:34.609-0500 [DEBUG] [org.gradle.cache.internal.DefaultFileLockManager] Waiting to acquire shared lock on daemon addresses registry.
2026-03-29T16:42:34.609-0500 [DEBUG] [org.gradle.cache.internal.DefaultFileLockManager] Lock acquired on daemon addresses registry.
2026-03-29T16:42:34.610-0500 [DEBUG] [org.gradle.cache.internal.DefaultFileLockManager] Releasing lock on daemon addresses registry.
2026-03-29T16:42:34.611-0500 [DEBUG] [org.gradle.cache.internal.DefaultFileLockManager] Waiting to acquire shared lock on daemon addresses registry.
2026-03-29T16:42:34.611-0500 [DEBUG] [org.gradle.cache.internal.DefaultFileLockManager] Lock acquired on daemon addresses registry.
2026-03-29T16:42:34.611-0500 [DEBUG] [org.gradle.cache.internal.DefaultFileLockManager] Releasing lock on daemon addresses registry.
2026-03-29T16:42:38.880-0500 [DEBUG] [org.gradle.process.internal.health.memory.DefaultMemoryManager] 841566208 physical memory requested, 774541312 free
2026-03-29T16:42:38.882-0500 [DEBUG] [org.gradle.workers.internal.WorkerDaemonExpiration] Will attempt to release 802 of memory
2026-03-29T16:42:38.882-0500 [DEBUG] [org.gradle.process.internal.health.memory.DefaultMemoryManager] 841566208 physical memory requested, 0 released, 774541312 free
2026-03-29T16:42:43.893-0500 [DEBUG] [org.gradle.process.internal.health.memory.DefaultMemoryManager] 841566208 physical memory requested, 696463360 free
2026-03-29T16:42:43.894-0500 [DEBUG] [org.gradle.workers.internal.WorkerDaemonExpiration] Will attempt to release 802 of memory
2026-03-29T16:42:43.894-0500 [DEBUG] [org.gradle.process.internal.health.memory.DefaultMemoryManager] 841566208 physical memory requested, 0 released, 696463360 free
2026-03-29T16:42:44.617-0500 [DEBUG] [org.gradle.cache.internal.DefaultFileLockManager] Waiting to acquire shared lock on daemon addresses registry.
2026-03-29T16:42:44.618-0500 [DEBUG] [org.gradle.cache.internal.DefaultFileLockManager] Lock acquired on daemon addresses registry.
2026-03-29T16:42:44.618-0500 [DEBUG] [org.gradle.cache.internal.DefaultFileLockManager] Releasing lock on daemon addresses registry.
2026-03-29T16:42:44.620-0500 [DEBUG] [org.gradle.cache.internal.DefaultFileLockManager] Waiting to acquire shared lock on daemon addresses registry.
2026-03-29T16:42:44.620-0500 [DEBUG] [org.gradle.cache.internal.DefaultFileLockManager] Lock acquired on daemon addresses registry.
2026-03-29T16:42:44.620-0500 [DEBUG] [org.gradle.cache.internal.DefaultFileLockManager] Releasing lock on daemon addresses registry.
2026-03-29T16:42:44.622-0500 [DEBUG] [org.gradle.cache.internal.DefaultFileLockManager] Waiting to acquire shared lock on daemon addresses registry.
2026-03-29T16:42:44.622-0500 [DEBUG] [org.gradle.cache.internal.DefaultFileLockManager] Lock acquired on daemon addresses registry.
2026-03-29T16:42:44.622-0500 [DEBUG] [org.gradle.cache.internal.DefaultFileLockManager] Releasing lock on daemon addresses registry.
2026-03-29T16:42:48.893-0500 [DEBUG] [org.gradle.process.internal.health.memory.DefaultMemoryManager] 841566208 physical memory requested, 770777088 free
2026-03-29T16:42:48.894-0500 [DEBUG] [org.gradle.workers.internal.WorkerDaemonExpiration] Will attempt to release 802 of memory
2026-03-29T16:42:48.894-0500 [DEBUG] [org.gradle.process.internal.health.memory.DefaultMemoryManager] 841566208 physical memory requested, 0 released, 770777088 free
2026-03-29T16:42:53.895-0500 [DEBUG] [org.gradle.process.internal.health.memory.DefaultMemoryManager] 841566208 physical memory requested, 781516800 free
2026-03-29T16:42:53.895-0500 [DEBUG] [org.gradle.workers.internal.WorkerDaemonExpiration] Will attempt to release 802 of memory
2026-03-29T16:42:53.895-0500 [DEBUG] [org.gradle.process.internal.health.memory.DefaultMemoryManager] 841566208 physical memory requested, 0 released, 781516800 free
2026-03-29T16:42:54.618-0500 [DEBUG] [org.gradle.cache.internal.DefaultFileLockManager] Waiting to acquire shared lock on daemon addresses registry.
2026-03-29T16:42:54.619-0500 [DEBUG] [org.gradle.cache.internal.DefaultFileLockManager] Lock acquired on daemon addresses registry.
2026-03-29T16:42:54.620-0500 [DEBUG] [org.gradle.cache.internal.DefaultFileLockManager] Releasing lock on daemon addresses registry.
2026-03-29T16:42:54.626-0500 [DEBUG] [org.gradle.cache.internal.DefaultFileLockManager] Waiting to acquire shared lock on daemon addresses registry.
2026-03-29T16:42:54.627-0500 [DEBUG] [org.gradle.cache.internal.DefaultFileLockManager] Lock acquired on daemon addresses registry.
2026-03-29T16:42:54.628-0500 [DEBUG] [org.gradle.cache.internal.DefaultFileLockManager] Releasing lock on daemon addresses registry.
2026-03-29T16:42:54.635-0500 [DEBUG] [org.gradle.cache.internal.DefaultFileLockManager] Waiting to acquire shared lock on daemon addresses registry.
2026-03-29T16:42:54.635-0500 [DEBUG] [org.gradle.cache.internal.DefaultFileLockManager] Lock acquired on daemon addresses registry.
2026-03-29T16:42:54.636-0500 [DEBUG] [org.gradle.cache.internal.DefaultFileLockManager] Releasing lock on daemon addresses registry.
2026-03-29T16:42:58.893-0500 [DEBUG] [org.gradle.process.internal.health.memory.DefaultMemoryManager] 841566208 physical memory requested, 782778368 free
2026-03-29T16:42:58.893-0500 [DEBUG] [org.gradle.workers.internal.WorkerDaemonExpiration] Will attempt to release 802 of memory
2026-03-29T16:42:58.894-0500 [DEBUG] [org.gradle.process.internal.health.memory.DefaultMemoryManager] 841566208 physical memory requested, 0 released, 782778368 free
2026-03-29T16:43:03.892-0500 [DEBUG] [org.gradle.process.internal.health.memory.DefaultMemoryManager] 841566208 physical memory requested, 650067968 free
2026-03-29T16:43:03.892-0500 [DEBUG] [org.gradle.workers.internal.WorkerDaemonExpiration] Will attempt to release 802 of memory
2026-03-29T16:43:03.892-0500 [DEBUG] [org.gradle.process.internal.health.memory.DefaultMemoryManager] 841566208 physical memory requested, 0 released, 650067968 free
2026-03-29T16:43:04.622-0500 [DEBUG] [org.gradle.cache.internal.DefaultFileLockManager] Waiting to acquire shared lock on daemon addresses registry.
2026-03-29T16:43:04.623-0500 [DEBUG] [org.gradle.cache.internal.DefaultFileLockManager] Lock acquired on daemon addresses registry.
2026-03-29T16:43:04.624-0500 [DEBUG] [org.gradle.cache.internal.DefaultFileLockManager] Releasing lock on daemon addresses registry.
2026-03-29T16:43:04.629-0500 [DEBUG] [org.gradle.cache.internal.DefaultFileLockManager] Waiting to acquire shared lock on daemon addresses registry.
2026-03-29T16:43:04.630-0500 [DEBUG] [org.gradle.cache.internal.DefaultFileLockManager] Lock acquired on daemon addresses registry.
2026-03-29T16:43:04.630-0500 [DEBUG] [org.gradle.cache.internal.DefaultFileLockManager] Releasing lock on daemon addresses registry.
2026-03-29T16:43:04.633-0500 [DEBUG] [org.gradle.cache.internal.DefaultFileLockManager] Waiting to acquire shared lock on daemon addresses registry.
2026-03-29T16:43:04.633-0500 [DEBUG] [org.gradle.cache.internal.DefaultFileLockManager] Lock acquired on daemon addresses registry.
2026-03-29T16:43:04.634-0500 [DEBUG] [org.gradle.cache.internal.DefaultFileLockManager] Releasing lock on daemon addresses registry.
2026-03-29T16:43:14.617-0500 [DEBUG] [org.gradle.cache.internal.DefaultFileLockManager] Waiting to acquire shared lock on daemon addresses registry.
2026-03-29T16:43:14.617-0500 [DEBUG] [org.gradle.cache.internal.DefaultFileLockManager] Lock acquired on daemon addresses registry.
2026-03-29T16:43:14.617-0500 [DEBUG] [org.gradle.cache.internal.DefaultFileLockManager] Releasing lock on daemon addresses registry.
2026-03-29T16:43:14.618-0500 [DEBUG] [org.gradle.cache.internal.DefaultFileLockManager] Waiting to acquire shared lock on daemon addresses registry.
2026-03-29T16:43:14.619-0500 [DEBUG] [org.gradle.cache.internal.DefaultFileLockManager] Lock acquired on daemon addresses registry.
2026-03-29T16:43:14.619-0500 [DEBUG] [org.gradle.cache.internal.DefaultFileLockManager] Releasing lock on daemon addresses registry.
2026-03-29T16:43:14.620-0500 [DEBUG] [org.gradle.cache.internal.DefaultFileLockManager] Waiting to acquire shared lock on daemon addresses registry.
2026-03-29T16:43:14.633-0500 [DEBUG] [org.gradle.cache.internal.DefaultFileLockManager] Lock acquired on daemon addresses registry.
2026-03-29T16:43:14.634-0500 [DEBUG] [org.gradle.cache.internal.DefaultFileLockManager] Releasing lock on daemon addresses registry.
2026-03-29T16:43:24.608-0500 [DEBUG] [org.gradle.cache.internal.DefaultFileLockManager] Waiting to acquire shared lock on daemon addresses registry.
2026-03-29T16:43:24.610-0500 [DEBUG] [org.gradle.cache.internal.DefaultFileLockManager] Lock acquired on daemon addresses registry.
2026-03-29T16:43:24.610-0500 [DEBUG] [org.gradle.cache.internal.DefaultFileLockManager] Releasing lock on daemon addresses registry.
2026-03-29T16:43:24.612-0500 [DEBUG] [org.gradle.cache.internal.DefaultFileLockManager] Waiting to acquire shared lock on daemon addresses registry.
2026-03-29T16:43:24.612-0500 [DEBUG] [org.gradle.cache.internal.DefaultFileLockManager] Lock acquired on daemon addresses registry.
2026-03-29T16:43:24.613-0500 [DEBUG] [org.gradle.cache.internal.DefaultFileLockManager] Releasing lock on daemon addresses registry.
2026-03-29T16:43:24.614-0500 [DEBUG] [org.gradle.cache.internal.DefaultFileLockManager] Waiting to acquire shared lock on daemon addresses registry.
2026-03-29T16:43:24.614-0500 [DEBUG] [org.gradle.cache.internal.DefaultFileLockManager] Lock acquired on daemon addresses registry.
2026-03-29T16:43:24.614-0500 [DEBUG] [org.gradle.cache.internal.DefaultFileLockManager] Releasing lock on daemon addresses registry.
2026-03-29T16:43:34.611-0500 [DEBUG] [org.gradle.cache.internal.DefaultFileLockManager] Waiting to acquire shared lock on daemon addresses registry.
2026-03-29T16:43:34.611-0500 [DEBUG] [org.gradle.cache.internal.DefaultFileLockManager] Lock acquired on daemon addresses registry.
2026-03-29T16:43:34.611-0500 [DEBUG] [org.gradle.cache.internal.DefaultFileLockManager] Releasing lock on daemon addresses registry.
2026-03-29T16:43:34.615-0500 [DEBUG] [org.gradle.cache.internal.DefaultFileLockManager] Waiting to acquire shared lock on daemon addresses registry.
2026-03-29T16:43:34.615-0500 [DEBUG] [org.gradle.cache.internal.DefaultFileLockManager] Lock acquired on daemon addresses registry.
2026-03-29T16:43:34.615-0500 [DEBUG] [org.gradle.cache.internal.DefaultFileLockManager] Releasing lock on daemon addresses registry.
2026-03-29T16:43:34.617-0500 [DEBUG] [org.gradle.cache.internal.DefaultFileLockManager] Waiting to acquire shared lock on daemon addresses registry.
2026-03-29T16:43:34.617-0500 [DEBUG] [org.gradle.cache.internal.DefaultFileLockManager] Lock acquired on daemon addresses registry.
2026-03-29T16:43:34.618-0500 [DEBUG] [org.gradle.cache.internal.DefaultFileLockManager] Releasing lock on daemon addresses registry.
2026-03-29T16:43:43.881-0500 [DEBUG] [org.gradle.process.internal.health.memory.DefaultMemoryManager] 841566208 physical memory requested, 824676352 free
2026-03-29T16:43:43.881-0500 [DEBUG] [org.gradle.workers.internal.WorkerDaemonExpiration] Will attempt to release 802 of memory
2026-03-29T16:43:43.881-0500 [DEBUG] [org.gradle.process.internal.health.memory.DefaultMemoryManager] 841566208 physical memory requested, 0 released, 824676352 free
2026-03-29T16:43:44.609-0500 [DEBUG] [org.gradle.cache.internal.DefaultFileLockManager] Waiting to acquire shared lock on daemon addresses registry.
2026-03-29T16:43:44.609-0500 [DEBUG] [org.gradle.cache.internal.DefaultFileLockManager] Lock acquired on daemon addresses registry.
2026-03-29T16:43:44.609-0500 [DEBUG] [org.gradle.cache.internal.DefaultFileLockManager] Releasing lock on daemon addresses registry.
2026-03-29T16:43:44.612-0500 [DEBUG] [org.gradle.cache.internal.DefaultFileLockManager] Waiting to acquire shared lock on daemon addresses registry.
2026-03-29T16:43:44.612-0500 [DEBUG] [org.gradle.cache.internal.DefaultFileLockManager] Lock acquired on daemon addresses registry.
2026-03-29T16:43:44.612-0500 [DEBUG] [org.gradle.cache.internal.DefaultFileLockManager] Releasing lock on daemon addresses registry.
2026-03-29T16:43:44.614-0500 [DEBUG] [org.gradle.cache.internal.DefaultFileLockManager] Waiting to acquire shared lock on daemon addresses registry.
2026-03-29T16:43:44.614-0500 [DEBUG] [org.gradle.cache.internal.DefaultFileLockManager] Lock acquired on daemon addresses registry.
2026-03-29T16:43:44.614-0500 [DEBUG] [org.gradle.cache.internal.DefaultFileLockManager] Releasing lock on daemon addresses registry.
2026-03-29T16:43:48.881-0500 [DEBUG] [org.gradle.process.internal.health.memory.DefaultMemoryManager] 841566208 physical memory requested, 704135168 free
2026-03-29T16:43:48.881-0500 [DEBUG] [org.gradle.workers.internal.WorkerDaemonExpiration] Will attempt to release 802 of memory
2026-03-29T16:43:48.881-0500 [DEBUG] [org.gradle.process.internal.health.memory.DefaultMemoryManager] 841566208 physical memory requested, 0 released, 704135168 free
2026-03-29T16:43:53.879-0500 [DEBUG] [org.gradle.process.internal.health.memory.DefaultMemoryManager] 841566208 physical memory requested, 639430656 free
2026-03-29T16:43:53.879-0500 [DEBUG] [org.gradle.workers.internal.WorkerDaemonExpiration] Will attempt to release 802 of memory
2026-03-29T16:43:53.880-0500 [DEBUG] [org.gradle.process.internal.health.memory.DefaultMemoryManager] 841566208 physical memory requested, 0 released, 639430656 free
2026-03-29T16:43:54.611-0500 [DEBUG] [org.gradle.cache.internal.DefaultFileLockManager] Waiting to acquire shared lock on daemon addresses registry.
2026-03-29T16:43:54.611-0500 [DEBUG] [org.gradle.cache.internal.DefaultFileLockManager] Lock acquired on daemon addresses registry.
2026-03-29T16:43:54.612-0500 [DEBUG] [org.gradle.cache.internal.DefaultFileLockManager] Releasing lock on daemon addresses registry.
2026-03-29T16:43:54.615-0500 [DEBUG] [org.gradle.cache.internal.DefaultFileLockManager] Waiting to acquire shared lock on daemon addresses registry.
2026-03-29T16:43:54.615-0500 [DEBUG] [org.gradle.cache.internal.DefaultFileLockManager] Lock acquired on daemon addresses registry.
2026-03-29T16:43:54.615-0500 [DEBUG] [org.gradle.cache.internal.DefaultFileLockManager] Releasing lock on daemon addresses registry.
2026-03-29T16:43:54.619-0500 [DEBUG] [org.gradle.cache.internal.DefaultFileLockManager] Waiting to acquire shared lock on daemon addresses registry.
2026-03-29T16:43:54.619-0500 [DEBUG] [org.gradle.cache.internal.DefaultFileLockManager] Lock acquired on daemon addresses registry.
2026-03-29T16:43:54.619-0500 [DEBUG] [org.gradle.cache.internal.DefaultFileLockManager] Releasing lock on daemon addresses registry.
2026-03-29T16:43:58.881-0500 [DEBUG] [org.gradle.process.internal.health.memory.DefaultMemoryManager] 841566208 physical memory requested, 670765056 free
2026-03-29T16:43:58.881-0500 [DEBUG] [org.gradle.workers.internal.WorkerDaemonExpiration] Will attempt to release 802 of memory
2026-03-29T16:43:58.881-0500 [DEBUG] [org.gradle.process.internal.health.memory.DefaultMemoryManager] 841566208 physical memory requested, 0 released, 670765056 free
2026-03-29T16:44:03.882-0500 [DEBUG] [org.gradle.process.internal.health.memory.DefaultMemoryManager] 841566208 physical memory requested, 638906368 free
2026-03-29T16:44:03.883-0500 [DEBUG] [org.gradle.workers.internal.WorkerDaemonExpiration] Will attempt to release 802 of memory
2026-03-29T16:44:03.883-0500 [DEBUG] [org.gradle.process.internal.health.memory.DefaultMemoryManager] 841566208 physical memory requested, 0 released, 638906368 free
2026-03-29T16:44:04.625-0500 [DEBUG] [org.gradle.cache.internal.DefaultFileLockManager] Waiting to acquire shared lock on daemon addresses registry.
2026-03-29T16:44:04.626-0500 [DEBUG] [org.gradle.cache.internal.DefaultFileLockManager] Lock acquired on daemon addresses registry.
2026-03-29T16:44:04.626-0500 [DEBUG] [org.gradle.cache.internal.DefaultFileLockManager] Releasing lock on daemon addresses registry.
2026-03-29T16:44:04.630-0500 [DEBUG] [org.gradle.cache.internal.DefaultFileLockManager] Waiting to acquire shared lock on daemon addresses registry.
2026-03-29T16:44:04.631-0500 [DEBUG] [org.gradle.cache.internal.DefaultFileLockManager] Lock acquired on daemon addresses registry.
2026-03-29T16:44:04.632-0500 [DEBUG] [org.gradle.cache.internal.DefaultFileLockManager] Releasing lock on daemon addresses registry.
2026-03-29T16:44:04.635-0500 [DEBUG] [org.gradle.cache.internal.DefaultFileLockManager] Waiting to acquire shared lock on daemon addresses registry.
2026-03-29T16:44:04.635-0500 [DEBUG] [org.gradle.cache.internal.DefaultFileLockManager] Lock acquired on daemon addresses registry.
2026-03-29T16:44:04.635-0500 [DEBUG] [org.gradle.cache.internal.DefaultFileLockManager] Releasing lock on daemon addresses registry.
2026-03-29T16:44:08.882-0500 [DEBUG] [org.gradle.process.internal.health.memory.DefaultMemoryManager] 841566208 physical memory requested, 639811584 free
2026-03-29T16:44:08.882-0500 [DEBUG] [org.gradle.workers.internal.WorkerDaemonExpiration] Will attempt to release 802 of memory
2026-03-29T16:44:08.882-0500 [DEBUG] [org.gradle.process.internal.health.memory.DefaultMemoryManager] 841566208 physical memory requested, 0 released, 639811584 free
2026-03-29T16:44:13.881-0500 [DEBUG] [org.gradle.process.internal.health.memory.DefaultMemoryManager] 841566208 physical memory requested, 662274048 free
2026-03-29T16:44:13.881-0500 [DEBUG] [org.gradle.workers.internal.WorkerDaemonExpiration] Will attempt to release 802 of memory
2026-03-29T16:44:13.881-0500 [DEBUG] [org.gradle.process.internal.health.memory.DefaultMemoryManager] 841566208 physical memory requested, 0 released, 662274048 free
2026-03-29T16:44:14.609-0500 [DEBUG] [org.gradle.cache.internal.DefaultFileLockManager] Waiting to acquire shared lock on daemon addresses registry.
2026-03-29T16:44:14.609-0500 [DEBUG] [org.gradle.cache.internal.DefaultFileLockManager] Lock acquired on daemon addresses registry.
2026-03-29T16:44:14.609-0500 [DEBUG] [org.gradle.cache.internal.DefaultFileLockManager] Releasing lock on daemon addresses registry.
2026-03-29T16:44:14.611-0500 [DEBUG] [org.gradle.cache.internal.DefaultFileLockManager] Waiting to acquire shared lock on daemon addresses registry.
2026-03-29T16:44:14.611-0500 [DEBUG] [org.gradle.cache.internal.DefaultFileLockManager] Lock acquired on daemon addresses registry.
2026-03-29T16:44:14.611-0500 [DEBUG] [org.gradle.cache.internal.DefaultFileLockManager] Releasing lock on daemon addresses registry.
2026-03-29T16:44:14.612-0500 [DEBUG] [org.gradle.cache.internal.DefaultFileLockManager] Waiting to acquire shared lock on daemon addresses registry.
2026-03-29T16:44:14.612-0500 [DEBUG] [org.gradle.cache.internal.DefaultFileLockManager] Lock acquired on daemon addresses registry.
2026-03-29T16:44:14.612-0500 [DEBUG] [org.gradle.cache.internal.DefaultFileLockManager] Releasing lock on daemon addresses registry.
2026-03-29T16:44:18.895-0500 [DEBUG] [org.gradle.process.internal.health.memory.DefaultMemoryManager] 841566208 physical memory requested, 543899648 free
2026-03-29T16:44:18.896-0500 [DEBUG] [org.gradle.workers.internal.WorkerDaemonExpiration] Will attempt to release 802 of memory
2026-03-29T16:44:18.896-0500 [DEBUG] [org.gradle.process.internal.health.memory.DefaultMemoryManager] 841566208 physical memory requested, 0 released, 543899648 free
2026-03-29T16:44:23.881-0500 [DEBUG] [org.gradle.process.internal.health.memory.DefaultMemoryManager] 841566208 physical memory requested, 549257216 free
2026-03-29T16:44:23.881-0500 [DEBUG] [org.gradle.workers.internal.WorkerDaemonExpiration] Will attempt to release 802 of memory
2026-03-29T16:44:23.881-0500 [DEBUG] [org.gradle.process.internal.health.memory.DefaultMemoryManager] 841566208 physical memory requested, 0 released, 549257216 free
2026-03-29T16:44:24.609-0500 [DEBUG] [org.gradle.cache.internal.DefaultFileLockManager] Waiting to acquire shared lock on daemon addresses registry.
2026-03-29T16:44:24.609-0500 [DEBUG] [org.gradle.cache.internal.DefaultFileLockManager] Lock acquired on daemon addresses registry.
2026-03-29T16:44:24.610-0500 [DEBUG] [org.gradle.cache.internal.DefaultFileLockManager] Releasing lock on daemon addresses registry.
2026-03-29T16:44:24.611-0500 [DEBUG] [org.gradle.cache.internal.DefaultFileLockManager] Waiting to acquire shared lock on daemon addresses registry.
2026-03-29T16:44:24.611-0500 [DEBUG] [org.gradle.cache.internal.DefaultFileLockManager] Lock acquired on daemon addresses registry.
2026-03-29T16:44:24.612-0500 [DEBUG] [org.gradle.cache.internal.DefaultFileLockManager] Releasing lock on daemon addresses registry.
2026-03-29T16:44:24.613-0500 [DEBUG] [org.gradle.cache.internal.DefaultFileLockManager] Waiting to acquire shared lock on daemon addresses registry.
2026-03-29T16:44:24.613-0500 [DEBUG] [org.gradle.cache.internal.DefaultFileLockManager] Lock acquired on daemon addresses registry.
2026-03-29T16:44:24.613-0500 [DEBUG] [org.gradle.cache.internal.DefaultFileLockManager] Releasing lock on daemon addresses registry.
2026-03-29T16:44:28.881-0500 [DEBUG] [org.gradle.process.internal.health.memory.DefaultMemoryManager] 841566208 physical memory requested, 501481472 free
2026-03-29T16:44:28.881-0500 [DEBUG] [org.gradle.workers.internal.WorkerDaemonExpiration] Will attempt to release 802 of memory
2026-03-29T16:44:28.882-0500 [DEBUG] [org.gradle.process.internal.health.memory.DefaultMemoryManager] 841566208 physical memory requested, 0 released, 501481472 free
2026-03-29T16:44:33.879-0500 [DEBUG] [org.gradle.process.internal.health.memory.DefaultMemoryManager] 841566208 physical memory requested, 471048192 free
2026-03-29T16:44:33.880-0500 [DEBUG] [org.gradle.workers.internal.WorkerDaemonExpiration] Will attempt to release 802 of memory
2026-03-29T16:44:33.880-0500 [DEBUG] [org.gradle.process.internal.health.memory.DefaultMemoryManager] 841566208 physical memory requested, 0 released, 471048192 free
2026-03-29T16:44:34.609-0500 [DEBUG] [org.gradle.cache.internal.DefaultFileLockManager] Waiting to acquire shared lock on daemon addresses registry.
2026-03-29T16:44:34.610-0500 [DEBUG] [org.gradle.cache.internal.DefaultFileLockManager] Lock acquired on daemon addresses registry.
2026-03-29T16:44:34.611-0500 [DEBUG] [org.gradle.cache.internal.DefaultFileLockManager] Releasing lock on daemon addresses registry.
2026-03-29T16:44:34.614-0500 [DEBUG] [org.gradle.cache.internal.DefaultFileLockManager] Waiting to acquire shared lock on daemon addresses registry.
2026-03-29T16:44:34.614-0500 [DEBUG] [org.gradle.cache.internal.DefaultFileLockManager] Lock acquired on daemon addresses registry.
2026-03-29T16:44:34.614-0500 [DEBUG] [org.gradle.cache.internal.DefaultFileLockManager] Releasing lock on daemon addresses registry.
2026-03-29T16:44:34.617-0500 [DEBUG] [org.gradle.cache.internal.DefaultFileLockManager] Waiting to acquire shared lock on daemon addresses registry.
2026-03-29T16:44:34.617-0500 [DEBUG] [org.gradle.cache.internal.DefaultFileLockManager] Lock acquired on daemon addresses registry.
2026-03-29T16:44:34.618-0500 [DEBUG] [org.gradle.cache.internal.DefaultFileLockManager] Releasing lock on daemon addresses registry.
2026-03-29T16:44:38.881-0500 [DEBUG] [org.gradle.process.internal.health.memory.DefaultMemoryManager] 841566208 physical memory requested, 493432832 free
2026-03-29T16:44:38.881-0500 [DEBUG] [org.gradle.workers.internal.WorkerDaemonExpiration] Will attempt to release 802 of memory
2026-03-29T16:44:38.881-0500 [DEBUG] [org.gradle.process.internal.health.memory.DefaultMemoryManager] 841566208 physical memory requested, 0 released, 493432832 free
2026-03-29T16:44:43.880-0500 [DEBUG] [org.gradle.process.internal.health.memory.DefaultMemoryManager] 841566208 physical memory requested, 488452096 free
2026-03-29T16:44:43.880-0500 [DEBUG] [org.gradle.workers.internal.WorkerDaemonExpiration] Will attempt to release 802 of memory
2026-03-29T16:44:43.880-0500 [DEBUG] [org.gradle.process.internal.health.memory.DefaultMemoryManager] 841566208 physical memory requested, 0 released, 488452096 free
2026-03-29T16:44:44.608-0500 [DEBUG] [org.gradle.cache.internal.DefaultFileLockManager] Waiting to acquire shared lock on daemon addresses registry.
2026-03-29T16:44:44.608-0500 [DEBUG] [org.gradle.cache.internal.DefaultFileLockManager] Lock acquired on daemon addresses registry.
2026-03-29T16:44:44.609-0500 [DEBUG] [org.gradle.cache.internal.DefaultFileLockManager] Releasing lock on daemon addresses registry.
2026-03-29T16:44:44.611-0500 [DEBUG] [org.gradle.cache.internal.DefaultFileLockManager] Waiting to acquire shared lock on daemon addresses registry.
2026-03-29T16:44:44.611-0500 [DEBUG] [org.gradle.cache.internal.DefaultFileLockManager] Lock acquired on daemon addresses registry.
2026-03-29T16:44:44.611-0500 [DEBUG] [org.gradle.cache.internal.DefaultFileLockManager] Releasing lock on daemon addresses registry.
2026-03-29T16:44:44.613-0500 [DEBUG] [org.gradle.cache.internal.DefaultFileLockManager] Waiting to acquire shared lock on daemon addresses registry.
2026-03-29T16:44:44.613-0500 [DEBUG] [org.gradle.cache.internal.DefaultFileLockManager] Lock acquired on daemon addresses registry.
2026-03-29T16:44:44.613-0500 [DEBUG] [org.gradle.cache.internal.DefaultFileLockManager] Releasing lock on daemon addresses registry.
2026-03-29T16:44:48.880-0500 [DEBUG] [org.gradle.process.internal.health.memory.DefaultMemoryManager] 841566208 physical memory requested, 463171584 free
2026-03-29T16:44:48.880-0500 [DEBUG] [org.gradle.workers.internal.WorkerDaemonExpiration] Will attempt to release 802 of memory
2026-03-29T16:44:48.881-0500 [DEBUG] [org.gradle.process.internal.health.memory.DefaultMemoryManager] 841566208 physical memory requested, 0 released, 463171584 free
2026-03-29T16:44:53.881-0500 [DEBUG] [org.gradle.process.internal.health.memory.DefaultMemoryManager] 841566208 physical memory requested, 464232448 free
2026-03-29T16:44:53.881-0500 [DEBUG] [org.gradle.workers.internal.WorkerDaemonExpiration] Will attempt to release 802 of memory
2026-03-29T16:44:53.881-0500 [DEBUG] [org.gradle.process.internal.health.memory.DefaultMemoryManager] 841566208 physical memory requested, 0 released, 464232448 free
2026-03-29T16:44:54.609-0500 [DEBUG] [org.gradle.cache.internal.DefaultFileLockManager] Waiting to acquire shared lock on daemon addresses registry.
2026-03-29T16:44:54.609-0500 [DEBUG] [org.gradle.cache.internal.DefaultFileLockManager] Lock acquired on daemon addresses registry.
2026-03-29T16:44:54.623-0500 [DEBUG] [org.gradle.cache.internal.DefaultFileLockManager] Releasing lock on daemon addresses registry.
2026-03-29T16:44:54.625-0500 [DEBUG] [org.gradle.cache.internal.DefaultFileLockManager] Waiting to acquire shared lock on daemon addresses registry.
2026-03-29T16:44:54.625-0500 [DEBUG] [org.gradle.cache.internal.DefaultFileLockManager] Lock acquired on daemon addresses registry.
2026-03-29T16:44:54.625-0500 [DEBUG] [org.gradle.cache.internal.DefaultFileLockManager] Releasing lock on daemon addresses registry.
2026-03-29T16:44:54.626-0500 [DEBUG] [org.gradle.cache.internal.DefaultFileLockManager] Waiting to acquire shared lock on daemon addresses registry.
2026-03-29T16:44:54.626-0500 [DEBUG] [org.gradle.cache.internal.DefaultFileLockManager] Lock acquired on daemon addresses registry.
2026-03-29T16:44:54.626-0500 [DEBUG] [org.gradle.cache.internal.DefaultFileLockManager] Releasing lock on daemon addresses registry.
2026-03-29T16:44:58.881-0500 [DEBUG] [org.gradle.process.internal.health.memory.DefaultMemoryManager] 841566208 physical memory requested, 465686528 free
2026-03-29T16:44:58.881-0500 [DEBUG] [org.gradle.workers.internal.WorkerDaemonExpiration] Will attempt to release 802 of memory
2026-03-29T16:44:58.882-0500 [DEBUG] [org.gradle.process.internal.health.memory.DefaultMemoryManager] 841566208 physical memory requested, 0 released, 465686528 free
2026-03-29T16:45:02.518-0500 [DEBUG] [org.gradle.internal.watch.vfs.impl.WatchingVirtualFileSystem] Handling VFS change CREATED C:\Users\sebgo\AndroidStudioProjects\mytaxitravel\app\src\main\java\com\workpro\mytaxitravel\ConfiguracionUsuario.kt~
2026-03-29T16:45:02.523-0500 [DEBUG] [org.gradle.internal.watch.vfs.impl.WatchingVirtualFileSystem] Handling VFS change MODIFIED C:\Users\sebgo\AndroidStudioProjects\mytaxitravel\app\src\main\java\com\workpro\mytaxitravel\ConfiguracionUsuario.kt
2026-03-29T16:45:03.882-0500 [DEBUG] [org.gradle.process.internal.health.memory.DefaultMemoryManager] 841566208 physical memory requested, 587649024 free
2026-03-29T16:45:03.882-0500 [DEBUG] [org.gradle.workers.internal.WorkerDaemonExpiration] Will attempt to release 802 of memory
2026-03-29T16:45:03.882-0500 [DEBUG] [org.gradle.process.internal.health.memory.DefaultMemoryManager] 841566208 physical memory requested, 0 released, 587649024 free
2026-03-29T16:45:04.612-0500 [DEBUG] [org.gradle.cache.internal.DefaultFileLockManager] Waiting to acquire shared lock on daemon addresses registry.
2026-03-29T16:45:04.612-0500 [DEBUG] [org.gradle.cache.internal.DefaultFileLockManager] Lock acquired on daemon addresses registry.
2026-03-29T16:45:04.625-0500 [DEBUG] [org.gradle.cache.internal.DefaultFileLockManager] Releasing lock on daemon addresses registry.
2026-03-29T16:45:04.629-0500 [DEBUG] [org.gradle.cache.internal.DefaultFileLockManager] Waiting to acquire shared lock on daemon addresses registry.
2026-03-29T16:45:04.629-0500 [DEBUG] [org.gradle.cache.internal.DefaultFileLockManager] Lock acquired on daemon addresses registry.
2026-03-29T16:45:04.630-0500 [DEBUG] [org.gradle.cache.internal.DefaultFileLockManager] Releasing lock on daemon addresses registry.
2026-03-29T16:45:04.633-0500 [DEBUG] [org.gradle.cache.internal.DefaultFileLockManager] Waiting to acquire shared lock on daemon addresses registry.
2026-03-29T16:45:04.633-0500 [DEBUG] [org.gradle.cache.internal.DefaultFileLockManager] Lock acquired on daemon addresses registry.
2026-03-29T16:45:04.633-0500 [DEBUG] [org.gradle.cache.internal.DefaultFileLockManager] Releasing lock on daemon addresses registry.
2026-03-29T16:45:08.879-0500 [DEBUG] [org.gradle.process.internal.health.memory.DefaultMemoryManager] 841566208 physical memory requested, 534282240 free
2026-03-29T16:45:08.879-0500 [DEBUG] [org.gradle.workers.internal.WorkerDaemonExpiration] Will attempt to release 802 of memory
2026-03-29T16:45:08.879-0500 [DEBUG] [org.gradle.process.internal.health.memory.DefaultMemoryManager] 841566208 physical memory requested, 0 released, 534282240 free
2026-03-29T16:45:14.609-0500 [DEBUG] [org.gradle.cache.internal.DefaultFileLockManager] Waiting to acquire shared lock on daemon addresses registry.
2026-03-29T16:45:14.609-0500 [DEBUG] [org.gradle.cache.internal.DefaultFileLockManager] Lock acquired on daemon addresses registry.
2026-03-29T16:45:14.610-0500 [DEBUG] [org.gradle.cache.internal.DefaultFileLockManager] Releasing lock on daemon addresses registry.
2026-03-29T16:45:14.625-0500 [DEBUG] [org.gradle.cache.internal.DefaultFileLockManager] Waiting to acquire shared lock on daemon addresses registry.
2026-03-29T16:45:14.626-0500 [DEBUG] [org.gradle.cache.internal.DefaultFileLockManager] Lock acquired on daemon addresses registry.
2026-03-29T16:45:14.627-0500 [DEBUG] [org.gradle.cache.internal.DefaultFileLockManager] Releasing lock on daemon addresses registry.
2026-03-29T16:45:14.629-0500 [DEBUG] [org.gradle.cache.internal.DefaultFileLockManager] Waiting to acquire shared lock on daemon addresses registry.
2026-03-29T16:45:14.630-0500 [DEBUG] [org.gradle.cache.internal.DefaultFileLockManager] Lock acquired on daemon addresses registry.
2026-03-29T16:45:14.630-0500 [DEBUG] [org.gradle.cache.internal.DefaultFileLockManager] Releasing lock on daemon addresses registry.
2026-03-29T16:45:17.133-0500 [DEBUG] [org.gradle.internal.remote.internal.inet.TcpIncomingConnector] Accepted connection from /127.0.0.1:39945 to /127.0.0.1:28940.
2026-03-29T16:45:17.237-0500 [DEBUG] [org.gradle.launcher.daemon.server.SynchronizedDispatchConnection] thread 698: received class org.gradle.launcher.daemon.protocol.Build
2026-03-29T16:45:17.237-0500 [DEBUG] [org.gradle.launcher.daemon.server.DefaultDaemonConnection] thread 698: Received non-IO message from client: Build{id=d37758b7-9c8d-4cfb-8a6e-06b48c9968d9, currentDir=C:\Users\sebgo\AndroidStudioProjects\mytaxitravel}
2026-03-29T16:45:17.238-0500 [INFO] [org.gradle.launcher.daemon.server.DefaultIncomingConnectionHandler] Received command: Build{id=d37758b7-9c8d-4cfb-8a6e-06b48c9968d9, currentDir=C:\Users\sebgo\AndroidStudioProjects\mytaxitravel}.
2026-03-29T16:45:17.238-0500 [DEBUG] [org.gradle.launcher.daemon.server.DefaultIncomingConnectionHandler] Starting executing command: Build{id=d37758b7-9c8d-4cfb-8a6e-06b48c9968d9, currentDir=C:\Users\sebgo\AndroidStudioProjects\mytaxitravel} with connection: socket connection from /127.0.0.1:28940 to /127.0.0.1:39945.
2026-03-29T16:45:17.244-0500 [DEBUG] [org.gradle.launcher.daemon.server.DaemonStateCoordinator] Command execution: started DaemonCommandExecution[command = Build{id=d37758b7-9c8d-4cfb-8a6e-06b48c9968d9, currentDir=C:\Users\sebgo\AndroidStudioProjects\mytaxitravel}, connection = DefaultDaemonConnection: socket connection from /127.0.0.1:28940 to /127.0.0.1:39945] after 15.5479 minutes of idle
2026-03-29T16:45:17.245-0500 [INFO] [org.gradle.launcher.daemon.server.DaemonRegistryUpdater] Marking the daemon as busy, address: [87107fdb-3f53-4eec-a91a-0d08b2658363 port:28940, addresses:[localhost/127.0.0.1]]
2026-03-29T16:45:17.245-0500 [DEBUG] [org.gradle.launcher.daemon.registry.PersistentDaemonRegistry] Marking busy by address: [87107fdb-3f53-4eec-a91a-0d08b2658363 port:28940, addresses:[localhost/127.0.0.1]]
2026-03-29T16:45:17.246-0500 [DEBUG] [org.gradle.cache.internal.DefaultFileLockManager] Waiting to acquire exclusive lock on daemon addresses registry.
2026-03-29T16:45:17.249-0500 [DEBUG] [org.gradle.cache.internal.DefaultFileLockManager] Lock acquired on daemon addresses registry.
2026-03-29T16:45:17.254-0500 [DEBUG] [org.gradle.cache.internal.DefaultFileLockManager] Releasing lock on daemon addresses registry.
2026-03-29T16:45:17.255-0500 [DEBUG] [org.gradle.launcher.daemon.server.DaemonStateCoordinator] resetting idle timer
2026-03-29T16:45:17.256-0500 [DEBUG] [org.gradle.launcher.daemon.server.DaemonStateCoordinator] daemon is running. Sleeping until state changes.
2026-03-29T16:45:17.257-0500 [INFO] [org.gradle.launcher.daemon.server.exec.StartBuildOrRespondWithBusy] Daemon is about to start building Build{id=d37758b7-9c8d-4cfb-8a6e-06b48c9968d9, currentDir=C:\Users\sebgo\AndroidStudioProjects\mytaxitravel}. Dispatching build started information...
2026-03-29T16:45:17.257-0500 [DEBUG] [org.gradle.launcher.daemon.server.SynchronizedDispatchConnection] thread 700: dispatching org.gradle.launcher.daemon.protocol.BuildStarted@60a3d245
2026-03-29T16:45:17.265-0500 [DEBUG] [org.gradle.launcher.daemon.server.exec.EstablishBuildEnvironment] Configuring env variables: [USERDOMAIN_ROAMINGPROFILE, Maven, PROCESSOR_LEVEL, SESSIONNAME, ALLUSERSPROFILE, PROCESSOR_ARCHITECTURE, PSModulePath, SystemDrive, USERNAME, ProgramFiles(x86), FPS_BROWSER_USER_PROFILE_STRING, PATHEXT, DriverData, OneDriveConsumer, IntelliJ IDEA Community Edition, PyCharm Community Edition, ProgramData, ProgramW6432, HOMEPATH, EFC_11740_3789132940, PROCESSOR_IDENTIFIER, ProgramFiles, PUBLIC, windir, =::, ZES_ENABLE_SYSMAN, LOCALAPPDATA, ChocolateyLastPathUpdate, USERDOMAIN, LOGONSERVER, FPS_BROWSER_APP_PROFILE_STRING, JAVA_HOME, OneDrive, APPDATA, ChocolateyInstall, CommonProgramFiles, Path, EFC_11740_2283032206, EFC_11740_2775293581, OS, COMPUTERNAME, PROCESSOR_REVISION, CommonProgramW6432, ComSpec, EFC_11740_1262719628, TEMP, SystemRoot, EFC_11740_1592913036, HOMEDRIVE, USERPROFILE, TMP, CommonProgramFiles(x86), NUMBER_OF_PROCESSORS]
2026-03-29T16:45:17.279-0500 [DEBUG] [org.gradle.launcher.daemon.server.exec.LogToClient] About to start relaying all logs to the client via the connection.
2026-03-29T16:45:17.283-0500 [INFO] [org.gradle.launcher.daemon.server.exec.LogToClient] The client will now receive all logging from the daemon (pid: 15796). The daemon log file: C:\Users\sebgo\AndroidStudioProjects\mytaxitravel\gradle\daemon\8.13\daemon-15796.out.log
2026-03-29T16:45:17.316-0500 [INFO] [org.gradle.launcher.daemon.server.exec.LogAndCheckHealth] Starting 8th build in daemon [uptime: 29 mins 3.325 secs, performance: 99%, GC rate: 0.00/s, heap usage: 0% of 2 GiB]
2026-03-29T16:45:17.321-0500 [DEBUG] [org.gradle.launcher.daemon.server.exec.ExecuteBuild] The daemon has started executing the build.
2026-03-29T16:45:17.322-0500 [DEBUG] [org.gradle.launcher.daemon.server.exec.ExecuteBuild] Executing build with daemon context: DefaultDaemonContext[uid=cc4bbf85-bda1-438d-96c8-60995f17b2b8,javaHome=F:\Android Studio\jbr,javaVersion=21,javaVendor=JetBrains s.r.o.,daemonRegistryDir=C:\Users\sebgo\AndroidStudioProjects\mytaxitravel\gradle\daemon,pid=15796,idleTimeout=10800000,priority=NORMAL,applyInstrumentationAgent=true,nativeServicesMode=ENABLED,daemonOpts=-Xmx2048m,-Dfile.encoding=UTF-8,-Duser.country=CO,-Duser.language=es,-Duser.variant]

BUILD SUCCESSFUL in 36s
39 actionable tasks: 13 executed, 26 up-to-date
2026-03-29T16:45:53.721-0500 [DEBUG] [org.gradle.launcher.daemon.server.exec.ExecuteBuild] The daemon has finished executing the build.
2026-03-29T16:45:53.733-0500 [DEBUG] [org.gradle.launcher.daemon.server.DaemonStateCoordinator] daemon is running. Sleeping until state changes.
2026-03-29T16:45:53.733-0500 [DEBUG] [org.gradle.launcher.daemon.server.DaemonStateCoordinator] Command execution: finished waiting for DaemonCommandExecution[command = Build{id=d37758b7-9c8d-4cfb-8a6e-06b48c9968d9, currentDir=C:\Users\sebgo\AndroidStudioProjects\mytaxitravel}, connection = DefaultDaemonConnection: socket connection from /127.0.0.1:28940 to /127.0.0.1:39945]. Result org.gradle.launcher.daemon.server.DaemonStateCoordinator@3ec6a587 with state Busy
2026-03-29T16:45:53.733-0500 [DEBUG] [org.gradle.launcher.daemon.server.DaemonStateCoordinator] Command execution: completed DaemonCommandExecution[command = Build{id=d37758b7-9c8d-4cfb-8a6e-06b48c9968d9, currentDir=C:\Users\sebgo\AndroidStudioProjects\mytaxitravel}, connection = DefaultDaemonConnection: socket connection from /127.0.0.1:28940 to /127.0.0.1:39945]
2026-03-29T16:45:53.734-0500 [DEBUG] [org.gradle.launcher.daemon.server.DaemonStateCoordinator] resetting idle timer
2026-03-29T16:45:53.734-0500 [INFO] [org.gradle.launcher.daemon.server.DaemonRegistryUpdater] Marking the daemon as idle, address: [87107fdb-3f53-4eec-a91a-0d08b2658363 port:28940, addresses:[localhost/127.0.0.1]]
2026-03-29T16:45:53.734-0500 [DEBUG] [org.gradle.launcher.daemon.registry.PersistentDaemonRegistry] Marking busy by address: [87107fdb-3f53-4eec-a91a-0d08b2658363 port:28940, addresses:[localhost/127.0.0.1]]
2026-03-29T16:45:53.736-0500 [DEBUG] [org.gradle.cache.internal.DefaultFileLockManager] Waiting to acquire exclusive lock on daemon addresses registry.
2026-03-29T16:45:53.737-0500 [DEBUG] [org.gradle.cache.internal.DefaultFileLockManager] Lock acquired on daemon addresses registry.
2026-03-29T16:45:53.738-0500 [DEBUG] [org.gradle.cache.internal.DefaultFileLockManager] Releasing lock on daemon addresses registry.
2026-03-29T16:45:53.739-0500 [DEBUG] [org.gradle.launcher.daemon.server.DaemonStateCoordinator] daemon is running. Sleeping until state changes.
2026-03-29T16:45:53.739-0500 [DEBUG] [org.gradle.launcher.daemon.server.exec.ReturnResult] Daemon is dispatching the build result: Success[value=org.gradle.launcher.exec.BuildActionResult@cea420]
2026-03-29T16:45:53.739-0500 [DEBUG] [org.gradle.launcher.daemon.server.SynchronizedDispatchConnection] thread 697: dispatching Success[value=org.gradle.launcher.exec.BuildActionResult@cea420]
2026-03-29T16:45:53.741-0500 [DEBUG] [org.gradle.launcher.daemon.server.exec.CleanUpVirtualFileSystemAfterBuild] Cleaning virtual file system after build finished
2026-03-29T16:45:53.741-0500 [DEBUG] [org.gradle.launcher.daemon.server.DefaultIncomingConnectionHandler] Finishing executing command: Build{id=d37758b7-9c8d-4cfb-8a6e-06b48c9968d9, currentDir=C:\Users\sebgo\AndroidStudioProjects\mytaxitravel}
2026-03-29T16:45:53.744-0500 [DEBUG] [org.gradle.launcher.daemon.server.SynchronizedDispatchConnection] thread 698: received class org.gradle.launcher.daemon.protocol.CloseInput
2026-03-29T16:45:53.744-0500 [DEBUG] [org.gradle.launcher.daemon.server.DefaultDaemonConnection] thread 698: Received IO message from client: org.gradle.launcher.daemon.protocol.CloseInput@7419982a
2026-03-29T16:45:53.745-0500 [DEBUG] [org.gradle.launcher.daemon.server.SynchronizedDispatchConnection] thread 698: received class org.gradle.launcher.daemon.protocol.Finished
2026-03-29T16:45:53.745-0500 [DEBUG] [org.gradle.launcher.daemon.server.DefaultDaemonConnection] thread 698: Received non-IO message from client: org.gradle.launcher.daemon.protocol.Finished@7ade78d9
2026-03-29T16:45:53.745-0500 [DEBUG] [org.gradle.launcher.daemon.server.DefaultIncomingConnectionHandler] Received finished message: org.gradle.launcher.daemon.protocol.Finished@7ade78d9
2026-03-29T16:45:53.745-0500 [DEBUG] [org.gradle.launcher.daemon.server.SynchronizedDispatchConnection] thread 697: stopping connection
2026-03-29T16:45:53.745-0500 [DEBUG] [org.gradle.internal.remote.internal.inet.SocketConnection] Discarding EOFException: java.io.EOFException
2026-03-29T16:45:53.746-0500 [DEBUG] [org.gradle.launcher.daemon.server.SynchronizedDispatchConnection] thread 698: received null
2026-03-29T16:45:53.746-0500 [DEBUG] [org.gradle.launcher.daemon.server.DefaultDaemonConnection] thread 698: Received end-of-input from client.
2026-03-29T16:45:53.746-0500 [DEBUG] [org.gradle.launcher.daemon.server.SynchronizedDispatchConnection] thread 697: stopping connection
2026-03-29T16:45:54.787-0500 [DEBUG] [org.gradle.cache.internal.DefaultFileLockManager] Waiting to acquire shared lock on daemon addresses registry.
2026-03-29T16:45:54.807-0500 [DEBUG] [org.gradle.cache.internal.DefaultFileLockManager] Lock acquired on daemon addresses registry.
2026-03-29T16:45:54.854-0500 [DEBUG] [org.gradle.cache.internal.DefaultFileLockManager] Releasing lock on daemon addresses registry.
2026-03-29T16:45:54.881-0500 [DEBUG] [org.gradle.cache.internal.DefaultFileLockManager] Waiting to acquire shared lock on daemon addresses registry.
2026-03-29T16:45:54.882-0500 [DEBUG] [org.gradle.cache.internal.DefaultFileLockManager] Lock acquired on daemon addresses registry.
2026-03-29T16:45:54.883-0500 [DEBUG] [org.gradle.cache.internal.DefaultFileLockManager] Releasing lock on daemon addresses registry.
2026-03-29T16:45:58.880-0500 [DEBUG] [org.gradle.process.internal.health.memory.DefaultMemoryManager] 841566208 physical memory requested, 748326912 free
2026-03-29T16:45:58.881-0500 [DEBUG] [org.gradle.workers.internal.WorkerDaemonExpiration] Will attempt to release 802 of memory
2026-03-29T16:45:58.881-0500 [DEBUG] [org.gradle.process.internal.health.memory.DefaultMemoryManager] 841566208 physical memory requested, 0 released, 748326912 free
2026-03-29T16:45:59.850-0500 [DEBUG] [sun.rmi.transport.tcp] RMI TCP Connection(15)-127.0.0.1: (port 2680) connection closed
2026-03-29T16:45:59.851-0500 [DEBUG] [sun.rmi.transport.tcp] RMI TCP Connection(15)-127.0.0.1: close connection, socket: Socket[addr=/127.0.0.1,port=40020,localport=2680]
2026-03-29T16:45:59.852-0500 [DEBUG] [sun.rmi.transport.tcp] RMI TCP Connection(15)-127.0.0.1: socket close: Socket[addr=/127.0.0.1,port=40020,localport=2680]
2026-03-29T16:46:03.882-0500 [DEBUG] [org.gradle.process.internal.health.memory.DefaultMemoryManager] 841566208 physical memory requested, 477847552 free
2026-03-29T16:46:03.882-0500 [DEBUG] [org.gradle.workers.internal.WorkerDaemonExpiration] Will attempt to release 802 of memory
2026-03-29T16:46:03.883-0500 [DEBUG] [org.gradle.process.internal.health.memory.DefaultMemoryManager] 841566208 physical memory requested, 0 released, 477847552 free
2026-03-29T16:46:04.003-0500 [DEBUG] [sun.rmi.transport.tcp] RMI TCP Connection(16)-127.0.0.1: (port 2680) connection closed
2026-03-29T16:46:04.004-0500 [DEBUG] [sun.rmi.transport.tcp] RMI TCP Connection(16)-127.0.0.1: close connection, socket: Socket[addr=/127.0.0.1,port=40021,localport=2680]
2026-03-29T16:46:04.005-0500 [DEBUG] [sun.rmi.transport.tcp] RMI TCP Connection(16)-127.0.0.1: socket close: Socket[addr=/127.0.0.1,port=40021,localport=2680]
2026-03-29T16:46:04.621-0500 [DEBUG] [org.gradle.cache.internal.DefaultFileLockManager] Waiting to acquire shared lock on daemon addresses registry.
2026-03-29T16:46:04.622-0500 [DEBUG] [org.gradle.cache.internal.DefaultFileLockManager] Lock acquired on daemon addresses registry.
2026-03-29T16:46:04.623-0500 [DEBUG] [org.gradle.cache.internal.DefaultFileLockManager] Releasing lock on daemon addresses registry.
2026-03-29T16:46:04.634-0500 [DEBUG] [org.gradle.cache.internal.DefaultFileLockManager] Waiting to acquire shared lock on daemon addresses registry.
2026-03-29T16:46:04.634-0500 [DEBUG] [org.gradle.cache.internal.DefaultFileLockManager] Lock acquired on daemon addresses registry.
2026-03-29T16:46:04.636-0500 [DEBUG] [org.gradle.cache.internal.DefaultFileLockManager] Releasing lock on daemon addresses registry.
2026-03-29T16:46:04.647-0500 [DEBUG] [org.gradle.cache.internal.DefaultFileLockManager] Waiting to acquire shared lock on daemon addresses registry.
2026-03-29T16:46:04.648-0500 [DEBUG] [org.gradle.cache.internal.DefaultFileLockManager] Lock acquired on daemon addresses registry.
2026-03-29T16:46:04.648-0500 [DEBUG] [org.gradle.cache.internal.DefaultFileLockManager] Releasing lock on daemon addresses registry.
2026-03-29T16:46:06.776-0500 [DEBUG] [sun.rmi.transport.tcp] RMI Scheduler(0): close connection, socket: Socket[addr=localhost/127.0.0.1,port=17680,localport=40023]
2026-03-29T16:46:07.280-0500 [DEBUG] [sun.rmi.transport.tcp] RMI TCP Connection(14)-127.0.0.1: (port 2680) connection closed
2026-03-29T16:46:07.280-0500 [DEBUG] [sun.rmi.transport.tcp] RMI TCP Connection(14)-127.0.0.1: close connection, socket: Socket[addr=/127.0.0.1,port=40015,localport=2680]
2026-03-29T16:46:07.281-0500 [DEBUG] [sun.rmi.transport.tcp] RMI TCP Connection(14)-127.0.0.1: socket close: Socket[addr=/127.0.0.1,port=40015,localport=2680]
2026-03-29T16:46:08.881-0500 [DEBUG] [org.gradle.process.internal.health.memory.DefaultMemoryManager] 841566208 physical memory requested, 484294656 free
2026-03-29T16:46:08.882-0500 [DEBUG] [org.gradle.workers.internal.WorkerDaemonExpiration] Will attempt to release 802 of memory
2026-03-29T16:46:08.882-0500 [DEBUG] [org.gradle.process.internal.health.memory.DefaultMemoryManager] 841566208 physical memory requested, 0 released, 484294656 free
2026-03-29T16:46:13.886-0500 [DEBUG] [org.gradle.process.internal.health.memory.DefaultMemoryManager] 841566208 physical memory requested, 462802944 free
2026-03-29T16:46:13.887-0500 [DEBUG] [org.gradle.workers.internal.WorkerDaemonExpiration] Will attempt to release 802 of memory
2026-03-29T16:46:13.887-0500 [DEBUG] [org.gradle.process.internal.health.memory.DefaultMemoryManager] 841566208 physical memory requested, 0 released, 462802944 free
2026-03-29T16:46:14.609-0500 [DEBUG] [org.gradle.cache.internal.DefaultFileLockManager] Waiting to acquire shared lock on daemon addresses registry.
2026-03-29T16:46:14.609-0500 [DEBUG] [org.gradle.cache.internal.DefaultFileLockManager] Lock acquired on daemon addresses registry.
2026-03-29T16:46:14.610-0500 [DEBUG] [org.gradle.cache.internal.DefaultFileLockManager] Releasing lock on daemon addresses registry.
2026-03-29T16:46:14.612-0500 [DEBUG] [org.gradle.cache.internal.DefaultFileLockManager] Waiting to acquire shared lock on daemon addresses registry.
2026-03-29T16:46:14.613-0500 [DEBUG] [org.gradle.cache.internal.DefaultFileLockManager] Lock acquired on daemon addresses registry.
2026-03-29T16:46:14.613-0500 [DEBUG] [org.gradle.cache.internal.DefaultFileLockManager] Releasing lock on daemon addresses registry.
2026-03-29T16:46:14.615-0500 [DEBUG] [org.gradle.cache.internal.DefaultFileLockManager] Waiting to acquire shared lock on daemon addresses registry.
2026-03-29T16:46:14.616-0500 [DEBUG] [org.gradle.cache.internal.DefaultFileLockManager] Lock acquired on daemon addresses registry.
2026-03-29T16:46:14.616-0500 [DEBUG] [org.gradle.cache.internal.DefaultFileLockManager] Releasing lock on daemon addresses registry.
2026-03-29T16:46:24.608-0500 [DEBUG] [org.gradle.cache.internal.DefaultFileLockManager] Waiting to acquire shared lock on daemon addresses registry.
2026-03-29T16:46:24.608-0500 [DEBUG] [org.gradle.cache.internal.DefaultFileLockManager] Lock acquired on daemon addresses registry.
2026-03-29T16:46:24.608-0500 [DEBUG] [org.gradle.cache.internal.DefaultFileLockManager] Releasing lock on daemon addresses registry.
2026-03-29T16:46:24.609-0500 [DEBUG] [org.gradle.cache.internal.DefaultFileLockManager] Waiting to acquire shared lock on daemon addresses registry.
2026-03-29T16:46:24.609-0500 [DEBUG] [org.gradle.cache.internal.DefaultFileLockManager] Lock acquired on daemon addresses registry.
2026-03-29T16:46:24.610-0500 [DEBUG] [org.gradle.cache.internal.DefaultFileLockManager] Releasing lock on daemon addresses registry.
2026-03-29T16:46:24.611-0500 [DEBUG] [org.gradle.cache.internal.DefaultFileLockManager] Waiting to acquire shared lock on daemon addresses registry.
2026-03-29T16:46:24.611-0500 [DEBUG] [org.gradle.cache.internal.DefaultFileLockManager] Lock acquired on daemon addresses registry.
2026-03-29T16:46:24.611-0500 [DEBUG] [org.gradle.cache.internal.DefaultFileLockManager] Releasing lock on daemon addresses registry.
2026-03-29T16:46:34.609-0500 [DEBUG] [org.gradle.cache.internal.DefaultFileLockManager] Waiting to acquire shared lock on daemon addresses registry.
2026-03-29T16:46:34.609-0500 [DEBUG] [org.gradle.cache.internal.DefaultFileLockManager] Lock acquired on daemon addresses registry.
2026-03-29T16:46:34.610-0500 [DEBUG] [org.gradle.cache.internal.DefaultFileLockManager] Releasing lock on daemon addresses registry.
2026-03-29T16:46:34.611-0500 [DEBUG] [org.gradle.cache.internal.DefaultFileLockManager] Waiting to acquire shared lock on daemon addresses registry.
2026-03-29T16:46:34.612-0500 [DEBUG] [org.gradle.cache.internal.DefaultFileLockManager] Lock acquired on daemon addresses registry.
2026-03-29T16:46:34.612-0500 [DEBUG] [org.gradle.cache.internal.DefaultFileLockManager] Releasing lock on daemon addresses registry.
2026-03-29T16:46:34.613-0500 [DEBUG] [org.gradle.cache.internal.DefaultFileLockManager] Waiting to acquire shared lock on daemon addresses registry.
2026-03-29T16:46:34.613-0500 [DEBUG] [org.gradle.cache.internal.DefaultFileLockManager] Lock acquired on daemon addresses registry.
2026-03-29T16:46:34.614-0500 [DEBUG] [org.gradle.cache.internal.DefaultFileLockManager] Releasing lock on daemon addresses registry.
2026-03-29T16:46:44.609-0500 [DEBUG] [org.gradle.cache.internal.DefaultFileLockManager] Waiting to acquire shared lock on daemon addresses registry.
2026-03-29T16:46:44.609-0500 [DEBUG] [org.gradle.cache.internal.DefaultFileLockManager] Lock acquired on daemon addresses registry.
2026-03-29T16:46:44.609-0500 [DEBUG] [org.gradle.cache.internal.DefaultFileLockManager] Releasing lock on daemon addresses registry.
2026-03-29T16:46:44.611-0500 [DEBUG] [org.gradle.cache.internal.DefaultFileLockManager] Waiting to acquire shared lock on daemon addresses registry.
2026-03-29T16:46:44.611-0500 [DEBUG] [org.gradle.cache.internal.DefaultFileLockManager] Lock acquired on daemon addresses registry.
2026-03-29T16:46:44.612-0500 [DEBUG] [org.gradle.cache.internal.DefaultFileLockManager] Releasing lock on daemon addresses registry.
2026-03-29T16:46:44.614-0500 [DEBUG] [org.gradle.cache.internal.DefaultFileLockManager] Waiting to acquire shared lock on daemon addresses registry.
2026-03-29T16:46:44.614-0500 [DEBUG] [org.gradle.cache.internal.DefaultFileLockManager] Lock acquired on daemon addresses registry.
2026-03-29T16:46:44.614-0500 [DEBUG] [org.gradle.cache.internal.DefaultFileLockManager] Releasing lock on daemon addresses registry.
2026-03-29T16:46:53.880-0500 [DEBUG] [org.gradle.process.internal.health.memory.DefaultMemoryManager] 841566208 physical memory requested, 787283968 free
2026-03-29T16:46:53.880-0500 [DEBUG] [org.gradle.workers.internal.WorkerDaemonExpiration] Will attempt to release 802 of memory
2026-03-29T16:46:53.880-0500 [DEBUG] [org.gradle.process.internal.health.memory.DefaultMemoryManager] 841566208 physical memory requested, 0 released, 787283968 free
2026-03-29T16:46:54.611-0500 [DEBUG] [org.gradle.cache.internal.DefaultFileLockManager] Waiting to acquire shared lock on daemon addresses registry.
2026-03-29T16:46:54.611-0500 [DEBUG] [org.gradle.cache.internal.DefaultFileLockManager] Lock acquired on daemon addresses registry.
2026-03-29T16:46:54.614-0500 [DEBUG] [org.gradle.cache.internal.DefaultFileLockManager] Releasing lock on daemon addresses registry.
2026-03-29T16:46:54.617-0500 [DEBUG] [org.gradle.cache.internal.DefaultFileLockManager] Waiting to acquire shared lock on daemon addresses registry.
2026-03-29T16:46:54.618-0500 [DEBUG] [org.gradle.cache.internal.DefaultFileLockManager] Lock acquired on daemon addresses registry.
2026-03-29T16:46:54.618-0500 [DEBUG] [org.gradle.cache.internal.DefaultFileLockManager] Releasing lock on daemon addresses registry.
2026-03-29T16:46:54.621-0500 [DEBUG] [org.gradle.cache.internal.DefaultFileLockManager] Waiting to acquire shared lock on daemon addresses registry.
2026-03-29T16:46:54.621-0500 [DEBUG] [org.gradle.cache.internal.DefaultFileLockManager] Lock acquired on daemon addresses registry.
2026-03-29T16:46:54.622-0500 [DEBUG] [org.gradle.cache.internal.DefaultFileLockManager] Releasing lock on daemon addresses registry.
2026-03-29T16:46:58.881-0500 [DEBUG] [org.gradle.process.internal.health.memory.DefaultMemoryManager] 841566208 physical memory requested, 503226368 free
2026-03-29T16:46:58.883-0500 [DEBUG] [org.gradle.workers.internal.WorkerDaemonExpiration] Will attempt to release 802 of memory
2026-03-29T16:46:58.883-0500 [DEBUG] [org.gradle.process.internal.health.memory.DefaultMemoryManager] 841566208 physical memory requested, 0 released, 503226368 free
2026-03-29T16:47:03.881-0500 [DEBUG] [org.gradle.process.internal.health.memory.DefaultMemoryManager] 841566208 physical memory requested, 366301184 free
2026-03-29T16:47:03.882-0500 [DEBUG] [org.gradle.workers.internal.WorkerDaemonExpiration] Will attempt to release 802 of memory
2026-03-29T16:47:03.883-0500 [DEBUG] [org.gradle.process.internal.health.memory.DefaultMemoryManager] 841566208 physical memory requested, 0 released, 366301184 free
2026-03-29T16:47:04.611-0500 [DEBUG] [org.gradle.cache.internal.DefaultFileLockManager] Waiting to acquire shared lock on daemon addresses registry.
2026-03-29T16:47:04.611-0500 [DEBUG] [org.gradle.cache.internal.DefaultFileLockManager] Lock acquired on daemon addresses registry.
2026-03-29T16:47:04.613-0500 [DEBUG] [org.gradle.cache.internal.DefaultFileLockManager] Releasing lock on daemon addresses registry.
2026-03-29T16:47:04.617-0500 [DEBUG] [org.gradle.cache.internal.DefaultFileLockManager] Waiting to acquire shared lock on daemon addresses registry.
2026-03-29T16:47:04.617-0500 [DEBUG] [org.gradle.cache.internal.DefaultFileLockManager] Lock acquired on daemon addresses registry.
2026-03-29T16:47:04.618-0500 [DEBUG] [org.gradle.cache.internal.DefaultFileLockManager] Releasing lock on daemon addresses registry.
2026-03-29T16:47:04.620-0500 [DEBUG] [org.gradle.cache.internal.DefaultFileLockManager] Waiting to acquire shared lock on daemon addresses registry.
2026-03-29T16:47:04.621-0500 [DEBUG] [org.gradle.cache.internal.DefaultFileLockManager] Lock acquired on daemon addresses registry.
2026-03-29T16:47:04.623-0500 [DEBUG] [org.gradle.cache.internal.DefaultFileLockManager] Releasing lock on daemon addresses registry.
2026-03-29T16:47:08.890-0500 [DEBUG] [org.gradle.process.internal.health.memory.DefaultMemoryManager] 841566208 physical memory requested, 602419200 free
2026-03-29T16:47:08.924-0500 [DEBUG] [org.gradle.workers.internal.WorkerDaemonExpiration] Will attempt to release 802 of memory
2026-03-29T16:47:08.924-0500 [DEBUG] [org.gradle.process.internal.health.memory.DefaultMemoryManager] 841566208 physical memory requested, 0 released, 602419200 free
2026-03-29T16:47:13.883-0500 [DEBUG] [org.gradle.process.internal.health.memory.DefaultMemoryManager] 841566208 physical memory requested, 533860352 free
2026-03-29T16:47:13.883-0500 [DEBUG] [org.gradle.workers.internal.WorkerDaemonExpiration] Will attempt to release 802 of memory
2026-03-29T16:47:13.883-0500 [DEBUG] [org.gradle.process.internal.health.memory.DefaultMemoryManager] 841566208 physical memory requested, 0 released, 533860352 free
2026-03-29T16:47:14.612-0500 [DEBUG] [org.gradle.cache.internal.DefaultFileLockManager] Waiting to acquire shared lock on daemon addresses registry.
2026-03-29T16:47:14.612-0500 [DEBUG] [org.gradle.cache.internal.DefaultFileLockManager] Lock acquired on daemon addresses registry.
2026-03-29T16:47:14.613-0500 [DEBUG] [org.gradle.cache.internal.DefaultFileLockManager] Releasing lock on daemon addresses registry.
2026-03-29T16:47:14.630-0500 [DEBUG] [org.gradle.cache.internal.DefaultFileLockManager] Waiting to acquire shared lock on daemon addresses registry.
2026-03-29T16:47:14.631-0500 [DEBUG] [org.gradle.cache.internal.DefaultFileLockManager] Lock acquired on daemon addresses registry.
2026-03-29T16:47:14.631-0500 [DEBUG] [org.gradle.cache.internal.DefaultFileLockManager] Releasing lock on daemon addresses registry.
2026-03-29T16:47:14.634-0500 [DEBUG] [org.gradle.cache.internal.DefaultFileLockManager] Waiting to acquire shared lock on daemon addresses registry.
2026-03-29T16:47:14.634-0500 [DEBUG] [org.gradle.cache.internal.DefaultFileLockManager] Lock acquired on daemon addresses registry.
2026-03-29T16:47:14.636-0500 [DEBUG] [org.gradle.cache.internal.DefaultFileLockManager] Releasing lock on daemon addresses registry.
2026-03-29T16:47:24.609-0500 [DEBUG] [org.gradle.cache.internal.DefaultFileLockManager] Waiting to acquire shared lock on daemon addresses registry.
2026-03-29T16:47:24.609-0500 [DEBUG] [org.gradle.cache.internal.DefaultFileLockManager] Lock acquired on daemon addresses registry.
2026-03-29T16:47:24.610-0500 [DEBUG] [org.gradle.cache.internal.DefaultFileLockManager] Releasing lock on daemon addresses registry.
2026-03-29T16:47:24.611-0500 [DEBUG] [org.gradle.cache.internal.DefaultFileLockManager] Waiting to acquire shared lock on daemon addresses registry.
2026-03-29T16:47:24.611-0500 [DEBUG] [org.gradle.cache.internal.DefaultFileLockManager] Lock acquired on daemon addresses registry.
2026-03-29T16:47:24.611-0500 [DEBUG] [org.gradle.cache.internal.DefaultFileLockManager] Releasing lock on daemon addresses registry.
2026-03-29T16:47:24.613-0500 [DEBUG] [org.gradle.cache.internal.DefaultFileLockManager] Waiting to acquire shared lock on daemon addresses registry.
2026-03-29T16:47:24.613-0500 [DEBUG] [org.gradle.cache.internal.DefaultFileLockManager] Lock acquired on daemon addresses registry.
2026-03-29T16:47:24.613-0500 [DEBUG] [org.gradle.cache.internal.DefaultFileLockManager] Releasing lock on daemon addresses registry.
2026-03-29T16:47:34.609-0500 [DEBUG] [org.gradle.cache.internal.DefaultFileLockManager] Waiting to acquire shared lock on daemon addresses registry.
2026-03-29T16:47:34.610-0500 [DEBUG] [org.gradle.cache.internal.DefaultFileLockManager] Lock acquired on daemon addresses registry.
2026-03-29T16:47:34.612-0500 [DEBUG] [org.gradle.cache.internal.DefaultFileLockManager] Releasing lock on daemon addresses registry.
2026-03-29T16:47:34.614-0500 [DEBUG] [org.gradle.cache.internal.DefaultFileLockManager] Waiting to acquire shared lock on daemon addresses registry.
2026-03-29T16:47:34.614-0500 [DEBUG] [org.gradle.cache.internal.DefaultFileLockManager] Lock acquired on daemon addresses registry.
2026-03-29T16:47:34.615-0500 [DEBUG] [org.gradle.cache.internal.DefaultFileLockManager] Releasing lock on daemon addresses registry.
2026-03-29T16:47:34.616-0500 [DEBUG] [org.gradle.cache.internal.DefaultFileLockManager] Waiting to acquire shared lock on daemon addresses registry.
2026-03-29T16:47:34.616-0500 [DEBUG] [org.gradle.cache.internal.DefaultFileLockManager] Lock acquired on daemon addresses registry.
2026-03-29T16:47:34.616-0500 [DEBUG] [org.gradle.cache.internal.DefaultFileLockManager] Releasing lock on daemon addresses registry.
2026-03-29T16:47:44.616-0500 [DEBUG] [org.gradle.cache.internal.DefaultFileLockManager] Waiting to acquire shared lock on daemon addresses registry.
2026-03-29T16:47:44.617-0500 [DEBUG] [org.gradle.cache.internal.DefaultFileLockManager] Lock acquired on daemon addresses registry.
2026-03-29T16:47:44.619-0500 [DEBUG] [org.gradle.cache.internal.DefaultFileLockManager] Releasing lock on daemon addresses registry.
2026-03-29T16:47:44.622-0500 [DEBUG] [org.gradle.cache.internal.DefaultFileLockManager] Waiting to acquire shared lock on daemon addresses registry.
2026-03-29T16:47:44.624-0500 [DEBUG] [org.gradle.cache.internal.DefaultFileLockManager] Lock acquired on daemon addresses registry.
2026-03-29T16:47:44.624-0500 [DEBUG] [org.gradle.cache.internal.DefaultFileLockManager] Releasing lock on daemon addresses registry.
2026-03-29T16:47:44.629-0500 [DEBUG] [org.gradle.cache.internal.DefaultFileLockManager] Waiting to acquire shared lock on daemon addresses registry.
2026-03-29T16:47:44.631-0500 [DEBUG] [org.gradle.cache.internal.DefaultFileLockManager] Lock acquired on daemon addresses registry.
2026-03-29T16:47:44.631-0500 [DEBUG] [org.gradle.cache.internal.DefaultFileLockManager] Releasing lock on daemon addresses registry.
2026-03-29T16:47:54.608-0500 [DEBUG] [org.gradle.cache.internal.DefaultFileLockManager] Waiting to acquire shared lock on daemon addresses registry.
2026-03-29T16:47:54.609-0500 [DEBUG] [org.gradle.cache.internal.DefaultFileLockManager] Lock acquired on daemon addresses registry.
2026-03-29T16:47:54.609-0500 [DEBUG] [org.gradle.cache.internal.DefaultFileLockManager] Releasing lock on daemon addresses registry.
2026-03-29T16:47:54.628-0500 [DEBUG] [org.gradle.cache.internal.DefaultFileLockManager] Waiting to acquire shared lock on daemon addresses registry.
2026-03-29T16:47:54.665-0500 [DEBUG] [org.gradle.cache.internal.DefaultFileLockManager] Lock acquired on daemon addresses registry.
2026-03-29T16:47:54.676-0500 [DEBUG] [org.gradle.cache.internal.DefaultFileLockManager] Releasing lock on daemon addresses registry.
2026-03-29T16:47:54.677-0500 [DEBUG] [org.gradle.cache.internal.DefaultFileLockManager] Waiting to acquire shared lock on daemon addresses registry.
2026-03-29T16:47:54.677-0500 [DEBUG] [org.gradle.cache.internal.DefaultFileLockManager] Lock acquired on daemon addresses registry.
2026-03-29T16:47:54.691-0500 [DEBUG] [org.gradle.cache.internal.DefaultFileLockManager] Releasing lock on daemon addresses registry.
2026-03-29T16:48:04.609-0500 [DEBUG] [org.gradle.cache.internal.DefaultFileLockManager] Waiting to acquire shared lock on daemon addresses registry.
2026-03-29T16:48:04.609-0500 [DEBUG] [org.gradle.cache.internal.DefaultFileLockManager] Lock acquired on daemon addresses registry.
2026-03-29T16:48:04.610-0500 [DEBUG] [org.gradle.cache.internal.DefaultFileLockManager] Releasing lock on daemon addresses registry.
2026-03-29T16:48:04.612-0500 [DEBUG] [org.gradle.cache.internal.DefaultFileLockManager] Waiting to acquire shared lock on daemon addresses registry.
2026-03-29T16:48:04.612-0500 [DEBUG] [org.gradle.cache.internal.DefaultFileLockManager] Lock acquired on daemon addresses registry.
2026-03-29T16:48:04.613-0500 [DEBUG] [org.gradle.cache.internal.DefaultFileLockManager] Releasing lock on daemon addresses registry.
2026-03-29T16:48:04.614-0500 [DEBUG] [org.gradle.cache.internal.DefaultFileLockManager] Waiting to acquire shared lock on daemon addresses registry.
2026-03-29T16:48:04.615-0500 [DEBUG] [org.gradle.cache.internal.DefaultFileLockManager] Lock acquired on daemon addresses registry.
2026-03-29T16:48:04.615-0500 [DEBUG] [org.gradle.cache.internal.DefaultFileLockManager] Releasing lock on daemon addresses registry.
2026-03-29T16:48:14.611-0500 [DEBUG] [org.gradle.cache.internal.DefaultFileLockManager] Waiting to acquire shared lock on daemon addresses registry.
2026-03-29T16:48:14.612-0500 [DEBUG] [org.gradle.cache.internal.DefaultFileLockManager] Lock acquired on daemon addresses registry.
2026-03-29T16:48:14.612-0500 [DEBUG] [org.gradle.cache.internal.DefaultFileLockManager] Releasing lock on daemon addresses registry.
2026-03-29T16:48:14.615-0500 [DEBUG] [org.gradle.cache.internal.DefaultFileLockManager] Waiting to acquire shared lock on daemon addresses registry.
2026-03-29T16:48:14.615-0500 [DEBUG] [org.gradle.cache.internal.DefaultFileLockManager] Lock acquired on daemon addresses registry.
2026-03-29T16:48:14.615-0500 [DEBUG] [org.gradle.cache.internal.DefaultFileLockManager] Releasing lock on daemon addresses registry.
2026-03-29T16:48:14.617-0500 [DEBUG] [org.gradle.cache.internal.DefaultFileLockManager] Waiting to acquire shared lock on daemon addresses registry.
2026-03-29T16:48:14.617-0500 [DEBUG] [org.gradle.cache.internal.DefaultFileLockManager] Lock acquired on daemon addresses registry.
2026-03-29T16:48:14.617-0500 [DEBUG] [org.gradle.cache.internal.DefaultFileLockManager] Releasing lock on daemon addresses registry.
2026-03-29T16:48:24.608-0500 [DEBUG] [org.gradle.cache.internal.DefaultFileLockManager] Waiting to acquire shared lock on daemon addresses registry.
2026-03-29T16:48:24.608-0500 [DEBUG] [org.gradle.cache.internal.DefaultFileLockManager] Lock acquired on daemon addresses registry.
2026-03-29T16:48:24.608-0500 [DEBUG] [org.gradle.cache.internal.DefaultFileLockManager] Releasing lock on daemon addresses registry.
2026-03-29T16:48:24.612-0500 [DEBUG] [org.gradle.cache.internal.DefaultFileLockManager] Waiting to acquire shared lock on daemon addresses registry.
2026-03-29T16:48:24.612-0500 [DEBUG] [org.gradle.cache.internal.DefaultFileLockManager] Lock acquired on daemon addresses registry.
2026-03-29T16:48:24.612-0500 [DEBUG] [org.gradle.cache.internal.DefaultFileLockManager] Releasing lock on daemon addresses registry.
2026-03-29T16:48:24.613-0500 [DEBUG] [org.gradle.cache.internal.DefaultFileLockManager] Waiting to acquire shared lock on daemon addresses registry.
2026-03-29T16:48:24.614-0500 [DEBUG] [org.gradle.cache.internal.DefaultFileLockManager] Lock acquired on daemon addresses registry.
2026-03-29T16:48:24.614-0500 [DEBUG] [org.gradle.cache.internal.DefaultFileLockManager] Releasing lock on daemon addresses registry.
2026-03-29T16:48:28.880-0500 [DEBUG] [org.gradle.process.internal.health.memory.DefaultMemoryManager] 841566208 physical memory requested, 791945216 free
2026-03-29T16:48:28.881-0500 [DEBUG] [org.gradle.workers.internal.WorkerDaemonExpiration] Will attempt to release 802 of memory
2026-03-29T16:48:28.881-0500 [DEBUG] [org.gradle.process.internal.health.memory.DefaultMemoryManager] 841566208 physical memory requested, 0 released, 791945216 free
2026-03-29T16:48:34.615-0500 [DEBUG] [org.gradle.cache.internal.DefaultFileLockManager] Waiting to acquire shared lock on daemon addresses registry.
2026-03-29T16:48:34.616-0500 [DEBUG] [org.gradle.cache.internal.DefaultFileLockManager] Lock acquired on daemon addresses registry.
2026-03-29T16:48:34.618-0500 [DEBUG] [org.gradle.cache.internal.DefaultFileLockManager] Releasing lock on daemon addresses registry.
2026-03-29T16:48:34.625-0500 [DEBUG] [org.gradle.cache.internal.DefaultFileLockManager] Waiting to acquire shared lock on daemon addresses registry.
2026-03-29T16:48:34.625-0500 [DEBUG] [org.gradle.cache.internal.DefaultFileLockManager] Lock acquired on daemon addresses registry.
2026-03-29T16:48:34.627-0500 [DEBUG] [org.gradle.cache.internal.DefaultFileLockManager] Releasing lock on daemon addresses registry.
2026-03-29T16:48:34.633-0500 [DEBUG] [org.gradle.cache.internal.DefaultFileLockManager] Waiting to acquire shared lock on daemon addresses registry.
2026-03-29T16:48:34.634-0500 [DEBUG] [org.gradle.cache.internal.DefaultFileLockManager] Lock acquired on daemon addresses registry.
2026-03-29T16:48:34.634-0500 [DEBUG] [org.gradle.cache.internal.DefaultFileLockManager] Releasing lock on daemon addresses registry.
2026-03-29T16:48:43.880-0500 [DEBUG] [org.gradle.process.internal.health.memory.DefaultMemoryManager] 841566208 physical memory requested, 807165952 free
2026-03-29T16:48:43.880-0500 [DEBUG] [org.gradle.workers.internal.WorkerDaemonExpiration] Will attempt to release 802 of memory
2026-03-29T16:48:43.880-0500 [DEBUG] [org.gradle.process.internal.health.memory.DefaultMemoryManager] 841566208 physical memory requested, 0 released, 807165952 free
2026-03-29T16:48:44.609-0500 [DEBUG] [org.gradle.cache.internal.DefaultFileLockManager] Waiting to acquire shared lock on daemon addresses registry.
2026-03-29T16:48:44.609-0500 [DEBUG] [org.gradle.cache.internal.DefaultFileLockManager] Lock acquired on daemon addresses registry.
2026-03-29T16:48:44.609-0500 [DEBUG] [org.gradle.cache.internal.DefaultFileLockManager] Releasing lock on daemon addresses registry.
2026-03-29T16:48:44.611-0500 [DEBUG] [org.gradle.cache.internal.DefaultFileLockManager] Waiting to acquire shared lock on daemon addresses registry.
2026-03-29T16:48:44.611-0500 [DEBUG] [org.gradle.cache.internal.DefaultFileLockManager] Lock acquired on daemon addresses registry.
2026-03-29T16:48:44.611-0500 [DEBUG] [org.gradle.cache.internal.DefaultFileLockManager] Releasing lock on daemon addresses registry.
2026-03-29T16:48:44.612-0500 [DEBUG] [org.gradle.cache.internal.DefaultFileLockManager] Waiting to acquire shared lock on daemon addresses registry.
2026-03-29T16:48:44.613-0500 [DEBUG] [org.gradle.cache.internal.DefaultFileLockManager] Lock acquired on daemon addresses registry.
2026-03-29T16:48:44.613-0500 [DEBUG] [org.gradle.cache.internal.DefaultFileLockManager] Releasing lock on daemon addresses registry.
2026-03-29T16:48:48.911-0500 [DEBUG] [org.gradle.process.internal.health.memory.DefaultMemoryManager] 841566208 physical memory requested, 209174528 free
2026-03-29T16:48:48.912-0500 [DEBUG] [org.gradle.workers.internal.WorkerDaemonExpiration] Will attempt to release 802 of memory
2026-03-29T16:48:48.912-0500 [DEBUG] [org.gradle.process.internal.health.memory.DefaultMemoryManager] 841566208 physical memory requested, 0 released, 209174528 free
2026-03-29T16:48:54.614-0500 [DEBUG] [org.gradle.cache.internal.DefaultFileLockManager] Waiting to acquire shared lock on daemon addresses registry.
2026-03-29T16:48:54.615-0500 [DEBUG] [org.gradle.cache.internal.DefaultFileLockManager] Lock acquired on daemon addresses registry.
2026-03-29T16:48:54.630-0500 [DEBUG] [org.gradle.cache.internal.DefaultFileLockManager] Releasing lock on daemon addresses registry.
2026-03-29T16:48:54.640-0500 [DEBUG] [org.gradle.cache.internal.DefaultFileLockManager] Waiting to acquire shared lock on daemon addresses registry.
2026-03-29T16:48:54.640-0500 [DEBUG] [org.gradle.cache.internal.DefaultFileLockManager] Lock acquired on daemon addresses registry.
2026-03-29T16:48:54.643-0500 [DEBUG] [org.gradle.cache.internal.DefaultFileLockManager] Releasing lock on daemon addresses registry.
2026-03-29T16:48:54.647-0500 [DEBUG] [org.gradle.cache.internal.DefaultFileLockManager] Waiting to acquire shared lock on daemon addresses registry.
2026-03-29T16:48:54.648-0500 [DEBUG] [org.gradle.cache.internal.DefaultFileLockManager] Lock acquired on daemon addresses registry.
2026-03-29T16:48:54.649-0500 [DEBUG] [org.gradle.cache.internal.DefaultFileLockManager] Releasing lock on daemon addresses registry.
2026-03-29T16:48:58.880-0500 [DEBUG] [org.gradle.process.internal.health.memory.DefaultMemoryManager] 841566208 physical memory requested, 740724736 free
2026-03-29T16:48:58.880-0500 [DEBUG] [org.gradle.workers.internal.WorkerDaemonExpiration] Will attempt to release 802 of memory
2026-03-29T16:48:58.880-0500 [DEBUG] [org.gradle.process.internal.health.memory.DefaultMemoryManager] 841566208 physical memory requested, 0 released, 740724736 free
2026-03-29T16:49:03.879-0500 [DEBUG] [org.gradle.process.internal.health.memory.DefaultMemoryManager] 841566208 physical memory requested, 564539392 free
2026-03-29T16:49:03.879-0500 [DEBUG] [org.gradle.workers.internal.WorkerDaemonExpiration] Will attempt to release 802 of memory
2026-03-29T16:49:03.879-0500 [DEBUG] [org.gradle.process.internal.health.memory.DefaultMemoryManager] 841566208 physical memory requested, 0 released, 564539392 free
2026-03-29T16:49:04.620-0500 [DEBUG] [org.gradle.cache.internal.DefaultFileLockManager] Waiting to acquire shared lock on daemon addresses registry.
2026-03-29T16:49:04.620-0500 [DEBUG] [org.gradle.cache.internal.DefaultFileLockManager] Lock acquired on daemon addresses registry.
2026-03-29T16:49:04.621-0500 [DEBUG] [org.gradle.cache.internal.DefaultFileLockManager] Releasing lock on daemon addresses registry.
2026-03-29T16:49:04.676-0500 [DEBUG] [org.gradle.cache.internal.DefaultFileLockManager] Waiting to acquire shared lock on daemon addresses registry.
2026-03-29T16:49:04.676-0500 [DEBUG] [org.gradle.cache.internal.DefaultFileLockManager] Lock acquired on daemon addresses registry.
2026-03-29T16:49:04.687-0500 [DEBUG] [org.gradle.cache.internal.DefaultFileLockManager] Releasing lock on daemon addresses registry.
2026-03-29T16:49:04.689-0500 [DEBUG] [org.gradle.cache.internal.DefaultFileLockManager] Waiting to acquire shared lock on daemon addresses registry.
2026-03-29T16:49:04.689-0500 [DEBUG] [org.gradle.cache.internal.DefaultFileLockManager] Lock acquired on daemon addresses registry.
2026-03-29T16:49:04.690-0500 [DEBUG] [org.gradle.cache.internal.DefaultFileLockManager] Releasing lock on daemon addresses registry.
2026-03-29T16:49:08.881-0500 [DEBUG] [org.gradle.process.internal.health.memory.DefaultMemoryManager] 841566208 physical memory requested, 639602688 free
2026-03-29T16:49:08.881-0500 [DEBUG] [org.gradle.workers.internal.WorkerDaemonExpiration] Will attempt to release 802 of memory
2026-03-29T16:49:08.881-0500 [DEBUG] [org.gradle.process.internal.health.memory.DefaultMemoryManager] 841566208 physical memory requested, 0 released, 639602688 free
2026-03-29T16:49:13.879-0500 [DEBUG] [org.gradle.process.internal.health.memory.DefaultMemoryManager] 841566208 physical memory requested, 557703168 free
2026-03-29T16:49:13.880-0500 [DEBUG] [org.gradle.workers.internal.WorkerDaemonExpiration] Will attempt to release 802 of memory
2026-03-29T16:49:13.880-0500 [DEBUG] [org.gradle.process.internal.health.memory.DefaultMemoryManager] 841566208 physical memory requested, 0 released, 557703168 free
2026-03-29T16:49:14.609-0500 [DEBUG] [org.gradle.cache.internal.DefaultFileLockManager] Waiting to acquire shared lock on daemon addresses registry.
2026-03-29T16:49:14.609-0500 [DEBUG] [org.gradle.cache.internal.DefaultFileLockManager] Lock acquired on daemon addresses registry.
2026-03-29T16:49:14.610-0500 [DEBUG] [org.gradle.cache.internal.DefaultFileLockManager] Releasing lock on daemon addresses registry.
2026-03-29T16:49:14.613-0500 [DEBUG] [org.gradle.cache.internal.DefaultFileLockManager] Waiting to acquire shared lock on daemon addresses registry.
2026-03-29T16:49:14.613-0500 [DEBUG] [org.gradle.cache.internal.DefaultFileLockManager] Lock acquired on daemon addresses registry.
2026-03-29T16:49:14.614-0500 [DEBUG] [org.gradle.cache.internal.DefaultFileLockManager] Releasing lock on daemon addresses registry.
2026-03-29T16:49:14.616-0500 [DEBUG] [org.gradle.cache.internal.DefaultFileLockManager] Waiting to acquire shared lock on daemon addresses registry.
2026-03-29T16:49:14.616-0500 [DEBUG] [org.gradle.cache.internal.DefaultFileLockManager] Lock acquired on daemon addresses registry.
2026-03-29T16:49:14.617-0500 [DEBUG] [org.gradle.cache.internal.DefaultFileLockManager] Releasing lock on daemon addresses registry.
2026-03-29T16:49:18.880-0500 [DEBUG] [org.gradle.process.internal.health.memory.DefaultMemoryManager] 841566208 physical memory requested, 507797504 free
2026-03-29T16:49:18.881-0500 [DEBUG] [org.gradle.workers.internal.WorkerDaemonExpiration] Will attempt to release 802 of memory
2026-03-29T16:49:18.881-0500 [DEBUG] [org.gradle.process.internal.health.memory.DefaultMemoryManager] 841566208 physical memory requested, 0 released, 507797504 free
2026-03-29T16:49:23.882-0500 [DEBUG] [org.gradle.process.internal.health.memory.DefaultMemoryManager] 841566208 physical memory requested, 527511552 free
2026-03-29T16:49:23.882-0500 [DEBUG] [org.gradle.workers.internal.WorkerDaemonExpiration] Will attempt to release 802 of memory
2026-03-29T16:49:23.883-0500 [DEBUG] [org.gradle.process.internal.health.memory.DefaultMemoryManager] 841566208 physical memory requested, 0 released, 527511552 free
2026-03-29T16:49:24.609-0500 [DEBUG] [org.gradle.cache.internal.DefaultFileLockManager] Waiting to acquire shared lock on daemon addresses registry.
2026-03-29T16:49:24.609-0500 [DEBUG] [org.gradle.cache.internal.DefaultFileLockManager] Lock acquired on daemon addresses registry.
2026-03-29T16:49:24.609-0500 [DEBUG] [org.gradle.cache.internal.DefaultFileLockManager] Releasing lock on daemon addresses registry.
2026-03-29T16:49:24.610-0500 [DEBUG] [org.gradle.cache.internal.DefaultFileLockManager] Waiting to acquire shared lock on daemon addresses registry.
2026-03-29T16:49:24.610-0500 [DEBUG] [org.gradle.cache.internal.DefaultFileLockManager] Lock acquired on daemon addresses registry.
2026-03-29T16:49:24.610-0500 [DEBUG] [org.gradle.cache.internal.DefaultFileLockManager] Releasing lock on daemon addresses registry.
2026-03-29T16:49:24.611-0500 [DEBUG] [org.gradle.cache.internal.DefaultFileLockManager] Waiting to acquire shared lock on daemon addresses registry.
2026-03-29T16:49:24.612-0500 [DEBUG] [org.gradle.cache.internal.DefaultFileLockManager] Lock acquired on daemon addresses registry.
2026-03-29T16:49:24.612-0500 [DEBUG] [org.gradle.cache.internal.DefaultFileLockManager] Releasing lock on daemon addresses registry.
2026-03-29T16:49:34.608-0500 [DEBUG] [org.gradle.cache.internal.DefaultFileLockManager] Waiting to acquire shared lock on daemon addresses registry.
2026-03-29T16:49:34.609-0500 [DEBUG] [org.gradle.cache.internal.DefaultFileLockManager] Lock acquired on daemon addresses registry.
2026-03-29T16:49:34.610-0500 [DEBUG] [org.gradle.cache.internal.DefaultFileLockManager] Releasing lock on daemon addresses registry.
2026-03-29T16:49:34.611-0500 [DEBUG] [org.gradle.cache.internal.DefaultFileLockManager] Waiting to acquire shared lock on daemon addresses registry.
2026-03-29T16:49:34.611-0500 [DEBUG] [org.gradle.cache.internal.DefaultFileLockManager] Lock acquired on daemon addresses registry.
2026-03-29T16:49:34.612-0500 [DEBUG] [org.gradle.cache.internal.DefaultFileLockManager] Releasing lock on daemon addresses registry.
2026-03-29T16:49:34.613-0500 [DEBUG] [org.gradle.cache.internal.DefaultFileLockManager] Waiting to acquire shared lock on daemon addresses registry.
2026-03-29T16:49:34.613-0500 [DEBUG] [org.gradle.cache.internal.DefaultFileLockManager] Lock acquired on daemon addresses registry.
2026-03-29T16:49:34.614-0500 [DEBUG] [org.gradle.cache.internal.DefaultFileLockManager] Releasing lock on daemon addresses registry.
2026-03-29T16:49:38.880-0500 [DEBUG] [org.gradle.process.internal.health.memory.DefaultMemoryManager] 841566208 physical memory requested, 670511104 free
2026-03-29T16:49:38.880-0500 [DEBUG] [org.gradle.workers.internal.WorkerDaemonExpiration] Will attempt to release 802 of memory
2026-03-29T16:49:38.881-0500 [DEBUG] [org.gradle.process.internal.health.memory.DefaultMemoryManager] 841566208 physical memory requested, 0 released, 670511104 free
2026-03-29T16:49:44.612-0500 [DEBUG] [org.gradle.cache.internal.DefaultFileLockManager] Waiting to acquire shared lock on daemon addresses registry.
2026-03-29T16:49:44.613-0500 [DEBUG] [org.gradle.cache.internal.DefaultFileLockManager] Lock acquired on daemon addresses registry.
2026-03-29T16:49:44.617-0500 [DEBUG] [org.gradle.cache.internal.DefaultFileLockManager] Releasing lock on daemon addresses registry.
2026-03-29T16:49:44.622-0500 [DEBUG] [org.gradle.cache.internal.DefaultFileLockManager] Waiting to acquire shared lock on daemon addresses registry.
2026-03-29T16:49:44.623-0500 [DEBUG] [org.gradle.cache.internal.DefaultFileLockManager] Lock acquired on daemon addresses registry.
2026-03-29T16:49:44.624-0500 [DEBUG] [org.gradle.cache.internal.DefaultFileLockManager] Releasing lock on daemon addresses registry.
2026-03-29T16:49:44.629-0500 [DEBUG] [org.gradle.cache.internal.DefaultFileLockManager] Waiting to acquire shared lock on daemon addresses registry.
2026-03-29T16:49:44.629-0500 [DEBUG] [org.gradle.cache.internal.DefaultFileLockManager] Lock acquired on daemon addresses registry.
2026-03-29T16:49:44.631-0500 [DEBUG] [org.gradle.cache.internal.DefaultFileLockManager] Releasing lock on daemon addresses registry.
2026-03-29T16:49:54.609-0500 [DEBUG] [org.gradle.cache.internal.DefaultFileLockManager] Waiting to acquire shared lock on daemon addresses registry.
2026-03-29T16:49:54.609-0500 [DEBUG] [org.gradle.cache.internal.DefaultFileLockManager] Lock acquired on daemon addresses registry.
2026-03-29T16:49:54.609-0500 [DEBUG] [org.gradle.cache.internal.DefaultFileLockManager] Releasing lock on daemon addresses registry.
2026-03-29T16:49:54.610-0500 [DEBUG] [org.gradle.cache.internal.DefaultFileLockManager] Waiting to acquire shared lock on daemon addresses registry.
2026-03-29T16:49:54.611-0500 [DEBUG] [org.gradle.cache.internal.DefaultFileLockManager] Lock acquired on daemon addresses registry.
2026-03-29T16:49:54.611-0500 [DEBUG] [org.gradle.cache.internal.DefaultFileLockManager] Releasing lock on daemon addresses registry.
2026-03-29T16:49:54.612-0500 [DEBUG] [org.gradle.cache.internal.DefaultFileLockManager] Waiting to acquire shared lock on daemon addresses registry.
2026-03-29T16:49:54.612-0500 [DEBUG] [org.gradle.cache.internal.DefaultFileLockManager] Lock acquired on daemon addresses registry.
2026-03-29T16:49:54.612-0500 [DEBUG] [org.gradle.cache.internal.DefaultFileLockManager] Releasing lock on daemon addresses registry.
2026-03-29T16:50:04.661-0500 [DEBUG] [org.gradle.cache.internal.DefaultFileLockManager] Waiting to acquire shared lock on daemon addresses registry.
2026-03-29T16:50:04.661-0500 [DEBUG] [org.gradle.cache.internal.DefaultFileLockManager] Lock acquired on daemon addresses registry.
2026-03-29T16:50:04.662-0500 [DEBUG] [org.gradle.cache.internal.DefaultFileLockManager] Releasing lock on daemon addresses registry.
2026-03-29T16:50:04.664-0500 [DEBUG] [org.gradle.cache.internal.DefaultFileLockManager] Waiting to acquire shared lock on daemon addresses registry.
2026-03-29T16:50:04.665-0500 [DEBUG] [org.gradle.cache.internal.DefaultFileLockManager] Lock acquired on daemon addresses registry.
2026-03-29T16:50:04.667-0500 [DEBUG] [org.gradle.cache.internal.DefaultFileLockManager] Releasing lock on daemon addresses registry.
2026-03-29T16:50:04.671-0500 [DEBUG] [org.gradle.cache.internal.DefaultFileLockManager] Waiting to acquire shared lock on daemon addresses registry.
2026-03-29T16:50:04.671-0500 [DEBUG] [org.gradle.cache.internal.DefaultFileLockManager] Lock acquired on daemon addresses registry.
2026-03-29T16:50:04.672-0500 [DEBUG] [org.gradle.cache.internal.DefaultFileLockManager] Releasing lock on daemon addresses registry.
2026-03-29T16:50:10.913-0500 [DEBUG] [org.gradle.internal.watch.vfs.impl.WatchingVirtualFileSystem] Handling VFS change CREATED C:\Users\sebgo\AndroidStudioProjects\mytaxitravel\app\src\main\res\layout\activity_usuario.xml~
2026-03-29T16:50:10.970-0500 [DEBUG] [org.gradle.internal.watch.vfs.impl.WatchingVirtualFileSystem] Handling VFS change MODIFIED C:\Users\sebgo\AndroidStudioProjects\mytaxitravel\app\src\main\res\layout\activity_usuario.xml
2026-03-29T16:50:10.971-0500 [DEBUG] [org.gradle.internal.watch.vfs.impl.WatchingVirtualFileSystem] Handling VFS change CREATED C:\Users\sebgo\AndroidStudioProjects\mytaxitravel\app\src\main\java\com\workpro\mytaxitravel\Usuario.kt~
2026-03-29T16:50:10.973-0500 [DEBUG] [org.gradle.internal.watch.vfs.impl.WatchingVirtualFileSystem] Handling VFS change MODIFIED C:\Users\sebgo\AndroidStudioProjects\mytaxitravel\app\src\main\java\com\workpro\mytaxitravel\Usuario.kt
2026-03-29T16:50:14.608-0500 [DEBUG] [org.gradle.cache.internal.DefaultFileLockManager] Waiting to acquire shared lock on daemon addresses registry.
2026-03-29T16:50:14.608-0500 [DEBUG] [org.gradle.cache.internal.DefaultFileLockManager] Lock acquired on daemon addresses registry.
2026-03-29T16:50:14.608-0500 [DEBUG] [org.gradle.cache.internal.DefaultFileLockManager] Releasing lock on daemon addresses registry.
2026-03-29T16:50:14.610-0500 [DEBUG] [org.gradle.cache.internal.DefaultFileLockManager] Waiting to acquire shared lock on daemon addresses registry.
2026-03-29T16:50:14.610-0500 [DEBUG] [org.gradle.cache.internal.DefaultFileLockManager] Lock acquired on daemon addresses registry.
2026-03-29T16:50:14.610-0500 [DEBUG] [org.gradle.cache.internal.DefaultFileLockManager] Releasing lock on daemon addresses registry.
2026-03-29T16:50:14.611-0500 [DEBUG] [org.gradle.cache.internal.DefaultFileLockManager] Waiting to acquire shared lock on daemon addresses registry.
2026-03-29T16:50:14.611-0500 [DEBUG] [org.gradle.cache.internal.DefaultFileLockManager] Lock acquired on daemon addresses registry.
2026-03-29T16:50:14.612-0500 [DEBUG] [org.gradle.cache.internal.DefaultFileLockManager] Releasing lock on daemon addresses registry.
2026-03-29T16:50:24.615-0500 [DEBUG] [org.gradle.cache.internal.DefaultFileLockManager] Waiting to acquire shared lock on daemon addresses registry.
2026-03-29T16:50:24.615-0500 [DEBUG] [org.gradle.cache.internal.DefaultFileLockManager] Lock acquired on daemon addresses registry.
2026-03-29T16:50:24.616-0500 [DEBUG] [org.gradle.cache.internal.DefaultFileLockManager] Releasing lock on daemon addresses registry.
2026-03-29T16:50:24.623-0500 [DEBUG] [org.gradle.cache.internal.DefaultFileLockManager] Waiting to acquire shared lock on daemon addresses registry.
2026-03-29T16:50:24.623-0500 [DEBUG] [org.gradle.cache.internal.DefaultFileLockManager] Lock acquired on daemon addresses registry.
2026-03-29T16:50:24.624-0500 [DEBUG] [org.gradle.cache.internal.DefaultFileLockManager] Releasing lock on daemon addresses registry.
2026-03-29T16:50:24.630-0500 [DEBUG] [org.gradle.cache.internal.DefaultFileLockManager] Waiting to acquire shared lock on daemon addresses registry.
2026-03-29T16:50:24.631-0500 [DEBUG] [org.gradle.cache.internal.DefaultFileLockManager] Lock acquired on daemon addresses registry.
2026-03-29T16:50:24.632-0500 [DEBUG] [org.gradle.cache.internal.DefaultFileLockManager] Releasing lock on daemon addresses registry.
2026-03-29T16:50:34.609-0500 [DEBUG] [org.gradle.cache.internal.DefaultFileLockManager] Waiting to acquire shared lock on daemon addresses registry.
2026-03-29T16:50:34.609-0500 [DEBUG] [org.gradle.cache.internal.DefaultFileLockManager] Lock acquired on daemon addresses registry.
2026-03-29T16:50:34.609-0500 [DEBUG] [org.gradle.cache.internal.DefaultFileLockManager] Releasing lock on daemon addresses registry.
2026-03-29T16:50:34.613-0500 [DEBUG] [org.gradle.cache.internal.DefaultFileLockManager] Waiting to acquire shared lock on daemon addresses registry.
2026-03-29T16:50:34.613-0500 [DEBUG] [org.gradle.cache.internal.DefaultFileLockManager] Lock acquired on daemon addresses registry.
2026-03-29T16:50:34.613-0500 [DEBUG] [org.gradle.cache.internal.DefaultFileLockManager] Releasing lock on daemon addresses registry.
2026-03-29T16:50:34.614-0500 [DEBUG] [org.gradle.cache.internal.DefaultFileLockManager] Waiting to acquire shared lock on daemon addresses registry.
2026-03-29T16:50:34.614-0500 [DEBUG] [org.gradle.cache.internal.DefaultFileLockManager] Lock acquired on daemon addresses registry.
2026-03-29T16:50:34.615-0500 [DEBUG] [org.gradle.cache.internal.DefaultFileLockManager] Releasing lock on daemon addresses registry.
2026-03-29T16:50:37.416-0500 [DEBUG] [sun.rmi.transport.tcp] RMI TCP Connection(17)-127.0.0.1: accepted socket from [127.0.0.1:33566]
2026-03-29T16:50:37.435-0500 [DEBUG] [sun.rmi.transport.tcp] RMI TCP Connection(17)-127.0.0.1: (port 2680) op = 80
2026-03-29T16:50:37.476-0500 [DEBUG] [sun.rmi.loader] RMI TCP Connection(17)-127.0.0.1: name = "[Ljava.rmi.server.ObjID;", codebase = "", defaultLoader = jdk.internal.loader.ClassLoaders$PlatformClassLoader@49c3aee4
2026-03-29T16:50:37.494-0500 [DEBUG] [sun.rmi.loader] RMI TCP Connection(17)-127.0.0.1: name = "java.rmi.dgc.Lease", codebase = "", defaultLoader = jdk.internal.loader.ClassLoaders$PlatformClassLoader@49c3aee4
2026-03-29T16:50:37.501-0500 [DEBUG] [sun.rmi.loader] RMI TCP Connection(17)-127.0.0.1: name = "java.rmi.dgc.VMID", codebase = "", defaultLoader = jdk.internal.loader.ClassLoaders$PlatformClassLoader@49c3aee4
2026-03-29T16:50:37.504-0500 [DEBUG] [sun.rmi.loader] RMI TCP Connection(17)-127.0.0.1: name = "[B", codebase = "", defaultLoader = jdk.internal.loader.ClassLoaders$PlatformClassLoader@49c3aee4
2026-03-29T16:50:37.512-0500 [DEBUG] [sun.rmi.loader] RMI TCP Connection(17)-127.0.0.1: name = "java.rmi.server.UID", codebase = "", defaultLoader = jdk.internal.loader.ClassLoaders$PlatformClassLoader@49c3aee4
2026-03-29T16:50:44.612-0500 [DEBUG] [org.gradle.cache.internal.DefaultFileLockManager] Waiting to acquire shared lock on daemon addresses registry.
2026-03-29T16:50:44.612-0500 [DEBUG] [org.gradle.cache.internal.DefaultFileLockManager] Lock acquired on daemon addresses registry.
2026-03-29T16:50:44.613-0500 [DEBUG] [org.gradle.cache.internal.DefaultFileLockManager] Releasing lock on daemon addresses registry.
2026-03-29T16:50:44.618-0500 [DEBUG] [org.gradle.cache.internal.DefaultFileLockManager] Waiting to acquire shared lock on daemon addresses registry.
2026-03-29T16:50:44.619-0500 [DEBUG] [org.gradle.cache.internal.DefaultFileLockManager] Lock acquired on daemon addresses registry.
2026-03-29T16:50:44.620-0500 [DEBUG] [org.gradle.cache.internal.DefaultFileLockManager] Releasing lock on daemon addresses registry.
2026-03-29T16:50:44.622-0500 [DEBUG] [org.gradle.cache.internal.DefaultFileLockManager] Waiting to acquire shared lock on daemon addresses registry.
2026-03-29T16:50:44.622-0500 [DEBUG] [org.gradle.cache.internal.DefaultFileLockManager] Lock acquired on daemon addresses registry.
2026-03-29T16:50:44.623-0500 [DEBUG] [org.gradle.cache.internal.DefaultFileLockManager] Releasing lock on daemon addresses registry.
2026-03-29T16:50:52.554-0500 [DEBUG] [sun.rmi.transport.tcp] RMI TCP Connection(17)-127.0.0.1: (port 2680) connection closed
2026-03-29T16:50:52.555-0500 [DEBUG] [sun.rmi.transport.tcp] RMI TCP Connection(17)-127.0.0.1: close connection, socket: Socket[addr=/127.0.0.1,port=33566,localport=2680]
2026-03-29T16:50:52.557-0500 [DEBUG] [sun.rmi.transport.tcp] RMI TCP Connection(17)-127.0.0.1: socket close: Socket[addr=/127.0.0.1,port=33566,localport=2680]
2026-03-29T16:50:54.609-0500 [DEBUG] [org.gradle.cache.internal.DefaultFileLockManager] Waiting to acquire shared lock on daemon addresses registry.
2026-03-29T16:50:54.609-0500 [DEBUG] [org.gradle.cache.internal.DefaultFileLockManager] Lock acquired on daemon addresses registry.
2026-03-29T16:50:54.610-0500 [DEBUG] [org.gradle.cache.internal.DefaultFileLockManager] Releasing lock on daemon addresses registry.
2026-03-29T16:50:54.611-0500 [DEBUG] [org.gradle.cache.internal.DefaultFileLockManager] Waiting to acquire shared lock on daemon addresses registry.
2026-03-29T16:50:54.611-0500 [DEBUG] [org.gradle.cache.internal.DefaultFileLockManager] Lock acquired on daemon addresses registry.
2026-03-29T16:50:54.612-0500 [DEBUG] [org.gradle.cache.internal.DefaultFileLockManager] Releasing lock on daemon addresses registry.
2026-03-29T16:50:54.613-0500 [DEBUG] [org.gradle.cache.internal.DefaultFileLockManager] Waiting to acquire shared lock on daemon addresses registry.
2026-03-29T16:50:54.613-0500 [DEBUG] [org.gradle.cache.internal.DefaultFileLockManager] Lock acquired on daemon addresses registry.
2026-03-29T16:50:54.613-0500 [DEBUG] [org.gradle.cache.internal.DefaultFileLockManager] Releasing lock on daemon addresses registry.
2026-03-29T16:51:04.614-0500 [DEBUG] [org.gradle.cache.internal.DefaultFileLockManager] Waiting to acquire shared lock on daemon addresses registry.
2026-03-29T16:51:04.615-0500 [DEBUG] [org.gradle.cache.internal.DefaultFileLockManager] Lock acquired on daemon addresses registry.
2026-03-29T16:51:04.616-0500 [DEBUG] [org.gradle.cache.internal.DefaultFileLockManager] Releasing lock on daemon addresses registry.
2026-03-29T16:51:04.621-0500 [DEBUG] [org.gradle.cache.internal.DefaultFileLockManager] Waiting to acquire shared lock on daemon addresses registry.
2026-03-29T16:51:04.622-0500 [DEBUG] [org.gradle.cache.internal.DefaultFileLockManager] Lock acquired on daemon addresses registry.
2026-03-29T16:51:04.622-0500 [DEBUG] [org.gradle.cache.internal.DefaultFileLockManager] Releasing lock on daemon addresses registry.
2026-03-29T16:51:04.625-0500 [DEBUG] [org.gradle.cache.internal.DefaultFileLockManager] Waiting to acquire shared lock on daemon addresses registry.
2026-03-29T16:51:04.626-0500 [DEBUG] [org.gradle.cache.internal.DefaultFileLockManager] Lock acquired on daemon addresses registry.
2026-03-29T16:51:04.626-0500 [DEBUG] [org.gradle.cache.internal.DefaultFileLockManager] Releasing lock on daemon addresses registry.
2026-03-29T16:51:14.609-0500 [DEBUG] [org.gradle.cache.internal.DefaultFileLockManager] Waiting to acquire shared lock on daemon addresses registry.
2026-03-29T16:51:14.610-0500 [DEBUG] [org.gradle.cache.internal.DefaultFileLockManager] Lock acquired on daemon addresses registry.
2026-03-29T16:51:14.610-0500 [DEBUG] [org.gradle.cache.internal.DefaultFileLockManager] Releasing lock on daemon addresses registry.
2026-03-29T16:51:14.613-0500 [DEBUG] [org.gradle.cache.internal.DefaultFileLockManager] Waiting to acquire shared lock on daemon addresses registry.
2026-03-29T16:51:14.613-0500 [DEBUG] [org.gradle.cache.internal.DefaultFileLockManager] Lock acquired on daemon addresses registry.
2026-03-29T16:51:14.614-0500 [DEBUG] [org.gradle.cache.internal.DefaultFileLockManager] Releasing lock on daemon addresses registry.
2026-03-29T16:51:14.616-0500 [DEBUG] [org.gradle.cache.internal.DefaultFileLockManager] Waiting to acquire shared lock on daemon addresses registry.
2026-03-29T16:51:14.617-0500 [DEBUG] [org.gradle.cache.internal.DefaultFileLockManager] Lock acquired on daemon addresses registry.
2026-03-29T16:51:14.617-0500 [DEBUG] [org.gradle.cache.internal.DefaultFileLockManager] Releasing lock on daemon addresses registry.
2026-03-29T16:51:24.612-0500 [DEBUG] [org.gradle.cache.internal.DefaultFileLockManager] Waiting to acquire shared lock on daemon addresses registry.
2026-03-29T16:51:24.612-0500 [DEBUG] [org.gradle.cache.internal.DefaultFileLockManager] Lock acquired on daemon addresses registry.
2026-03-29T16:51:24.614-0500 [DEBUG] [org.gradle.cache.internal.DefaultFileLockManager] Releasing lock on daemon addresses registry.
2026-03-29T16:51:24.620-0500 [DEBUG] [org.gradle.cache.internal.DefaultFileLockManager] Waiting to acquire shared lock on daemon addresses registry.
2026-03-29T16:51:24.620-0500 [DEBUG] [org.gradle.cache.internal.DefaultFileLockManager] Lock acquired on daemon addresses registry.
2026-03-29T16:51:24.621-0500 [DEBUG] [org.gradle.cache.internal.DefaultFileLockManager] Releasing lock on daemon addresses registry.
2026-03-29T16:51:24.626-0500 [DEBUG] [org.gradle.cache.internal.DefaultFileLockManager] Waiting to acquire shared lock on daemon addresses registry.
2026-03-29T16:51:24.626-0500 [DEBUG] [org.gradle.cache.internal.DefaultFileLockManager] Lock acquired on daemon addresses registry.
2026-03-29T16:51:24.627-0500 [DEBUG] [org.gradle.cache.internal.DefaultFileLockManager] Releasing lock on daemon addresses registry.
2026-03-29T16:51:28.530-0500 [DEBUG] [org.gradle.internal.remote.internal.inet.TcpIncomingConnector] Accepted connection from /127.0.0.1:30659 to /127.0.0.1:28940.
2026-03-29T16:51:28.670-0500 [DEBUG] [org.gradle.launcher.daemon.server.SynchronizedDispatchConnection] thread 808: received class org.gradle.launcher.daemon.protocol.Build
2026-03-29T16:51:28.672-0500 [DEBUG] [org.gradle.launcher.daemon.server.DefaultDaemonConnection] thread 808: Received non-IO message from client: Build{id=4c338bec-3ae7-42b4-b1ae-cab4d94b54eb, currentDir=C:\Users\sebgo\AndroidStudioProjects\mytaxitravel}
2026-03-29T16:51:28.674-0500 [INFO] [org.gradle.launcher.daemon.server.DefaultIncomingConnectionHandler] Received command: Build{id=4c338bec-3ae7-42b4-b1ae-cab4d94b54eb, currentDir=C:\Users\sebgo\AndroidStudioProjects\mytaxitravel}.
2026-03-29T16:51:28.675-0500 [DEBUG] [org.gradle.launcher.daemon.server.DefaultIncomingConnectionHandler] Starting executing command: Build{id=4c338bec-3ae7-42b4-b1ae-cab4d94b54eb, currentDir=C:\Users\sebgo\AndroidStudioProjects\mytaxitravel} with connection: socket connection from /127.0.0.1:28940 to /127.0.0.1:30659.
2026-03-29T16:51:28.685-0500 [DEBUG] [org.gradle.launcher.daemon.server.DaemonStateCoordinator] Command execution: started DaemonCommandExecution[command = Build{id=4c338bec-3ae7-42b4-b1ae-cab4d94b54eb, currentDir=C:\Users\sebgo\AndroidStudioProjects\mytaxitravel}, connection = DefaultDaemonConnection: socket connection from /127.0.0.1:28940 to /127.0.0.1:30659] after 5.58245 minutes of idle
2026-03-29T16:51:28.686-0500 [INFO] [org.gradle.launcher.daemon.server.DaemonRegistryUpdater] Marking the daemon as busy, address: [87107fdb-3f53-4eec-a91a-0d08b2658363 port:28940, addresses:[localhost/127.0.0.1]]
2026-03-29T16:51:28.686-0500 [DEBUG] [org.gradle.launcher.daemon.registry.PersistentDaemonRegistry] Marking busy by address: [87107fdb-3f53-4eec-a91a-0d08b2658363 port:28940, addresses:[localhost/127.0.0.1]]
2026-03-29T16:51:28.690-0500 [DEBUG] [org.gradle.cache.internal.DefaultFileLockManager] Waiting to acquire exclusive lock on daemon addresses registry.
2026-03-29T16:51:28.696-0500 [DEBUG] [org.gradle.cache.internal.DefaultFileLockManager] Lock acquired on daemon addresses registry.
2026-03-29T16:51:28.705-0500 [DEBUG] [org.gradle.cache.internal.DefaultFileLockManager] Releasing lock on daemon addresses registry.
2026-03-29T16:51:28.706-0500 [DEBUG] [org.gradle.launcher.daemon.server.DaemonStateCoordinator] resetting idle timer
2026-03-29T16:51:28.706-0500 [DEBUG] [org.gradle.launcher.daemon.server.DaemonStateCoordinator] daemon is running. Sleeping until state changes.
2026-03-29T16:51:28.707-0500 [INFO] [org.gradle.launcher.daemon.server.exec.StartBuildOrRespondWithBusy] Daemon is about to start building Build{id=4c338bec-3ae7-42b4-b1ae-cab4d94b54eb, currentDir=C:\Users\sebgo\AndroidStudioProjects\mytaxitravel}. Dispatching build started information...
2026-03-29T16:51:28.708-0500 [DEBUG] [org.gradle.launcher.daemon.server.SynchronizedDispatchConnection] thread 810: dispatching org.gradle.launcher.daemon.protocol.BuildStarted@fed7a8c
2026-03-29T16:51:28.720-0500 [DEBUG] [org.gradle.launcher.daemon.server.exec.EstablishBuildEnvironment] Configuring env variables: [USERDOMAIN_ROAMINGPROFILE, Maven, PROCESSOR_LEVEL, SESSIONNAME, ALLUSERSPROFILE, PROCESSOR_ARCHITECTURE, PSModulePath, SystemDrive, USERNAME, ProgramFiles(x86), FPS_BROWSER_USER_PROFILE_STRING, PATHEXT, DriverData, OneDriveConsumer, IntelliJ IDEA Community Edition, PyCharm Community Edition, ProgramData, ProgramW6432, HOMEPATH, EFC_11740_3789132940, PROCESSOR_IDENTIFIER, ProgramFiles, PUBLIC, windir, =::, ZES_ENABLE_SYSMAN, LOCALAPPDATA, ChocolateyLastPathUpdate, USERDOMAIN, LOGONSERVER, FPS_BROWSER_APP_PROFILE_STRING, JAVA_HOME, OneDrive, APPDATA, ChocolateyInstall, CommonProgramFiles, Path, EFC_11740_2283032206, EFC_11740_2775293581, OS, COMPUTERNAME, PROCESSOR_REVISION, CommonProgramW6432, ComSpec, EFC_11740_1262719628, TEMP, SystemRoot, EFC_11740_1592913036, HOMEDRIVE, USERPROFILE, TMP, CommonProgramFiles(x86), NUMBER_OF_PROCESSORS]
2026-03-29T16:51:28.738-0500 [DEBUG] [org.gradle.launcher.daemon.server.exec.LogToClient] About to start relaying all logs to the client via the connection.
2026-03-29T16:51:28.745-0500 [INFO] [org.gradle.launcher.daemon.server.exec.LogToClient] The client will now receive all logging from the daemon (pid: 15796). The daemon log file: C:\Users\sebgo\AndroidStudioProjects\mytaxitravel\gradle\daemon\8.13\daemon-15796.out.log
2026-03-29T16:51:28.809-0500 [INFO] [org.gradle.launcher.daemon.server.exec.LogAndCheckHealth] Starting 9th build in daemon [uptime: 35 mins 14.805 secs, performance: 99%, GC rate: 0.00/s, heap usage: 0% of 2 GiB]
2026-03-29T16:51:28.832-0500 [DEBUG] [org.gradle.launcher.daemon.server.exec.ExecuteBuild] The daemon has started executing the build.
2026-03-29T16:51:28.834-0500 [DEBUG] [org.gradle.launcher.daemon.server.exec.ExecuteBuild] Executing build with daemon context: DefaultDaemonContext[uid=cc4bbf85-bda1-438d-96c8-60995f17b2b8,javaHome=F:\Android Studio\jbr,javaVersion=21,javaVendor=JetBrains s.r.o.,daemonRegistryDir=C:\Users\sebgo\AndroidStudioProjects\mytaxitravel\gradle\daemon,pid=15796,idleTimeout=10800000,priority=NORMAL,applyInstrumentationAgent=true,nativeServicesMode=ENABLED,daemonOpts=-Xmx2048m,-Dfile.encoding=UTF-8,-Duser.country=CO,-Duser.language=es,-Duser.variant]

BUILD SUCCESSFUL in 21s
39 actionable tasks: 12 executed, 27 up-to-date
2026-03-29T16:51:50.433-0500 [DEBUG] [org.gradle.launcher.daemon.server.exec.ExecuteBuild] The daemon has finished executing the build.
2026-03-29T16:51:50.445-0500 [DEBUG] [org.gradle.launcher.daemon.server.DaemonStateCoordinator] daemon is running. Sleeping until state changes.
2026-03-29T16:51:50.445-0500 [DEBUG] [org.gradle.launcher.daemon.server.DaemonStateCoordinator] Command execution: finished waiting for DaemonCommandExecution[command = Build{id=4c338bec-3ae7-42b4-b1ae-cab4d94b54eb, currentDir=C:\Users\sebgo\AndroidStudioProjects\mytaxitravel}, connection = DefaultDaemonConnection: socket connection from /127.0.0.1:28940 to /127.0.0.1:30659]. Result org.gradle.launcher.daemon.server.DaemonStateCoordinator@3ec6a587 with state Busy
2026-03-29T16:51:50.446-0500 [DEBUG] [org.gradle.launcher.daemon.server.DaemonStateCoordinator] Command execution: completed DaemonCommandExecution[command = Build{id=4c338bec-3ae7-42b4-b1ae-cab4d94b54eb, currentDir=C:\Users\sebgo\AndroidStudioProjects\mytaxitravel}, connection = DefaultDaemonConnection: socket connection from /127.0.0.1:28940 to /127.0.0.1:30659]
2026-03-29T16:51:50.446-0500 [DEBUG] [org.gradle.launcher.daemon.server.DaemonStateCoordinator] resetting idle timer
2026-03-29T16:51:50.446-0500 [INFO] [org.gradle.launcher.daemon.server.DaemonRegistryUpdater] Marking the daemon as idle, address: [87107fdb-3f53-4eec-a91a-0d08b2658363 port:28940, addresses:[localhost/127.0.0.1]]
2026-03-29T16:51:50.446-0500 [DEBUG] [org.gradle.launcher.daemon.registry.PersistentDaemonRegistry] Marking busy by address: [87107fdb-3f53-4eec-a91a-0d08b2658363 port:28940, addresses:[localhost/127.0.0.1]]
2026-03-29T16:51:50.448-0500 [DEBUG] [org.gradle.cache.internal.DefaultFileLockManager] Waiting to acquire exclusive lock on daemon addresses registry.
2026-03-29T16:51:50.448-0500 [DEBUG] [org.gradle.cache.internal.DefaultFileLockManager] Lock acquired on daemon addresses registry.
2026-03-29T16:51:50.450-0500 [DEBUG] [org.gradle.cache.internal.DefaultFileLockManager] Releasing lock on daemon addresses registry.
2026-03-29T16:51:50.450-0500 [DEBUG] [org.gradle.launcher.daemon.server.DaemonStateCoordinator] daemon is running. Sleeping until state changes.
2026-03-29T16:51:50.450-0500 [DEBUG] [org.gradle.launcher.daemon.server.exec.ReturnResult] Daemon is dispatching the build result: Success[value=org.gradle.launcher.exec.BuildActionResult@5ed0f851]
2026-03-29T16:51:50.450-0500 [DEBUG] [org.gradle.launcher.daemon.server.SynchronizedDispatchConnection] thread 807: dispatching Success[value=org.gradle.launcher.exec.BuildActionResult@5ed0f851]
2026-03-29T16:51:50.451-0500 [DEBUG] [org.gradle.launcher.daemon.server.DefaultIncomingConnectionHandler] Finishing executing command: Build{id=4c338bec-3ae7-42b4-b1ae-cab4d94b54eb, currentDir=C:\Users\sebgo\AndroidStudioProjects\mytaxitravel}
2026-03-29T16:51:50.452-0500 [DEBUG] [org.gradle.launcher.daemon.server.SynchronizedDispatchConnection] thread 808: received class org.gradle.launcher.daemon.protocol.CloseInput
2026-03-29T16:51:50.451-0500 [DEBUG] [org.gradle.launcher.daemon.server.exec.CleanUpVirtualFileSystemAfterBuild] Cleaning virtual file system after build finished
2026-03-29T16:51:50.452-0500 [DEBUG] [org.gradle.launcher.daemon.server.DefaultDaemonConnection] thread 808: Received IO message from client: org.gradle.launcher.daemon.protocol.CloseInput@656e8003
2026-03-29T16:51:50.452-0500 [DEBUG] [org.gradle.launcher.daemon.server.SynchronizedDispatchConnection] thread 808: received class org.gradle.launcher.daemon.protocol.Finished
2026-03-29T16:51:50.452-0500 [DEBUG] [org.gradle.launcher.daemon.server.DefaultDaemonConnection] thread 808: Received non-IO message from client: org.gradle.launcher.daemon.protocol.Finished@6ba972de
2026-03-29T16:51:50.453-0500 [DEBUG] [org.gradle.launcher.daemon.server.DefaultIncomingConnectionHandler] Received finished message: org.gradle.launcher.daemon.protocol.Finished@6ba972de
2026-03-29T16:51:50.453-0500 [DEBUG] [org.gradle.internal.remote.internal.inet.SocketConnection] Discarding EOFException: java.io.EOFException
2026-03-29T16:51:50.453-0500 [DEBUG] [org.gradle.launcher.daemon.server.SynchronizedDispatchConnection] thread 807: stopping connection
2026-03-29T16:51:50.453-0500 [DEBUG] [org.gradle.launcher.daemon.server.SynchronizedDispatchConnection] thread 808: received null
2026-03-29T16:51:50.453-0500 [DEBUG] [org.gradle.launcher.daemon.server.DefaultDaemonConnection] thread 808: Received end-of-input from client.
2026-03-29T16:51:50.454-0500 [DEBUG] [org.gradle.launcher.daemon.server.SynchronizedDispatchConnection] thread 807: stopping connection
2026-03-29T16:51:53.881-0500 [DEBUG] [org.gradle.process.internal.health.memory.DefaultMemoryManager] 841566208 physical memory requested, 810676224 free
2026-03-29T16:51:53.881-0500 [DEBUG] [org.gradle.workers.internal.WorkerDaemonExpiration] Will attempt to release 802 of memory
2026-03-29T16:51:53.882-0500 [DEBUG] [org.gradle.process.internal.health.memory.DefaultMemoryManager] 841566208 physical memory requested, 0 released, 810676224 free
2026-03-29T16:51:54.628-0500 [DEBUG] [org.gradle.cache.internal.DefaultFileLockManager] Waiting to acquire shared lock on daemon addresses registry.
2026-03-29T16:51:54.628-0500 [DEBUG] [org.gradle.cache.internal.DefaultFileLockManager] Lock acquired on daemon addresses registry.
2026-03-29T16:51:54.645-0500 [DEBUG] [org.gradle.cache.internal.DefaultFileLockManager] Releasing lock on daemon addresses registry.
2026-03-29T16:51:54.648-0500 [DEBUG] [org.gradle.cache.internal.DefaultFileLockManager] Waiting to acquire shared lock on daemon addresses registry.
2026-03-29T16:51:54.649-0500 [DEBUG] [org.gradle.cache.internal.DefaultFileLockManager] Lock acquired on daemon addresses registry.
2026-03-29T16:51:54.649-0500 [DEBUG] [org.gradle.cache.internal.DefaultFileLockManager] Releasing lock on daemon addresses registry.
2026-03-29T16:52:04.608-0500 [DEBUG] [org.gradle.cache.internal.DefaultFileLockManager] Waiting to acquire shared lock on daemon addresses registry.
2026-03-29T16:52:04.609-0500 [DEBUG] [org.gradle.cache.internal.DefaultFileLockManager] Lock acquired on daemon addresses registry.
2026-03-29T16:52:04.609-0500 [DEBUG] [org.gradle.cache.internal.DefaultFileLockManager] Releasing lock on daemon addresses registry.
2026-03-29T16:52:04.611-0500 [DEBUG] [org.gradle.cache.internal.DefaultFileLockManager] Waiting to acquire shared lock on daemon addresses registry.
2026-03-29T16:52:04.611-0500 [DEBUG] [org.gradle.cache.internal.DefaultFileLockManager] Lock acquired on daemon addresses registry.
2026-03-29T16:52:04.612-0500 [DEBUG] [org.gradle.cache.internal.DefaultFileLockManager] Releasing lock on daemon addresses registry.
2026-03-29T16:52:04.613-0500 [DEBUG] [org.gradle.cache.internal.DefaultFileLockManager] Waiting to acquire shared lock on daemon addresses registry.
2026-03-29T16:52:04.613-0500 [DEBUG] [org.gradle.cache.internal.DefaultFileLockManager] Lock acquired on daemon addresses registry.
2026-03-29T16:52:04.614-0500 [DEBUG] [org.gradle.cache.internal.DefaultFileLockManager] Releasing lock on daemon addresses registry.
2026-03-29T16:52:11.903-0500 [DEBUG] [sun.rmi.transport.tcp] RMI Scheduler(0): close connection, socket: Socket[addr=localhost/127.0.0.1,port=17680,localport=30738]
2026-03-29T16:52:11.916-0500 [DEBUG] [sun.rmi.transport.tcp] RMI Scheduler(0): close connection, socket: Socket[addr=localhost/127.0.0.1,port=17680,localport=30739]
2026-03-29T16:52:12.083-0500 [DEBUG] [sun.rmi.transport.tcp] RMI TCP Connection(18)-127.0.0.1: (port 2680) connection closed
2026-03-29T16:52:12.084-0500 [DEBUG] [sun.rmi.transport.tcp] RMI TCP Connection(18)-127.0.0.1: close connection, socket: Socket[addr=/127.0.0.1,port=30740,localport=2680]
2026-03-29T16:52:12.084-0500 [DEBUG] [sun.rmi.transport.tcp] RMI TCP Connection(18)-127.0.0.1: socket close: Socket[addr=/127.0.0.1,port=30740,localport=2680]
2026-03-29T16:52:14.608-0500 [DEBUG] [org.gradle.cache.internal.DefaultFileLockManager] Waiting to acquire shared lock on daemon addresses registry.
2026-03-29T16:52:14.608-0500 [DEBUG] [org.gradle.cache.internal.DefaultFileLockManager] Lock acquired on daemon addresses registry.
2026-03-29T16:52:14.608-0500 [DEBUG] [org.gradle.cache.internal.DefaultFileLockManager] Releasing lock on daemon addresses registry.
2026-03-29T16:52:14.610-0500 [DEBUG] [org.gradle.cache.internal.DefaultFileLockManager] Waiting to acquire shared lock on daemon addresses registry.
2026-03-29T16:52:14.610-0500 [DEBUG] [org.gradle.cache.internal.DefaultFileLockManager] Lock acquired on daemon addresses registry.
2026-03-29T16:52:14.611-0500 [DEBUG] [org.gradle.cache.internal.DefaultFileLockManager] Releasing lock on daemon addresses registry.
2026-03-29T16:52:14.612-0500 [DEBUG] [org.gradle.cache.internal.DefaultFileLockManager] Waiting to acquire shared lock on daemon addresses registry.
2026-03-29T16:52:14.613-0500 [DEBUG] [org.gradle.cache.internal.DefaultFileLockManager] Lock acquired on daemon addresses registry.
2026-03-29T16:52:14.613-0500 [DEBUG] [org.gradle.cache.internal.DefaultFileLockManager] Releasing lock on daemon addresses registry.
2026-03-29T16:52:24.609-0500 [DEBUG] [org.gradle.cache.internal.DefaultFileLockManager] Waiting to acquire shared lock on daemon addresses registry.
2026-03-29T16:52:24.609-0500 [DEBUG] [org.gradle.cache.internal.DefaultFileLockManager] Lock acquired on daemon addresses registry.
2026-03-29T16:52:24.610-0500 [DEBUG] [org.gradle.cache.internal.DefaultFileLockManager] Releasing lock on daemon addresses registry.
2026-03-29T16:52:24.613-0500 [DEBUG] [org.gradle.cache.internal.DefaultFileLockManager] Waiting to acquire shared lock on daemon addresses registry.
2026-03-29T16:52:24.613-0500 [DEBUG] [org.gradle.cache.internal.DefaultFileLockManager] Lock acquired on daemon addresses registry.
2026-03-29T16:52:24.613-0500 [DEBUG] [org.gradle.cache.internal.DefaultFileLockManager] Releasing lock on daemon addresses registry.
2026-03-29T16:52:24.615-0500 [DEBUG] [org.gradle.cache.internal.DefaultFileLockManager] Waiting to acquire shared lock on daemon addresses registry.
2026-03-29T16:52:24.615-0500 [DEBUG] [org.gradle.cache.internal.DefaultFileLockManager] Lock acquired on daemon addresses registry.
2026-03-29T16:52:24.616-0500 [DEBUG] [org.gradle.cache.internal.DefaultFileLockManager] Releasing lock on daemon addresses registry.
2026-03-29T16:52:34.609-0500 [DEBUG] [org.gradle.cache.internal.DefaultFileLockManager] Waiting to acquire shared lock on daemon addresses registry.
2026-03-29T16:52:34.609-0500 [DEBUG] [org.gradle.cache.internal.DefaultFileLockManager] Lock acquired on daemon addresses registry.
2026-03-29T16:52:34.610-0500 [DEBUG] [org.gradle.cache.internal.DefaultFileLockManager] Releasing lock on daemon addresses registry.
2026-03-29T16:52:34.622-0500 [DEBUG] [org.gradle.cache.internal.DefaultFileLockManager] Waiting to acquire shared lock on daemon addresses registry.
2026-03-29T16:52:34.622-0500 [DEBUG] [org.gradle.cache.internal.DefaultFileLockManager] Lock acquired on daemon addresses registry.
2026-03-29T16:52:34.623-0500 [DEBUG] [org.gradle.cache.internal.DefaultFileLockManager] Releasing lock on daemon addresses registry.
2026-03-29T16:52:34.624-0500 [DEBUG] [org.gradle.cache.internal.DefaultFileLockManager] Waiting to acquire shared lock on daemon addresses registry.
2026-03-29T16:52:34.625-0500 [DEBUG] [org.gradle.cache.internal.DefaultFileLockManager] Lock acquired on daemon addresses registry.
2026-03-29T16:52:34.625-0500 [DEBUG] [org.gradle.cache.internal.DefaultFileLockManager] Releasing lock on daemon addresses registry.
2026-03-29T16:52:44.608-0500 [DEBUG] [org.gradle.cache.internal.DefaultFileLockManager] Waiting to acquire shared lock on daemon addresses registry.
2026-03-29T16:52:44.609-0500 [DEBUG] [org.gradle.cache.internal.DefaultFileLockManager] Lock acquired on daemon addresses registry.
2026-03-29T16:52:44.609-0500 [DEBUG] [org.gradle.cache.internal.DefaultFileLockManager] Releasing lock on daemon addresses registry.
2026-03-29T16:52:44.612-0500 [DEBUG] [org.gradle.cache.internal.DefaultFileLockManager] Waiting to acquire shared lock on daemon addresses registry.
2026-03-29T16:52:44.613-0500 [DEBUG] [org.gradle.cache.internal.DefaultFileLockManager] Lock acquired on daemon addresses registry.
2026-03-29T16:52:44.614-0500 [DEBUG] [org.gradle.cache.internal.DefaultFileLockManager] Releasing lock on daemon addresses registry.
2026-03-29T16:52:44.616-0500 [DEBUG] [org.gradle.cache.internal.DefaultFileLockManager] Waiting to acquire shared lock on daemon addresses registry.
2026-03-29T16:52:44.616-0500 [DEBUG] [org.gradle.cache.internal.DefaultFileLockManager] Lock acquired on daemon addresses registry.
2026-03-29T16:52:44.617-0500 [DEBUG] [org.gradle.cache.internal.DefaultFileLockManager] Releasing lock on daemon addresses registry.
2026-03-29T16:52:54.608-0500 [DEBUG] [org.gradle.cache.internal.DefaultFileLockManager] Waiting to acquire shared lock on daemon addresses registry.
2026-03-29T16:52:54.608-0500 [DEBUG] [org.gradle.cache.internal.DefaultFileLockManager] Lock acquired on daemon addresses registry.
2026-03-29T16:52:54.609-0500 [DEBUG] [org.gradle.cache.internal.DefaultFileLockManager] Releasing lock on daemon addresses registry.
2026-03-29T16:52:54.612-0500 [DEBUG] [org.gradle.cache.internal.DefaultFileLockManager] Waiting to acquire shared lock on daemon addresses registry.
2026-03-29T16:52:54.612-0500 [DEBUG] [org.gradle.cache.internal.DefaultFileLockManager] Lock acquired on daemon addresses registry.
2026-03-29T16:52:54.613-0500 [DEBUG] [org.gradle.cache.internal.DefaultFileLockManager] Releasing lock on daemon addresses registry.
2026-03-29T16:52:54.615-0500 [DEBUG] [org.gradle.cache.internal.DefaultFileLockManager] Waiting to acquire shared lock on daemon addresses registry.
2026-03-29T16:52:54.615-0500 [DEBUG] [org.gradle.cache.internal.DefaultFileLockManager] Lock acquired on daemon addresses registry.
2026-03-29T16:52:54.616-0500 [DEBUG] [org.gradle.cache.internal.DefaultFileLockManager] Releasing lock on daemon addresses registry.
2026-03-29T16:53:04.611-0500 [DEBUG] [org.gradle.cache.internal.DefaultFileLockManager] Waiting to acquire shared lock on daemon addresses registry.
2026-03-29T16:53:04.612-0500 [DEBUG] [org.gradle.cache.internal.DefaultFileLockManager] Lock acquired on daemon addresses registry.
2026-03-29T16:53:04.613-0500 [DEBUG] [org.gradle.cache.internal.DefaultFileLockManager] Releasing lock on daemon addresses registry.
2026-03-29T16:53:04.616-0500 [DEBUG] [org.gradle.cache.internal.DefaultFileLockManager] Waiting to acquire shared lock on daemon addresses registry.
2026-03-29T16:53:04.617-0500 [DEBUG] [org.gradle.cache.internal.DefaultFileLockManager] Lock acquired on daemon addresses registry.
2026-03-29T16:53:04.618-0500 [DEBUG] [org.gradle.cache.internal.DefaultFileLockManager] Releasing lock on daemon addresses registry.
2026-03-29T16:53:04.621-0500 [DEBUG] [org.gradle.cache.internal.DefaultFileLockManager] Waiting to acquire shared lock on daemon addresses registry.
2026-03-29T16:53:04.621-0500 [DEBUG] [org.gradle.cache.internal.DefaultFileLockManager] Lock acquired on daemon addresses registry.
2026-03-29T16:53:04.622-0500 [DEBUG] [org.gradle.cache.internal.DefaultFileLockManager] Releasing lock on daemon addresses registry.
2026-03-29T16:53:08.880-0500 [DEBUG] [org.gradle.process.internal.health.memory.DefaultMemoryManager] 841566208 physical memory requested, 820486144 free
2026-03-29T16:53:08.880-0500 [DEBUG] [org.gradle.workers.internal.WorkerDaemonExpiration] Will attempt to release 802 of memory
2026-03-29T16:53:08.881-0500 [DEBUG] [org.gradle.process.internal.health.memory.DefaultMemoryManager] 841566208 physical memory requested, 0 released, 820486144 free
2026-03-29T16:53:13.880-0500 [DEBUG] [org.gradle.process.internal.health.memory.DefaultMemoryManager] 841566208 physical memory requested, 700510208 free
2026-03-29T16:53:13.880-0500 [DEBUG] [org.gradle.workers.internal.WorkerDaemonExpiration] Will attempt to release 802 of memory
2026-03-29T16:53:13.880-0500 [DEBUG] [org.gradle.process.internal.health.memory.DefaultMemoryManager] 841566208 physical memory requested, 0 released, 700510208 free
2026-03-29T16:53:14.609-0500 [DEBUG] [org.gradle.cache.internal.DefaultFileLockManager] Waiting to acquire shared lock on daemon addresses registry.
2026-03-29T16:53:14.609-0500 [DEBUG] [org.gradle.cache.internal.DefaultFileLockManager] Lock acquired on daemon addresses registry.
2026-03-29T16:53:14.610-0500 [DEBUG] [org.gradle.cache.internal.DefaultFileLockManager] Releasing lock on daemon addresses registry.
2026-03-29T16:53:14.613-0500 [DEBUG] [org.gradle.cache.internal.DefaultFileLockManager] Waiting to acquire shared lock on daemon addresses registry.
2026-03-29T16:53:14.614-0500 [DEBUG] [org.gradle.cache.internal.DefaultFileLockManager] Lock acquired on daemon addresses registry.
2026-03-29T16:53:14.614-0500 [DEBUG] [org.gradle.cache.internal.DefaultFileLockManager] Releasing lock on daemon addresses registry.
2026-03-29T16:53:14.617-0500 [DEBUG] [org.gradle.cache.internal.DefaultFileLockManager] Waiting to acquire shared lock on daemon addresses registry.
2026-03-29T16:53:14.618-0500 [DEBUG] [org.gradle.cache.internal.DefaultFileLockManager] Lock acquired on daemon addresses registry.
2026-03-29T16:53:14.618-0500 [DEBUG] [org.gradle.cache.internal.DefaultFileLockManager] Releasing lock on daemon addresses registry.
2026-03-29T16:53:18.880-0500 [DEBUG] [org.gradle.process.internal.health.memory.DefaultMemoryManager] 841566208 physical memory requested, 666750976 free
2026-03-29T16:53:18.880-0500 [DEBUG] [org.gradle.workers.internal.WorkerDaemonExpiration] Will attempt to release 802 of memory
2026-03-29T16:53:18.880-0500 [DEBUG] [org.gradle.process.internal.health.memory.DefaultMemoryManager] 841566208 physical memory requested, 0 released, 666750976 free
2026-03-29T16:53:23.881-0500 [DEBUG] [org.gradle.process.internal.health.memory.DefaultMemoryManager] 841566208 physical memory requested, 484417536 free
2026-03-29T16:53:23.881-0500 [DEBUG] [org.gradle.workers.internal.WorkerDaemonExpiration] Will attempt to release 802 of memory
2026-03-29T16:53:23.881-0500 [DEBUG] [org.gradle.process.internal.health.memory.DefaultMemoryManager] 841566208 physical memory requested, 0 released, 484417536 free
2026-03-29T16:53:24.609-0500 [DEBUG] [org.gradle.cache.internal.DefaultFileLockManager] Waiting to acquire shared lock on daemon addresses registry.
2026-03-29T16:53:24.609-0500 [DEBUG] [org.gradle.cache.internal.DefaultFileLockManager] Lock acquired on daemon addresses registry.
2026-03-29T16:53:24.610-0500 [DEBUG] [org.gradle.cache.internal.DefaultFileLockManager] Releasing lock on daemon addresses registry.
2026-03-29T16:53:24.614-0500 [DEBUG] [org.gradle.cache.internal.DefaultFileLockManager] Waiting to acquire shared lock on daemon addresses registry.
2026-03-29T16:53:24.614-0500 [DEBUG] [org.gradle.cache.internal.DefaultFileLockManager] Lock acquired on daemon addresses registry.
2026-03-29T16:53:24.615-0500 [DEBUG] [org.gradle.cache.internal.DefaultFileLockManager] Releasing lock on daemon addresses registry.
2026-03-29T16:53:24.617-0500 [DEBUG] [org.gradle.cache.internal.DefaultFileLockManager] Waiting to acquire shared lock on daemon addresses registry.
2026-03-29T16:53:24.617-0500 [DEBUG] [org.gradle.cache.internal.DefaultFileLockManager] Lock acquired on daemon addresses registry.
2026-03-29T16:53:24.619-0500 [DEBUG] [org.gradle.cache.internal.DefaultFileLockManager] Releasing lock on daemon addresses registry.
2026-03-29T16:53:28.880-0500 [DEBUG] [org.gradle.process.internal.health.memory.DefaultMemoryManager] 841566208 physical memory requested, 549978112 free
2026-03-29T16:53:28.881-0500 [DEBUG] [org.gradle.workers.internal.WorkerDaemonExpiration] Will attempt to release 802 of memory
2026-03-29T16:53:28.881-0500 [DEBUG] [org.gradle.process.internal.health.memory.DefaultMemoryManager] 841566208 physical memory requested, 0 released, 549978112 free
2026-03-29T16:53:34.609-0500 [DEBUG] [org.gradle.cache.internal.DefaultFileLockManager] Waiting to acquire shared lock on daemon addresses registry.
2026-03-29T16:53:34.609-0500 [DEBUG] [org.gradle.cache.internal.DefaultFileLockManager] Lock acquired on daemon addresses registry.
2026-03-29T16:53:34.609-0500 [DEBUG] [org.gradle.cache.internal.DefaultFileLockManager] Releasing lock on daemon addresses registry.
2026-03-29T16:53:34.611-0500 [DEBUG] [org.gradle.cache.internal.DefaultFileLockManager] Waiting to acquire shared lock on daemon addresses registry.
2026-03-29T16:53:34.611-0500 [DEBUG] [org.gradle.cache.internal.DefaultFileLockManager] Lock acquired on daemon addresses registry.
2026-03-29T16:53:34.611-0500 [DEBUG] [org.gradle.cache.internal.DefaultFileLockManager] Releasing lock on daemon addresses registry.
2026-03-29T16:53:34.613-0500 [DEBUG] [org.gradle.cache.internal.DefaultFileLockManager] Waiting to acquire shared lock on daemon addresses registry.
2026-03-29T16:53:34.613-0500 [DEBUG] [org.gradle.cache.internal.DefaultFileLockManager] Lock acquired on daemon addresses registry.
2026-03-29T16:53:34.613-0500 [DEBUG] [org.gradle.cache.internal.DefaultFileLockManager] Releasing lock on daemon addresses registry.
2026-03-29T16:53:44.610-0500 [DEBUG] [org.gradle.cache.internal.DefaultFileLockManager] Waiting to acquire shared lock on daemon addresses registry.
2026-03-29T16:53:44.610-0500 [DEBUG] [org.gradle.cache.internal.DefaultFileLockManager] Lock acquired on daemon addresses registry.
2026-03-29T16:53:44.611-0500 [DEBUG] [org.gradle.cache.internal.DefaultFileLockManager] Releasing lock on daemon addresses registry.
2026-03-29T16:53:44.612-0500 [DEBUG] [org.gradle.cache.internal.DefaultFileLockManager] Waiting to acquire shared lock on daemon addresses registry.
2026-03-29T16:53:44.612-0500 [DEBUG] [org.gradle.cache.internal.DefaultFileLockManager] Lock acquired on daemon addresses registry.
2026-03-29T16:53:44.613-0500 [DEBUG] [org.gradle.cache.internal.DefaultFileLockManager] Releasing lock on daemon addresses registry.
2026-03-29T16:53:44.614-0500 [DEBUG] [org.gradle.cache.internal.DefaultFileLockManager] Waiting to acquire shared lock on daemon addresses registry.
2026-03-29T16:53:44.614-0500 [DEBUG] [org.gradle.cache.internal.DefaultFileLockManager] Lock acquired on daemon addresses registry.
2026-03-29T16:53:44.615-0500 [DEBUG] [org.gradle.cache.internal.DefaultFileLockManager] Releasing lock on daemon addresses registry.
2026-03-29T16:53:53.880-0500 [DEBUG] [org.gradle.process.internal.health.memory.DefaultMemoryManager] 841566208 physical memory requested, 507682816 free
2026-03-29T16:53:53.880-0500 [DEBUG] [org.gradle.workers.internal.WorkerDaemonExpiration] Will attempt to release 802 of memory
2026-03-29T16:53:53.881-0500 [DEBUG] [org.gradle.process.internal.health.memory.DefaultMemoryManager] 841566208 physical memory requested, 0 released, 507682816 free
2026-03-29T16:53:54.610-0500 [DEBUG] [org.gradle.cache.internal.DefaultFileLockManager] Waiting to acquire shared lock on daemon addresses registry.
2026-03-29T16:53:54.611-0500 [DEBUG] [org.gradle.cache.internal.DefaultFileLockManager] Lock acquired on daemon addresses registry.
2026-03-29T16:53:54.612-0500 [DEBUG] [org.gradle.cache.internal.DefaultFileLockManager] Releasing lock on daemon addresses registry.
2026-03-29T16:53:54.616-0500 [DEBUG] [org.gradle.cache.internal.DefaultFileLockManager] Waiting to acquire shared lock on daemon addresses registry.
2026-03-29T16:53:54.616-0500 [DEBUG] [org.gradle.cache.internal.DefaultFileLockManager] Lock acquired on daemon addresses registry.
2026-03-29T16:53:54.616-0500 [DEBUG] [org.gradle.cache.internal.DefaultFileLockManager] Releasing lock on daemon addresses registry.
2026-03-29T16:53:54.619-0500 [DEBUG] [org.gradle.cache.internal.DefaultFileLockManager] Waiting to acquire shared lock on daemon addresses registry.
2026-03-29T16:53:54.619-0500 [DEBUG] [org.gradle.cache.internal.DefaultFileLockManager] Lock acquired on daemon addresses registry.
2026-03-29T16:53:54.621-0500 [DEBUG] [org.gradle.cache.internal.DefaultFileLockManager] Releasing lock on daemon addresses registry.
2026-03-29T16:53:55.415-0500 [DEBUG] [org.gradle.internal.watch.vfs.impl.WatchingVirtualFileSystem] Handling VFS change CREATED C:\Users\sebgo\AndroidStudioProjects\mytaxitravel\app\src\main\java\com\workpro\mytaxitravel\Usuario.kt~
2026-03-29T16:53:55.469-0500 [DEBUG] [org.gradle.internal.watch.vfs.impl.WatchingVirtualFileSystem] Handling VFS change MODIFIED C:\Users\sebgo\AndroidStudioProjects\mytaxitravel\app\src\main\java\com\workpro\mytaxitravel\Usuario.kt
2026-03-29T16:53:57.311-0500 [DEBUG] [org.gradle.internal.remote.internal.inet.TcpIncomingConnector] Accepted connection from /127.0.0.1:62139 to /127.0.0.1:28940.
2026-03-29T16:53:57.781-0500 [DEBUG] [org.gradle.launcher.daemon.server.SynchronizedDispatchConnection] thread 904: received class org.gradle.launcher.daemon.protocol.StopWhenIdle
2026-03-29T16:53:57.793-0500 [DEBUG] [org.gradle.launcher.daemon.server.DefaultDaemonConnection] thread 904: Received non-IO message from client: StopWhenIdle[id=23e57cbd-22b0-4250-873f-8f74cde70839]
2026-03-29T16:53:57.794-0500 [INFO] [org.gradle.launcher.daemon.server.DefaultIncomingConnectionHandler] Received command: StopWhenIdle[id=23e57cbd-22b0-4250-873f-8f74cde70839].
2026-03-29T16:53:57.794-0500 [DEBUG] [org.gradle.launcher.daemon.server.DefaultIncomingConnectionHandler] Starting executing command: StopWhenIdle[id=23e57cbd-22b0-4250-873f-8f74cde70839] with connection: socket connection from /127.0.0.1:28940 to /127.0.0.1:62139.
2026-03-29T16:53:57.865-0500 [DEBUG] [org.gradle.launcher.daemon.server.DaemonRegistryUpdater] Storing daemon stop event: stop command received
2026-03-29T16:53:58.166-0500 [DEBUG] [org.gradle.launcher.daemon.registry.PersistentDaemonRegistry] Storing daemon stop event with timestamp 1774821237869
2026-03-29T16:53:58.283-0500 [DEBUG] [org.gradle.cache.internal.DefaultFileLockManager] Waiting to acquire exclusive lock on daemon addresses registry.
2026-03-29T16:53:58.294-0500 [DEBUG] [org.gradle.cache.internal.DefaultFileLockManager] Lock acquired on daemon addresses registry.
2026-03-29T16:53:58.308-0500 [DEBUG] [org.gradle.cache.internal.DefaultFileLockManager] Releasing lock on daemon addresses registry.
2026-03-29T16:53:58.316-0500 [LIFECYCLE] [org.gradle.launcher.daemon.server.DaemonStateCoordinator] Daemon will be stopped at the end of the build stop command received
2026-03-29T16:53:58.317-0500 [DEBUG] [org.gradle.launcher.daemon.server.DaemonStateCoordinator] Marking daemon stopped due to stop command received. The daemon is not running a build
2026-03-29T16:53:58.318-0500 [DEBUG] [org.gradle.launcher.daemon.server.DaemonStateCoordinator] daemon has stopped.
2026-03-29T16:53:58.323-0500 [DEBUG] [org.gradle.launcher.daemon.server.SynchronizedDispatchConnection] thread 903: dispatching Success[value=null]
2026-03-29T16:53:58.325-0500 [DEBUG] [org.gradle.launcher.daemon.server.SynchronizedDispatchConnection] thread 904: received class org.gradle.launcher.daemon.protocol.Finished
2026-03-29T16:53:58.326-0500 [DEBUG] [org.gradle.launcher.daemon.server.DefaultDaemonConnection] thread 904: Received non-IO message from client: org.gradle.launcher.daemon.protocol.Finished@2185a24e
2026-03-29T16:53:58.326-0500 [DEBUG] [org.gradle.launcher.daemon.server.DefaultIncomingConnectionHandler] Finishing executing command: StopWhenIdle[id=23e57cbd-22b0-4250-873f-8f74cde70839]
2026-03-29T16:53:58.326-0500 [DEBUG] [org.gradle.launcher.daemon.server.DefaultIncomingConnectionHandler] Received finished message: org.gradle.launcher.daemon.protocol.Finished@2185a24e
2026-03-29T16:53:58.327-0500 [DEBUG] [org.gradle.launcher.daemon.server.SynchronizedDispatchConnection] thread 903: stopping connection
2026-03-29T16:53:58.328-0500 [DEBUG] [org.gradle.internal.remote.internal.inet.SocketConnection] Discarding EOFException: java.io.EOFException
2026-03-29T16:53:58.328-0500 [DEBUG] [org.gradle.launcher.daemon.server.SynchronizedDispatchConnection] thread 904: received null
2026-03-29T16:53:58.328-0500 [DEBUG] [org.gradle.launcher.daemon.server.DefaultDaemonConnection] thread 904: Received end-of-input from client.
2026-03-29T16:53:58.333-0500 [DEBUG] [org.gradle.launcher.daemon.server.SynchronizedDispatchConnection] thread 903: stopping connection
2026-03-29T16:53:58.387-0500 [DEBUG] [org.gradle.launcher.daemon.server.Daemon] stop() called on daemon
2026-03-29T16:53:58.388-0500 [INFO] [org.gradle.launcher.daemon.server.Daemon] Stop requested. Daemon is removing its presence from the registry...
2026-03-29T16:53:58.396-0500 [DEBUG] [org.gradle.launcher.daemon.server.DaemonRegistryUpdater] Removing our presence to clients, eg. removing this address from the registry: [87107fdb-3f53-4eec-a91a-0d08b2658363 port:28940, addresses:[localhost/127.0.0.1]]
2026-03-29T16:53:58.399-0500 [DEBUG] [org.gradle.launcher.daemon.registry.PersistentDaemonRegistry] Removing daemon address: [87107fdb-3f53-4eec-a91a-0d08b2658363 port:28940, addresses:[localhost/127.0.0.1]]
2026-03-29T16:53:58.433-0500 [DEBUG] [org.gradle.cache.internal.DefaultFileLockManager] Waiting to acquire exclusive lock on daemon addresses registry.
2026-03-29T16:53:58.433-0500 [DEBUG] [org.gradle.cache.internal.DefaultFileLockManager] Lock acquired on daemon addresses registry.
2026-03-29T16:53:58.455-0500 [DEBUG] [org.gradle.cache.internal.DefaultFileLockManager] Releasing lock on daemon addresses registry.
2026-03-29T16:53:58.457-0500 [DEBUG] [org.gradle.launcher.daemon.server.DaemonRegistryUpdater] Address removed from registry.
2026-03-29T16:53:58.880-0500 [DEBUG] [org.gradle.process.internal.health.memory.DefaultMemoryManager] 841566208 physical memory requested, 415137792 free
2026-03-29T16:53:58.880-0500 [DEBUG] [org.gradle.process.internal.health.memory.DefaultMemoryManager] 841566208 physical memory requested, 0 released, 415137792 free
2026-03-29T16:53:59.205-0500 [DEBUG] [org.gradle.cache.internal.LockOnDemandCrossProcessCacheAccess] Releasing file lock for jars (C:\Users\sebgo\AndroidStudioProjects\mytaxitravel\gradle\caches\jars-9)
2026-03-29T16:53:59.206-0500 [DEBUG] [org.gradle.cache.internal.DefaultFileLockManager] Releasing lock on jars (C:\Users\sebgo\AndroidStudioProjects\mytaxitravel\gradle\caches\jars-9).
2026-03-29T16:53:59.227-0500 [DEBUG] [org.gradle.cache.internal.DefaultCacheCleanupExecutor] jars (C:\Users\sebgo\AndroidStudioProjects\mytaxitravel\gradle\caches\jars-9) has last been fully cleaned up 23 hours ago
2026-03-29T16:53:59.245-0500 [DEBUG] [org.gradle.cache.internal.DefaultCacheCleanupExecutor] Skipping cleanup for jars (C:\Users\sebgo\AndroidStudioProjects\mytaxitravel\gradle\caches\jars-9) as it is not yet due
2026-03-29T16:53:59.262-0500 [DEBUG] [org.gradle.cache.internal.LockOnDemandCrossProcessCacheAccess] Releasing file lock for file content cache (C:\Users\sebgo\AndroidStudioProjects\mytaxitravel\gradle\caches\8.13\fileContent)
2026-03-29T16:53:59.264-0500 [DEBUG] [org.gradle.cache.internal.DefaultFileLockManager] Releasing lock on file content cache (C:\Users\sebgo\AndroidStudioProjects\mytaxitravel\gradle\caches\8.13\fileContent).
2026-03-29T16:53:59.273-0500 [DEBUG] [org.gradle.internal.watch.vfs.impl.WatchingVirtualFileSystem] Closing VFS, dropping state
2026-03-29T16:53:59.375-0500 [DEBUG] [org.gradle.cache.internal.LockOnDemandCrossProcessCacheAccess] Releasing file lock for Generated Gradle JARs cache (C:\Users\sebgo\AndroidStudioProjects\mytaxitravel\gradle\caches\8.13\generated-gradle-jars)
2026-03-29T16:53:59.375-0500 [DEBUG] [org.gradle.cache.internal.DefaultFileLockManager] Releasing lock on Generated Gradle JARs cache (C:\Users\sebgo\AndroidStudioProjects\mytaxitravel\gradle\caches\8.13\generated-gradle-jars).
2026-03-29T16:53:59.377-0500 [DEBUG] [org.gradle.internal.watch.registry.impl.DefaultFileWatcherRegistry] Finished listening to file system change events
2026-03-29T16:53:59.380-0500 [DEBUG] [org.gradle.cache.internal.LockOnDemandCrossProcessCacheAccess] Releasing file lock for artifact cache (C:\Users\sebgo\AndroidStudioProjects\mytaxitravel\gradle\caches\modules-2)
2026-03-29T16:53:59.383-0500 [DEBUG] [org.gradle.cache.internal.btree.BTreePersistentIndexedCache] Closing cache module-artifact.bin (C:\Users\sebgo\AndroidStudioProjects\mytaxitravel\gradle\caches\modules-2\metadata-2.107\module-artifact.bin)
2026-03-29T16:53:59.398-0500 [DEBUG] [org.gradle.cache.internal.btree.BTreePersistentIndexedCache] Closing cache module-metadata.bin (C:\Users\sebgo\AndroidStudioProjects\mytaxitravel\gradle\caches\modules-2\metadata-2.107\module-metadata.bin)
2026-03-29T16:53:59.402-0500 [DEBUG] [org.gradle.cache.internal.DefaultFileLockManager] Releasing lock on artifact cache (C:\Users\sebgo\AndroidStudioProjects\mytaxitravel\gradle\caches\modules-2).
2026-03-29T16:53:59.405-0500 [DEBUG] [org.gradle.cache.internal.DefaultCacheCleanupExecutor] artifact cache (C:\Users\sebgo\AndroidStudioProjects\mytaxitravel\gradle\caches\modules-2) has last been fully cleaned up 23 hours ago
2026-03-29T16:53:59.406-0500 [DEBUG] [org.gradle.cache.internal.DefaultCacheCleanupExecutor] Skipping cleanup for artifact cache (C:\Users\sebgo\AndroidStudioProjects\mytaxitravel\gradle\caches\modules-2) as it is not yet due
2026-03-29T16:53:59.409-0500 [DEBUG] [org.gradle.cache.internal.DefaultCacheCleanupExecutor] groovy-dsl (C:\Users\sebgo\AndroidStudioProjects\mytaxitravel\gradle\caches\8.13\groovy-dsl) has last been fully cleaned up 23 hours ago
2026-03-29T16:53:59.410-0500 [DEBUG] [org.gradle.cache.internal.DefaultCacheCleanupExecutor] Skipping cleanup for groovy-dsl (C:\Users\sebgo\AndroidStudioProjects\mytaxitravel\gradle\caches\8.13\groovy-dsl) as it is not yet due
2026-03-29T16:53:59.410-0500 [DEBUG] [org.gradle.cache.internal.DefaultCacheCoordinator] Cache groovy-dsl (C:\Users\sebgo\AndroidStudioProjects\mytaxitravel\gradle\caches\8.13\groovy-dsl) was closed 0 times.
2026-03-29T16:53:59.414-0500 [DEBUG] [org.gradle.cache.internal.DefaultCacheCleanupExecutor] Artifact transforms cache (C:\Users\sebgo\AndroidStudioProjects\mytaxitravel\gradle\caches\8.13\transforms) has last been fully cleaned up 20 hours ago
2026-03-29T16:53:59.415-0500 [DEBUG] [org.gradle.cache.internal.DefaultCacheCleanupExecutor] Skipping cleanup for Artifact transforms cache (C:\Users\sebgo\AndroidStudioProjects\mytaxitravel\gradle\caches\8.13\transforms) as it is not yet due
2026-03-29T16:53:59.415-0500 [DEBUG] [org.gradle.cache.internal.DefaultCacheCoordinator] Cache Artifact transforms cache (C:\Users\sebgo\AndroidStudioProjects\mytaxitravel\gradle\caches\8.13\transforms) was closed 0 times.
2026-03-29T16:53:59.416-0500 [DEBUG] [org.gradle.cache.internal.DefaultCacheCleanupExecutor] kotlin-dsl (C:\Users\sebgo\AndroidStudioProjects\mytaxitravel\gradle\caches\8.13\kotlin-dsl) has last been fully cleaned up 20 hours ago
2026-03-29T16:53:59.416-0500 [DEBUG] [org.gradle.cache.internal.DefaultCacheCleanupExecutor] Skipping cleanup for kotlin-dsl (C:\Users\sebgo\AndroidStudioProjects\mytaxitravel\gradle\caches\8.13\kotlin-dsl) as it is not yet due
2026-03-29T16:53:59.417-0500 [DEBUG] [org.gradle.cache.internal.DefaultCacheCoordinator] Cache kotlin-dsl (C:\Users\sebgo\AndroidStudioProjects\mytaxitravel\gradle\caches\8.13\kotlin-dsl) was closed 0 times.
2026-03-29T16:53:59.420-0500 [DEBUG] [org.gradle.cache.internal.LockOnDemandCrossProcessCacheAccess] Releasing file lock for journal cache (C:\Users\sebgo\AndroidStudioProjects\mytaxitravel\gradle\caches\journal-1)
2026-03-29T16:53:59.421-0500 [DEBUG] [org.gradle.cache.internal.btree.BTreePersistentIndexedCache] Closing cache file-access.bin (C:\Users\sebgo\AndroidStudioProjects\mytaxitravel\gradle\caches\journal-1\file-access.bin)
2026-03-29T16:53:59.428-0500 [DEBUG] [org.gradle.cache.internal.DefaultFileLockManager] Releasing lock on journal cache (C:\Users\sebgo\AndroidStudioProjects\mytaxitravel\gradle\caches\journal-1).
2026-03-29T16:53:59.435-0500 [DEBUG] [org.gradle.cache.internal.LockOnDemandCrossProcessCacheAccess] Releasing file lock for file hash cache (C:\Users\sebgo\AndroidStudioProjects\mytaxitravel\gradle\caches\8.13\fileHashes)
2026-03-29T16:53:59.436-0500 [DEBUG] [org.gradle.cache.internal.btree.BTreePersistentIndexedCache] Closing cache fileHashes.bin (C:\Users\sebgo\AndroidStudioProjects\mytaxitravel\gradle\caches\8.13\fileHashes\fileHashes.bin)
2026-03-29T16:53:59.459-0500 [DEBUG] [org.gradle.cache.internal.btree.BTreePersistentIndexedCache] Closing cache resourceHashesCache.bin (C:\Users\sebgo\AndroidStudioProjects\mytaxitravel\gradle\caches\8.13\fileHashes\resourceHashesCache.bin)
2026-03-29T16:53:59.463-0500 [DEBUG] [org.gradle.cache.internal.DefaultFileLockManager] Releasing lock on file hash cache (C:\Users\sebgo\AndroidStudioProjects\mytaxitravel\gradle\caches\8.13\fileHashes).
2026-03-29T16:53:59.473-0500 [DEBUG] [org.gradle.cache.internal.LockOnDemandCrossProcessCacheAccess] Releasing file lock for Java compile cache (C:\Users\sebgo\AndroidStudioProjects\mytaxitravel\gradle\caches\8.13\javaCompile)
2026-03-29T16:53:59.475-0500 [DEBUG] [org.gradle.cache.internal.btree.BTreePersistentIndexedCache] Closing cache jarAnalysis.bin (C:\Users\sebgo\AndroidStudioProjects\mytaxitravel\gradle\caches\8.13\javaCompile\jarAnalysis.bin)
2026-03-29T16:53:59.479-0500 [DEBUG] [org.gradle.cache.internal.btree.BTreePersistentIndexedCache] Closing cache classAnalysis.bin (C:\Users\sebgo\AndroidStudioProjects\mytaxitravel\gradle\caches\8.13\javaCompile\classAnalysis.bin)
2026-03-29T16:53:59.492-0500 [DEBUG] [org.gradle.cache.internal.DefaultFileLockManager] Releasing lock on Java compile cache (C:\Users\sebgo\AndroidStudioProjects\mytaxitravel\gradle\caches\8.13\javaCompile).
2026-03-29T16:53:59.604-0500 [DEBUG] [org.gradle.internal.operations.DefaultBuildOperationRunner] Build operation 'Deleting unused version-specific caches in C:\Users\sebgo\AndroidStudioProjects\mytaxitravel\gradle\caches' started
2026-03-29T16:53:59.612-0500 [DEBUG] [org.gradle.internal.operations.DefaultBuildOperationRunner] Completing Build operation 'Deleting unused version-specific caches in C:\Users\sebgo\AndroidStudioProjects\mytaxitravel\gradle\caches'
2026-03-29T16:53:59.612-0500 [DEBUG] [org.gradle.internal.operations.DefaultBuildOperationRunner] Build operation 'Deleting unused version-specific caches in C:\Users\sebgo\AndroidStudioProjects\mytaxitravel\gradle\caches' completed
2026-03-29T16:53:59.623-0500 [DEBUG] [org.gradle.launcher.daemon.server.Daemon] stop() called on daemon
2026-03-29T16:53:59.623-0500 [INFO] [org.gradle.launcher.daemon.server.Daemon] Stop requested. Daemon is removing its presence from the registry...
2026-03-29T16:53:59.623-0500 [DEBUG] [org.gradle.launcher.daemon.server.DaemonRegistryUpdater] Removing our presence to clients, eg. removing this address from the registry: [87107fdb-3f53-4eec-a91a-0d08b2658363 port:28940, addresses:[localhost/127.0.0.1]]
2026-03-29T16:53:59.624-0500 [DEBUG] [org.gradle.launcher.daemon.registry.PersistentDaemonRegistry] Removing daemon address: [87107fdb-3f53-4eec-a91a-0d08b2658363 port:28940, addresses:[localhost/127.0.0.1]]
2026-03-29T16:53:59.654-0500 [DEBUG] [org.gradle.cache.internal.DefaultFileLockManager] Waiting to acquire exclusive lock on daemon addresses registry.
2026-03-29T16:53:59.655-0500 [DEBUG] [org.gradle.cache.internal.DefaultFileLockManager] Lock acquired on daemon addresses registry.
2026-03-29T16:53:59.676-0500 [DEBUG] [org.gradle.cache.internal.DefaultFileLockManager] Releasing lock on daemon addresses registry.
2026-03-29T16:53:59.677-0500 [DEBUG] [org.gradle.launcher.daemon.server.DaemonRegistryUpdater] Address removed from registry.
2026-03-29T16:53:59.720-0500 [DEBUG] [org.gradle.cache.internal.locklistener.DefaultFileLockContentionHandler] File lock listener thread completed.
2026-03-29T16:53:59.790-0500 [DEBUG] [java.lang.Runtime] Runtime.exit() called with status: 0
java.lang.Throwable: Runtime.exit(0)
	at java.base/java.lang.Shutdown.logRuntimeExit(Unknown Source)
	at java.base/java.lang.Shutdown.exit(Unknown Source)
	at java.base/java.lang.Runtime.exit(Unknown Source)
	at java.base/java.lang.System.exit(Unknown Source)
	at org.gradle.launcher.bootstrap.ProcessCompleter.complete(ProcessCompleter.java:21)
	at org.gradle.launcher.bootstrap.EntryPoint.run(EntryPoint.java:61)
	at java.base/jdk.internal.reflect.DirectMethodHandleAccessor.invoke(Unknown Source)
	at java.base/java.lang.reflect.Method.invoke(Unknown Source)
	at org.gradle.launcher.bootstrap.ProcessBootstrap.runNoExit(ProcessBootstrap.java:72)
	at org.gradle.launcher.bootstrap.ProcessBootstrap.run(ProcessBootstrap.java:39)
	at org.gradle.launcher.daemon.bootstrap.GradleDaemon.main(GradleDaemon.java:22)
Daemon vm is shutting down... The daemon has exited normally or was terminated in response to a user interrupt.
2026-03-29T16:53:59.834-0500 [DEBUG] [org.gradle.launcher.daemon.registry.PersistentDaemonRegistry] Removing daemon address: [87107fdb-3f53-4eec-a91a-0d08b2658363 port:28940, addresses:[localhost/127.0.0.1]]
2026-03-29T16:53:59.847-0500 [DEBUG] [org.gradle.launcher.daemon.server.Daemon] VM shutdown hook was unable to remove the daemon address from the registry. It will be cleaned up later.
java.lang.IllegalStateException: Cannot start managing file contention because this handler has been closed.
	at org.gradle.cache.internal.locklistener.DefaultFileLockContentionHandler.assertNotStopped(DefaultFileLockContentionHandler.java:248)
	at org.gradle.cache.internal.locklistener.DefaultFileLockContentionHandler.reservePort(DefaultFileLockContentionHandler.java:286)
	at org.gradle.cache.internal.DefaultFileLockManager.lock(DefaultFileLockManager.java:124)
	at org.gradle.cache.internal.DefaultFileLockManager.lock(DefaultFileLockManager.java:106)
	at org.gradle.cache.internal.DefaultFileLockManager.lock(DefaultFileLockManager.java:101)
	at org.gradle.cache.internal.OnDemandFileAccess.updateFile(OnDemandFileAccess.java:51)
	at org.gradle.cache.internal.FileBackedObjectHolder.update(FileBackedObjectHolder.java:77)
	at org.gradle.cache.internal.FileIntegrityViolationSuppressingObjectHolderDecorator.lambda$update$0(FileIntegrityViolationSuppressingObjectHolderDecorator.java:48)
	at org.gradle.cache.internal.FileIntegrityViolationSuppressingObjectHolderDecorator.doUpdate(FileIntegrityViolationSuppressingObjectHolderDecorator.java:58)
	at org.gradle.cache.internal.FileIntegrityViolationSuppressingObjectHolderDecorator.update(FileIntegrityViolationSuppressingObjectHolderDecorator.java:48)
	at org.gradle.launcher.daemon.registry.PersistentDaemonRegistry.remove(PersistentDaemonRegistry.java:133)
	at org.gradle.launcher.daemon.server.Daemon$1.run(Daemon.java:133)
	at java.base/java.lang.Thread.run(Unknown Source)
