2026-03-27T23:02:55.031-0500 [DEBUG] [org.gradle.launcher.daemon.bootstrap.DaemonMain] Assuming the daemon was started with following jvm opts: [-Xmx2048m, -Dfile.encoding=UTF-8, -Duser.country=CO, -Duser.language=es, -Duser.variant]
2026-03-27T23:02:56.108-0500 [DEBUG] [org.gradle.internal.remote.internal.inet.InetAddresses] Adding IP addresses for network interface TunnelBear Adapter V9-WFP Native MAC Layer LightWeight Filter-0000
2026-03-27T23:02:56.112-0500 [DEBUG] [org.gradle.internal.remote.internal.inet.InetAddresses] Is this a loopback interface? false
2026-03-27T23:02:56.113-0500 [DEBUG] [org.gradle.internal.remote.internal.inet.InetAddresses] Adding IP addresses for network interface TunnelBear Adapter V9-QoS Packet Scheduler-0000
2026-03-27T23:02:56.115-0500 [DEBUG] [org.gradle.internal.remote.internal.inet.InetAddresses] Is this a loopback interface? false
2026-03-27T23:02:56.116-0500 [DEBUG] [org.gradle.internal.remote.internal.inet.InetAddresses] Adding IP addresses for network interface TunnelBear Adapter V9-WFP 802.3 MAC Layer LightWeight Filter-0000
2026-03-27T23:02:56.118-0500 [DEBUG] [org.gradle.internal.remote.internal.inet.InetAddresses] Is this a loopback interface? false
2026-03-27T23:02:56.120-0500 [DEBUG] [org.gradle.internal.remote.internal.inet.InetAddresses] Adding IP addresses for network interface Microsoft Kernel Debug Network Adapter
2026-03-27T23:02:56.121-0500 [DEBUG] [org.gradle.internal.remote.internal.inet.InetAddresses] Is this a loopback interface? false
2026-03-27T23:02:56.122-0500 [DEBUG] [org.gradle.internal.remote.internal.inet.InetAddresses] Adding IP addresses for network interface WAN Miniport (Network Monitor)
2026-03-27T23:02:56.123-0500 [DEBUG] [org.gradle.internal.remote.internal.inet.InetAddresses] Is this a loopback interface? false
2026-03-27T23:02:56.124-0500 [DEBUG] [org.gradle.internal.remote.internal.inet.InetAddresses] Adding IP addresses for network interface WAN Miniport (IP)
2026-03-27T23:02:56.124-0500 [DEBUG] [org.gradle.internal.remote.internal.inet.InetAddresses] Is this a loopback interface? false
2026-03-27T23:02:56.125-0500 [DEBUG] [org.gradle.internal.remote.internal.inet.InetAddresses] Adding IP addresses for network interface WAN Miniport (IPv6)
2026-03-27T23:02:56.126-0500 [DEBUG] [org.gradle.internal.remote.internal.inet.InetAddresses] Is this a loopback interface? false
2026-03-27T23:02:56.126-0500 [DEBUG] [org.gradle.internal.remote.internal.inet.InetAddresses] Adding IP addresses for network interface TunnelBear Adapter V9
2026-03-27T23:02:56.128-0500 [DEBUG] [org.gradle.internal.remote.internal.inet.InetAddresses] Is this a loopback interface? false
2026-03-27T23:02:56.129-0500 [DEBUG] [org.gradle.internal.remote.internal.inet.InetAddresses] Adding IP addresses for network interface Bluetooth Device (Personal Area Network)
2026-03-27T23:02:56.130-0500 [DEBUG] [org.gradle.internal.remote.internal.inet.InetAddresses] Is this a loopback interface? false
2026-03-27T23:02:56.130-0500 [DEBUG] [org.gradle.internal.remote.internal.inet.InetAddresses] Adding IP addresses for network interface WAN Miniport (PPPOE)
2026-03-27T23:02:56.131-0500 [DEBUG] [org.gradle.internal.remote.internal.inet.InetAddresses] Is this a loopback interface? false
2026-03-27T23:02:56.131-0500 [DEBUG] [org.gradle.internal.remote.internal.inet.InetAddresses] Adding IP addresses for network interface RAS Async Adapter
2026-03-27T23:02:56.132-0500 [DEBUG] [org.gradle.internal.remote.internal.inet.InetAddresses] Is this a loopback interface? false
2026-03-27T23:02:56.133-0500 [DEBUG] [org.gradle.internal.remote.internal.inet.InetAddresses] Adding IP addresses for network interface Software Loopback Interface 1
2026-03-27T23:02:56.133-0500 [DEBUG] [org.gradle.internal.remote.internal.inet.InetAddresses] Is this a loopback interface? true
2026-03-27T23:02:56.134-0500 [DEBUG] [org.gradle.internal.remote.internal.inet.InetAddresses] Adding loopback address /0:0:0:0:0:0:0:1
2026-03-27T23:02:56.135-0500 [DEBUG] [org.gradle.internal.remote.internal.inet.InetAddresses] Adding loopback address /127.0.0.1
2026-03-27T23:02:56.137-0500 [DEBUG] [org.gradle.internal.remote.internal.inet.InetAddresses] Adding IP addresses for network interface Intel(R) Wireless-AC 9560-WFP Native MAC Layer LightWeight Filter-0000
2026-03-27T23:02:56.138-0500 [DEBUG] [org.gradle.internal.remote.internal.inet.InetAddresses] Is this a loopback interface? false
2026-03-27T23:02:56.139-0500 [DEBUG] [org.gradle.internal.remote.internal.inet.InetAddresses] Adding IP addresses for network interface Intel(R) Wireless-AC 9560-Virtual WiFi Filter Driver-0000
2026-03-27T23:02:56.139-0500 [DEBUG] [org.gradle.internal.remote.internal.inet.InetAddresses] Is this a loopback interface? false
2026-03-27T23:02:56.140-0500 [DEBUG] [org.gradle.internal.remote.internal.inet.InetAddresses] Adding IP addresses for network interface Intel(R) Wireless-AC 9560-Native WiFi Filter Driver-0000
2026-03-27T23:02:56.140-0500 [DEBUG] [org.gradle.internal.remote.internal.inet.InetAddresses] Is this a loopback interface? false
2026-03-27T23:02:56.141-0500 [DEBUG] [org.gradle.internal.remote.internal.inet.InetAddresses] Adding IP addresses for network interface Intel(R) Wireless-AC 9560-QoS Packet Scheduler-0000
2026-03-27T23:02:56.142-0500 [DEBUG] [org.gradle.internal.remote.internal.inet.InetAddresses] Is this a loopback interface? false
2026-03-27T23:02:56.142-0500 [DEBUG] [org.gradle.internal.remote.internal.inet.InetAddresses] Adding IP addresses for network interface Intel(R) Wireless-AC 9560-WFP 802.3 MAC Layer LightWeight Filter-0000
2026-03-27T23:02:56.143-0500 [DEBUG] [org.gradle.internal.remote.internal.inet.InetAddresses] Is this a loopback interface? false
2026-03-27T23:02:56.143-0500 [DEBUG] [org.gradle.internal.remote.internal.inet.InetAddresses] Adding IP addresses for network interface Microsoft Wi-Fi Direct Virtual Adapter-WFP Native MAC Layer LightWeight Filter-0000
2026-03-27T23:02:56.144-0500 [DEBUG] [org.gradle.internal.remote.internal.inet.InetAddresses] Is this a loopback interface? false
2026-03-27T23:02:56.145-0500 [DEBUG] [org.gradle.internal.remote.internal.inet.InetAddresses] Adding IP addresses for network interface Microsoft Wi-Fi Direct Virtual Adapter-Native WiFi Filter Driver-0000
2026-03-27T23:02:56.145-0500 [DEBUG] [org.gradle.internal.remote.internal.inet.InetAddresses] Is this a loopback interface? false
2026-03-27T23:02:56.146-0500 [DEBUG] [org.gradle.internal.remote.internal.inet.InetAddresses] Adding IP addresses for network interface Microsoft Wi-Fi Direct Virtual Adapter-QoS Packet Scheduler-0000
2026-03-27T23:02:56.146-0500 [DEBUG] [org.gradle.internal.remote.internal.inet.InetAddresses] Is this a loopback interface? false
2026-03-27T23:02:56.147-0500 [DEBUG] [org.gradle.internal.remote.internal.inet.InetAddresses] Adding IP addresses for network interface Microsoft Wi-Fi Direct Virtual Adapter-WFP 802.3 MAC Layer LightWeight Filter-0000
2026-03-27T23:02:56.147-0500 [DEBUG] [org.gradle.internal.remote.internal.inet.InetAddresses] Is this a loopback interface? false
2026-03-27T23:02:56.148-0500 [DEBUG] [org.gradle.internal.remote.internal.inet.InetAddresses] Adding IP addresses for network interface Microsoft Wi-Fi Direct Virtual Adapter #2-WFP Native MAC Layer LightWeight Filter-0000
2026-03-27T23:02:56.149-0500 [DEBUG] [org.gradle.internal.remote.internal.inet.InetAddresses] Is this a loopback interface? false
2026-03-27T23:02:56.149-0500 [DEBUG] [org.gradle.internal.remote.internal.inet.InetAddresses] Adding IP addresses for network interface Microsoft Wi-Fi Direct Virtual Adapter #2-Native WiFi Filter Driver-0000
2026-03-27T23:02:56.150-0500 [DEBUG] [org.gradle.internal.remote.internal.inet.InetAddresses] Is this a loopback interface? false
2026-03-27T23:02:56.150-0500 [DEBUG] [org.gradle.internal.remote.internal.inet.InetAddresses] Adding IP addresses for network interface Microsoft Wi-Fi Direct Virtual Adapter #2-QoS Packet Scheduler-0000
2026-03-27T23:02:56.151-0500 [DEBUG] [org.gradle.internal.remote.internal.inet.InetAddresses] Is this a loopback interface? false
2026-03-27T23:02:56.153-0500 [DEBUG] [org.gradle.internal.remote.internal.inet.InetAddresses] Adding IP addresses for network interface Microsoft Wi-Fi Direct Virtual Adapter #2-WFP 802.3 MAC Layer LightWeight Filter-0000
2026-03-27T23:02:56.155-0500 [DEBUG] [org.gradle.internal.remote.internal.inet.InetAddresses] Is this a loopback interface? false
2026-03-27T23:02:56.155-0500 [DEBUG] [org.gradle.internal.remote.internal.inet.InetAddresses] Adding IP addresses for network interface Intel(R) Wireless-AC 9560
2026-03-27T23:02:56.156-0500 [DEBUG] [org.gradle.internal.remote.internal.inet.InetAddresses] Is this a loopback interface? false
2026-03-27T23:02:56.156-0500 [DEBUG] [org.gradle.internal.remote.internal.inet.InetAddresses] Adding remote address /192.168.0.8
2026-03-27T23:02:56.157-0500 [DEBUG] [org.gradle.internal.remote.internal.inet.InetAddresses] Adding IP addresses for network interface Microsoft Wi-Fi Direct Virtual Adapter
2026-03-27T23:02:56.157-0500 [DEBUG] [org.gradle.internal.remote.internal.inet.InetAddresses] Is this a loopback interface? false
2026-03-27T23:02:56.158-0500 [DEBUG] [org.gradle.internal.remote.internal.inet.InetAddresses] Adding IP addresses for network interface Microsoft Wi-Fi Direct Virtual Adapter #2
2026-03-27T23:02:56.158-0500 [DEBUG] [org.gradle.internal.remote.internal.inet.InetAddresses] Is this a loopback interface? false
2026-03-27T23:02:56.159-0500 [DEBUG] [org.gradle.internal.remote.internal.inet.InetAddresses] Adding IP addresses for network interface Microsoft Teredo Tunneling Adapter
2026-03-27T23:02:56.159-0500 [DEBUG] [org.gradle.internal.remote.internal.inet.InetAddresses] Is this a loopback interface? false
2026-03-27T23:02:56.160-0500 [DEBUG] [org.gradle.internal.remote.internal.inet.InetAddresses] Adding IP addresses for network interface Microsoft IP-HTTPS Platform Adapter
2026-03-27T23:02:56.161-0500 [DEBUG] [org.gradle.internal.remote.internal.inet.InetAddresses] Is this a loopback interface? false
2026-03-27T23:02:56.162-0500 [DEBUG] [org.gradle.internal.remote.internal.inet.InetAddresses] Adding IP addresses for network interface Microsoft 6to4 Adapter
2026-03-27T23:02:56.163-0500 [DEBUG] [org.gradle.internal.remote.internal.inet.InetAddresses] Is this a loopback interface? false
2026-03-27T23:02:56.163-0500 [DEBUG] [org.gradle.internal.remote.internal.inet.InetAddresses] Adding IP addresses for network interface WAN Miniport (IKEv2)
2026-03-27T23:02:56.164-0500 [DEBUG] [org.gradle.internal.remote.internal.inet.InetAddresses] Is this a loopback interface? false
2026-03-27T23:02:56.164-0500 [DEBUG] [org.gradle.internal.remote.internal.inet.InetAddresses] Adding IP addresses for network interface WAN Miniport (L2TP)
2026-03-27T23:02:56.165-0500 [DEBUG] [org.gradle.internal.remote.internal.inet.InetAddresses] Is this a loopback interface? false
2026-03-27T23:02:56.165-0500 [DEBUG] [org.gradle.internal.remote.internal.inet.InetAddresses] Adding IP addresses for network interface WAN Miniport (PPTP)
2026-03-27T23:02:56.166-0500 [DEBUG] [org.gradle.internal.remote.internal.inet.InetAddresses] Is this a loopback interface? false
2026-03-27T23:02:56.166-0500 [DEBUG] [org.gradle.internal.remote.internal.inet.InetAddresses] Adding IP addresses for network interface WAN Miniport (SSTP)
2026-03-27T23:02:56.167-0500 [DEBUG] [org.gradle.internal.remote.internal.inet.InetAddresses] Is this a loopback interface? false
2026-03-27T23:02:56.218-0500 [DEBUG] [org.gradle.internal.nativeintegration.services.NativeServices] Native-platform posix files integration is not available. Continuing with fallback.
2026-03-27T23:02:56.291-0500 [INFO] [org.gradle.launcher.daemon.server.Daemon] start() called on daemon - DefaultDaemonContext[uid=b7364696-86c9-4c24-bb56-8cdc5351f417,javaHome=F:\Android Studio\jbr,javaVersion=21,javaVendor=JetBrains s.r.o.,daemonRegistryDir=C:\Users\sebgo\AndroidStudioProjects\mytaxitravel\gradle\daemon,pid=13440,idleTimeout=10800000,priority=NORMAL,applyInstrumentationAgent=true,nativeServicesMode=ENABLED,daemonOpts=-Xmx2048m,-Dfile.encoding=UTF-8,-Duser.country=CO,-Duser.language=es,-Duser.variant]
2026-03-27T23:02:56.515-0500 [DEBUG] [org.gradle.internal.remote.internal.inet.TcpIncomingConnector] Listening on [997172e4-0228-42fa-b2cc-c9582f8c896e port:17309, addresses:[localhost/127.0.0.1]].
2026-03-27T23:02:56.560-0500 [DEBUG] [org.gradle.launcher.daemon.server.Daemon] Daemon starting at: Fri Mar 27 23:02:56 COT 2026, with address: [997172e4-0228-42fa-b2cc-c9582f8c896e port:17309, addresses:[localhost/127.0.0.1]]
2026-03-27T23:02:56.560-0500 [INFO] [org.gradle.launcher.daemon.server.DaemonRegistryUpdater] Advertising the daemon address to the clients: [997172e4-0228-42fa-b2cc-c9582f8c896e port:17309, addresses:[localhost/127.0.0.1]]
2026-03-27T23:02:56.561-0500 [DEBUG] [org.gradle.launcher.daemon.server.DaemonRegistryUpdater] Advertised daemon context: DefaultDaemonContext[uid=b7364696-86c9-4c24-bb56-8cdc5351f417,javaHome=F:\Android Studio\jbr,javaVersion=21,javaVendor=JetBrains s.r.o.,daemonRegistryDir=C:\Users\sebgo\AndroidStudioProjects\mytaxitravel\gradle\daemon,pid=13440,idleTimeout=10800000,priority=NORMAL,applyInstrumentationAgent=true,nativeServicesMode=ENABLED,daemonOpts=-Xmx2048m,-Dfile.encoding=UTF-8,-Duser.country=CO,-Duser.language=es,-Duser.variant]
2026-03-27T23:02:56.563-0500 [DEBUG] [org.gradle.launcher.daemon.registry.PersistentDaemonRegistry] Storing daemon address: [997172e4-0228-42fa-b2cc-c9582f8c896e port:17309, addresses:[localhost/127.0.0.1]], context: DefaultDaemonContext[uid=b7364696-86c9-4c24-bb56-8cdc5351f417,javaHome=F:\Android Studio\jbr,javaVersion=21,javaVendor=JetBrains s.r.o.,daemonRegistryDir=C:\Users\sebgo\AndroidStudioProjects\mytaxitravel\gradle\daemon,pid=13440,idleTimeout=10800000,priority=NORMAL,applyInstrumentationAgent=true,nativeServicesMode=ENABLED,daemonOpts=-Xmx2048m,-Dfile.encoding=UTF-8,-Duser.country=CO,-Duser.language=es,-Duser.variant]
2026-03-27T23:02:56.583-0500 [DEBUG] [org.gradle.cache.internal.DefaultFileLockManager] Waiting to acquire exclusive lock on daemon addresses registry.
2026-03-27T23:02:56.592-0500 [DEBUG] [org.gradle.cache.internal.DefaultFileLockManager] Lock acquired on daemon addresses registry.
2026-03-27T23:02:56.601-0500 [DEBUG] [org.gradle.cache.internal.DefaultFileLockManager] Releasing lock on daemon addresses registry.
2026-03-27T23:02:56.604-0500 [LIFECYCLE] [org.gradle.launcher.daemon.server.Daemon] Daemon server started.
2026-03-27T23:02:56.609-0500 [DEBUG] [org.gradle.launcher.daemon.bootstrap.DaemonStartupCommunication] Completed writing the daemon greeting. Closing streams...
2026-03-27T23:02:56.633-0500 [DEBUG] [org.gradle.launcher.daemon.server.Daemon] stopOnExpiration() called on daemon
2026-03-27T23:02:56.637-0500 [DEBUG] [org.gradle.launcher.daemon.server.Daemon] awaitExpiration() called on daemon
2026-03-27T23:02:56.638-0500 [DEBUG] [org.gradle.launcher.daemon.server.DaemonStateCoordinator] daemon is running. Sleeping until state changes.
2026-03-27T23:02:56.663-0500 [DEBUG] [org.gradle.internal.remote.internal.inet.TcpIncomingConnector] Accepted connection from /127.0.0.1:17310 to /127.0.0.1:17309.
2026-03-27T23:02:56.867-0500 [DEBUG] [org.gradle.launcher.daemon.server.SynchronizedDispatchConnection] thread 35: received class org.gradle.launcher.daemon.protocol.Build
2026-03-27T23:02:56.867-0500 [DEBUG] [org.gradle.launcher.daemon.server.DefaultDaemonConnection] thread 35: Received non-IO message from client: Build{id=d47533b9-360f-4a8f-8e54-cab385c1966e, currentDir=C:\Users\sebgo\AndroidStudioProjects\mytaxitravel}
2026-03-27T23:02:56.868-0500 [INFO] [org.gradle.launcher.daemon.server.DefaultIncomingConnectionHandler] Received command: Build{id=d47533b9-360f-4a8f-8e54-cab385c1966e, currentDir=C:\Users\sebgo\AndroidStudioProjects\mytaxitravel}.
2026-03-27T23:02:56.869-0500 [DEBUG] [org.gradle.launcher.daemon.server.DefaultIncomingConnectionHandler] Starting executing command: Build{id=d47533b9-360f-4a8f-8e54-cab385c1966e, currentDir=C:\Users\sebgo\AndroidStudioProjects\mytaxitravel} with connection: socket connection from /127.0.0.1:17309 to /127.0.0.1:17310.
2026-03-27T23:02:56.876-0500 [DEBUG] [org.gradle.launcher.daemon.server.DaemonStateCoordinator] Command execution: started DaemonCommandExecution[command = Build{id=d47533b9-360f-4a8f-8e54-cab385c1966e, currentDir=C:\Users\sebgo\AndroidStudioProjects\mytaxitravel}, connection = DefaultDaemonConnection: socket connection from /127.0.0.1:17309 to /127.0.0.1:17310] after 0.006166666666666667 minutes of idle
2026-03-27T23:02:56.877-0500 [INFO] [org.gradle.launcher.daemon.server.DaemonRegistryUpdater] Marking the daemon as busy, address: [997172e4-0228-42fa-b2cc-c9582f8c896e port:17309, addresses:[localhost/127.0.0.1]]
2026-03-27T23:02:56.878-0500 [DEBUG] [org.gradle.launcher.daemon.registry.PersistentDaemonRegistry] Marking busy by address: [997172e4-0228-42fa-b2cc-c9582f8c896e port:17309, addresses:[localhost/127.0.0.1]]
2026-03-27T23:02:56.882-0500 [DEBUG] [org.gradle.cache.internal.DefaultFileLockManager] Waiting to acquire exclusive lock on daemon addresses registry.
2026-03-27T23:02:56.883-0500 [DEBUG] [org.gradle.cache.internal.DefaultFileLockManager] Lock acquired on daemon addresses registry.
2026-03-27T23:02:56.886-0500 [DEBUG] [org.gradle.cache.internal.DefaultFileLockManager] Releasing lock on daemon addresses registry.
2026-03-27T23:02:56.888-0500 [DEBUG] [org.gradle.launcher.daemon.server.DaemonStateCoordinator] resetting idle timer
2026-03-27T23:02:56.888-0500 [DEBUG] [org.gradle.launcher.daemon.server.DaemonStateCoordinator] daemon is running. Sleeping until state changes.
2026-03-27T23:02:56.890-0500 [INFO] [org.gradle.launcher.daemon.server.exec.StartBuildOrRespondWithBusy] Daemon is about to start building Build{id=d47533b9-360f-4a8f-8e54-cab385c1966e, currentDir=C:\Users\sebgo\AndroidStudioProjects\mytaxitravel}. Dispatching build started information...
2026-03-27T23:02:56.891-0500 [DEBUG] [org.gradle.launcher.daemon.server.SynchronizedDispatchConnection] thread 37: dispatching org.gradle.launcher.daemon.protocol.BuildStarted@24f4c351
2026-03-27T23:02:56.894-0500 [DEBUG] [org.gradle.launcher.daemon.server.exec.EstablishBuildEnvironment] Configuring env variables: [USERDOMAIN_ROAMINGPROFILE, Maven, EFC_5368_2283032206, EFC_5368_2775293581, PROCESSOR_LEVEL, SESSIONNAME, ALLUSERSPROFILE, PROCESSOR_ARCHITECTURE, PSModulePath, SystemDrive, EFC_5368_1592913036, USERNAME, ProgramFiles(x86), FPS_BROWSER_USER_PROFILE_STRING, PATHEXT, DriverData, OneDriveConsumer, IntelliJ IDEA Community Edition, PyCharm Community Edition, ProgramData, ProgramW6432, EFC_5368_3789132940, HOMEPATH, PROCESSOR_IDENTIFIER, ProgramFiles, PUBLIC, windir, =::, ZES_ENABLE_SYSMAN, LOCALAPPDATA, ChocolateyLastPathUpdate, USERDOMAIN, LOGONSERVER, FPS_BROWSER_APP_PROFILE_STRING, JAVA_HOME, OneDrive, APPDATA, ChocolateyInstall, CommonProgramFiles, Path, OS, COMPUTERNAME, PROCESSOR_REVISION, CommonProgramW6432, ComSpec, TEMP, SystemRoot, HOMEDRIVE, USERPROFILE, TMP, EFC_5368_1262719628, CommonProgramFiles(x86), NUMBER_OF_PROCESSORS]
2026-03-27T23:02:56.910-0500 [DEBUG] [org.gradle.launcher.daemon.server.exec.LogToClient] About to start relaying all logs to the client via the connection.
2026-03-27T23:02:56.910-0500 [INFO] [org.gradle.launcher.daemon.server.exec.LogToClient] The client will now receive all logging from the daemon (pid: 13440). The daemon log file: C:\Users\sebgo\AndroidStudioProjects\mytaxitravel\gradle\daemon\8.13\daemon-13440.out.log
2026-03-27T23:02:56.923-0500 [INFO] [org.gradle.launcher.daemon.server.exec.LogAndCheckHealth] Starting build in new daemon [memory: 2 GiB]
2026-03-27T23:02:56.928-0500 [DEBUG] [org.gradle.launcher.daemon.server.exec.ExecuteBuild] The daemon has started executing the build.
2026-03-27T23:02:56.929-0500 [DEBUG] [org.gradle.launcher.daemon.server.exec.ExecuteBuild] Executing build with daemon context: DefaultDaemonContext[uid=b7364696-86c9-4c24-bb56-8cdc5351f417,javaHome=F:\Android Studio\jbr,javaVersion=21,javaVendor=JetBrains s.r.o.,daemonRegistryDir=C:\Users\sebgo\AndroidStudioProjects\mytaxitravel\gradle\daemon,pid=13440,idleTimeout=10800000,priority=NORMAL,applyInstrumentationAgent=true,nativeServicesMode=ENABLED,daemonOpts=-Xmx2048m,-Dfile.encoding=UTF-8,-Duser.country=CO,-Duser.language=es,-Duser.variant]

BUILD SUCCESSFUL in 1m 59s
39 actionable tasks: 15 executed, 24 up-to-date
2026-03-27T23:04:46.275-0500 [DEBUG] [org.gradle.launcher.daemon.server.exec.ExecuteBuild] The daemon has finished executing the build.
2026-03-27T23:04:46.291-0500 [DEBUG] [org.gradle.launcher.daemon.server.DaemonStateCoordinator] daemon is running. Sleeping until state changes.
2026-03-27T23:04:46.293-0500 [DEBUG] [org.gradle.launcher.daemon.server.DaemonStateCoordinator] Command execution: finished waiting for DaemonCommandExecution[command = Build{id=d47533b9-360f-4a8f-8e54-cab385c1966e, currentDir=C:\Users\sebgo\AndroidStudioProjects\mytaxitravel}, connection = DefaultDaemonConnection: socket connection from /127.0.0.1:17309 to /127.0.0.1:17310]. Result org.gradle.launcher.daemon.server.DaemonStateCoordinator@4c3ad2a7 with state Busy
2026-03-27T23:04:46.293-0500 [DEBUG] [org.gradle.launcher.daemon.server.DaemonStateCoordinator] Command execution: completed DaemonCommandExecution[command = Build{id=d47533b9-360f-4a8f-8e54-cab385c1966e, currentDir=C:\Users\sebgo\AndroidStudioProjects\mytaxitravel}, connection = DefaultDaemonConnection: socket connection from /127.0.0.1:17309 to /127.0.0.1:17310]
2026-03-27T23:04:46.293-0500 [DEBUG] [org.gradle.launcher.daemon.server.DaemonStateCoordinator] resetting idle timer
2026-03-27T23:04:46.294-0500 [INFO] [org.gradle.launcher.daemon.server.DaemonRegistryUpdater] Marking the daemon as idle, address: [997172e4-0228-42fa-b2cc-c9582f8c896e port:17309, addresses:[localhost/127.0.0.1]]
2026-03-27T23:04:46.294-0500 [DEBUG] [org.gradle.launcher.daemon.registry.PersistentDaemonRegistry] Marking busy by address: [997172e4-0228-42fa-b2cc-c9582f8c896e port:17309, addresses:[localhost/127.0.0.1]]
2026-03-27T23:04:46.296-0500 [DEBUG] [org.gradle.cache.internal.DefaultFileLockManager] Waiting to acquire exclusive lock on daemon addresses registry.
2026-03-27T23:04:46.297-0500 [DEBUG] [org.gradle.cache.internal.DefaultFileLockManager] Lock acquired on daemon addresses registry.
2026-03-27T23:04:46.299-0500 [DEBUG] [org.gradle.cache.internal.DefaultFileLockManager] Releasing lock on daemon addresses registry.
2026-03-27T23:04:46.300-0500 [DEBUG] [org.gradle.launcher.daemon.server.DaemonStateCoordinator] daemon is running. Sleeping until state changes.
2026-03-27T23:04:46.300-0500 [DEBUG] [org.gradle.launcher.daemon.server.exec.ReturnResult] Daemon is dispatching the build result: Success[value=org.gradle.launcher.exec.BuildActionResult@6af31649]
2026-03-27T23:04:46.301-0500 [DEBUG] [org.gradle.launcher.daemon.server.SynchronizedDispatchConnection] thread 34: dispatching Success[value=org.gradle.launcher.exec.BuildActionResult@6af31649]
2026-03-27T23:04:46.303-0500 [DEBUG] [org.gradle.launcher.daemon.server.exec.CleanUpVirtualFileSystemAfterBuild] Cleaning virtual file system after build finished
2026-03-27T23:04:46.304-0500 [DEBUG] [org.gradle.launcher.daemon.server.DefaultIncomingConnectionHandler] Finishing executing command: Build{id=d47533b9-360f-4a8f-8e54-cab385c1966e, currentDir=C:\Users\sebgo\AndroidStudioProjects\mytaxitravel}
2026-03-27T23:04:46.317-0500 [DEBUG] [org.gradle.launcher.daemon.server.SynchronizedDispatchConnection] thread 35: received class org.gradle.launcher.daemon.protocol.CloseInput
2026-03-27T23:04:46.318-0500 [DEBUG] [org.gradle.launcher.daemon.server.DefaultDaemonConnection] thread 35: Received IO message from client: org.gradle.launcher.daemon.protocol.CloseInput@220d067c
2026-03-27T23:04:46.318-0500 [DEBUG] [org.gradle.launcher.daemon.server.SynchronizedDispatchConnection] thread 35: received class org.gradle.launcher.daemon.protocol.Finished
2026-03-27T23:04:46.318-0500 [DEBUG] [org.gradle.launcher.daemon.server.DefaultDaemonConnection] thread 35: Received non-IO message from client: org.gradle.launcher.daemon.protocol.Finished@5428acc6
2026-03-27T23:04:46.319-0500 [DEBUG] [org.gradle.launcher.daemon.server.DefaultIncomingConnectionHandler] Received finished message: org.gradle.launcher.daemon.protocol.Finished@5428acc6
2026-03-27T23:04:46.319-0500 [DEBUG] [org.gradle.launcher.daemon.server.SynchronizedDispatchConnection] thread 34: stopping connection
2026-03-27T23:04:46.321-0500 [DEBUG] [org.gradle.internal.remote.internal.inet.SocketConnection] Discarding EOFException: java.io.EOFException
2026-03-27T23:04:46.321-0500 [DEBUG] [org.gradle.launcher.daemon.server.SynchronizedDispatchConnection] thread 35: received null
2026-03-27T23:04:46.321-0500 [DEBUG] [org.gradle.launcher.daemon.server.DefaultDaemonConnection] thread 35: Received end-of-input from client.
2026-03-27T23:04:46.322-0500 [DEBUG] [org.gradle.launcher.daemon.server.SynchronizedDispatchConnection] thread 34: stopping connection
2026-03-27T23:04:46.647-0500 [DEBUG] [org.gradle.cache.internal.DefaultFileLockManager] Waiting to acquire shared lock on daemon addresses registry.
2026-03-27T23:04:46.648-0500 [DEBUG] [org.gradle.cache.internal.DefaultFileLockManager] Lock acquired on daemon addresses registry.
2026-03-27T23:04:46.655-0500 [DEBUG] [org.gradle.cache.internal.DefaultFileLockManager] Releasing lock on daemon addresses registry.
2026-03-27T23:04:46.659-0500 [DEBUG] [org.gradle.cache.internal.DefaultFileLockManager] Waiting to acquire shared lock on daemon addresses registry.
2026-03-27T23:04:46.659-0500 [DEBUG] [org.gradle.cache.internal.DefaultFileLockManager] Lock acquired on daemon addresses registry.
2026-03-27T23:04:46.659-0500 [DEBUG] [org.gradle.cache.internal.DefaultFileLockManager] Releasing lock on daemon addresses registry.
2026-03-27T23:04:49.539-0500 [DEBUG] [org.gradle.process.internal.health.memory.DefaultMemoryManager] 841566208 physical memory requested, 787599360 free
2026-03-27T23:04:49.539-0500 [DEBUG] [org.gradle.workers.internal.WorkerDaemonExpiration] Will attempt to release 802 of memory
2026-03-27T23:04:49.540-0500 [DEBUG] [org.gradle.process.internal.health.memory.DefaultMemoryManager] 841566208 physical memory requested, 0 released, 787599360 free
2026-03-27T23:04:54.539-0500 [DEBUG] [org.gradle.process.internal.health.memory.DefaultMemoryManager] 841566208 physical memory requested, 544526336 free
2026-03-27T23:04:54.540-0500 [DEBUG] [org.gradle.workers.internal.WorkerDaemonExpiration] Will attempt to release 802 of memory
2026-03-27T23:04:54.540-0500 [DEBUG] [org.gradle.process.internal.health.memory.DefaultMemoryManager] 841566208 physical memory requested, 0 released, 544526336 free
2026-03-27T23:04:56.649-0500 [DEBUG] [org.gradle.cache.internal.DefaultFileLockManager] Waiting to acquire shared lock on daemon addresses registry.
2026-03-27T23:04:56.650-0500 [DEBUG] [org.gradle.cache.internal.DefaultFileLockManager] Lock acquired on daemon addresses registry.
2026-03-27T23:04:56.651-0500 [DEBUG] [org.gradle.cache.internal.DefaultFileLockManager] Releasing lock on daemon addresses registry.
2026-03-27T23:04:56.657-0500 [DEBUG] [org.gradle.cache.internal.DefaultFileLockManager] Waiting to acquire shared lock on daemon addresses registry.
2026-03-27T23:04:56.659-0500 [DEBUG] [org.gradle.cache.internal.DefaultFileLockManager] Lock acquired on daemon addresses registry.
2026-03-27T23:04:56.664-0500 [DEBUG] [org.gradle.cache.internal.DefaultFileLockManager] Releasing lock on daemon addresses registry.
2026-03-27T23:04:56.715-0500 [DEBUG] [org.gradle.cache.internal.DefaultFileLockManager] Waiting to acquire shared lock on daemon addresses registry.
2026-03-27T23:04:56.716-0500 [DEBUG] [org.gradle.cache.internal.DefaultFileLockManager] Lock acquired on daemon addresses registry.
2026-03-27T23:04:56.717-0500 [DEBUG] [org.gradle.cache.internal.DefaultFileLockManager] Releasing lock on daemon addresses registry.
2026-03-27T23:04:58.011-0500 [DEBUG] [sun.rmi.transport.tcp] RMI Scheduler(0): close connection, socket: Socket[addr=localhost/127.0.0.1,port=17738,localport=7398]
2026-03-27T23:04:59.545-0500 [DEBUG] [org.gradle.process.internal.health.memory.DefaultMemoryManager] 841566208 physical memory requested, 503672832 free
2026-03-27T23:04:59.545-0500 [DEBUG] [org.gradle.workers.internal.WorkerDaemonExpiration] Will attempt to release 802 of memory
2026-03-27T23:04:59.546-0500 [DEBUG] [org.gradle.process.internal.health.memory.DefaultMemoryManager] 841566208 physical memory requested, 0 released, 503672832 free
2026-03-27T23:05:04.554-0500 [DEBUG] [org.gradle.process.internal.health.memory.DefaultMemoryManager] 841566208 physical memory requested, 701792256 free
2026-03-27T23:05:04.554-0500 [DEBUG] [org.gradle.workers.internal.WorkerDaemonExpiration] Will attempt to release 802 of memory
2026-03-27T23:05:04.554-0500 [DEBUG] [org.gradle.process.internal.health.memory.DefaultMemoryManager] 841566208 physical memory requested, 0 released, 701792256 free
2026-03-27T23:05:06.655-0500 [DEBUG] [org.gradle.cache.internal.DefaultFileLockManager] Waiting to acquire shared lock on daemon addresses registry.
2026-03-27T23:05:06.656-0500 [DEBUG] [org.gradle.cache.internal.DefaultFileLockManager] Lock acquired on daemon addresses registry.
2026-03-27T23:05:06.657-0500 [DEBUG] [org.gradle.cache.internal.DefaultFileLockManager] Releasing lock on daemon addresses registry.
2026-03-27T23:05:06.661-0500 [DEBUG] [org.gradle.cache.internal.DefaultFileLockManager] Waiting to acquire shared lock on daemon addresses registry.
2026-03-27T23:05:06.661-0500 [DEBUG] [org.gradle.cache.internal.DefaultFileLockManager] Lock acquired on daemon addresses registry.
2026-03-27T23:05:06.662-0500 [DEBUG] [org.gradle.cache.internal.DefaultFileLockManager] Releasing lock on daemon addresses registry.
2026-03-27T23:05:06.664-0500 [DEBUG] [org.gradle.cache.internal.DefaultFileLockManager] Waiting to acquire shared lock on daemon addresses registry.
2026-03-27T23:05:06.665-0500 [DEBUG] [org.gradle.cache.internal.DefaultFileLockManager] Lock acquired on daemon addresses registry.
2026-03-27T23:05:06.667-0500 [DEBUG] [org.gradle.cache.internal.DefaultFileLockManager] Releasing lock on daemon addresses registry.
2026-03-27T23:05:09.551-0500 [DEBUG] [org.gradle.process.internal.health.memory.DefaultMemoryManager] 841566208 physical memory requested, 632586240 free
2026-03-27T23:05:09.552-0500 [DEBUG] [org.gradle.workers.internal.WorkerDaemonExpiration] Will attempt to release 802 of memory
2026-03-27T23:05:09.552-0500 [DEBUG] [org.gradle.process.internal.health.memory.DefaultMemoryManager] 841566208 physical memory requested, 0 released, 632586240 free
2026-03-27T23:05:14.540-0500 [DEBUG] [org.gradle.process.internal.health.memory.DefaultMemoryManager] 841566208 physical memory requested, 742240256 free
2026-03-27T23:05:14.540-0500 [DEBUG] [org.gradle.workers.internal.WorkerDaemonExpiration] Will attempt to release 802 of memory
2026-03-27T23:05:14.541-0500 [DEBUG] [org.gradle.process.internal.health.memory.DefaultMemoryManager] 841566208 physical memory requested, 0 released, 742240256 free
2026-03-27T23:05:16.640-0500 [DEBUG] [org.gradle.cache.internal.DefaultFileLockManager] Waiting to acquire shared lock on daemon addresses registry.
2026-03-27T23:05:16.640-0500 [DEBUG] [org.gradle.cache.internal.DefaultFileLockManager] Lock acquired on daemon addresses registry.
2026-03-27T23:05:16.641-0500 [DEBUG] [org.gradle.cache.internal.DefaultFileLockManager] Releasing lock on daemon addresses registry.
2026-03-27T23:05:16.644-0500 [DEBUG] [org.gradle.cache.internal.DefaultFileLockManager] Waiting to acquire shared lock on daemon addresses registry.
2026-03-27T23:05:16.644-0500 [DEBUG] [org.gradle.cache.internal.DefaultFileLockManager] Lock acquired on daemon addresses registry.
2026-03-27T23:05:16.645-0500 [DEBUG] [org.gradle.cache.internal.DefaultFileLockManager] Releasing lock on daemon addresses registry.
2026-03-27T23:05:16.647-0500 [DEBUG] [org.gradle.cache.internal.DefaultFileLockManager] Waiting to acquire shared lock on daemon addresses registry.
2026-03-27T23:05:16.648-0500 [DEBUG] [org.gradle.cache.internal.DefaultFileLockManager] Lock acquired on daemon addresses registry.
2026-03-27T23:05:16.649-0500 [DEBUG] [org.gradle.cache.internal.DefaultFileLockManager] Releasing lock on daemon addresses registry.
2026-03-27T23:05:26.641-0500 [DEBUG] [org.gradle.cache.internal.DefaultFileLockManager] Waiting to acquire shared lock on daemon addresses registry.
2026-03-27T23:05:26.642-0500 [DEBUG] [org.gradle.cache.internal.DefaultFileLockManager] Lock acquired on daemon addresses registry.
2026-03-27T23:05:26.643-0500 [DEBUG] [org.gradle.cache.internal.DefaultFileLockManager] Releasing lock on daemon addresses registry.
2026-03-27T23:05:26.644-0500 [DEBUG] [org.gradle.cache.internal.DefaultFileLockManager] Waiting to acquire shared lock on daemon addresses registry.
2026-03-27T23:05:26.645-0500 [DEBUG] [org.gradle.cache.internal.DefaultFileLockManager] Lock acquired on daemon addresses registry.
2026-03-27T23:05:26.646-0500 [DEBUG] [org.gradle.cache.internal.DefaultFileLockManager] Releasing lock on daemon addresses registry.
2026-03-27T23:05:26.647-0500 [DEBUG] [org.gradle.cache.internal.DefaultFileLockManager] Waiting to acquire shared lock on daemon addresses registry.
2026-03-27T23:05:26.648-0500 [DEBUG] [org.gradle.cache.internal.DefaultFileLockManager] Lock acquired on daemon addresses registry.
2026-03-27T23:05:26.648-0500 [DEBUG] [org.gradle.cache.internal.DefaultFileLockManager] Releasing lock on daemon addresses registry.
2026-03-27T23:05:36.652-0500 [DEBUG] [org.gradle.cache.internal.DefaultFileLockManager] Waiting to acquire shared lock on daemon addresses registry.
2026-03-27T23:05:36.652-0500 [DEBUG] [org.gradle.cache.internal.DefaultFileLockManager] Lock acquired on daemon addresses registry.
2026-03-27T23:05:36.653-0500 [DEBUG] [org.gradle.cache.internal.DefaultFileLockManager] Releasing lock on daemon addresses registry.
2026-03-27T23:05:36.655-0500 [DEBUG] [org.gradle.cache.internal.DefaultFileLockManager] Waiting to acquire shared lock on daemon addresses registry.
2026-03-27T23:05:36.656-0500 [DEBUG] [org.gradle.cache.internal.DefaultFileLockManager] Lock acquired on daemon addresses registry.
2026-03-27T23:05:36.656-0500 [DEBUG] [org.gradle.cache.internal.DefaultFileLockManager] Releasing lock on daemon addresses registry.
2026-03-27T23:05:36.659-0500 [DEBUG] [org.gradle.cache.internal.DefaultFileLockManager] Waiting to acquire shared lock on daemon addresses registry.
2026-03-27T23:05:36.660-0500 [DEBUG] [org.gradle.cache.internal.DefaultFileLockManager] Lock acquired on daemon addresses registry.
2026-03-27T23:05:36.660-0500 [DEBUG] [org.gradle.cache.internal.DefaultFileLockManager] Releasing lock on daemon addresses registry.
2026-03-27T23:05:44.538-0500 [DEBUG] [org.gradle.process.internal.health.memory.DefaultMemoryManager] 841566208 physical memory requested, 797876224 free
2026-03-27T23:05:44.540-0500 [DEBUG] [org.gradle.workers.internal.WorkerDaemonExpiration] Will attempt to release 802 of memory
2026-03-27T23:05:44.540-0500 [DEBUG] [org.gradle.process.internal.health.memory.DefaultMemoryManager] 841566208 physical memory requested, 0 released, 797876224 free
2026-03-27T23:05:46.641-0500 [DEBUG] [org.gradle.cache.internal.DefaultFileLockManager] Waiting to acquire shared lock on daemon addresses registry.
2026-03-27T23:05:46.642-0500 [DEBUG] [org.gradle.cache.internal.DefaultFileLockManager] Lock acquired on daemon addresses registry.
2026-03-27T23:05:46.643-0500 [DEBUG] [org.gradle.cache.internal.DefaultFileLockManager] Releasing lock on daemon addresses registry.
2026-03-27T23:05:46.645-0500 [DEBUG] [org.gradle.cache.internal.DefaultFileLockManager] Waiting to acquire shared lock on daemon addresses registry.
2026-03-27T23:05:46.646-0500 [DEBUG] [org.gradle.cache.internal.DefaultFileLockManager] Lock acquired on daemon addresses registry.
2026-03-27T23:05:46.647-0500 [DEBUG] [org.gradle.cache.internal.DefaultFileLockManager] Releasing lock on daemon addresses registry.
2026-03-27T23:05:46.654-0500 [DEBUG] [org.gradle.cache.internal.DefaultFileLockManager] Waiting to acquire shared lock on daemon addresses registry.
2026-03-27T23:05:46.658-0500 [DEBUG] [org.gradle.cache.internal.DefaultFileLockManager] Lock acquired on daemon addresses registry.
2026-03-27T23:05:46.659-0500 [DEBUG] [org.gradle.cache.internal.DefaultFileLockManager] Releasing lock on daemon addresses registry.
2026-03-27T23:05:54.539-0500 [DEBUG] [org.gradle.process.internal.health.memory.DefaultMemoryManager] 841566208 physical memory requested, 817385472 free
2026-03-27T23:05:54.539-0500 [DEBUG] [org.gradle.workers.internal.WorkerDaemonExpiration] Will attempt to release 802 of memory
2026-03-27T23:05:54.539-0500 [DEBUG] [org.gradle.process.internal.health.memory.DefaultMemoryManager] 841566208 physical memory requested, 0 released, 817385472 free
2026-03-27T23:05:56.640-0500 [DEBUG] [org.gradle.cache.internal.DefaultFileLockManager] Waiting to acquire shared lock on daemon addresses registry.
2026-03-27T23:05:56.641-0500 [DEBUG] [org.gradle.cache.internal.DefaultFileLockManager] Lock acquired on daemon addresses registry.
2026-03-27T23:05:56.642-0500 [DEBUG] [org.gradle.cache.internal.DefaultFileLockManager] Releasing lock on daemon addresses registry.
2026-03-27T23:05:56.645-0500 [DEBUG] [org.gradle.cache.internal.DefaultFileLockManager] Waiting to acquire shared lock on daemon addresses registry.
2026-03-27T23:05:56.646-0500 [DEBUG] [org.gradle.cache.internal.DefaultFileLockManager] Lock acquired on daemon addresses registry.
2026-03-27T23:05:56.647-0500 [DEBUG] [org.gradle.cache.internal.DefaultFileLockManager] Releasing lock on daemon addresses registry.
2026-03-27T23:05:56.651-0500 [DEBUG] [org.gradle.cache.internal.DefaultFileLockManager] Waiting to acquire shared lock on daemon addresses registry.
2026-03-27T23:05:56.652-0500 [DEBUG] [org.gradle.cache.internal.DefaultFileLockManager] Lock acquired on daemon addresses registry.
2026-03-27T23:05:56.653-0500 [DEBUG] [org.gradle.cache.internal.DefaultFileLockManager] Releasing lock on daemon addresses registry.
2026-03-27T23:05:59.539-0500 [DEBUG] [org.gradle.process.internal.health.memory.DefaultMemoryManager] 841566208 physical memory requested, 767639552 free
2026-03-27T23:05:59.539-0500 [DEBUG] [org.gradle.workers.internal.WorkerDaemonExpiration] Will attempt to release 802 of memory
2026-03-27T23:05:59.539-0500 [DEBUG] [org.gradle.process.internal.health.memory.DefaultMemoryManager] 841566208 physical memory requested, 0 released, 767639552 free
2026-03-27T23:06:04.538-0500 [DEBUG] [org.gradle.process.internal.health.memory.DefaultMemoryManager] 841566208 physical memory requested, 721010688 free
2026-03-27T23:06:04.540-0500 [DEBUG] [org.gradle.workers.internal.WorkerDaemonExpiration] Will attempt to release 802 of memory
2026-03-27T23:06:04.540-0500 [DEBUG] [org.gradle.process.internal.health.memory.DefaultMemoryManager] 841566208 physical memory requested, 0 released, 721010688 free
2026-03-27T23:06:06.646-0500 [DEBUG] [org.gradle.cache.internal.DefaultFileLockManager] Waiting to acquire shared lock on daemon addresses registry.
2026-03-27T23:06:06.647-0500 [DEBUG] [org.gradle.cache.internal.DefaultFileLockManager] Lock acquired on daemon addresses registry.
2026-03-27T23:06:06.648-0500 [DEBUG] [org.gradle.cache.internal.DefaultFileLockManager] Releasing lock on daemon addresses registry.
2026-03-27T23:06:06.652-0500 [DEBUG] [org.gradle.cache.internal.DefaultFileLockManager] Waiting to acquire shared lock on daemon addresses registry.
2026-03-27T23:06:06.653-0500 [DEBUG] [org.gradle.cache.internal.DefaultFileLockManager] Lock acquired on daemon addresses registry.
2026-03-27T23:06:06.653-0500 [DEBUG] [org.gradle.cache.internal.DefaultFileLockManager] Releasing lock on daemon addresses registry.
2026-03-27T23:06:06.655-0500 [DEBUG] [org.gradle.cache.internal.DefaultFileLockManager] Waiting to acquire shared lock on daemon addresses registry.
2026-03-27T23:06:06.656-0500 [DEBUG] [org.gradle.cache.internal.DefaultFileLockManager] Lock acquired on daemon addresses registry.
2026-03-27T23:06:06.656-0500 [DEBUG] [org.gradle.cache.internal.DefaultFileLockManager] Releasing lock on daemon addresses registry.
2026-03-27T23:06:09.542-0500 [DEBUG] [org.gradle.process.internal.health.memory.DefaultMemoryManager] 841566208 physical memory requested, 707145728 free
2026-03-27T23:06:09.542-0500 [DEBUG] [org.gradle.workers.internal.WorkerDaemonExpiration] Will attempt to release 802 of memory
2026-03-27T23:06:09.542-0500 [DEBUG] [org.gradle.process.internal.health.memory.DefaultMemoryManager] 841566208 physical memory requested, 0 released, 707145728 free
2026-03-27T23:06:14.550-0500 [DEBUG] [org.gradle.process.internal.health.memory.DefaultMemoryManager] 841566208 physical memory requested, 438312960 free
2026-03-27T23:06:14.551-0500 [DEBUG] [org.gradle.workers.internal.WorkerDaemonExpiration] Will attempt to release 802 of memory
2026-03-27T23:06:14.551-0500 [DEBUG] [org.gradle.process.internal.health.memory.DefaultMemoryManager] 841566208 physical memory requested, 0 released, 438312960 free
2026-03-27T23:06:16.643-0500 [DEBUG] [org.gradle.cache.internal.DefaultFileLockManager] Waiting to acquire shared lock on daemon addresses registry.
2026-03-27T23:06:16.643-0500 [DEBUG] [org.gradle.cache.internal.DefaultFileLockManager] Lock acquired on daemon addresses registry.
2026-03-27T23:06:16.645-0500 [DEBUG] [org.gradle.cache.internal.DefaultFileLockManager] Releasing lock on daemon addresses registry.
2026-03-27T23:06:16.649-0500 [DEBUG] [org.gradle.cache.internal.DefaultFileLockManager] Waiting to acquire shared lock on daemon addresses registry.
2026-03-27T23:06:16.649-0500 [DEBUG] [org.gradle.cache.internal.DefaultFileLockManager] Lock acquired on daemon addresses registry.
2026-03-27T23:06:16.650-0500 [DEBUG] [org.gradle.cache.internal.DefaultFileLockManager] Releasing lock on daemon addresses registry.
2026-03-27T23:06:16.652-0500 [DEBUG] [org.gradle.cache.internal.DefaultFileLockManager] Waiting to acquire shared lock on daemon addresses registry.
2026-03-27T23:06:16.653-0500 [DEBUG] [org.gradle.cache.internal.DefaultFileLockManager] Lock acquired on daemon addresses registry.
2026-03-27T23:06:16.654-0500 [DEBUG] [org.gradle.cache.internal.DefaultFileLockManager] Releasing lock on daemon addresses registry.
2026-03-27T23:06:26.648-0500 [DEBUG] [org.gradle.cache.internal.DefaultFileLockManager] Waiting to acquire shared lock on daemon addresses registry.
2026-03-27T23:06:26.649-0500 [DEBUG] [org.gradle.cache.internal.DefaultFileLockManager] Lock acquired on daemon addresses registry.
2026-03-27T23:06:26.649-0500 [DEBUG] [org.gradle.cache.internal.DefaultFileLockManager] Releasing lock on daemon addresses registry.
2026-03-27T23:06:26.651-0500 [DEBUG] [org.gradle.cache.internal.DefaultFileLockManager] Waiting to acquire shared lock on daemon addresses registry.
2026-03-27T23:06:26.651-0500 [DEBUG] [org.gradle.cache.internal.DefaultFileLockManager] Lock acquired on daemon addresses registry.
2026-03-27T23:06:26.652-0500 [DEBUG] [org.gradle.cache.internal.DefaultFileLockManager] Releasing lock on daemon addresses registry.
2026-03-27T23:06:26.653-0500 [DEBUG] [org.gradle.cache.internal.DefaultFileLockManager] Waiting to acquire shared lock on daemon addresses registry.
2026-03-27T23:06:26.653-0500 [DEBUG] [org.gradle.cache.internal.DefaultFileLockManager] Lock acquired on daemon addresses registry.
2026-03-27T23:06:26.654-0500 [DEBUG] [org.gradle.cache.internal.DefaultFileLockManager] Releasing lock on daemon addresses registry.
2026-03-27T23:06:36.647-0500 [DEBUG] [org.gradle.cache.internal.DefaultFileLockManager] Waiting to acquire shared lock on daemon addresses registry.
2026-03-27T23:06:36.648-0500 [DEBUG] [org.gradle.cache.internal.DefaultFileLockManager] Lock acquired on daemon addresses registry.
2026-03-27T23:06:36.649-0500 [DEBUG] [org.gradle.cache.internal.DefaultFileLockManager] Releasing lock on daemon addresses registry.
2026-03-27T23:06:36.651-0500 [DEBUG] [org.gradle.cache.internal.DefaultFileLockManager] Waiting to acquire shared lock on daemon addresses registry.
2026-03-27T23:06:36.653-0500 [DEBUG] [org.gradle.cache.internal.DefaultFileLockManager] Lock acquired on daemon addresses registry.
2026-03-27T23:06:36.654-0500 [DEBUG] [org.gradle.cache.internal.DefaultFileLockManager] Releasing lock on daemon addresses registry.
2026-03-27T23:06:36.659-0500 [DEBUG] [org.gradle.cache.internal.DefaultFileLockManager] Waiting to acquire shared lock on daemon addresses registry.
2026-03-27T23:06:36.659-0500 [DEBUG] [org.gradle.cache.internal.DefaultFileLockManager] Lock acquired on daemon addresses registry.
2026-03-27T23:06:36.662-0500 [DEBUG] [org.gradle.cache.internal.DefaultFileLockManager] Releasing lock on daemon addresses registry.
2026-03-27T23:06:46.655-0500 [DEBUG] [org.gradle.cache.internal.DefaultFileLockManager] Waiting to acquire shared lock on daemon addresses registry.
2026-03-27T23:06:46.655-0500 [DEBUG] [org.gradle.cache.internal.DefaultFileLockManager] Lock acquired on daemon addresses registry.
2026-03-27T23:06:46.656-0500 [DEBUG] [org.gradle.cache.internal.DefaultFileLockManager] Releasing lock on daemon addresses registry.
2026-03-27T23:06:46.658-0500 [DEBUG] [org.gradle.cache.internal.DefaultFileLockManager] Waiting to acquire shared lock on daemon addresses registry.
2026-03-27T23:06:46.658-0500 [DEBUG] [org.gradle.cache.internal.DefaultFileLockManager] Lock acquired on daemon addresses registry.
2026-03-27T23:06:46.658-0500 [DEBUG] [org.gradle.cache.internal.DefaultFileLockManager] Releasing lock on daemon addresses registry.
2026-03-27T23:06:46.660-0500 [DEBUG] [org.gradle.cache.internal.DefaultFileLockManager] Waiting to acquire shared lock on daemon addresses registry.
2026-03-27T23:06:46.660-0500 [DEBUG] [org.gradle.cache.internal.DefaultFileLockManager] Lock acquired on daemon addresses registry.
2026-03-27T23:06:46.661-0500 [DEBUG] [org.gradle.cache.internal.DefaultFileLockManager] Releasing lock on daemon addresses registry.
2026-03-27T23:06:56.646-0500 [DEBUG] [org.gradle.cache.internal.DefaultFileLockManager] Waiting to acquire shared lock on daemon addresses registry.
2026-03-27T23:06:56.647-0500 [DEBUG] [org.gradle.cache.internal.DefaultFileLockManager] Lock acquired on daemon addresses registry.
2026-03-27T23:06:56.647-0500 [DEBUG] [org.gradle.cache.internal.DefaultFileLockManager] Releasing lock on daemon addresses registry.
2026-03-27T23:06:56.650-0500 [DEBUG] [org.gradle.cache.internal.DefaultFileLockManager] Waiting to acquire shared lock on daemon addresses registry.
2026-03-27T23:06:56.651-0500 [DEBUG] [org.gradle.cache.internal.DefaultFileLockManager] Lock acquired on daemon addresses registry.
2026-03-27T23:06:56.651-0500 [DEBUG] [org.gradle.cache.internal.DefaultFileLockManager] Releasing lock on daemon addresses registry.
2026-03-27T23:06:56.654-0500 [DEBUG] [org.gradle.cache.internal.DefaultFileLockManager] Waiting to acquire shared lock on daemon addresses registry.
2026-03-27T23:06:56.654-0500 [DEBUG] [org.gradle.cache.internal.DefaultFileLockManager] Lock acquired on daemon addresses registry.
2026-03-27T23:06:56.655-0500 [DEBUG] [org.gradle.cache.internal.DefaultFileLockManager] Releasing lock on daemon addresses registry.
2026-03-27T23:07:06.644-0500 [DEBUG] [org.gradle.cache.internal.DefaultFileLockManager] Waiting to acquire shared lock on daemon addresses registry.
2026-03-27T23:07:06.646-0500 [DEBUG] [org.gradle.cache.internal.DefaultFileLockManager] Lock acquired on daemon addresses registry.
2026-03-27T23:07:06.648-0500 [DEBUG] [org.gradle.cache.internal.DefaultFileLockManager] Releasing lock on daemon addresses registry.
2026-03-27T23:07:06.652-0500 [DEBUG] [org.gradle.cache.internal.DefaultFileLockManager] Waiting to acquire shared lock on daemon addresses registry.
2026-03-27T23:07:06.653-0500 [DEBUG] [org.gradle.cache.internal.DefaultFileLockManager] Lock acquired on daemon addresses registry.
2026-03-27T23:07:06.654-0500 [DEBUG] [org.gradle.cache.internal.DefaultFileLockManager] Releasing lock on daemon addresses registry.
2026-03-27T23:07:06.657-0500 [DEBUG] [org.gradle.cache.internal.DefaultFileLockManager] Waiting to acquire shared lock on daemon addresses registry.
2026-03-27T23:07:06.658-0500 [DEBUG] [org.gradle.cache.internal.DefaultFileLockManager] Lock acquired on daemon addresses registry.
2026-03-27T23:07:06.659-0500 [DEBUG] [org.gradle.cache.internal.DefaultFileLockManager] Releasing lock on daemon addresses registry.
2026-03-27T23:07:16.645-0500 [DEBUG] [org.gradle.cache.internal.DefaultFileLockManager] Waiting to acquire shared lock on daemon addresses registry.
2026-03-27T23:07:16.646-0500 [DEBUG] [org.gradle.cache.internal.DefaultFileLockManager] Lock acquired on daemon addresses registry.
2026-03-27T23:07:16.648-0500 [DEBUG] [org.gradle.cache.internal.DefaultFileLockManager] Releasing lock on daemon addresses registry.
2026-03-27T23:07:16.654-0500 [DEBUG] [org.gradle.cache.internal.DefaultFileLockManager] Waiting to acquire shared lock on daemon addresses registry.
2026-03-27T23:07:16.655-0500 [DEBUG] [org.gradle.cache.internal.DefaultFileLockManager] Lock acquired on daemon addresses registry.
2026-03-27T23:07:16.657-0500 [DEBUG] [org.gradle.cache.internal.DefaultFileLockManager] Releasing lock on daemon addresses registry.
2026-03-27T23:07:16.662-0500 [DEBUG] [org.gradle.cache.internal.DefaultFileLockManager] Waiting to acquire shared lock on daemon addresses registry.
2026-03-27T23:07:16.663-0500 [DEBUG] [org.gradle.cache.internal.DefaultFileLockManager] Lock acquired on daemon addresses registry.
2026-03-27T23:07:16.665-0500 [DEBUG] [org.gradle.cache.internal.DefaultFileLockManager] Releasing lock on daemon addresses registry.
2026-03-27T23:07:26.638-0500 [DEBUG] [org.gradle.cache.internal.DefaultFileLockManager] Waiting to acquire shared lock on daemon addresses registry.
2026-03-27T23:07:26.639-0500 [DEBUG] [org.gradle.cache.internal.DefaultFileLockManager] Lock acquired on daemon addresses registry.
2026-03-27T23:07:26.639-0500 [DEBUG] [org.gradle.cache.internal.DefaultFileLockManager] Releasing lock on daemon addresses registry.
2026-03-27T23:07:26.641-0500 [DEBUG] [org.gradle.cache.internal.DefaultFileLockManager] Waiting to acquire shared lock on daemon addresses registry.
2026-03-27T23:07:26.641-0500 [DEBUG] [org.gradle.cache.internal.DefaultFileLockManager] Lock acquired on daemon addresses registry.
2026-03-27T23:07:26.642-0500 [DEBUG] [org.gradle.cache.internal.DefaultFileLockManager] Releasing lock on daemon addresses registry.
2026-03-27T23:07:26.643-0500 [DEBUG] [org.gradle.cache.internal.DefaultFileLockManager] Waiting to acquire shared lock on daemon addresses registry.
2026-03-27T23:07:26.644-0500 [DEBUG] [org.gradle.cache.internal.DefaultFileLockManager] Lock acquired on daemon addresses registry.
2026-03-27T23:07:26.645-0500 [DEBUG] [org.gradle.cache.internal.DefaultFileLockManager] Releasing lock on daemon addresses registry.
2026-03-27T23:07:29.544-0500 [DEBUG] [org.gradle.process.internal.health.memory.DefaultMemoryManager] 841566208 physical memory requested, 797728768 free
2026-03-27T23:07:29.544-0500 [DEBUG] [org.gradle.workers.internal.WorkerDaemonExpiration] Will attempt to release 802 of memory
2026-03-27T23:07:29.544-0500 [DEBUG] [org.gradle.process.internal.health.memory.DefaultMemoryManager] 841566208 physical memory requested, 0 released, 797728768 free
2026-03-27T23:07:34.539-0500 [DEBUG] [org.gradle.process.internal.health.memory.DefaultMemoryManager] 841566208 physical memory requested, 638939136 free
2026-03-27T23:07:34.539-0500 [DEBUG] [org.gradle.workers.internal.WorkerDaemonExpiration] Will attempt to release 802 of memory
2026-03-27T23:07:34.540-0500 [DEBUG] [org.gradle.process.internal.health.memory.DefaultMemoryManager] 841566208 physical memory requested, 0 released, 638939136 free
2026-03-27T23:07:36.670-0500 [DEBUG] [org.gradle.cache.internal.DefaultFileLockManager] Waiting to acquire shared lock on daemon addresses registry.
2026-03-27T23:07:36.675-0500 [DEBUG] [org.gradle.cache.internal.DefaultFileLockManager] Lock acquired on daemon addresses registry.
2026-03-27T23:07:36.677-0500 [DEBUG] [org.gradle.cache.internal.DefaultFileLockManager] Releasing lock on daemon addresses registry.
2026-03-27T23:07:36.680-0500 [DEBUG] [org.gradle.cache.internal.DefaultFileLockManager] Waiting to acquire shared lock on daemon addresses registry.
2026-03-27T23:07:36.682-0500 [DEBUG] [org.gradle.cache.internal.DefaultFileLockManager] Lock acquired on daemon addresses registry.
2026-03-27T23:07:36.684-0500 [DEBUG] [org.gradle.cache.internal.DefaultFileLockManager] Releasing lock on daemon addresses registry.
2026-03-27T23:07:36.688-0500 [DEBUG] [org.gradle.cache.internal.DefaultFileLockManager] Waiting to acquire shared lock on daemon addresses registry.
2026-03-27T23:07:36.688-0500 [DEBUG] [org.gradle.cache.internal.DefaultFileLockManager] Lock acquired on daemon addresses registry.
2026-03-27T23:07:36.689-0500 [DEBUG] [org.gradle.cache.internal.DefaultFileLockManager] Releasing lock on daemon addresses registry.
2026-03-27T23:07:46.638-0500 [DEBUG] [org.gradle.cache.internal.DefaultFileLockManager] Waiting to acquire shared lock on daemon addresses registry.
2026-03-27T23:07:46.639-0500 [DEBUG] [org.gradle.cache.internal.DefaultFileLockManager] Lock acquired on daemon addresses registry.
2026-03-27T23:07:46.639-0500 [DEBUG] [org.gradle.cache.internal.DefaultFileLockManager] Releasing lock on daemon addresses registry.
2026-03-27T23:07:46.641-0500 [DEBUG] [org.gradle.cache.internal.DefaultFileLockManager] Waiting to acquire shared lock on daemon addresses registry.
2026-03-27T23:07:46.642-0500 [DEBUG] [org.gradle.cache.internal.DefaultFileLockManager] Lock acquired on daemon addresses registry.
2026-03-27T23:07:46.642-0500 [DEBUG] [org.gradle.cache.internal.DefaultFileLockManager] Releasing lock on daemon addresses registry.
2026-03-27T23:07:46.644-0500 [DEBUG] [org.gradle.cache.internal.DefaultFileLockManager] Waiting to acquire shared lock on daemon addresses registry.
2026-03-27T23:07:46.644-0500 [DEBUG] [org.gradle.cache.internal.DefaultFileLockManager] Lock acquired on daemon addresses registry.
2026-03-27T23:07:46.645-0500 [DEBUG] [org.gradle.cache.internal.DefaultFileLockManager] Releasing lock on daemon addresses registry.
2026-03-27T23:07:55.218-0500 [DEBUG] [org.gradle.internal.watch.vfs.impl.WatchingVirtualFileSystem] Handling VFS change CREATED C:\Users\sebgo\AndroidStudioProjects\mytaxitravel\app\src\main\res\layout\activity_home.xml~
2026-03-27T23:07:55.412-0500 [DEBUG] [org.gradle.internal.watch.vfs.impl.WatchingVirtualFileSystem] Handling VFS change MODIFIED C:\Users\sebgo\AndroidStudioProjects\mytaxitravel\app\src\main\res\layout\activity_home.xml
2026-03-27T23:07:56.641-0500 [DEBUG] [org.gradle.cache.internal.DefaultFileLockManager] Waiting to acquire shared lock on daemon addresses registry.
2026-03-27T23:07:56.641-0500 [DEBUG] [org.gradle.cache.internal.DefaultFileLockManager] Lock acquired on daemon addresses registry.
2026-03-27T23:07:56.642-0500 [DEBUG] [org.gradle.cache.internal.DefaultFileLockManager] Releasing lock on daemon addresses registry.
2026-03-27T23:07:56.644-0500 [DEBUG] [org.gradle.cache.internal.DefaultFileLockManager] Waiting to acquire shared lock on daemon addresses registry.
2026-03-27T23:07:56.654-0500 [DEBUG] [org.gradle.cache.internal.DefaultFileLockManager] Lock acquired on daemon addresses registry.
2026-03-27T23:07:56.655-0500 [DEBUG] [org.gradle.cache.internal.DefaultFileLockManager] Releasing lock on daemon addresses registry.
2026-03-27T23:07:56.658-0500 [DEBUG] [org.gradle.cache.internal.DefaultFileLockManager] Waiting to acquire shared lock on daemon addresses registry.
2026-03-27T23:07:56.659-0500 [DEBUG] [org.gradle.cache.internal.DefaultFileLockManager] Lock acquired on daemon addresses registry.
2026-03-27T23:07:56.659-0500 [DEBUG] [org.gradle.cache.internal.DefaultFileLockManager] Releasing lock on daemon addresses registry.
2026-03-27T23:08:05.908-0500 [DEBUG] [org.gradle.internal.remote.internal.inet.TcpIncomingConnector] Accepted connection from /127.0.0.1:3865 to /127.0.0.1:17309.
2026-03-27T23:08:05.983-0500 [DEBUG] [org.gradle.launcher.daemon.server.SynchronizedDispatchConnection] thread 191: received class org.gradle.launcher.daemon.protocol.Build
2026-03-27T23:08:05.985-0500 [DEBUG] [org.gradle.launcher.daemon.server.DefaultDaemonConnection] thread 191: Received non-IO message from client: Build{id=e6a6a89a-235b-4af5-a1f3-60598e3a5e2f, currentDir=C:\Users\sebgo\AndroidStudioProjects\mytaxitravel}
2026-03-27T23:08:05.986-0500 [INFO] [org.gradle.launcher.daemon.server.DefaultIncomingConnectionHandler] Received command: Build{id=e6a6a89a-235b-4af5-a1f3-60598e3a5e2f, currentDir=C:\Users\sebgo\AndroidStudioProjects\mytaxitravel}.
2026-03-27T23:08:05.986-0500 [DEBUG] [org.gradle.launcher.daemon.server.DefaultIncomingConnectionHandler] Starting executing command: Build{id=e6a6a89a-235b-4af5-a1f3-60598e3a5e2f, currentDir=C:\Users\sebgo\AndroidStudioProjects\mytaxitravel} with connection: socket connection from /127.0.0.1:17309 to /127.0.0.1:3865.
2026-03-27T23:08:05.994-0500 [DEBUG] [org.gradle.launcher.daemon.server.DaemonStateCoordinator] Command execution: started DaemonCommandExecution[command = Build{id=e6a6a89a-235b-4af5-a1f3-60598e3a5e2f, currentDir=C:\Users\sebgo\AndroidStudioProjects\mytaxitravel}, connection = DefaultDaemonConnection: socket connection from /127.0.0.1:17309 to /127.0.0.1:3865] after 3.3282833333333333 minutes of idle
2026-03-27T23:08:05.995-0500 [INFO] [org.gradle.launcher.daemon.server.DaemonRegistryUpdater] Marking the daemon as busy, address: [997172e4-0228-42fa-b2cc-c9582f8c896e port:17309, addresses:[localhost/127.0.0.1]]
2026-03-27T23:08:05.995-0500 [DEBUG] [org.gradle.launcher.daemon.registry.PersistentDaemonRegistry] Marking busy by address: [997172e4-0228-42fa-b2cc-c9582f8c896e port:17309, addresses:[localhost/127.0.0.1]]
2026-03-27T23:08:05.998-0500 [DEBUG] [org.gradle.cache.internal.DefaultFileLockManager] Waiting to acquire exclusive lock on daemon addresses registry.
2026-03-27T23:08:06.000-0500 [DEBUG] [org.gradle.cache.internal.DefaultFileLockManager] Lock acquired on daemon addresses registry.
2026-03-27T23:08:06.005-0500 [DEBUG] [org.gradle.cache.internal.DefaultFileLockManager] Releasing lock on daemon addresses registry.
2026-03-27T23:08:06.006-0500 [DEBUG] [org.gradle.launcher.daemon.server.DaemonStateCoordinator] resetting idle timer
2026-03-27T23:08:06.006-0500 [DEBUG] [org.gradle.launcher.daemon.server.DaemonStateCoordinator] daemon is running. Sleeping until state changes.
2026-03-27T23:08:06.008-0500 [INFO] [org.gradle.launcher.daemon.server.exec.StartBuildOrRespondWithBusy] Daemon is about to start building Build{id=e6a6a89a-235b-4af5-a1f3-60598e3a5e2f, currentDir=C:\Users\sebgo\AndroidStudioProjects\mytaxitravel}. Dispatching build started information...
2026-03-27T23:08:06.009-0500 [DEBUG] [org.gradle.launcher.daemon.server.SynchronizedDispatchConnection] thread 193: dispatching org.gradle.launcher.daemon.protocol.BuildStarted@53abd402
2026-03-27T23:08:06.028-0500 [DEBUG] [org.gradle.launcher.daemon.server.exec.EstablishBuildEnvironment] Configuring env variables: [USERDOMAIN_ROAMINGPROFILE, Maven, EFC_5368_2283032206, EFC_5368_2775293581, PROCESSOR_LEVEL, SESSIONNAME, ALLUSERSPROFILE, PROCESSOR_ARCHITECTURE, PSModulePath, SystemDrive, EFC_5368_1592913036, USERNAME, ProgramFiles(x86), FPS_BROWSER_USER_PROFILE_STRING, PATHEXT, DriverData, OneDriveConsumer, IntelliJ IDEA Community Edition, PyCharm Community Edition, ProgramData, ProgramW6432, EFC_5368_3789132940, HOMEPATH, PROCESSOR_IDENTIFIER, ProgramFiles, PUBLIC, windir, =::, ZES_ENABLE_SYSMAN, LOCALAPPDATA, ChocolateyLastPathUpdate, USERDOMAIN, LOGONSERVER, FPS_BROWSER_APP_PROFILE_STRING, JAVA_HOME, OneDrive, APPDATA, ChocolateyInstall, CommonProgramFiles, Path, OS, COMPUTERNAME, PROCESSOR_REVISION, CommonProgramW6432, ComSpec, TEMP, SystemRoot, HOMEDRIVE, USERPROFILE, TMP, EFC_5368_1262719628, CommonProgramFiles(x86), NUMBER_OF_PROCESSORS]
2026-03-27T23:08:06.135-0500 [DEBUG] [org.gradle.launcher.daemon.server.exec.LogToClient] About to start relaying all logs to the client via the connection.
2026-03-27T23:08:06.138-0500 [INFO] [org.gradle.launcher.daemon.server.exec.LogToClient] The client will now receive all logging from the daemon (pid: 13440). The daemon log file: C:\Users\sebgo\AndroidStudioProjects\mytaxitravel\gradle\daemon\8.13\daemon-13440.out.log
2026-03-27T23:08:06.203-0500 [INFO] [org.gradle.launcher.daemon.server.exec.LogAndCheckHealth] Starting 2nd build in daemon [uptime: 5 mins 10.553 secs, performance: 100%, GC rate: 0.00/s, heap usage: 0% of 2 GiB]
2026-03-27T23:08:06.206-0500 [DEBUG] [org.gradle.launcher.daemon.server.exec.ExecuteBuild] The daemon has started executing the build.
2026-03-27T23:08:06.207-0500 [DEBUG] [org.gradle.launcher.daemon.server.exec.ExecuteBuild] Executing build with daemon context: DefaultDaemonContext[uid=b7364696-86c9-4c24-bb56-8cdc5351f417,javaHome=F:\Android Studio\jbr,javaVersion=21,javaVendor=JetBrains s.r.o.,daemonRegistryDir=C:\Users\sebgo\AndroidStudioProjects\mytaxitravel\gradle\daemon,pid=13440,idleTimeout=10800000,priority=NORMAL,applyInstrumentationAgent=true,nativeServicesMode=ENABLED,daemonOpts=-Xmx2048m,-Dfile.encoding=UTF-8,-Duser.country=CO,-Duser.language=es,-Duser.variant]

BUILD SUCCESSFUL in 25s
39 actionable tasks: 9 executed, 30 up-to-date
2026-03-27T23:08:31.200-0500 [DEBUG] [org.gradle.launcher.daemon.server.exec.ExecuteBuild] The daemon has finished executing the build.
2026-03-27T23:08:31.219-0500 [DEBUG] [org.gradle.launcher.daemon.server.DaemonStateCoordinator] daemon is running. Sleeping until state changes.
2026-03-27T23:08:31.219-0500 [DEBUG] [org.gradle.launcher.daemon.server.DaemonStateCoordinator] Command execution: finished waiting for DaemonCommandExecution[command = Build{id=e6a6a89a-235b-4af5-a1f3-60598e3a5e2f, currentDir=C:\Users\sebgo\AndroidStudioProjects\mytaxitravel}, connection = DefaultDaemonConnection: socket connection from /127.0.0.1:17309 to /127.0.0.1:3865]. Result org.gradle.launcher.daemon.server.DaemonStateCoordinator@4c3ad2a7 with state Busy
2026-03-27T23:08:31.219-0500 [DEBUG] [org.gradle.launcher.daemon.server.DaemonStateCoordinator] Command execution: completed DaemonCommandExecution[command = Build{id=e6a6a89a-235b-4af5-a1f3-60598e3a5e2f, currentDir=C:\Users\sebgo\AndroidStudioProjects\mytaxitravel}, connection = DefaultDaemonConnection: socket connection from /127.0.0.1:17309 to /127.0.0.1:3865]
2026-03-27T23:08:31.220-0500 [DEBUG] [org.gradle.launcher.daemon.server.DaemonStateCoordinator] resetting idle timer
2026-03-27T23:08:31.220-0500 [INFO] [org.gradle.launcher.daemon.server.DaemonRegistryUpdater] Marking the daemon as idle, address: [997172e4-0228-42fa-b2cc-c9582f8c896e port:17309, addresses:[localhost/127.0.0.1]]
2026-03-27T23:08:31.220-0500 [DEBUG] [org.gradle.launcher.daemon.registry.PersistentDaemonRegistry] Marking busy by address: [997172e4-0228-42fa-b2cc-c9582f8c896e port:17309, addresses:[localhost/127.0.0.1]]
2026-03-27T23:08:31.222-0500 [DEBUG] [org.gradle.cache.internal.DefaultFileLockManager] Waiting to acquire exclusive lock on daemon addresses registry.
2026-03-27T23:08:31.223-0500 [DEBUG] [org.gradle.cache.internal.DefaultFileLockManager] Lock acquired on daemon addresses registry.
2026-03-27T23:08:31.226-0500 [DEBUG] [org.gradle.cache.internal.DefaultFileLockManager] Releasing lock on daemon addresses registry.
2026-03-27T23:08:31.227-0500 [DEBUG] [org.gradle.launcher.daemon.server.exec.ReturnResult] Daemon is dispatching the build result: Success[value=org.gradle.launcher.exec.BuildActionResult@4a31cbb4]
2026-03-27T23:08:31.227-0500 [DEBUG] [org.gradle.launcher.daemon.server.DaemonStateCoordinator] daemon is running. Sleeping until state changes.
2026-03-27T23:08:31.227-0500 [DEBUG] [org.gradle.launcher.daemon.server.SynchronizedDispatchConnection] thread 190: dispatching Success[value=org.gradle.launcher.exec.BuildActionResult@4a31cbb4]
2026-03-27T23:08:31.229-0500 [DEBUG] [org.gradle.launcher.daemon.server.DefaultIncomingConnectionHandler] Finishing executing command: Build{id=e6a6a89a-235b-4af5-a1f3-60598e3a5e2f, currentDir=C:\Users\sebgo\AndroidStudioProjects\mytaxitravel}
2026-03-27T23:08:31.230-0500 [DEBUG] [org.gradle.launcher.daemon.server.exec.CleanUpVirtualFileSystemAfterBuild] Cleaning virtual file system after build finished
2026-03-27T23:08:31.230-0500 [DEBUG] [org.gradle.launcher.daemon.server.SynchronizedDispatchConnection] thread 191: received class org.gradle.launcher.daemon.protocol.CloseInput
2026-03-27T23:08:31.231-0500 [DEBUG] [org.gradle.launcher.daemon.server.DefaultDaemonConnection] thread 191: Received IO message from client: org.gradle.launcher.daemon.protocol.CloseInput@7d10491e
2026-03-27T23:08:31.231-0500 [DEBUG] [org.gradle.launcher.daemon.server.SynchronizedDispatchConnection] thread 191: received class org.gradle.launcher.daemon.protocol.Finished
2026-03-27T23:08:31.231-0500 [DEBUG] [org.gradle.launcher.daemon.server.DefaultDaemonConnection] thread 191: Received non-IO message from client: org.gradle.launcher.daemon.protocol.Finished@73d7a8cc
2026-03-27T23:08:31.232-0500 [DEBUG] [org.gradle.launcher.daemon.server.DefaultIncomingConnectionHandler] Received finished message: org.gradle.launcher.daemon.protocol.Finished@73d7a8cc
2026-03-27T23:08:31.232-0500 [DEBUG] [org.gradle.launcher.daemon.server.SynchronizedDispatchConnection] thread 190: stopping connection
2026-03-27T23:08:31.232-0500 [DEBUG] [org.gradle.internal.remote.internal.inet.SocketConnection] Discarding EOFException: java.io.EOFException
2026-03-27T23:08:31.232-0500 [DEBUG] [org.gradle.launcher.daemon.server.SynchronizedDispatchConnection] thread 191: received null
2026-03-27T23:08:31.233-0500 [DEBUG] [org.gradle.launcher.daemon.server.DefaultDaemonConnection] thread 191: Received end-of-input from client.
2026-03-27T23:08:31.234-0500 [DEBUG] [org.gradle.launcher.daemon.server.SynchronizedDispatchConnection] thread 190: stopping connection
2026-03-27T23:08:34.547-0500 [DEBUG] [org.gradle.process.internal.health.memory.DefaultMemoryManager] 841566208 physical memory requested, 788852736 free
2026-03-27T23:08:34.547-0500 [DEBUG] [org.gradle.workers.internal.WorkerDaemonExpiration] Will attempt to release 802 of memory
2026-03-27T23:08:34.548-0500 [DEBUG] [org.gradle.process.internal.health.memory.DefaultMemoryManager] 841566208 physical memory requested, 0 released, 788852736 free
2026-03-27T23:08:36.659-0500 [DEBUG] [org.gradle.cache.internal.DefaultFileLockManager] Waiting to acquire shared lock on daemon addresses registry.
2026-03-27T23:08:36.659-0500 [DEBUG] [org.gradle.cache.internal.DefaultFileLockManager] Lock acquired on daemon addresses registry.
2026-03-27T23:08:36.705-0500 [DEBUG] [org.gradle.cache.internal.DefaultFileLockManager] Releasing lock on daemon addresses registry.
2026-03-27T23:08:36.712-0500 [DEBUG] [org.gradle.cache.internal.DefaultFileLockManager] Waiting to acquire shared lock on daemon addresses registry.
2026-03-27T23:08:36.712-0500 [DEBUG] [org.gradle.cache.internal.DefaultFileLockManager] Lock acquired on daemon addresses registry.
2026-03-27T23:08:36.713-0500 [DEBUG] [org.gradle.cache.internal.DefaultFileLockManager] Releasing lock on daemon addresses registry.
2026-03-27T23:08:39.545-0500 [DEBUG] [org.gradle.process.internal.health.memory.DefaultMemoryManager] 841566208 physical memory requested, 531066880 free
2026-03-27T23:08:39.546-0500 [DEBUG] [org.gradle.workers.internal.WorkerDaemonExpiration] Will attempt to release 802 of memory
2026-03-27T23:08:39.546-0500 [DEBUG] [org.gradle.process.internal.health.memory.DefaultMemoryManager] 841566208 physical memory requested, 0 released, 531066880 free
2026-03-27T23:08:44.548-0500 [DEBUG] [org.gradle.process.internal.health.memory.DefaultMemoryManager] 841566208 physical memory requested, 739205120 free
2026-03-27T23:08:44.549-0500 [DEBUG] [org.gradle.workers.internal.WorkerDaemonExpiration] Will attempt to release 802 of memory
2026-03-27T23:08:44.550-0500 [DEBUG] [org.gradle.process.internal.health.memory.DefaultMemoryManager] 841566208 physical memory requested, 0 released, 739205120 free
2026-03-27T23:08:46.638-0500 [DEBUG] [org.gradle.cache.internal.DefaultFileLockManager] Waiting to acquire shared lock on daemon addresses registry.
2026-03-27T23:08:46.639-0500 [DEBUG] [org.gradle.cache.internal.DefaultFileLockManager] Lock acquired on daemon addresses registry.
2026-03-27T23:08:46.639-0500 [DEBUG] [org.gradle.cache.internal.DefaultFileLockManager] Releasing lock on daemon addresses registry.
2026-03-27T23:08:46.641-0500 [DEBUG] [org.gradle.cache.internal.DefaultFileLockManager] Waiting to acquire shared lock on daemon addresses registry.
2026-03-27T23:08:46.642-0500 [DEBUG] [org.gradle.cache.internal.DefaultFileLockManager] Lock acquired on daemon addresses registry.
2026-03-27T23:08:46.642-0500 [DEBUG] [org.gradle.cache.internal.DefaultFileLockManager] Releasing lock on daemon addresses registry.
2026-03-27T23:08:46.644-0500 [DEBUG] [org.gradle.cache.internal.DefaultFileLockManager] Waiting to acquire shared lock on daemon addresses registry.
2026-03-27T23:08:46.644-0500 [DEBUG] [org.gradle.cache.internal.DefaultFileLockManager] Lock acquired on daemon addresses registry.
2026-03-27T23:08:46.644-0500 [DEBUG] [org.gradle.cache.internal.DefaultFileLockManager] Releasing lock on daemon addresses registry.
2026-03-27T23:08:56.652-0500 [DEBUG] [org.gradle.cache.internal.DefaultFileLockManager] Waiting to acquire shared lock on daemon addresses registry.
2026-03-27T23:08:56.653-0500 [DEBUG] [org.gradle.cache.internal.DefaultFileLockManager] Lock acquired on daemon addresses registry.
2026-03-27T23:08:56.653-0500 [DEBUG] [org.gradle.cache.internal.DefaultFileLockManager] Releasing lock on daemon addresses registry.
2026-03-27T23:08:56.655-0500 [DEBUG] [org.gradle.cache.internal.DefaultFileLockManager] Waiting to acquire shared lock on daemon addresses registry.
2026-03-27T23:08:56.655-0500 [DEBUG] [org.gradle.cache.internal.DefaultFileLockManager] Lock acquired on daemon addresses registry.
2026-03-27T23:08:56.656-0500 [DEBUG] [org.gradle.cache.internal.DefaultFileLockManager] Releasing lock on daemon addresses registry.
2026-03-27T23:08:56.658-0500 [DEBUG] [org.gradle.cache.internal.DefaultFileLockManager] Waiting to acquire shared lock on daemon addresses registry.
2026-03-27T23:08:56.658-0500 [DEBUG] [org.gradle.cache.internal.DefaultFileLockManager] Lock acquired on daemon addresses registry.
2026-03-27T23:08:56.658-0500 [DEBUG] [org.gradle.cache.internal.DefaultFileLockManager] Releasing lock on daemon addresses registry.
2026-03-27T23:09:06.651-0500 [DEBUG] [org.gradle.cache.internal.DefaultFileLockManager] Waiting to acquire shared lock on daemon addresses registry.
2026-03-27T23:09:06.651-0500 [DEBUG] [org.gradle.cache.internal.DefaultFileLockManager] Lock acquired on daemon addresses registry.
2026-03-27T23:09:06.652-0500 [DEBUG] [org.gradle.cache.internal.DefaultFileLockManager] Releasing lock on daemon addresses registry.
2026-03-27T23:09:06.654-0500 [DEBUG] [org.gradle.cache.internal.DefaultFileLockManager] Waiting to acquire shared lock on daemon addresses registry.
2026-03-27T23:09:06.654-0500 [DEBUG] [org.gradle.cache.internal.DefaultFileLockManager] Lock acquired on daemon addresses registry.
2026-03-27T23:09:06.655-0500 [DEBUG] [org.gradle.cache.internal.DefaultFileLockManager] Releasing lock on daemon addresses registry.
2026-03-27T23:09:06.656-0500 [DEBUG] [org.gradle.cache.internal.DefaultFileLockManager] Waiting to acquire shared lock on daemon addresses registry.
2026-03-27T23:09:06.657-0500 [DEBUG] [org.gradle.cache.internal.DefaultFileLockManager] Lock acquired on daemon addresses registry.
2026-03-27T23:09:06.658-0500 [DEBUG] [org.gradle.cache.internal.DefaultFileLockManager] Releasing lock on daemon addresses registry.
2026-03-27T23:09:16.644-0500 [DEBUG] [org.gradle.cache.internal.DefaultFileLockManager] Waiting to acquire shared lock on daemon addresses registry.
2026-03-27T23:09:16.645-0500 [DEBUG] [org.gradle.cache.internal.DefaultFileLockManager] Lock acquired on daemon addresses registry.
2026-03-27T23:09:16.648-0500 [DEBUG] [org.gradle.cache.internal.DefaultFileLockManager] Releasing lock on daemon addresses registry.
2026-03-27T23:09:16.651-0500 [DEBUG] [org.gradle.cache.internal.DefaultFileLockManager] Waiting to acquire shared lock on daemon addresses registry.
2026-03-27T23:09:16.651-0500 [DEBUG] [org.gradle.cache.internal.DefaultFileLockManager] Lock acquired on daemon addresses registry.
2026-03-27T23:09:16.651-0500 [DEBUG] [org.gradle.cache.internal.DefaultFileLockManager] Releasing lock on daemon addresses registry.
2026-03-27T23:09:16.653-0500 [DEBUG] [org.gradle.cache.internal.DefaultFileLockManager] Waiting to acquire shared lock on daemon addresses registry.
2026-03-27T23:09:16.653-0500 [DEBUG] [org.gradle.cache.internal.DefaultFileLockManager] Lock acquired on daemon addresses registry.
2026-03-27T23:09:16.653-0500 [DEBUG] [org.gradle.cache.internal.DefaultFileLockManager] Releasing lock on daemon addresses registry.
2026-03-27T23:09:26.638-0500 [DEBUG] [org.gradle.cache.internal.DefaultFileLockManager] Waiting to acquire shared lock on daemon addresses registry.
2026-03-27T23:09:26.638-0500 [DEBUG] [org.gradle.cache.internal.DefaultFileLockManager] Lock acquired on daemon addresses registry.
2026-03-27T23:09:26.639-0500 [DEBUG] [org.gradle.cache.internal.DefaultFileLockManager] Releasing lock on daemon addresses registry.
2026-03-27T23:09:26.647-0500 [DEBUG] [org.gradle.cache.internal.DefaultFileLockManager] Waiting to acquire shared lock on daemon addresses registry.
2026-03-27T23:09:26.647-0500 [DEBUG] [org.gradle.cache.internal.DefaultFileLockManager] Lock acquired on daemon addresses registry.
2026-03-27T23:09:26.649-0500 [DEBUG] [org.gradle.cache.internal.DefaultFileLockManager] Releasing lock on daemon addresses registry.
2026-03-27T23:09:26.652-0500 [DEBUG] [org.gradle.cache.internal.DefaultFileLockManager] Waiting to acquire shared lock on daemon addresses registry.
2026-03-27T23:09:26.652-0500 [DEBUG] [org.gradle.cache.internal.DefaultFileLockManager] Lock acquired on daemon addresses registry.
2026-03-27T23:09:26.653-0500 [DEBUG] [org.gradle.cache.internal.DefaultFileLockManager] Releasing lock on daemon addresses registry.
2026-03-27T23:09:28.337-0500 [DEBUG] [sun.rmi.transport.tcp] RMI TCP Connection(2)-127.0.0.1: accepted socket from [127.0.0.1:8924]
2026-03-27T23:09:28.470-0500 [DEBUG] [sun.rmi.transport.tcp] RMI TCP Connection(2)-127.0.0.1: (port 27155) op = 80
2026-03-27T23:09:28.529-0500 [DEBUG] [sun.rmi.loader] RMI TCP Connection(2)-127.0.0.1: name = "[Ljava.rmi.server.ObjID;", codebase = "", defaultLoader = jdk.internal.loader.ClassLoaders$PlatformClassLoader@65311715
2026-03-27T23:09:28.547-0500 [DEBUG] [sun.rmi.loader] RMI TCP Connection(2)-127.0.0.1: name = "java.rmi.dgc.Lease", codebase = "", defaultLoader = jdk.internal.loader.ClassLoaders$PlatformClassLoader@65311715
2026-03-27T23:09:28.556-0500 [DEBUG] [sun.rmi.loader] RMI TCP Connection(2)-127.0.0.1: name = "java.rmi.dgc.VMID", codebase = "", defaultLoader = jdk.internal.loader.ClassLoaders$PlatformClassLoader@65311715
2026-03-27T23:09:28.558-0500 [DEBUG] [sun.rmi.loader] RMI TCP Connection(2)-127.0.0.1: name = "[B", codebase = "", defaultLoader = jdk.internal.loader.ClassLoaders$PlatformClassLoader@65311715
2026-03-27T23:09:28.562-0500 [DEBUG] [sun.rmi.loader] RMI TCP Connection(2)-127.0.0.1: name = "java.rmi.server.UID", codebase = "", defaultLoader = jdk.internal.loader.ClassLoaders$PlatformClassLoader@65311715
2026-03-27T23:09:29.538-0500 [DEBUG] [org.gradle.process.internal.health.memory.DefaultMemoryManager] 841566208 physical memory requested, 708558848 free
2026-03-27T23:09:29.539-0500 [DEBUG] [org.gradle.workers.internal.WorkerDaemonExpiration] Will attempt to release 802 of memory
2026-03-27T23:09:29.540-0500 [DEBUG] [org.gradle.process.internal.health.memory.DefaultMemoryManager] 841566208 physical memory requested, 0 released, 708558848 free
2026-03-27T23:09:34.539-0500 [DEBUG] [org.gradle.process.internal.health.memory.DefaultMemoryManager] 841566208 physical memory requested, 605892608 free
2026-03-27T23:09:34.539-0500 [DEBUG] [org.gradle.workers.internal.WorkerDaemonExpiration] Will attempt to release 802 of memory
2026-03-27T23:09:34.539-0500 [DEBUG] [org.gradle.process.internal.health.memory.DefaultMemoryManager] 841566208 physical memory requested, 0 released, 605892608 free
2026-03-27T23:09:36.743-0500 [DEBUG] [org.gradle.cache.internal.DefaultFileLockManager] Waiting to acquire shared lock on daemon addresses registry.
2026-03-27T23:09:36.744-0500 [DEBUG] [org.gradle.cache.internal.DefaultFileLockManager] Lock acquired on daemon addresses registry.
2026-03-27T23:09:36.782-0500 [DEBUG] [org.gradle.cache.internal.DefaultFileLockManager] Releasing lock on daemon addresses registry.
2026-03-27T23:09:36.863-0500 [DEBUG] [org.gradle.cache.internal.DefaultFileLockManager] Waiting to acquire shared lock on daemon addresses registry.
2026-03-27T23:09:36.888-0500 [DEBUG] [org.gradle.cache.internal.DefaultFileLockManager] Lock acquired on daemon addresses registry.
2026-03-27T23:09:36.889-0500 [DEBUG] [org.gradle.cache.internal.DefaultFileLockManager] Releasing lock on daemon addresses registry.
2026-03-27T23:09:36.890-0500 [DEBUG] [org.gradle.cache.internal.DefaultFileLockManager] Waiting to acquire shared lock on daemon addresses registry.
2026-03-27T23:09:36.890-0500 [DEBUG] [org.gradle.cache.internal.DefaultFileLockManager] Lock acquired on daemon addresses registry.
2026-03-27T23:09:36.890-0500 [DEBUG] [org.gradle.cache.internal.DefaultFileLockManager] Releasing lock on daemon addresses registry.
2026-03-27T23:09:43.608-0500 [DEBUG] [sun.rmi.transport.tcp] RMI TCP Connection(2)-127.0.0.1: (port 27155) connection closed
2026-03-27T23:09:43.612-0500 [DEBUG] [sun.rmi.transport.tcp] RMI TCP Connection(2)-127.0.0.1: close connection, socket: Socket[addr=/127.0.0.1,port=8924,localport=27155]
2026-03-27T23:09:43.618-0500 [DEBUG] [sun.rmi.transport.tcp] RMI TCP Connection(2)-127.0.0.1: socket close: Socket[addr=/127.0.0.1,port=8924,localport=27155]
2026-03-27T23:09:44.539-0500 [DEBUG] [org.gradle.process.internal.health.memory.DefaultMemoryManager] 841566208 physical memory requested, 825384960 free
2026-03-27T23:09:44.539-0500 [DEBUG] [org.gradle.workers.internal.WorkerDaemonExpiration] Will attempt to release 802 of memory
2026-03-27T23:09:44.539-0500 [DEBUG] [org.gradle.process.internal.health.memory.DefaultMemoryManager] 841566208 physical memory requested, 0 released, 825384960 free
2026-03-27T23:09:46.641-0500 [DEBUG] [org.gradle.cache.internal.DefaultFileLockManager] Waiting to acquire shared lock on daemon addresses registry.
2026-03-27T23:09:46.642-0500 [DEBUG] [org.gradle.cache.internal.DefaultFileLockManager] Lock acquired on daemon addresses registry.
2026-03-27T23:09:46.642-0500 [DEBUG] [org.gradle.cache.internal.DefaultFileLockManager] Releasing lock on daemon addresses registry.
2026-03-27T23:09:46.644-0500 [DEBUG] [org.gradle.cache.internal.DefaultFileLockManager] Waiting to acquire shared lock on daemon addresses registry.
2026-03-27T23:09:46.645-0500 [DEBUG] [org.gradle.cache.internal.DefaultFileLockManager] Lock acquired on daemon addresses registry.
2026-03-27T23:09:46.645-0500 [DEBUG] [org.gradle.cache.internal.DefaultFileLockManager] Releasing lock on daemon addresses registry.
2026-03-27T23:09:46.647-0500 [DEBUG] [org.gradle.cache.internal.DefaultFileLockManager] Waiting to acquire shared lock on daemon addresses registry.
2026-03-27T23:09:46.647-0500 [DEBUG] [org.gradle.cache.internal.DefaultFileLockManager] Lock acquired on daemon addresses registry.
2026-03-27T23:09:46.648-0500 [DEBUG] [org.gradle.cache.internal.DefaultFileLockManager] Releasing lock on daemon addresses registry.
2026-03-27T23:09:49.540-0500 [DEBUG] [org.gradle.process.internal.health.memory.DefaultMemoryManager] 841566208 physical memory requested, 838955008 free
2026-03-27T23:09:49.540-0500 [DEBUG] [org.gradle.workers.internal.WorkerDaemonExpiration] Will attempt to release 802 of memory
2026-03-27T23:09:49.540-0500 [DEBUG] [org.gradle.process.internal.health.memory.DefaultMemoryManager] 841566208 physical memory requested, 0 released, 838955008 free
2026-03-27T23:09:54.539-0500 [DEBUG] [org.gradle.process.internal.health.memory.DefaultMemoryManager] 841566208 physical memory requested, 781754368 free
2026-03-27T23:09:54.540-0500 [DEBUG] [org.gradle.workers.internal.WorkerDaemonExpiration] Will attempt to release 802 of memory
2026-03-27T23:09:54.540-0500 [DEBUG] [org.gradle.process.internal.health.memory.DefaultMemoryManager] 841566208 physical memory requested, 0 released, 781754368 free
2026-03-27T23:09:56.639-0500 [DEBUG] [org.gradle.cache.internal.DefaultFileLockManager] Waiting to acquire shared lock on daemon addresses registry.
2026-03-27T23:09:56.640-0500 [DEBUG] [org.gradle.cache.internal.DefaultFileLockManager] Lock acquired on daemon addresses registry.
2026-03-27T23:09:56.641-0500 [DEBUG] [org.gradle.cache.internal.DefaultFileLockManager] Releasing lock on daemon addresses registry.
2026-03-27T23:09:56.644-0500 [DEBUG] [org.gradle.cache.internal.DefaultFileLockManager] Waiting to acquire shared lock on daemon addresses registry.
2026-03-27T23:09:56.645-0500 [DEBUG] [org.gradle.cache.internal.DefaultFileLockManager] Lock acquired on daemon addresses registry.
2026-03-27T23:09:56.657-0500 [DEBUG] [org.gradle.cache.internal.DefaultFileLockManager] Releasing lock on daemon addresses registry.
2026-03-27T23:09:56.659-0500 [DEBUG] [org.gradle.cache.internal.DefaultFileLockManager] Waiting to acquire shared lock on daemon addresses registry.
2026-03-27T23:09:56.660-0500 [DEBUG] [org.gradle.cache.internal.DefaultFileLockManager] Lock acquired on daemon addresses registry.
2026-03-27T23:09:56.660-0500 [DEBUG] [org.gradle.cache.internal.DefaultFileLockManager] Releasing lock on daemon addresses registry.
2026-03-27T23:09:59.539-0500 [DEBUG] [org.gradle.process.internal.health.memory.DefaultMemoryManager] 841566208 physical memory requested, 841408512 free
2026-03-27T23:09:59.540-0500 [DEBUG] [org.gradle.workers.internal.WorkerDaemonExpiration] Will attempt to release 802 of memory
2026-03-27T23:09:59.541-0500 [DEBUG] [org.gradle.process.internal.health.memory.DefaultMemoryManager] 841566208 physical memory requested, 0 released, 841408512 free
2026-03-27T23:10:06.646-0500 [DEBUG] [org.gradle.cache.internal.DefaultFileLockManager] Waiting to acquire shared lock on daemon addresses registry.
2026-03-27T23:10:06.647-0500 [DEBUG] [org.gradle.cache.internal.DefaultFileLockManager] Lock acquired on daemon addresses registry.
2026-03-27T23:10:06.650-0500 [DEBUG] [org.gradle.cache.internal.DefaultFileLockManager] Releasing lock on daemon addresses registry.
2026-03-27T23:10:06.654-0500 [DEBUG] [org.gradle.cache.internal.DefaultFileLockManager] Waiting to acquire shared lock on daemon addresses registry.
2026-03-27T23:10:06.655-0500 [DEBUG] [org.gradle.cache.internal.DefaultFileLockManager] Lock acquired on daemon addresses registry.
2026-03-27T23:10:06.656-0500 [DEBUG] [org.gradle.cache.internal.DefaultFileLockManager] Releasing lock on daemon addresses registry.
2026-03-27T23:10:06.659-0500 [DEBUG] [org.gradle.cache.internal.DefaultFileLockManager] Waiting to acquire shared lock on daemon addresses registry.
2026-03-27T23:10:06.660-0500 [DEBUG] [org.gradle.cache.internal.DefaultFileLockManager] Lock acquired on daemon addresses registry.
2026-03-27T23:10:06.661-0500 [DEBUG] [org.gradle.cache.internal.DefaultFileLockManager] Releasing lock on daemon addresses registry.
2026-03-27T23:10:14.539-0500 [DEBUG] [org.gradle.process.internal.health.memory.DefaultMemoryManager] 841566208 physical memory requested, 647634944 free
2026-03-27T23:10:14.540-0500 [DEBUG] [org.gradle.workers.internal.WorkerDaemonExpiration] Will attempt to release 802 of memory
2026-03-27T23:10:14.540-0500 [DEBUG] [org.gradle.process.internal.health.memory.DefaultMemoryManager] 841566208 physical memory requested, 0 released, 647634944 free
2026-03-27T23:10:16.652-0500 [DEBUG] [org.gradle.cache.internal.DefaultFileLockManager] Waiting to acquire shared lock on daemon addresses registry.
2026-03-27T23:10:16.653-0500 [DEBUG] [org.gradle.cache.internal.DefaultFileLockManager] Lock acquired on daemon addresses registry.
2026-03-27T23:10:16.656-0500 [DEBUG] [org.gradle.cache.internal.DefaultFileLockManager] Releasing lock on daemon addresses registry.
2026-03-27T23:10:16.660-0500 [DEBUG] [org.gradle.cache.internal.DefaultFileLockManager] Waiting to acquire shared lock on daemon addresses registry.
2026-03-27T23:10:16.660-0500 [DEBUG] [org.gradle.cache.internal.DefaultFileLockManager] Lock acquired on daemon addresses registry.
2026-03-27T23:10:16.661-0500 [DEBUG] [org.gradle.cache.internal.DefaultFileLockManager] Releasing lock on daemon addresses registry.
2026-03-27T23:10:16.663-0500 [DEBUG] [org.gradle.cache.internal.DefaultFileLockManager] Waiting to acquire shared lock on daemon addresses registry.
2026-03-27T23:10:16.663-0500 [DEBUG] [org.gradle.cache.internal.DefaultFileLockManager] Lock acquired on daemon addresses registry.
2026-03-27T23:10:16.664-0500 [DEBUG] [org.gradle.cache.internal.DefaultFileLockManager] Releasing lock on daemon addresses registry.
2026-03-27T23:10:19.546-0500 [DEBUG] [org.gradle.process.internal.health.memory.DefaultMemoryManager] 841566208 physical memory requested, 434155520 free
2026-03-27T23:10:19.546-0500 [DEBUG] [org.gradle.workers.internal.WorkerDaemonExpiration] Will attempt to release 802 of memory
2026-03-27T23:10:19.547-0500 [DEBUG] [org.gradle.process.internal.health.memory.DefaultMemoryManager] 841566208 physical memory requested, 0 released, 434155520 free
2026-03-27T23:10:26.638-0500 [DEBUG] [org.gradle.cache.internal.DefaultFileLockManager] Waiting to acquire shared lock on daemon addresses registry.
2026-03-27T23:10:26.640-0500 [DEBUG] [org.gradle.cache.internal.DefaultFileLockManager] Lock acquired on daemon addresses registry.
2026-03-27T23:10:26.641-0500 [DEBUG] [org.gradle.cache.internal.DefaultFileLockManager] Releasing lock on daemon addresses registry.
2026-03-27T23:10:26.643-0500 [DEBUG] [org.gradle.cache.internal.DefaultFileLockManager] Waiting to acquire shared lock on daemon addresses registry.
2026-03-27T23:10:26.643-0500 [DEBUG] [org.gradle.cache.internal.DefaultFileLockManager] Lock acquired on daemon addresses registry.
2026-03-27T23:10:26.644-0500 [DEBUG] [org.gradle.cache.internal.DefaultFileLockManager] Releasing lock on daemon addresses registry.
2026-03-27T23:10:26.645-0500 [DEBUG] [org.gradle.cache.internal.DefaultFileLockManager] Waiting to acquire shared lock on daemon addresses registry.
2026-03-27T23:10:26.645-0500 [DEBUG] [org.gradle.cache.internal.DefaultFileLockManager] Lock acquired on daemon addresses registry.
2026-03-27T23:10:26.646-0500 [DEBUG] [org.gradle.cache.internal.DefaultFileLockManager] Releasing lock on daemon addresses registry.
2026-03-27T23:10:36.641-0500 [DEBUG] [org.gradle.cache.internal.DefaultFileLockManager] Waiting to acquire shared lock on daemon addresses registry.
2026-03-27T23:10:36.644-0500 [DEBUG] [org.gradle.cache.internal.DefaultFileLockManager] Lock acquired on daemon addresses registry.
2026-03-27T23:10:36.645-0500 [DEBUG] [org.gradle.cache.internal.DefaultFileLockManager] Releasing lock on daemon addresses registry.
2026-03-27T23:10:36.648-0500 [DEBUG] [org.gradle.cache.internal.DefaultFileLockManager] Waiting to acquire shared lock on daemon addresses registry.
2026-03-27T23:10:36.649-0500 [DEBUG] [org.gradle.cache.internal.DefaultFileLockManager] Lock acquired on daemon addresses registry.
2026-03-27T23:10:36.649-0500 [DEBUG] [org.gradle.cache.internal.DefaultFileLockManager] Releasing lock on daemon addresses registry.
2026-03-27T23:10:36.651-0500 [DEBUG] [org.gradle.cache.internal.DefaultFileLockManager] Waiting to acquire shared lock on daemon addresses registry.
2026-03-27T23:10:36.651-0500 [DEBUG] [org.gradle.cache.internal.DefaultFileLockManager] Lock acquired on daemon addresses registry.
2026-03-27T23:10:36.652-0500 [DEBUG] [org.gradle.cache.internal.DefaultFileLockManager] Releasing lock on daemon addresses registry.
2026-03-27T23:10:46.266-0500 [DEBUG] [org.gradle.internal.watch.vfs.impl.WatchingVirtualFileSystem] Handling VFS change CREATED C:\Users\sebgo\AndroidStudioProjects\mytaxitravel\app\src\main\res\menu\bottom_nav_menu.xml~
2026-03-27T23:10:46.300-0500 [DEBUG] [org.gradle.internal.watch.vfs.impl.WatchingVirtualFileSystem] Handling VFS change MODIFIED C:\Users\sebgo\AndroidStudioProjects\mytaxitravel\app\src\main\res\menu\bottom_nav_menu.xml
2026-03-27T23:10:46.639-0500 [DEBUG] [org.gradle.cache.internal.DefaultFileLockManager] Waiting to acquire shared lock on daemon addresses registry.
2026-03-27T23:10:46.641-0500 [DEBUG] [org.gradle.cache.internal.DefaultFileLockManager] Lock acquired on daemon addresses registry.
2026-03-27T23:10:46.642-0500 [DEBUG] [org.gradle.cache.internal.DefaultFileLockManager] Releasing lock on daemon addresses registry.
2026-03-27T23:10:46.644-0500 [DEBUG] [org.gradle.cache.internal.DefaultFileLockManager] Waiting to acquire shared lock on daemon addresses registry.
2026-03-27T23:10:46.644-0500 [DEBUG] [org.gradle.cache.internal.DefaultFileLockManager] Lock acquired on daemon addresses registry.
2026-03-27T23:10:46.645-0500 [DEBUG] [org.gradle.cache.internal.DefaultFileLockManager] Releasing lock on daemon addresses registry.
2026-03-27T23:10:46.648-0500 [DEBUG] [org.gradle.cache.internal.DefaultFileLockManager] Waiting to acquire shared lock on daemon addresses registry.
2026-03-27T23:10:46.649-0500 [DEBUG] [org.gradle.cache.internal.DefaultFileLockManager] Lock acquired on daemon addresses registry.
2026-03-27T23:10:46.649-0500 [DEBUG] [org.gradle.cache.internal.DefaultFileLockManager] Releasing lock on daemon addresses registry.
2026-03-27T23:10:56.639-0500 [DEBUG] [org.gradle.cache.internal.DefaultFileLockManager] Waiting to acquire shared lock on daemon addresses registry.
2026-03-27T23:10:56.639-0500 [DEBUG] [org.gradle.cache.internal.DefaultFileLockManager] Lock acquired on daemon addresses registry.
2026-03-27T23:10:56.645-0500 [DEBUG] [org.gradle.cache.internal.DefaultFileLockManager] Releasing lock on daemon addresses registry.
2026-03-27T23:10:56.648-0500 [DEBUG] [org.gradle.cache.internal.DefaultFileLockManager] Waiting to acquire shared lock on daemon addresses registry.
2026-03-27T23:10:56.648-0500 [DEBUG] [org.gradle.cache.internal.DefaultFileLockManager] Lock acquired on daemon addresses registry.
2026-03-27T23:10:56.653-0500 [DEBUG] [org.gradle.cache.internal.DefaultFileLockManager] Releasing lock on daemon addresses registry.
2026-03-27T23:10:56.655-0500 [DEBUG] [org.gradle.cache.internal.DefaultFileLockManager] Waiting to acquire shared lock on daemon addresses registry.
2026-03-27T23:10:56.655-0500 [DEBUG] [org.gradle.cache.internal.DefaultFileLockManager] Lock acquired on daemon addresses registry.
2026-03-27T23:10:56.655-0500 [DEBUG] [org.gradle.cache.internal.DefaultFileLockManager] Releasing lock on daemon addresses registry.
2026-03-27T23:11:06.639-0500 [DEBUG] [org.gradle.cache.internal.DefaultFileLockManager] Waiting to acquire shared lock on daemon addresses registry.
2026-03-27T23:11:06.640-0500 [DEBUG] [org.gradle.cache.internal.DefaultFileLockManager] Lock acquired on daemon addresses registry.
2026-03-27T23:11:06.640-0500 [DEBUG] [org.gradle.cache.internal.DefaultFileLockManager] Releasing lock on daemon addresses registry.
2026-03-27T23:11:06.641-0500 [DEBUG] [org.gradle.cache.internal.DefaultFileLockManager] Waiting to acquire shared lock on daemon addresses registry.
2026-03-27T23:11:06.642-0500 [DEBUG] [org.gradle.cache.internal.DefaultFileLockManager] Lock acquired on daemon addresses registry.
2026-03-27T23:11:06.642-0500 [DEBUG] [org.gradle.cache.internal.DefaultFileLockManager] Releasing lock on daemon addresses registry.
2026-03-27T23:11:06.643-0500 [DEBUG] [org.gradle.cache.internal.DefaultFileLockManager] Waiting to acquire shared lock on daemon addresses registry.
2026-03-27T23:11:06.644-0500 [DEBUG] [org.gradle.cache.internal.DefaultFileLockManager] Lock acquired on daemon addresses registry.
2026-03-27T23:11:06.644-0500 [DEBUG] [org.gradle.cache.internal.DefaultFileLockManager] Releasing lock on daemon addresses registry.
2026-03-27T23:11:09.540-0500 [DEBUG] [org.gradle.process.internal.health.memory.DefaultMemoryManager] 841566208 physical memory requested, 591273984 free
2026-03-27T23:11:09.541-0500 [DEBUG] [org.gradle.workers.internal.WorkerDaemonExpiration] Will attempt to release 802 of memory
2026-03-27T23:11:09.541-0500 [DEBUG] [org.gradle.process.internal.health.memory.DefaultMemoryManager] 841566208 physical memory requested, 0 released, 591273984 free
2026-03-27T23:11:16.639-0500 [DEBUG] [org.gradle.cache.internal.DefaultFileLockManager] Waiting to acquire shared lock on daemon addresses registry.
2026-03-27T23:11:16.640-0500 [DEBUG] [org.gradle.cache.internal.DefaultFileLockManager] Lock acquired on daemon addresses registry.
2026-03-27T23:11:16.641-0500 [DEBUG] [org.gradle.cache.internal.DefaultFileLockManager] Releasing lock on daemon addresses registry.
2026-03-27T23:11:16.643-0500 [DEBUG] [org.gradle.cache.internal.DefaultFileLockManager] Waiting to acquire shared lock on daemon addresses registry.
2026-03-27T23:11:16.643-0500 [DEBUG] [org.gradle.cache.internal.DefaultFileLockManager] Lock acquired on daemon addresses registry.
2026-03-27T23:11:16.643-0500 [DEBUG] [org.gradle.cache.internal.DefaultFileLockManager] Releasing lock on daemon addresses registry.
2026-03-27T23:11:16.645-0500 [DEBUG] [org.gradle.cache.internal.DefaultFileLockManager] Waiting to acquire shared lock on daemon addresses registry.
2026-03-27T23:11:16.645-0500 [DEBUG] [org.gradle.cache.internal.DefaultFileLockManager] Lock acquired on daemon addresses registry.
2026-03-27T23:11:16.646-0500 [DEBUG] [org.gradle.cache.internal.DefaultFileLockManager] Releasing lock on daemon addresses registry.
2026-03-27T23:11:26.641-0500 [DEBUG] [org.gradle.cache.internal.DefaultFileLockManager] Waiting to acquire shared lock on daemon addresses registry.
2026-03-27T23:11:26.641-0500 [DEBUG] [org.gradle.cache.internal.DefaultFileLockManager] Lock acquired on daemon addresses registry.
2026-03-27T23:11:26.642-0500 [DEBUG] [org.gradle.cache.internal.DefaultFileLockManager] Releasing lock on daemon addresses registry.
2026-03-27T23:11:26.645-0500 [DEBUG] [org.gradle.cache.internal.DefaultFileLockManager] Waiting to acquire shared lock on daemon addresses registry.
2026-03-27T23:11:26.645-0500 [DEBUG] [org.gradle.cache.internal.DefaultFileLockManager] Lock acquired on daemon addresses registry.
2026-03-27T23:11:26.646-0500 [DEBUG] [org.gradle.cache.internal.DefaultFileLockManager] Releasing lock on daemon addresses registry.
2026-03-27T23:11:26.648-0500 [DEBUG] [org.gradle.cache.internal.DefaultFileLockManager] Waiting to acquire shared lock on daemon addresses registry.
2026-03-27T23:11:26.649-0500 [DEBUG] [org.gradle.cache.internal.DefaultFileLockManager] Lock acquired on daemon addresses registry.
2026-03-27T23:11:26.649-0500 [DEBUG] [org.gradle.cache.internal.DefaultFileLockManager] Releasing lock on daemon addresses registry.
2026-03-27T23:11:29.540-0500 [DEBUG] [org.gradle.process.internal.health.memory.DefaultMemoryManager] 841566208 physical memory requested, 591183872 free
2026-03-27T23:11:29.540-0500 [DEBUG] [org.gradle.workers.internal.WorkerDaemonExpiration] Will attempt to release 802 of memory
2026-03-27T23:11:29.541-0500 [DEBUG] [org.gradle.process.internal.health.memory.DefaultMemoryManager] 841566208 physical memory requested, 0 released, 591183872 free
2026-03-27T23:11:34.538-0500 [DEBUG] [org.gradle.process.internal.health.memory.DefaultMemoryManager] 841566208 physical memory requested, 681889792 free
2026-03-27T23:11:34.539-0500 [DEBUG] [org.gradle.workers.internal.WorkerDaemonExpiration] Will attempt to release 802 of memory
2026-03-27T23:11:34.549-0500 [DEBUG] [org.gradle.process.internal.health.memory.DefaultMemoryManager] 841566208 physical memory requested, 0 released, 681889792 free
2026-03-27T23:11:36.639-0500 [DEBUG] [org.gradle.cache.internal.DefaultFileLockManager] Waiting to acquire shared lock on daemon addresses registry.
2026-03-27T23:11:36.640-0500 [DEBUG] [org.gradle.cache.internal.DefaultFileLockManager] Lock acquired on daemon addresses registry.
2026-03-27T23:11:36.640-0500 [DEBUG] [org.gradle.cache.internal.DefaultFileLockManager] Releasing lock on daemon addresses registry.
2026-03-27T23:11:36.642-0500 [DEBUG] [org.gradle.cache.internal.DefaultFileLockManager] Waiting to acquire shared lock on daemon addresses registry.
2026-03-27T23:11:36.644-0500 [DEBUG] [org.gradle.cache.internal.DefaultFileLockManager] Lock acquired on daemon addresses registry.
2026-03-27T23:11:36.645-0500 [DEBUG] [org.gradle.cache.internal.DefaultFileLockManager] Releasing lock on daemon addresses registry.
2026-03-27T23:11:36.646-0500 [DEBUG] [org.gradle.cache.internal.DefaultFileLockManager] Waiting to acquire shared lock on daemon addresses registry.
2026-03-27T23:11:36.647-0500 [DEBUG] [org.gradle.cache.internal.DefaultFileLockManager] Lock acquired on daemon addresses registry.
2026-03-27T23:11:36.647-0500 [DEBUG] [org.gradle.cache.internal.DefaultFileLockManager] Releasing lock on daemon addresses registry.
2026-03-27T23:11:39.538-0500 [DEBUG] [org.gradle.process.internal.health.memory.DefaultMemoryManager] 841566208 physical memory requested, 616640512 free
2026-03-27T23:11:39.538-0500 [DEBUG] [org.gradle.workers.internal.WorkerDaemonExpiration] Will attempt to release 802 of memory
2026-03-27T23:11:39.539-0500 [DEBUG] [org.gradle.process.internal.health.memory.DefaultMemoryManager] 841566208 physical memory requested, 0 released, 616640512 free
2026-03-27T23:11:44.538-0500 [DEBUG] [org.gradle.process.internal.health.memory.DefaultMemoryManager] 841566208 physical memory requested, 663130112 free
2026-03-27T23:11:44.539-0500 [DEBUG] [org.gradle.workers.internal.WorkerDaemonExpiration] Will attempt to release 802 of memory
2026-03-27T23:11:44.539-0500 [DEBUG] [org.gradle.process.internal.health.memory.DefaultMemoryManager] 841566208 physical memory requested, 0 released, 663130112 free
2026-03-27T23:11:46.639-0500 [DEBUG] [org.gradle.cache.internal.DefaultFileLockManager] Waiting to acquire shared lock on daemon addresses registry.
2026-03-27T23:11:46.640-0500 [DEBUG] [org.gradle.cache.internal.DefaultFileLockManager] Lock acquired on daemon addresses registry.
2026-03-27T23:11:46.641-0500 [DEBUG] [org.gradle.cache.internal.DefaultFileLockManager] Releasing lock on daemon addresses registry.
2026-03-27T23:11:46.643-0500 [DEBUG] [org.gradle.cache.internal.DefaultFileLockManager] Waiting to acquire shared lock on daemon addresses registry.
2026-03-27T23:11:46.643-0500 [DEBUG] [org.gradle.cache.internal.DefaultFileLockManager] Lock acquired on daemon addresses registry.
2026-03-27T23:11:46.643-0500 [DEBUG] [org.gradle.cache.internal.DefaultFileLockManager] Releasing lock on daemon addresses registry.
2026-03-27T23:11:46.645-0500 [DEBUG] [org.gradle.cache.internal.DefaultFileLockManager] Waiting to acquire shared lock on daemon addresses registry.
2026-03-27T23:11:46.645-0500 [DEBUG] [org.gradle.cache.internal.DefaultFileLockManager] Lock acquired on daemon addresses registry.
2026-03-27T23:11:46.646-0500 [DEBUG] [org.gradle.cache.internal.DefaultFileLockManager] Releasing lock on daemon addresses registry.
2026-03-27T23:11:56.638-0500 [DEBUG] [org.gradle.cache.internal.DefaultFileLockManager] Waiting to acquire shared lock on daemon addresses registry.
2026-03-27T23:11:56.640-0500 [DEBUG] [org.gradle.cache.internal.DefaultFileLockManager] Lock acquired on daemon addresses registry.
2026-03-27T23:11:56.641-0500 [DEBUG] [org.gradle.cache.internal.DefaultFileLockManager] Releasing lock on daemon addresses registry.
2026-03-27T23:11:56.644-0500 [DEBUG] [org.gradle.cache.internal.DefaultFileLockManager] Waiting to acquire shared lock on daemon addresses registry.
2026-03-27T23:11:56.645-0500 [DEBUG] [org.gradle.cache.internal.DefaultFileLockManager] Lock acquired on daemon addresses registry.
2026-03-27T23:11:56.646-0500 [DEBUG] [org.gradle.cache.internal.DefaultFileLockManager] Releasing lock on daemon addresses registry.
2026-03-27T23:11:56.647-0500 [DEBUG] [org.gradle.cache.internal.DefaultFileLockManager] Waiting to acquire shared lock on daemon addresses registry.
2026-03-27T23:11:56.648-0500 [DEBUG] [org.gradle.cache.internal.DefaultFileLockManager] Lock acquired on daemon addresses registry.
2026-03-27T23:11:56.649-0500 [DEBUG] [org.gradle.cache.internal.DefaultFileLockManager] Releasing lock on daemon addresses registry.
2026-03-27T23:12:06.641-0500 [DEBUG] [org.gradle.cache.internal.DefaultFileLockManager] Waiting to acquire shared lock on daemon addresses registry.
2026-03-27T23:12:06.644-0500 [DEBUG] [org.gradle.cache.internal.DefaultFileLockManager] Lock acquired on daemon addresses registry.
2026-03-27T23:12:06.645-0500 [DEBUG] [org.gradle.cache.internal.DefaultFileLockManager] Releasing lock on daemon addresses registry.
2026-03-27T23:12:06.651-0500 [DEBUG] [org.gradle.cache.internal.DefaultFileLockManager] Waiting to acquire shared lock on daemon addresses registry.
2026-03-27T23:12:06.652-0500 [DEBUG] [org.gradle.cache.internal.DefaultFileLockManager] Lock acquired on daemon addresses registry.
2026-03-27T23:12:06.654-0500 [DEBUG] [org.gradle.cache.internal.DefaultFileLockManager] Releasing lock on daemon addresses registry.
2026-03-27T23:12:06.658-0500 [DEBUG] [org.gradle.cache.internal.DefaultFileLockManager] Waiting to acquire shared lock on daemon addresses registry.
2026-03-27T23:12:06.659-0500 [DEBUG] [org.gradle.cache.internal.DefaultFileLockManager] Lock acquired on daemon addresses registry.
2026-03-27T23:12:06.660-0500 [DEBUG] [org.gradle.cache.internal.DefaultFileLockManager] Releasing lock on daemon addresses registry.
2026-03-27T23:12:16.640-0500 [DEBUG] [org.gradle.cache.internal.DefaultFileLockManager] Waiting to acquire shared lock on daemon addresses registry.
2026-03-27T23:12:16.640-0500 [DEBUG] [org.gradle.cache.internal.DefaultFileLockManager] Lock acquired on daemon addresses registry.
2026-03-27T23:12:16.641-0500 [DEBUG] [org.gradle.cache.internal.DefaultFileLockManager] Releasing lock on daemon addresses registry.
2026-03-27T23:12:16.642-0500 [DEBUG] [org.gradle.cache.internal.DefaultFileLockManager] Waiting to acquire shared lock on daemon addresses registry.
2026-03-27T23:12:16.643-0500 [DEBUG] [org.gradle.cache.internal.DefaultFileLockManager] Lock acquired on daemon addresses registry.
2026-03-27T23:12:16.643-0500 [DEBUG] [org.gradle.cache.internal.DefaultFileLockManager] Releasing lock on daemon addresses registry.
2026-03-27T23:12:16.644-0500 [DEBUG] [org.gradle.cache.internal.DefaultFileLockManager] Waiting to acquire shared lock on daemon addresses registry.
2026-03-27T23:12:16.644-0500 [DEBUG] [org.gradle.cache.internal.DefaultFileLockManager] Lock acquired on daemon addresses registry.
2026-03-27T23:12:16.652-0500 [DEBUG] [org.gradle.cache.internal.DefaultFileLockManager] Releasing lock on daemon addresses registry.
2026-03-27T23:12:26.641-0500 [DEBUG] [org.gradle.cache.internal.DefaultFileLockManager] Waiting to acquire shared lock on daemon addresses registry.
2026-03-27T23:12:26.642-0500 [DEBUG] [org.gradle.cache.internal.DefaultFileLockManager] Lock acquired on daemon addresses registry.
2026-03-27T23:12:26.643-0500 [DEBUG] [org.gradle.cache.internal.DefaultFileLockManager] Releasing lock on daemon addresses registry.
2026-03-27T23:12:26.645-0500 [DEBUG] [org.gradle.cache.internal.DefaultFileLockManager] Waiting to acquire shared lock on daemon addresses registry.
2026-03-27T23:12:26.645-0500 [DEBUG] [org.gradle.cache.internal.DefaultFileLockManager] Lock acquired on daemon addresses registry.
2026-03-27T23:12:26.646-0500 [DEBUG] [org.gradle.cache.internal.DefaultFileLockManager] Releasing lock on daemon addresses registry.
2026-03-27T23:12:26.647-0500 [DEBUG] [org.gradle.cache.internal.DefaultFileLockManager] Waiting to acquire shared lock on daemon addresses registry.
2026-03-27T23:12:26.661-0500 [DEBUG] [org.gradle.cache.internal.DefaultFileLockManager] Lock acquired on daemon addresses registry.
2026-03-27T23:12:26.661-0500 [DEBUG] [org.gradle.cache.internal.DefaultFileLockManager] Releasing lock on daemon addresses registry.
2026-03-27T23:12:26.744-0500 [DEBUG] [org.gradle.internal.watch.vfs.impl.WatchingVirtualFileSystem] Handling VFS change CREATED C:\Users\sebgo\AndroidStudioProjects\mytaxitravel\app\src\main\java\com\workpro\mytaxitravel\Home.kt~
2026-03-27T23:12:26.749-0500 [DEBUG] [org.gradle.internal.watch.vfs.impl.WatchingVirtualFileSystem] Handling VFS change MODIFIED C:\Users\sebgo\AndroidStudioProjects\mytaxitravel\app\src\main\java\com\workpro\mytaxitravel\Home.kt
2026-03-27T23:12:29.546-0500 [DEBUG] [org.gradle.process.internal.health.memory.DefaultMemoryManager] 841566208 physical memory requested, 613773312 free
2026-03-27T23:12:29.547-0500 [DEBUG] [org.gradle.workers.internal.WorkerDaemonExpiration] Will attempt to release 802 of memory
2026-03-27T23:12:29.547-0500 [DEBUG] [org.gradle.process.internal.health.memory.DefaultMemoryManager] 841566208 physical memory requested, 0 released, 613773312 free
2026-03-27T23:12:34.547-0500 [DEBUG] [org.gradle.process.internal.health.memory.DefaultMemoryManager] 841566208 physical memory requested, 795668480 free
2026-03-27T23:12:34.548-0500 [DEBUG] [org.gradle.workers.internal.WorkerDaemonExpiration] Will attempt to release 802 of memory
2026-03-27T23:12:34.550-0500 [DEBUG] [org.gradle.process.internal.health.memory.DefaultMemoryManager] 841566208 physical memory requested, 0 released, 795668480 free
2026-03-27T23:12:36.653-0500 [DEBUG] [org.gradle.cache.internal.DefaultFileLockManager] Waiting to acquire shared lock on daemon addresses registry.
2026-03-27T23:12:36.653-0500 [DEBUG] [org.gradle.cache.internal.DefaultFileLockManager] Lock acquired on daemon addresses registry.
2026-03-27T23:12:36.654-0500 [DEBUG] [org.gradle.cache.internal.DefaultFileLockManager] Releasing lock on daemon addresses registry.
2026-03-27T23:12:36.659-0500 [DEBUG] [org.gradle.cache.internal.DefaultFileLockManager] Waiting to acquire shared lock on daemon addresses registry.
2026-03-27T23:12:36.660-0500 [DEBUG] [org.gradle.cache.internal.DefaultFileLockManager] Lock acquired on daemon addresses registry.
2026-03-27T23:12:36.660-0500 [DEBUG] [org.gradle.cache.internal.DefaultFileLockManager] Releasing lock on daemon addresses registry.
2026-03-27T23:12:36.662-0500 [DEBUG] [org.gradle.cache.internal.DefaultFileLockManager] Waiting to acquire shared lock on daemon addresses registry.
2026-03-27T23:12:36.662-0500 [DEBUG] [org.gradle.cache.internal.DefaultFileLockManager] Lock acquired on daemon addresses registry.
2026-03-27T23:12:36.663-0500 [DEBUG] [org.gradle.cache.internal.DefaultFileLockManager] Releasing lock on daemon addresses registry.
2026-03-27T23:12:39.543-0500 [DEBUG] [org.gradle.process.internal.health.memory.DefaultMemoryManager] 841566208 physical memory requested, 778649600 free
2026-03-27T23:12:39.543-0500 [DEBUG] [org.gradle.workers.internal.WorkerDaemonExpiration] Will attempt to release 802 of memory
2026-03-27T23:12:39.543-0500 [DEBUG] [org.gradle.process.internal.health.memory.DefaultMemoryManager] 841566208 physical memory requested, 0 released, 778649600 free
2026-03-27T23:12:44.542-0500 [DEBUG] [org.gradle.process.internal.health.memory.DefaultMemoryManager] 841566208 physical memory requested, 789536768 free
2026-03-27T23:12:44.543-0500 [DEBUG] [org.gradle.workers.internal.WorkerDaemonExpiration] Will attempt to release 802 of memory
2026-03-27T23:12:44.543-0500 [DEBUG] [org.gradle.process.internal.health.memory.DefaultMemoryManager] 841566208 physical memory requested, 0 released, 789536768 free
2026-03-27T23:12:46.642-0500 [DEBUG] [org.gradle.cache.internal.DefaultFileLockManager] Waiting to acquire shared lock on daemon addresses registry.
2026-03-27T23:12:46.642-0500 [DEBUG] [org.gradle.cache.internal.DefaultFileLockManager] Lock acquired on daemon addresses registry.
2026-03-27T23:12:46.642-0500 [DEBUG] [org.gradle.cache.internal.DefaultFileLockManager] Releasing lock on daemon addresses registry.
2026-03-27T23:12:46.644-0500 [DEBUG] [org.gradle.cache.internal.DefaultFileLockManager] Waiting to acquire shared lock on daemon addresses registry.
2026-03-27T23:12:46.649-0500 [DEBUG] [org.gradle.cache.internal.DefaultFileLockManager] Lock acquired on daemon addresses registry.
2026-03-27T23:12:46.649-0500 [DEBUG] [org.gradle.cache.internal.DefaultFileLockManager] Releasing lock on daemon addresses registry.
2026-03-27T23:12:46.651-0500 [DEBUG] [org.gradle.cache.internal.DefaultFileLockManager] Waiting to acquire shared lock on daemon addresses registry.
2026-03-27T23:12:46.652-0500 [DEBUG] [org.gradle.cache.internal.DefaultFileLockManager] Lock acquired on daemon addresses registry.
2026-03-27T23:12:46.652-0500 [DEBUG] [org.gradle.cache.internal.DefaultFileLockManager] Releasing lock on daemon addresses registry.
2026-03-27T23:12:49.553-0500 [DEBUG] [org.gradle.process.internal.health.memory.DefaultMemoryManager] 841566208 physical memory requested, 711942144 free
2026-03-27T23:12:49.553-0500 [DEBUG] [org.gradle.workers.internal.WorkerDaemonExpiration] Will attempt to release 802 of memory
2026-03-27T23:12:49.554-0500 [DEBUG] [org.gradle.process.internal.health.memory.DefaultMemoryManager] 841566208 physical memory requested, 0 released, 711942144 free
2026-03-27T23:12:54.546-0500 [DEBUG] [org.gradle.process.internal.health.memory.DefaultMemoryManager] 841566208 physical memory requested, 675311616 free
2026-03-27T23:12:54.547-0500 [DEBUG] [org.gradle.workers.internal.WorkerDaemonExpiration] Will attempt to release 802 of memory
2026-03-27T23:12:54.547-0500 [DEBUG] [org.gradle.process.internal.health.memory.DefaultMemoryManager] 841566208 physical memory requested, 0 released, 675311616 free
2026-03-27T23:12:56.646-0500 [DEBUG] [org.gradle.cache.internal.DefaultFileLockManager] Waiting to acquire shared lock on daemon addresses registry.
2026-03-27T23:12:56.646-0500 [DEBUG] [org.gradle.cache.internal.DefaultFileLockManager] Lock acquired on daemon addresses registry.
2026-03-27T23:12:56.647-0500 [DEBUG] [org.gradle.cache.internal.DefaultFileLockManager] Releasing lock on daemon addresses registry.
2026-03-27T23:12:56.648-0500 [DEBUG] [org.gradle.cache.internal.DefaultFileLockManager] Waiting to acquire shared lock on daemon addresses registry.
2026-03-27T23:12:56.648-0500 [DEBUG] [org.gradle.cache.internal.DefaultFileLockManager] Lock acquired on daemon addresses registry.
2026-03-27T23:12:56.649-0500 [DEBUG] [org.gradle.cache.internal.DefaultFileLockManager] Releasing lock on daemon addresses registry.
2026-03-27T23:12:56.650-0500 [DEBUG] [org.gradle.cache.internal.DefaultFileLockManager] Waiting to acquire shared lock on daemon addresses registry.
2026-03-27T23:12:56.651-0500 [DEBUG] [org.gradle.cache.internal.DefaultFileLockManager] Lock acquired on daemon addresses registry.
2026-03-27T23:12:56.651-0500 [DEBUG] [org.gradle.cache.internal.DefaultFileLockManager] Releasing lock on daemon addresses registry.
2026-03-27T23:12:59.550-0500 [DEBUG] [org.gradle.process.internal.health.memory.DefaultMemoryManager] 841566208 physical memory requested, 584908800 free
2026-03-27T23:12:59.551-0500 [DEBUG] [org.gradle.workers.internal.WorkerDaemonExpiration] Will attempt to release 802 of memory
2026-03-27T23:12:59.551-0500 [DEBUG] [org.gradle.process.internal.health.memory.DefaultMemoryManager] 841566208 physical memory requested, 0 released, 584908800 free
2026-03-27T23:13:04.547-0500 [DEBUG] [org.gradle.process.internal.health.memory.DefaultMemoryManager] 841566208 physical memory requested, 558878720 free
2026-03-27T23:13:04.548-0500 [DEBUG] [org.gradle.workers.internal.WorkerDaemonExpiration] Will attempt to release 802 of memory
2026-03-27T23:13:04.553-0500 [DEBUG] [org.gradle.process.internal.health.memory.DefaultMemoryManager] 841566208 physical memory requested, 0 released, 558878720 free
2026-03-27T23:13:06.640-0500 [DEBUG] [org.gradle.cache.internal.DefaultFileLockManager] Waiting to acquire shared lock on daemon addresses registry.
2026-03-27T23:13:06.641-0500 [DEBUG] [org.gradle.cache.internal.DefaultFileLockManager] Lock acquired on daemon addresses registry.
2026-03-27T23:13:06.642-0500 [DEBUG] [org.gradle.cache.internal.DefaultFileLockManager] Releasing lock on daemon addresses registry.
2026-03-27T23:13:06.644-0500 [DEBUG] [org.gradle.cache.internal.DefaultFileLockManager] Waiting to acquire shared lock on daemon addresses registry.
2026-03-27T23:13:06.645-0500 [DEBUG] [org.gradle.cache.internal.DefaultFileLockManager] Lock acquired on daemon addresses registry.
2026-03-27T23:13:06.645-0500 [DEBUG] [org.gradle.cache.internal.DefaultFileLockManager] Releasing lock on daemon addresses registry.
2026-03-27T23:13:06.647-0500 [DEBUG] [org.gradle.cache.internal.DefaultFileLockManager] Waiting to acquire shared lock on daemon addresses registry.
2026-03-27T23:13:06.648-0500 [DEBUG] [org.gradle.cache.internal.DefaultFileLockManager] Lock acquired on daemon addresses registry.
2026-03-27T23:13:06.648-0500 [DEBUG] [org.gradle.cache.internal.DefaultFileLockManager] Releasing lock on daemon addresses registry.
2026-03-27T23:13:09.543-0500 [DEBUG] [org.gradle.process.internal.health.memory.DefaultMemoryManager] 841566208 physical memory requested, 454352896 free
2026-03-27T23:13:09.543-0500 [DEBUG] [org.gradle.workers.internal.WorkerDaemonExpiration] Will attempt to release 802 of memory
2026-03-27T23:13:09.543-0500 [DEBUG] [org.gradle.process.internal.health.memory.DefaultMemoryManager] 841566208 physical memory requested, 0 released, 454352896 free
2026-03-27T23:13:16.643-0500 [DEBUG] [org.gradle.cache.internal.DefaultFileLockManager] Waiting to acquire shared lock on daemon addresses registry.
2026-03-27T23:13:16.644-0500 [DEBUG] [org.gradle.cache.internal.DefaultFileLockManager] Lock acquired on daemon addresses registry.
2026-03-27T23:13:16.645-0500 [DEBUG] [org.gradle.cache.internal.DefaultFileLockManager] Releasing lock on daemon addresses registry.
2026-03-27T23:13:16.652-0500 [DEBUG] [org.gradle.cache.internal.DefaultFileLockManager] Waiting to acquire shared lock on daemon addresses registry.
2026-03-27T23:13:16.652-0500 [DEBUG] [org.gradle.cache.internal.DefaultFileLockManager] Lock acquired on daemon addresses registry.
2026-03-27T23:13:16.653-0500 [DEBUG] [org.gradle.cache.internal.DefaultFileLockManager] Releasing lock on daemon addresses registry.
2026-03-27T23:13:16.657-0500 [DEBUG] [org.gradle.cache.internal.DefaultFileLockManager] Waiting to acquire shared lock on daemon addresses registry.
2026-03-27T23:13:16.691-0500 [DEBUG] [org.gradle.cache.internal.DefaultFileLockManager] Lock acquired on daemon addresses registry.
2026-03-27T23:13:16.692-0500 [DEBUG] [org.gradle.cache.internal.DefaultFileLockManager] Releasing lock on daemon addresses registry.
2026-03-27T23:13:26.639-0500 [DEBUG] [org.gradle.cache.internal.DefaultFileLockManager] Waiting to acquire shared lock on daemon addresses registry.
2026-03-27T23:13:26.639-0500 [DEBUG] [org.gradle.cache.internal.DefaultFileLockManager] Lock acquired on daemon addresses registry.
2026-03-27T23:13:26.639-0500 [DEBUG] [org.gradle.cache.internal.DefaultFileLockManager] Releasing lock on daemon addresses registry.
2026-03-27T23:13:26.641-0500 [DEBUG] [org.gradle.cache.internal.DefaultFileLockManager] Waiting to acquire shared lock on daemon addresses registry.
2026-03-27T23:13:26.642-0500 [DEBUG] [org.gradle.cache.internal.DefaultFileLockManager] Lock acquired on daemon addresses registry.
2026-03-27T23:13:26.642-0500 [DEBUG] [org.gradle.cache.internal.DefaultFileLockManager] Releasing lock on daemon addresses registry.
2026-03-27T23:13:26.646-0500 [DEBUG] [org.gradle.cache.internal.DefaultFileLockManager] Waiting to acquire shared lock on daemon addresses registry.
2026-03-27T23:13:26.647-0500 [DEBUG] [org.gradle.cache.internal.DefaultFileLockManager] Lock acquired on daemon addresses registry.
2026-03-27T23:13:26.647-0500 [DEBUG] [org.gradle.cache.internal.DefaultFileLockManager] Releasing lock on daemon addresses registry.
2026-03-27T23:13:36.642-0500 [DEBUG] [org.gradle.cache.internal.DefaultFileLockManager] Waiting to acquire shared lock on daemon addresses registry.
2026-03-27T23:13:36.643-0500 [DEBUG] [org.gradle.cache.internal.DefaultFileLockManager] Lock acquired on daemon addresses registry.
2026-03-27T23:13:36.645-0500 [DEBUG] [org.gradle.cache.internal.DefaultFileLockManager] Releasing lock on daemon addresses registry.
2026-03-27T23:13:36.650-0500 [DEBUG] [org.gradle.cache.internal.DefaultFileLockManager] Waiting to acquire shared lock on daemon addresses registry.
2026-03-27T23:13:36.651-0500 [DEBUG] [org.gradle.cache.internal.DefaultFileLockManager] Lock acquired on daemon addresses registry.
2026-03-27T23:13:36.651-0500 [DEBUG] [org.gradle.cache.internal.DefaultFileLockManager] Releasing lock on daemon addresses registry.
2026-03-27T23:13:36.655-0500 [DEBUG] [org.gradle.cache.internal.DefaultFileLockManager] Waiting to acquire shared lock on daemon addresses registry.
2026-03-27T23:13:36.656-0500 [DEBUG] [org.gradle.cache.internal.DefaultFileLockManager] Lock acquired on daemon addresses registry.
2026-03-27T23:13:36.656-0500 [DEBUG] [org.gradle.cache.internal.DefaultFileLockManager] Releasing lock on daemon addresses registry.
2026-03-27T23:13:46.638-0500 [DEBUG] [org.gradle.cache.internal.DefaultFileLockManager] Waiting to acquire shared lock on daemon addresses registry.
2026-03-27T23:13:46.639-0500 [DEBUG] [org.gradle.cache.internal.DefaultFileLockManager] Lock acquired on daemon addresses registry.
2026-03-27T23:13:46.639-0500 [DEBUG] [org.gradle.cache.internal.DefaultFileLockManager] Releasing lock on daemon addresses registry.
2026-03-27T23:13:46.641-0500 [DEBUG] [org.gradle.cache.internal.DefaultFileLockManager] Waiting to acquire shared lock on daemon addresses registry.
2026-03-27T23:13:46.641-0500 [DEBUG] [org.gradle.cache.internal.DefaultFileLockManager] Lock acquired on daemon addresses registry.
2026-03-27T23:13:46.641-0500 [DEBUG] [org.gradle.cache.internal.DefaultFileLockManager] Releasing lock on daemon addresses registry.
2026-03-27T23:13:46.643-0500 [DEBUG] [org.gradle.cache.internal.DefaultFileLockManager] Waiting to acquire shared lock on daemon addresses registry.
2026-03-27T23:13:46.643-0500 [DEBUG] [org.gradle.cache.internal.DefaultFileLockManager] Lock acquired on daemon addresses registry.
2026-03-27T23:13:46.643-0500 [DEBUG] [org.gradle.cache.internal.DefaultFileLockManager] Releasing lock on daemon addresses registry.
2026-03-27T23:13:56.638-0500 [DEBUG] [org.gradle.cache.internal.DefaultFileLockManager] Waiting to acquire shared lock on daemon addresses registry.
2026-03-27T23:13:56.639-0500 [DEBUG] [org.gradle.cache.internal.DefaultFileLockManager] Lock acquired on daemon addresses registry.
2026-03-27T23:13:56.639-0500 [DEBUG] [org.gradle.cache.internal.DefaultFileLockManager] Releasing lock on daemon addresses registry.
2026-03-27T23:13:56.640-0500 [DEBUG] [org.gradle.cache.internal.DefaultFileLockManager] Waiting to acquire shared lock on daemon addresses registry.
2026-03-27T23:13:56.641-0500 [DEBUG] [org.gradle.cache.internal.DefaultFileLockManager] Lock acquired on daemon addresses registry.
2026-03-27T23:13:56.641-0500 [DEBUG] [org.gradle.cache.internal.DefaultFileLockManager] Releasing lock on daemon addresses registry.
2026-03-27T23:13:56.642-0500 [DEBUG] [org.gradle.cache.internal.DefaultFileLockManager] Waiting to acquire shared lock on daemon addresses registry.
2026-03-27T23:13:56.643-0500 [DEBUG] [org.gradle.cache.internal.DefaultFileLockManager] Lock acquired on daemon addresses registry.
2026-03-27T23:13:56.644-0500 [DEBUG] [org.gradle.cache.internal.DefaultFileLockManager] Releasing lock on daemon addresses registry.
2026-03-27T23:13:59.538-0500 [DEBUG] [org.gradle.process.internal.health.memory.DefaultMemoryManager] 841566208 physical memory requested, 624599040 free
2026-03-27T23:13:59.539-0500 [DEBUG] [org.gradle.workers.internal.WorkerDaemonExpiration] Will attempt to release 802 of memory
2026-03-27T23:13:59.539-0500 [DEBUG] [org.gradle.process.internal.health.memory.DefaultMemoryManager] 841566208 physical memory requested, 0 released, 624599040 free
2026-03-27T23:14:06.639-0500 [DEBUG] [org.gradle.cache.internal.DefaultFileLockManager] Waiting to acquire shared lock on daemon addresses registry.
2026-03-27T23:14:06.640-0500 [DEBUG] [org.gradle.cache.internal.DefaultFileLockManager] Lock acquired on daemon addresses registry.
2026-03-27T23:14:06.640-0500 [DEBUG] [org.gradle.cache.internal.DefaultFileLockManager] Releasing lock on daemon addresses registry.
2026-03-27T23:14:06.642-0500 [DEBUG] [org.gradle.cache.internal.DefaultFileLockManager] Waiting to acquire shared lock on daemon addresses registry.
2026-03-27T23:14:06.644-0500 [DEBUG] [org.gradle.cache.internal.DefaultFileLockManager] Lock acquired on daemon addresses registry.
2026-03-27T23:14:06.645-0500 [DEBUG] [org.gradle.cache.internal.DefaultFileLockManager] Releasing lock on daemon addresses registry.
2026-03-27T23:14:06.647-0500 [DEBUG] [org.gradle.cache.internal.DefaultFileLockManager] Waiting to acquire shared lock on daemon addresses registry.
2026-03-27T23:14:06.648-0500 [DEBUG] [org.gradle.cache.internal.DefaultFileLockManager] Lock acquired on daemon addresses registry.
2026-03-27T23:14:06.648-0500 [DEBUG] [org.gradle.cache.internal.DefaultFileLockManager] Releasing lock on daemon addresses registry.
2026-03-27T23:14:09.540-0500 [DEBUG] [org.gradle.process.internal.health.memory.DefaultMemoryManager] 841566208 physical memory requested, 689561600 free
2026-03-27T23:14:09.540-0500 [DEBUG] [org.gradle.workers.internal.WorkerDaemonExpiration] Will attempt to release 802 of memory
2026-03-27T23:14:09.541-0500 [DEBUG] [org.gradle.process.internal.health.memory.DefaultMemoryManager] 841566208 physical memory requested, 0 released, 689561600 free
2026-03-27T23:14:14.539-0500 [DEBUG] [org.gradle.process.internal.health.memory.DefaultMemoryManager] 841566208 physical memory requested, 816353280 free
2026-03-27T23:14:14.539-0500 [DEBUG] [org.gradle.workers.internal.WorkerDaemonExpiration] Will attempt to release 802 of memory
2026-03-27T23:14:14.539-0500 [DEBUG] [org.gradle.process.internal.health.memory.DefaultMemoryManager] 841566208 physical memory requested, 0 released, 816353280 free
2026-03-27T23:14:16.639-0500 [DEBUG] [org.gradle.cache.internal.DefaultFileLockManager] Waiting to acquire shared lock on daemon addresses registry.
2026-03-27T23:14:16.639-0500 [DEBUG] [org.gradle.cache.internal.DefaultFileLockManager] Lock acquired on daemon addresses registry.
2026-03-27T23:14:16.640-0500 [DEBUG] [org.gradle.cache.internal.DefaultFileLockManager] Releasing lock on daemon addresses registry.
2026-03-27T23:14:16.641-0500 [DEBUG] [org.gradle.cache.internal.DefaultFileLockManager] Waiting to acquire shared lock on daemon addresses registry.
2026-03-27T23:14:16.641-0500 [DEBUG] [org.gradle.cache.internal.DefaultFileLockManager] Lock acquired on daemon addresses registry.
2026-03-27T23:14:16.641-0500 [DEBUG] [org.gradle.cache.internal.DefaultFileLockManager] Releasing lock on daemon addresses registry.
2026-03-27T23:14:16.643-0500 [DEBUG] [org.gradle.cache.internal.DefaultFileLockManager] Waiting to acquire shared lock on daemon addresses registry.
2026-03-27T23:14:16.644-0500 [DEBUG] [org.gradle.cache.internal.DefaultFileLockManager] Lock acquired on daemon addresses registry.
2026-03-27T23:14:16.646-0500 [DEBUG] [org.gradle.cache.internal.DefaultFileLockManager] Releasing lock on daemon addresses registry.
2026-03-27T23:14:26.638-0500 [DEBUG] [org.gradle.cache.internal.DefaultFileLockManager] Waiting to acquire shared lock on daemon addresses registry.
2026-03-27T23:14:26.639-0500 [DEBUG] [org.gradle.cache.internal.DefaultFileLockManager] Lock acquired on daemon addresses registry.
2026-03-27T23:14:26.640-0500 [DEBUG] [org.gradle.cache.internal.DefaultFileLockManager] Releasing lock on daemon addresses registry.
2026-03-27T23:14:26.641-0500 [DEBUG] [org.gradle.cache.internal.DefaultFileLockManager] Waiting to acquire shared lock on daemon addresses registry.
2026-03-27T23:14:26.642-0500 [DEBUG] [org.gradle.cache.internal.DefaultFileLockManager] Lock acquired on daemon addresses registry.
2026-03-27T23:14:26.642-0500 [DEBUG] [org.gradle.cache.internal.DefaultFileLockManager] Releasing lock on daemon addresses registry.
2026-03-27T23:14:26.643-0500 [DEBUG] [org.gradle.cache.internal.DefaultFileLockManager] Waiting to acquire shared lock on daemon addresses registry.
2026-03-27T23:14:26.643-0500 [DEBUG] [org.gradle.cache.internal.DefaultFileLockManager] Lock acquired on daemon addresses registry.
2026-03-27T23:14:26.644-0500 [DEBUG] [org.gradle.cache.internal.DefaultFileLockManager] Releasing lock on daemon addresses registry.
2026-03-27T23:14:28.175-0500 [DEBUG] [sun.rmi.transport.tcp] RMI TCP Connection(3)-127.0.0.1: accepted socket from [127.0.0.1:27071]
2026-03-27T23:14:28.183-0500 [DEBUG] [sun.rmi.transport.tcp] RMI TCP Connection(3)-127.0.0.1: (port 27155) op = 80
2026-03-27T23:14:28.188-0500 [DEBUG] [sun.rmi.loader] RMI TCP Connection(3)-127.0.0.1: name = "[Ljava.rmi.server.ObjID;", codebase = "", defaultLoader = jdk.internal.loader.ClassLoaders$PlatformClassLoader@65311715
2026-03-27T23:14:28.191-0500 [DEBUG] [sun.rmi.loader] RMI TCP Connection(3)-127.0.0.1: name = "java.rmi.dgc.Lease", codebase = "", defaultLoader = jdk.internal.loader.ClassLoaders$PlatformClassLoader@65311715
2026-03-27T23:14:28.194-0500 [DEBUG] [sun.rmi.loader] RMI TCP Connection(3)-127.0.0.1: name = "java.rmi.dgc.VMID", codebase = "", defaultLoader = jdk.internal.loader.ClassLoaders$PlatformClassLoader@65311715
2026-03-27T23:14:28.195-0500 [DEBUG] [sun.rmi.loader] RMI TCP Connection(3)-127.0.0.1: name = "[B", codebase = "", defaultLoader = jdk.internal.loader.ClassLoaders$PlatformClassLoader@65311715
2026-03-27T23:14:28.197-0500 [DEBUG] [sun.rmi.loader] RMI TCP Connection(3)-127.0.0.1: name = "java.rmi.server.UID", codebase = "", defaultLoader = jdk.internal.loader.ClassLoaders$PlatformClassLoader@65311715
2026-03-27T23:14:29.539-0500 [DEBUG] [org.gradle.process.internal.health.memory.DefaultMemoryManager] 841566208 physical memory requested, 782475264 free
2026-03-27T23:14:29.539-0500 [DEBUG] [org.gradle.workers.internal.WorkerDaemonExpiration] Will attempt to release 802 of memory
2026-03-27T23:14:29.539-0500 [DEBUG] [org.gradle.process.internal.health.memory.DefaultMemoryManager] 841566208 physical memory requested, 0 released, 782475264 free
2026-03-27T23:14:34.541-0500 [DEBUG] [org.gradle.process.internal.health.memory.DefaultMemoryManager] 841566208 physical memory requested, 723689472 free
2026-03-27T23:14:34.541-0500 [DEBUG] [org.gradle.workers.internal.WorkerDaemonExpiration] Will attempt to release 802 of memory
2026-03-27T23:14:34.541-0500 [DEBUG] [org.gradle.process.internal.health.memory.DefaultMemoryManager] 841566208 physical memory requested, 0 released, 723689472 free
2026-03-27T23:14:36.640-0500 [DEBUG] [org.gradle.cache.internal.DefaultFileLockManager] Waiting to acquire shared lock on daemon addresses registry.
2026-03-27T23:14:36.642-0500 [DEBUG] [org.gradle.cache.internal.DefaultFileLockManager] Lock acquired on daemon addresses registry.
2026-03-27T23:14:36.643-0500 [DEBUG] [org.gradle.cache.internal.DefaultFileLockManager] Releasing lock on daemon addresses registry.
2026-03-27T23:14:36.645-0500 [DEBUG] [org.gradle.cache.internal.DefaultFileLockManager] Waiting to acquire shared lock on daemon addresses registry.
2026-03-27T23:14:36.646-0500 [DEBUG] [org.gradle.cache.internal.DefaultFileLockManager] Lock acquired on daemon addresses registry.
2026-03-27T23:14:36.646-0500 [DEBUG] [org.gradle.cache.internal.DefaultFileLockManager] Releasing lock on daemon addresses registry.
2026-03-27T23:14:36.649-0500 [DEBUG] [org.gradle.cache.internal.DefaultFileLockManager] Waiting to acquire shared lock on daemon addresses registry.
2026-03-27T23:14:36.649-0500 [DEBUG] [org.gradle.cache.internal.DefaultFileLockManager] Lock acquired on daemon addresses registry.
2026-03-27T23:14:36.650-0500 [DEBUG] [org.gradle.cache.internal.DefaultFileLockManager] Releasing lock on daemon addresses registry.
2026-03-27T23:14:39.539-0500 [DEBUG] [org.gradle.process.internal.health.memory.DefaultMemoryManager] 841566208 physical memory requested, 683372544 free
2026-03-27T23:14:39.540-0500 [DEBUG] [org.gradle.workers.internal.WorkerDaemonExpiration] Will attempt to release 802 of memory
2026-03-27T23:14:39.540-0500 [DEBUG] [org.gradle.process.internal.health.memory.DefaultMemoryManager] 841566208 physical memory requested, 0 released, 683372544 free
2026-03-27T23:14:43.221-0500 [DEBUG] [sun.rmi.transport.tcp] RMI TCP Connection(3)-127.0.0.1: (port 27155) connection closed
2026-03-27T23:14:43.224-0500 [DEBUG] [sun.rmi.transport.tcp] RMI TCP Connection(3)-127.0.0.1: close connection, socket: Socket[addr=/127.0.0.1,port=27071,localport=27155]
2026-03-27T23:14:43.230-0500 [DEBUG] [sun.rmi.transport.tcp] RMI TCP Connection(3)-127.0.0.1: socket close: Socket[addr=/127.0.0.1,port=27071,localport=27155]
2026-03-27T23:14:44.539-0500 [DEBUG] [org.gradle.process.internal.health.memory.DefaultMemoryManager] 841566208 physical memory requested, 597155840 free
2026-03-27T23:14:44.539-0500 [DEBUG] [org.gradle.workers.internal.WorkerDaemonExpiration] Will attempt to release 802 of memory
2026-03-27T23:14:44.539-0500 [DEBUG] [org.gradle.process.internal.health.memory.DefaultMemoryManager] 841566208 physical memory requested, 0 released, 597155840 free
2026-03-27T23:14:46.639-0500 [DEBUG] [org.gradle.cache.internal.DefaultFileLockManager] Waiting to acquire shared lock on daemon addresses registry.
2026-03-27T23:14:46.639-0500 [DEBUG] [org.gradle.cache.internal.DefaultFileLockManager] Lock acquired on daemon addresses registry.
2026-03-27T23:14:46.640-0500 [DEBUG] [org.gradle.cache.internal.DefaultFileLockManager] Releasing lock on daemon addresses registry.
2026-03-27T23:14:46.642-0500 [DEBUG] [org.gradle.cache.internal.DefaultFileLockManager] Waiting to acquire shared lock on daemon addresses registry.
2026-03-27T23:14:46.642-0500 [DEBUG] [org.gradle.cache.internal.DefaultFileLockManager] Lock acquired on daemon addresses registry.
2026-03-27T23:14:46.643-0500 [DEBUG] [org.gradle.cache.internal.DefaultFileLockManager] Releasing lock on daemon addresses registry.
2026-03-27T23:14:46.645-0500 [DEBUG] [org.gradle.cache.internal.DefaultFileLockManager] Waiting to acquire shared lock on daemon addresses registry.
2026-03-27T23:14:46.646-0500 [DEBUG] [org.gradle.cache.internal.DefaultFileLockManager] Lock acquired on daemon addresses registry.
2026-03-27T23:14:46.646-0500 [DEBUG] [org.gradle.cache.internal.DefaultFileLockManager] Releasing lock on daemon addresses registry.
2026-03-27T23:14:49.539-0500 [DEBUG] [org.gradle.process.internal.health.memory.DefaultMemoryManager] 841566208 physical memory requested, 655151104 free
2026-03-27T23:14:49.539-0500 [DEBUG] [org.gradle.workers.internal.WorkerDaemonExpiration] Will attempt to release 802 of memory
2026-03-27T23:14:49.539-0500 [DEBUG] [org.gradle.process.internal.health.memory.DefaultMemoryManager] 841566208 physical memory requested, 0 released, 655151104 free
2026-03-27T23:14:54.539-0500 [DEBUG] [org.gradle.process.internal.health.memory.DefaultMemoryManager] 841566208 physical memory requested, 632971264 free
2026-03-27T23:14:54.539-0500 [DEBUG] [org.gradle.workers.internal.WorkerDaemonExpiration] Will attempt to release 802 of memory
2026-03-27T23:14:54.540-0500 [DEBUG] [org.gradle.process.internal.health.memory.DefaultMemoryManager] 841566208 physical memory requested, 0 released, 632971264 free
2026-03-27T23:14:56.639-0500 [DEBUG] [org.gradle.cache.internal.DefaultFileLockManager] Waiting to acquire shared lock on daemon addresses registry.
2026-03-27T23:14:56.641-0500 [DEBUG] [org.gradle.cache.internal.DefaultFileLockManager] Lock acquired on daemon addresses registry.
2026-03-27T23:14:56.641-0500 [DEBUG] [org.gradle.cache.internal.DefaultFileLockManager] Releasing lock on daemon addresses registry.
2026-03-27T23:14:56.645-0500 [DEBUG] [org.gradle.cache.internal.DefaultFileLockManager] Waiting to acquire shared lock on daemon addresses registry.
2026-03-27T23:14:56.645-0500 [DEBUG] [org.gradle.cache.internal.DefaultFileLockManager] Lock acquired on daemon addresses registry.
2026-03-27T23:14:56.646-0500 [DEBUG] [org.gradle.cache.internal.DefaultFileLockManager] Releasing lock on daemon addresses registry.
2026-03-27T23:14:56.648-0500 [DEBUG] [org.gradle.cache.internal.DefaultFileLockManager] Waiting to acquire shared lock on daemon addresses registry.
2026-03-27T23:14:56.648-0500 [DEBUG] [org.gradle.cache.internal.DefaultFileLockManager] Lock acquired on daemon addresses registry.
2026-03-27T23:14:56.648-0500 [DEBUG] [org.gradle.cache.internal.DefaultFileLockManager] Releasing lock on daemon addresses registry.
2026-03-27T23:14:59.539-0500 [DEBUG] [org.gradle.process.internal.health.memory.DefaultMemoryManager] 841566208 physical memory requested, 574681088 free
2026-03-27T23:14:59.539-0500 [DEBUG] [org.gradle.workers.internal.WorkerDaemonExpiration] Will attempt to release 802 of memory
2026-03-27T23:14:59.540-0500 [DEBUG] [org.gradle.process.internal.health.memory.DefaultMemoryManager] 841566208 physical memory requested, 0 released, 574681088 free
2026-03-27T23:15:04.538-0500 [DEBUG] [org.gradle.process.internal.health.memory.DefaultMemoryManager] 841566208 physical memory requested, 493236224 free
2026-03-27T23:15:04.539-0500 [DEBUG] [org.gradle.workers.internal.WorkerDaemonExpiration] Will attempt to release 802 of memory
2026-03-27T23:15:04.539-0500 [DEBUG] [org.gradle.process.internal.health.memory.DefaultMemoryManager] 841566208 physical memory requested, 0 released, 493236224 free
2026-03-27T23:15:06.604-0500 [DEBUG] [org.gradle.internal.remote.internal.inet.TcpIncomingConnector] Accepted connection from /127.0.0.1:27081 to /127.0.0.1:17309.
2026-03-27T23:15:06.638-0500 [DEBUG] [org.gradle.cache.internal.DefaultFileLockManager] Waiting to acquire shared lock on daemon addresses registry.
2026-03-27T23:15:06.641-0500 [DEBUG] [org.gradle.cache.internal.DefaultFileLockManager] Lock acquired on daemon addresses registry.
2026-03-27T23:15:06.642-0500 [DEBUG] [org.gradle.cache.internal.DefaultFileLockManager] Releasing lock on daemon addresses registry.
2026-03-27T23:15:06.645-0500 [DEBUG] [org.gradle.cache.internal.DefaultFileLockManager] Waiting to acquire shared lock on daemon addresses registry.
2026-03-27T23:15:06.645-0500 [DEBUG] [org.gradle.cache.internal.DefaultFileLockManager] Lock acquired on daemon addresses registry.
2026-03-27T23:15:06.646-0500 [DEBUG] [org.gradle.cache.internal.DefaultFileLockManager] Releasing lock on daemon addresses registry.
2026-03-27T23:15:06.649-0500 [DEBUG] [org.gradle.cache.internal.DefaultFileLockManager] Waiting to acquire shared lock on daemon addresses registry.
2026-03-27T23:15:06.650-0500 [DEBUG] [org.gradle.cache.internal.DefaultFileLockManager] Lock acquired on daemon addresses registry.
2026-03-27T23:15:06.651-0500 [DEBUG] [org.gradle.cache.internal.DefaultFileLockManager] Releasing lock on daemon addresses registry.
2026-03-27T23:15:06.764-0500 [DEBUG] [org.gradle.launcher.daemon.server.SynchronizedDispatchConnection] thread 283: received class org.gradle.launcher.daemon.protocol.Build
2026-03-27T23:15:06.766-0500 [DEBUG] [org.gradle.launcher.daemon.server.DefaultDaemonConnection] thread 283: Received non-IO message from client: Build{id=aab1a691-cb99-4fb8-97b5-59b3e27ca7b3, currentDir=C:\Users\sebgo\AndroidStudioProjects\mytaxitravel}
2026-03-27T23:15:06.769-0500 [INFO] [org.gradle.launcher.daemon.server.DefaultIncomingConnectionHandler] Received command: Build{id=aab1a691-cb99-4fb8-97b5-59b3e27ca7b3, currentDir=C:\Users\sebgo\AndroidStudioProjects\mytaxitravel}.
2026-03-27T23:15:06.769-0500 [DEBUG] [org.gradle.launcher.daemon.server.DefaultIncomingConnectionHandler] Starting executing command: Build{id=aab1a691-cb99-4fb8-97b5-59b3e27ca7b3, currentDir=C:\Users\sebgo\AndroidStudioProjects\mytaxitravel} with connection: socket connection from /127.0.0.1:17309 to /127.0.0.1:27081.
2026-03-27T23:15:06.780-0500 [DEBUG] [org.gradle.launcher.daemon.server.DaemonStateCoordinator] Command execution: started DaemonCommandExecution[command = Build{id=aab1a691-cb99-4fb8-97b5-59b3e27ca7b3, currentDir=C:\Users\sebgo\AndroidStudioProjects\mytaxitravel}, connection = DefaultDaemonConnection: socket connection from /127.0.0.1:17309 to /127.0.0.1:27081] after 6.592616666666667 minutes of idle
2026-03-27T23:15:06.781-0500 [INFO] [org.gradle.launcher.daemon.server.DaemonRegistryUpdater] Marking the daemon as busy, address: [997172e4-0228-42fa-b2cc-c9582f8c896e port:17309, addresses:[localhost/127.0.0.1]]
2026-03-27T23:15:06.781-0500 [DEBUG] [org.gradle.launcher.daemon.registry.PersistentDaemonRegistry] Marking busy by address: [997172e4-0228-42fa-b2cc-c9582f8c896e port:17309, addresses:[localhost/127.0.0.1]]
2026-03-27T23:15:06.784-0500 [DEBUG] [org.gradle.cache.internal.DefaultFileLockManager] Waiting to acquire exclusive lock on daemon addresses registry.
2026-03-27T23:15:06.787-0500 [DEBUG] [org.gradle.cache.internal.DefaultFileLockManager] Lock acquired on daemon addresses registry.
2026-03-27T23:15:06.798-0500 [DEBUG] [org.gradle.cache.internal.DefaultFileLockManager] Releasing lock on daemon addresses registry.
2026-03-27T23:15:06.799-0500 [DEBUG] [org.gradle.launcher.daemon.server.DaemonStateCoordinator] resetting idle timer
2026-03-27T23:15:06.801-0500 [DEBUG] [org.gradle.launcher.daemon.server.DaemonStateCoordinator] daemon is running. Sleeping until state changes.
2026-03-27T23:15:06.804-0500 [INFO] [org.gradle.launcher.daemon.server.exec.StartBuildOrRespondWithBusy] Daemon is about to start building Build{id=aab1a691-cb99-4fb8-97b5-59b3e27ca7b3, currentDir=C:\Users\sebgo\AndroidStudioProjects\mytaxitravel}. Dispatching build started information...
2026-03-27T23:15:06.805-0500 [DEBUG] [org.gradle.launcher.daemon.server.SynchronizedDispatchConnection] thread 285: dispatching org.gradle.launcher.daemon.protocol.BuildStarted@7b29422
2026-03-27T23:15:06.830-0500 [DEBUG] [org.gradle.launcher.daemon.server.exec.EstablishBuildEnvironment] Configuring env variables: [USERDOMAIN_ROAMINGPROFILE, Maven, EFC_5368_2283032206, EFC_5368_2775293581, PROCESSOR_LEVEL, SESSIONNAME, ALLUSERSPROFILE, PROCESSOR_ARCHITECTURE, PSModulePath, SystemDrive, EFC_5368_1592913036, USERNAME, ProgramFiles(x86), FPS_BROWSER_USER_PROFILE_STRING, PATHEXT, DriverData, OneDriveConsumer, IntelliJ IDEA Community Edition, PyCharm Community Edition, ProgramData, ProgramW6432, EFC_5368_3789132940, HOMEPATH, PROCESSOR_IDENTIFIER, ProgramFiles, PUBLIC, windir, =::, ZES_ENABLE_SYSMAN, LOCALAPPDATA, ChocolateyLastPathUpdate, USERDOMAIN, LOGONSERVER, FPS_BROWSER_APP_PROFILE_STRING, JAVA_HOME, OneDrive, APPDATA, ChocolateyInstall, CommonProgramFiles, Path, OS, COMPUTERNAME, PROCESSOR_REVISION, CommonProgramW6432, ComSpec, TEMP, SystemRoot, HOMEDRIVE, USERPROFILE, TMP, EFC_5368_1262719628, CommonProgramFiles(x86), NUMBER_OF_PROCESSORS]
2026-03-27T23:15:06.873-0500 [DEBUG] [org.gradle.launcher.daemon.server.exec.LogToClient] About to start relaying all logs to the client via the connection.
2026-03-27T23:15:06.883-0500 [INFO] [org.gradle.launcher.daemon.server.exec.LogToClient] The client will now receive all logging from the daemon (pid: 13440). The daemon log file: C:\Users\sebgo\AndroidStudioProjects\mytaxitravel\gradle\daemon\8.13\daemon-13440.out.log
2026-03-27T23:15:06.961-0500 [INFO] [org.gradle.launcher.daemon.server.exec.LogAndCheckHealth] Starting 3rd build in daemon [uptime: 12 mins 11.294 secs, performance: 98%, GC rate: 0.00/s, heap usage: 0% of 2 GiB]
2026-03-27T23:15:06.977-0500 [DEBUG] [org.gradle.launcher.daemon.server.exec.ExecuteBuild] The daemon has started executing the build.
2026-03-27T23:15:06.978-0500 [DEBUG] [org.gradle.launcher.daemon.server.exec.ExecuteBuild] Executing build with daemon context: DefaultDaemonContext[uid=b7364696-86c9-4c24-bb56-8cdc5351f417,javaHome=F:\Android Studio\jbr,javaVersion=21,javaVendor=JetBrains s.r.o.,daemonRegistryDir=C:\Users\sebgo\AndroidStudioProjects\mytaxitravel\gradle\daemon,pid=13440,idleTimeout=10800000,priority=NORMAL,applyInstrumentationAgent=true,nativeServicesMode=ENABLED,daemonOpts=-Xmx2048m,-Dfile.encoding=UTF-8,-Duser.country=CO,-Duser.language=es,-Duser.variant]

BUILD SUCCESSFUL in 40s
39 actionable tasks: 11 executed, 28 up-to-date
2026-03-27T23:15:47.415-0500 [DEBUG] [org.gradle.launcher.daemon.server.exec.ExecuteBuild] The daemon has finished executing the build.
2026-03-27T23:15:47.423-0500 [DEBUG] [org.gradle.launcher.daemon.server.DaemonStateCoordinator] daemon is running. Sleeping until state changes.
2026-03-27T23:15:47.424-0500 [DEBUG] [org.gradle.launcher.daemon.server.DaemonStateCoordinator] Command execution: finished waiting for DaemonCommandExecution[command = Build{id=aab1a691-cb99-4fb8-97b5-59b3e27ca7b3, currentDir=C:\Users\sebgo\AndroidStudioProjects\mytaxitravel}, connection = DefaultDaemonConnection: socket connection from /127.0.0.1:17309 to /127.0.0.1:27081]. Result org.gradle.launcher.daemon.server.DaemonStateCoordinator@4c3ad2a7 with state Busy
2026-03-27T23:15:47.424-0500 [DEBUG] [org.gradle.launcher.daemon.server.DaemonStateCoordinator] Command execution: completed DaemonCommandExecution[command = Build{id=aab1a691-cb99-4fb8-97b5-59b3e27ca7b3, currentDir=C:\Users\sebgo\AndroidStudioProjects\mytaxitravel}, connection = DefaultDaemonConnection: socket connection from /127.0.0.1:17309 to /127.0.0.1:27081]
2026-03-27T23:15:47.424-0500 [DEBUG] [org.gradle.launcher.daemon.server.DaemonStateCoordinator] resetting idle timer
2026-03-27T23:15:47.424-0500 [INFO] [org.gradle.launcher.daemon.server.DaemonRegistryUpdater] Marking the daemon as idle, address: [997172e4-0228-42fa-b2cc-c9582f8c896e port:17309, addresses:[localhost/127.0.0.1]]
2026-03-27T23:15:47.424-0500 [DEBUG] [org.gradle.launcher.daemon.registry.PersistentDaemonRegistry] Marking busy by address: [997172e4-0228-42fa-b2cc-c9582f8c896e port:17309, addresses:[localhost/127.0.0.1]]
2026-03-27T23:15:47.426-0500 [DEBUG] [org.gradle.cache.internal.DefaultFileLockManager] Waiting to acquire exclusive lock on daemon addresses registry.
2026-03-27T23:15:47.427-0500 [DEBUG] [org.gradle.cache.internal.DefaultFileLockManager] Lock acquired on daemon addresses registry.
2026-03-27T23:15:47.428-0500 [DEBUG] [org.gradle.cache.internal.DefaultFileLockManager] Releasing lock on daemon addresses registry.
2026-03-27T23:15:47.429-0500 [DEBUG] [org.gradle.launcher.daemon.server.DaemonStateCoordinator] daemon is running. Sleeping until state changes.
2026-03-27T23:15:47.429-0500 [DEBUG] [org.gradle.launcher.daemon.server.exec.ReturnResult] Daemon is dispatching the build result: Success[value=org.gradle.launcher.exec.BuildActionResult@5a88bd4e]
2026-03-27T23:15:47.430-0500 [DEBUG] [org.gradle.launcher.daemon.server.SynchronizedDispatchConnection] thread 282: dispatching Success[value=org.gradle.launcher.exec.BuildActionResult@5a88bd4e]
2026-03-27T23:15:47.432-0500 [DEBUG] [org.gradle.launcher.daemon.server.exec.CleanUpVirtualFileSystemAfterBuild] Cleaning virtual file system after build finished
2026-03-27T23:15:47.433-0500 [DEBUG] [org.gradle.launcher.daemon.server.DefaultIncomingConnectionHandler] Finishing executing command: Build{id=aab1a691-cb99-4fb8-97b5-59b3e27ca7b3, currentDir=C:\Users\sebgo\AndroidStudioProjects\mytaxitravel}
2026-03-27T23:15:47.434-0500 [DEBUG] [org.gradle.launcher.daemon.server.SynchronizedDispatchConnection] thread 283: received class org.gradle.launcher.daemon.protocol.CloseInput
2026-03-27T23:15:47.434-0500 [DEBUG] [org.gradle.launcher.daemon.server.DefaultDaemonConnection] thread 283: Received IO message from client: org.gradle.launcher.daemon.protocol.CloseInput@5294f7f8
2026-03-27T23:15:47.435-0500 [DEBUG] [org.gradle.launcher.daemon.server.SynchronizedDispatchConnection] thread 283: received class org.gradle.launcher.daemon.protocol.Finished
2026-03-27T23:15:47.436-0500 [DEBUG] [org.gradle.launcher.daemon.server.DefaultDaemonConnection] thread 283: Received non-IO message from client: org.gradle.launcher.daemon.protocol.Finished@5c5313da
2026-03-27T23:15:47.436-0500 [DEBUG] [org.gradle.launcher.daemon.server.DefaultIncomingConnectionHandler] Received finished message: org.gradle.launcher.daemon.protocol.Finished@5c5313da
2026-03-27T23:15:47.436-0500 [DEBUG] [org.gradle.launcher.daemon.server.SynchronizedDispatchConnection] thread 282: stopping connection
2026-03-27T23:15:47.436-0500 [DEBUG] [org.gradle.internal.remote.internal.inet.SocketConnection] Discarding EOFException: java.io.EOFException
2026-03-27T23:15:47.437-0500 [DEBUG] [org.gradle.launcher.daemon.server.SynchronizedDispatchConnection] thread 283: received null
2026-03-27T23:15:47.437-0500 [DEBUG] [org.gradle.launcher.daemon.server.DefaultDaemonConnection] thread 283: Received end-of-input from client.
2026-03-27T23:15:47.439-0500 [DEBUG] [org.gradle.launcher.daemon.server.SynchronizedDispatchConnection] thread 282: stopping connection
2026-03-27T23:15:49.538-0500 [DEBUG] [org.gradle.process.internal.health.memory.DefaultMemoryManager] 841566208 physical memory requested, 765390848 free
2026-03-27T23:15:49.538-0500 [DEBUG] [org.gradle.workers.internal.WorkerDaemonExpiration] Will attempt to release 802 of memory
2026-03-27T23:15:49.539-0500 [DEBUG] [org.gradle.process.internal.health.memory.DefaultMemoryManager] 841566208 physical memory requested, 0 released, 765390848 free
2026-03-27T23:15:54.538-0500 [DEBUG] [org.gradle.process.internal.health.memory.DefaultMemoryManager] 841566208 physical memory requested, 741249024 free
2026-03-27T23:15:54.538-0500 [DEBUG] [org.gradle.workers.internal.WorkerDaemonExpiration] Will attempt to release 802 of memory
2026-03-27T23:15:54.538-0500 [DEBUG] [org.gradle.process.internal.health.memory.DefaultMemoryManager] 841566208 physical memory requested, 0 released, 741249024 free
2026-03-27T23:15:56.653-0500 [DEBUG] [org.gradle.cache.internal.DefaultFileLockManager] Waiting to acquire shared lock on daemon addresses registry.
2026-03-27T23:15:56.654-0500 [DEBUG] [org.gradle.cache.internal.DefaultFileLockManager] Lock acquired on daemon addresses registry.
2026-03-27T23:15:56.663-0500 [DEBUG] [org.gradle.cache.internal.DefaultFileLockManager] Releasing lock on daemon addresses registry.
2026-03-27T23:15:56.667-0500 [DEBUG] [org.gradle.cache.internal.DefaultFileLockManager] Waiting to acquire shared lock on daemon addresses registry.
2026-03-27T23:15:56.667-0500 [DEBUG] [org.gradle.cache.internal.DefaultFileLockManager] Lock acquired on daemon addresses registry.
2026-03-27T23:15:56.668-0500 [DEBUG] [org.gradle.cache.internal.DefaultFileLockManager] Releasing lock on daemon addresses registry.
2026-03-27T23:16:06.638-0500 [DEBUG] [org.gradle.cache.internal.DefaultFileLockManager] Waiting to acquire shared lock on daemon addresses registry.
2026-03-27T23:16:06.638-0500 [DEBUG] [org.gradle.cache.internal.DefaultFileLockManager] Lock acquired on daemon addresses registry.
2026-03-27T23:16:06.639-0500 [DEBUG] [org.gradle.cache.internal.DefaultFileLockManager] Releasing lock on daemon addresses registry.
2026-03-27T23:16:06.640-0500 [DEBUG] [org.gradle.cache.internal.DefaultFileLockManager] Waiting to acquire shared lock on daemon addresses registry.
2026-03-27T23:16:06.640-0500 [DEBUG] [org.gradle.cache.internal.DefaultFileLockManager] Lock acquired on daemon addresses registry.
2026-03-27T23:16:06.641-0500 [DEBUG] [org.gradle.cache.internal.DefaultFileLockManager] Releasing lock on daemon addresses registry.
2026-03-27T23:16:06.643-0500 [DEBUG] [org.gradle.cache.internal.DefaultFileLockManager] Waiting to acquire shared lock on daemon addresses registry.
2026-03-27T23:16:06.643-0500 [DEBUG] [org.gradle.cache.internal.DefaultFileLockManager] Lock acquired on daemon addresses registry.
2026-03-27T23:16:06.644-0500 [DEBUG] [org.gradle.cache.internal.DefaultFileLockManager] Releasing lock on daemon addresses registry.
2026-03-27T23:16:14.584-0500 [DEBUG] [sun.rmi.transport.tcp] RMI TCP Connection(6)-127.0.0.1: (port 27155) connection closed
2026-03-27T23:16:14.585-0500 [DEBUG] [sun.rmi.transport.tcp] RMI TCP Connection(6)-127.0.0.1: close connection, socket: Socket[addr=/127.0.0.1,port=8188,localport=27155]
2026-03-27T23:16:14.585-0500 [DEBUG] [sun.rmi.transport.tcp] RMI TCP Connection(6)-127.0.0.1: socket close: Socket[addr=/127.0.0.1,port=8188,localport=27155]
2026-03-27T23:16:15.186-0500 [DEBUG] [sun.rmi.transport.tcp] RMI Scheduler(0): close connection, socket: Socket[addr=localhost/127.0.0.1,port=17738,localport=27087]
2026-03-27T23:16:16.639-0500 [DEBUG] [org.gradle.cache.internal.DefaultFileLockManager] Waiting to acquire shared lock on daemon addresses registry.
2026-03-27T23:16:16.640-0500 [DEBUG] [org.gradle.cache.internal.DefaultFileLockManager] Lock acquired on daemon addresses registry.
2026-03-27T23:16:16.641-0500 [DEBUG] [org.gradle.cache.internal.DefaultFileLockManager] Releasing lock on daemon addresses registry.
2026-03-27T23:16:16.643-0500 [DEBUG] [org.gradle.cache.internal.DefaultFileLockManager] Waiting to acquire shared lock on daemon addresses registry.
2026-03-27T23:16:16.644-0500 [DEBUG] [org.gradle.cache.internal.DefaultFileLockManager] Lock acquired on daemon addresses registry.
2026-03-27T23:16:16.645-0500 [DEBUG] [org.gradle.cache.internal.DefaultFileLockManager] Releasing lock on daemon addresses registry.
2026-03-27T23:16:16.647-0500 [DEBUG] [org.gradle.cache.internal.DefaultFileLockManager] Waiting to acquire shared lock on daemon addresses registry.
2026-03-27T23:16:16.647-0500 [DEBUG] [org.gradle.cache.internal.DefaultFileLockManager] Lock acquired on daemon addresses registry.
2026-03-27T23:16:16.648-0500 [DEBUG] [org.gradle.cache.internal.DefaultFileLockManager] Releasing lock on daemon addresses registry.
2026-03-27T23:16:26.638-0500 [DEBUG] [org.gradle.cache.internal.DefaultFileLockManager] Waiting to acquire shared lock on daemon addresses registry.
2026-03-27T23:16:26.639-0500 [DEBUG] [org.gradle.cache.internal.DefaultFileLockManager] Lock acquired on daemon addresses registry.
2026-03-27T23:16:26.639-0500 [DEBUG] [org.gradle.cache.internal.DefaultFileLockManager] Releasing lock on daemon addresses registry.
2026-03-27T23:16:26.642-0500 [DEBUG] [org.gradle.cache.internal.DefaultFileLockManager] Waiting to acquire shared lock on daemon addresses registry.
2026-03-27T23:16:26.642-0500 [DEBUG] [org.gradle.cache.internal.DefaultFileLockManager] Lock acquired on daemon addresses registry.
2026-03-27T23:16:26.642-0500 [DEBUG] [org.gradle.cache.internal.DefaultFileLockManager] Releasing lock on daemon addresses registry.
2026-03-27T23:16:26.644-0500 [DEBUG] [org.gradle.cache.internal.DefaultFileLockManager] Waiting to acquire shared lock on daemon addresses registry.
2026-03-27T23:16:26.644-0500 [DEBUG] [org.gradle.cache.internal.DefaultFileLockManager] Lock acquired on daemon addresses registry.
2026-03-27T23:16:26.645-0500 [DEBUG] [org.gradle.cache.internal.DefaultFileLockManager] Releasing lock on daemon addresses registry.
2026-03-27T23:16:36.638-0500 [DEBUG] [org.gradle.cache.internal.DefaultFileLockManager] Waiting to acquire shared lock on daemon addresses registry.
2026-03-27T23:16:36.639-0500 [DEBUG] [org.gradle.cache.internal.DefaultFileLockManager] Lock acquired on daemon addresses registry.
2026-03-27T23:16:36.640-0500 [DEBUG] [org.gradle.cache.internal.DefaultFileLockManager] Releasing lock on daemon addresses registry.
2026-03-27T23:16:36.642-0500 [DEBUG] [org.gradle.cache.internal.DefaultFileLockManager] Waiting to acquire shared lock on daemon addresses registry.
2026-03-27T23:16:36.644-0500 [DEBUG] [org.gradle.cache.internal.DefaultFileLockManager] Lock acquired on daemon addresses registry.
2026-03-27T23:16:36.645-0500 [DEBUG] [org.gradle.cache.internal.DefaultFileLockManager] Releasing lock on daemon addresses registry.
2026-03-27T23:16:36.648-0500 [DEBUG] [org.gradle.cache.internal.DefaultFileLockManager] Waiting to acquire shared lock on daemon addresses registry.
2026-03-27T23:16:36.648-0500 [DEBUG] [org.gradle.cache.internal.DefaultFileLockManager] Lock acquired on daemon addresses registry.
2026-03-27T23:16:36.649-0500 [DEBUG] [org.gradle.cache.internal.DefaultFileLockManager] Releasing lock on daemon addresses registry.
2026-03-27T23:16:44.540-0500 [DEBUG] [org.gradle.process.internal.health.memory.DefaultMemoryManager] 841566208 physical memory requested, 793268224 free
2026-03-27T23:16:44.542-0500 [DEBUG] [org.gradle.workers.internal.WorkerDaemonExpiration] Will attempt to release 802 of memory
2026-03-27T23:16:44.542-0500 [DEBUG] [org.gradle.process.internal.health.memory.DefaultMemoryManager] 841566208 physical memory requested, 0 released, 793268224 free
2026-03-27T23:16:46.640-0500 [DEBUG] [org.gradle.cache.internal.DefaultFileLockManager] Waiting to acquire shared lock on daemon addresses registry.
2026-03-27T23:16:46.640-0500 [DEBUG] [org.gradle.cache.internal.DefaultFileLockManager] Lock acquired on daemon addresses registry.
2026-03-27T23:16:46.641-0500 [DEBUG] [org.gradle.cache.internal.DefaultFileLockManager] Releasing lock on daemon addresses registry.
2026-03-27T23:16:46.645-0500 [DEBUG] [org.gradle.cache.internal.DefaultFileLockManager] Waiting to acquire shared lock on daemon addresses registry.
2026-03-27T23:16:46.646-0500 [DEBUG] [org.gradle.cache.internal.DefaultFileLockManager] Lock acquired on daemon addresses registry.
2026-03-27T23:16:46.646-0500 [DEBUG] [org.gradle.cache.internal.DefaultFileLockManager] Releasing lock on daemon addresses registry.
2026-03-27T23:16:46.649-0500 [DEBUG] [org.gradle.cache.internal.DefaultFileLockManager] Waiting to acquire shared lock on daemon addresses registry.
2026-03-27T23:16:46.650-0500 [DEBUG] [org.gradle.cache.internal.DefaultFileLockManager] Lock acquired on daemon addresses registry.
2026-03-27T23:16:46.650-0500 [DEBUG] [org.gradle.cache.internal.DefaultFileLockManager] Releasing lock on daemon addresses registry.
2026-03-27T23:16:49.538-0500 [DEBUG] [org.gradle.process.internal.health.memory.DefaultMemoryManager] 841566208 physical memory requested, 623173632 free
2026-03-27T23:16:49.539-0500 [DEBUG] [org.gradle.workers.internal.WorkerDaemonExpiration] Will attempt to release 802 of memory
2026-03-27T23:16:49.539-0500 [DEBUG] [org.gradle.process.internal.health.memory.DefaultMemoryManager] 841566208 physical memory requested, 0 released, 623173632 free
2026-03-27T23:16:54.539-0500 [DEBUG] [org.gradle.process.internal.health.memory.DefaultMemoryManager] 841566208 physical memory requested, 805376000 free
2026-03-27T23:16:54.540-0500 [DEBUG] [org.gradle.workers.internal.WorkerDaemonExpiration] Will attempt to release 802 of memory
2026-03-27T23:16:54.540-0500 [DEBUG] [org.gradle.process.internal.health.memory.DefaultMemoryManager] 841566208 physical memory requested, 0 released, 805376000 free
2026-03-27T23:16:56.649-0500 [DEBUG] [org.gradle.cache.internal.DefaultFileLockManager] Waiting to acquire shared lock on daemon addresses registry.
2026-03-27T23:16:56.655-0500 [DEBUG] [org.gradle.cache.internal.DefaultFileLockManager] Lock acquired on daemon addresses registry.
2026-03-27T23:16:56.658-0500 [DEBUG] [org.gradle.cache.internal.DefaultFileLockManager] Releasing lock on daemon addresses registry.
2026-03-27T23:16:56.678-0500 [DEBUG] [org.gradle.cache.internal.DefaultFileLockManager] Waiting to acquire shared lock on daemon addresses registry.
2026-03-27T23:16:56.680-0500 [DEBUG] [org.gradle.cache.internal.DefaultFileLockManager] Lock acquired on daemon addresses registry.
2026-03-27T23:16:56.681-0500 [DEBUG] [org.gradle.cache.internal.DefaultFileLockManager] Releasing lock on daemon addresses registry.
2026-03-27T23:16:56.686-0500 [DEBUG] [org.gradle.cache.internal.DefaultFileLockManager] Waiting to acquire shared lock on daemon addresses registry.
2026-03-27T23:16:56.687-0500 [DEBUG] [org.gradle.cache.internal.DefaultFileLockManager] Lock acquired on daemon addresses registry.
2026-03-27T23:16:56.688-0500 [DEBUG] [org.gradle.cache.internal.DefaultFileLockManager] Releasing lock on daemon addresses registry.
2026-03-27T23:17:06.639-0500 [DEBUG] [org.gradle.cache.internal.DefaultFileLockManager] Waiting to acquire shared lock on daemon addresses registry.
2026-03-27T23:17:06.639-0500 [DEBUG] [org.gradle.cache.internal.DefaultFileLockManager] Lock acquired on daemon addresses registry.
2026-03-27T23:17:06.641-0500 [DEBUG] [org.gradle.cache.internal.DefaultFileLockManager] Releasing lock on daemon addresses registry.
2026-03-27T23:17:06.643-0500 [DEBUG] [org.gradle.cache.internal.DefaultFileLockManager] Waiting to acquire shared lock on daemon addresses registry.
2026-03-27T23:17:06.643-0500 [DEBUG] [org.gradle.cache.internal.DefaultFileLockManager] Lock acquired on daemon addresses registry.
2026-03-27T23:17:06.644-0500 [DEBUG] [org.gradle.cache.internal.DefaultFileLockManager] Releasing lock on daemon addresses registry.
2026-03-27T23:17:06.647-0500 [DEBUG] [org.gradle.cache.internal.DefaultFileLockManager] Waiting to acquire shared lock on daemon addresses registry.
2026-03-27T23:17:06.647-0500 [DEBUG] [org.gradle.cache.internal.DefaultFileLockManager] Lock acquired on daemon addresses registry.
2026-03-27T23:17:06.648-0500 [DEBUG] [org.gradle.cache.internal.DefaultFileLockManager] Releasing lock on daemon addresses registry.
2026-03-27T23:17:16.639-0500 [DEBUG] [org.gradle.cache.internal.DefaultFileLockManager] Waiting to acquire shared lock on daemon addresses registry.
2026-03-27T23:17:16.641-0500 [DEBUG] [org.gradle.cache.internal.DefaultFileLockManager] Lock acquired on daemon addresses registry.
2026-03-27T23:17:16.641-0500 [DEBUG] [org.gradle.cache.internal.DefaultFileLockManager] Releasing lock on daemon addresses registry.
2026-03-27T23:17:16.643-0500 [DEBUG] [org.gradle.cache.internal.DefaultFileLockManager] Waiting to acquire shared lock on daemon addresses registry.
2026-03-27T23:17:16.643-0500 [DEBUG] [org.gradle.cache.internal.DefaultFileLockManager] Lock acquired on daemon addresses registry.
2026-03-27T23:17:16.643-0500 [DEBUG] [org.gradle.cache.internal.DefaultFileLockManager] Releasing lock on daemon addresses registry.
2026-03-27T23:17:16.645-0500 [DEBUG] [org.gradle.cache.internal.DefaultFileLockManager] Waiting to acquire shared lock on daemon addresses registry.
2026-03-27T23:17:16.649-0500 [DEBUG] [org.gradle.cache.internal.DefaultFileLockManager] Lock acquired on daemon addresses registry.
2026-03-27T23:17:16.650-0500 [DEBUG] [org.gradle.cache.internal.DefaultFileLockManager] Releasing lock on daemon addresses registry.
2026-03-27T23:17:24.549-0500 [DEBUG] [org.gradle.process.internal.health.memory.DefaultMemoryManager] 841566208 physical memory requested, 476966912 free
2026-03-27T23:17:24.566-0500 [DEBUG] [org.gradle.workers.internal.WorkerDaemonExpiration] Will attempt to release 802 of memory
2026-03-27T23:17:24.566-0500 [DEBUG] [org.gradle.process.internal.health.memory.DefaultMemoryManager] 841566208 physical memory requested, 0 released, 476966912 free
2026-03-27T23:17:26.641-0500 [DEBUG] [org.gradle.cache.internal.DefaultFileLockManager] Waiting to acquire shared lock on daemon addresses registry.
2026-03-27T23:17:26.641-0500 [DEBUG] [org.gradle.cache.internal.DefaultFileLockManager] Lock acquired on daemon addresses registry.
2026-03-27T23:17:26.642-0500 [DEBUG] [org.gradle.cache.internal.DefaultFileLockManager] Releasing lock on daemon addresses registry.
2026-03-27T23:17:26.646-0500 [DEBUG] [org.gradle.cache.internal.DefaultFileLockManager] Waiting to acquire shared lock on daemon addresses registry.
2026-03-27T23:17:26.647-0500 [DEBUG] [org.gradle.cache.internal.DefaultFileLockManager] Lock acquired on daemon addresses registry.
2026-03-27T23:17:26.647-0500 [DEBUG] [org.gradle.cache.internal.DefaultFileLockManager] Releasing lock on daemon addresses registry.
2026-03-27T23:17:26.650-0500 [DEBUG] [org.gradle.cache.internal.DefaultFileLockManager] Waiting to acquire shared lock on daemon addresses registry.
2026-03-27T23:17:26.650-0500 [DEBUG] [org.gradle.cache.internal.DefaultFileLockManager] Lock acquired on daemon addresses registry.
2026-03-27T23:17:26.652-0500 [DEBUG] [org.gradle.cache.internal.DefaultFileLockManager] Releasing lock on daemon addresses registry.
2026-03-27T23:17:29.545-0500 [DEBUG] [org.gradle.process.internal.health.memory.DefaultMemoryManager] 841566208 physical memory requested, 712757248 free
2026-03-27T23:17:29.545-0500 [DEBUG] [org.gradle.workers.internal.WorkerDaemonExpiration] Will attempt to release 802 of memory
2026-03-27T23:17:29.545-0500 [DEBUG] [org.gradle.process.internal.health.memory.DefaultMemoryManager] 841566208 physical memory requested, 0 released, 712757248 free
2026-03-27T23:17:34.546-0500 [DEBUG] [org.gradle.process.internal.health.memory.DefaultMemoryManager] 841566208 physical memory requested, 712712192 free
2026-03-27T23:17:34.546-0500 [DEBUG] [org.gradle.workers.internal.WorkerDaemonExpiration] Will attempt to release 802 of memory
2026-03-27T23:17:34.547-0500 [DEBUG] [org.gradle.process.internal.health.memory.DefaultMemoryManager] 841566208 physical memory requested, 0 released, 712712192 free
2026-03-27T23:17:36.653-0500 [DEBUG] [org.gradle.cache.internal.DefaultFileLockManager] Waiting to acquire shared lock on daemon addresses registry.
2026-03-27T23:17:36.654-0500 [DEBUG] [org.gradle.cache.internal.DefaultFileLockManager] Lock acquired on daemon addresses registry.
2026-03-27T23:17:36.655-0500 [DEBUG] [org.gradle.cache.internal.DefaultFileLockManager] Releasing lock on daemon addresses registry.
2026-03-27T23:17:36.658-0500 [DEBUG] [org.gradle.cache.internal.DefaultFileLockManager] Waiting to acquire shared lock on daemon addresses registry.
2026-03-27T23:17:36.660-0500 [DEBUG] [org.gradle.cache.internal.DefaultFileLockManager] Lock acquired on daemon addresses registry.
2026-03-27T23:17:36.661-0500 [DEBUG] [org.gradle.cache.internal.DefaultFileLockManager] Releasing lock on daemon addresses registry.
2026-03-27T23:17:36.664-0500 [DEBUG] [org.gradle.cache.internal.DefaultFileLockManager] Waiting to acquire shared lock on daemon addresses registry.
2026-03-27T23:17:36.664-0500 [DEBUG] [org.gradle.cache.internal.DefaultFileLockManager] Lock acquired on daemon addresses registry.
2026-03-27T23:17:36.665-0500 [DEBUG] [org.gradle.cache.internal.DefaultFileLockManager] Releasing lock on daemon addresses registry.
2026-03-27T23:17:46.648-0500 [DEBUG] [org.gradle.cache.internal.DefaultFileLockManager] Waiting to acquire shared lock on daemon addresses registry.
2026-03-27T23:17:46.648-0500 [DEBUG] [org.gradle.cache.internal.DefaultFileLockManager] Lock acquired on daemon addresses registry.
2026-03-27T23:17:46.649-0500 [DEBUG] [org.gradle.cache.internal.DefaultFileLockManager] Releasing lock on daemon addresses registry.
2026-03-27T23:17:46.651-0500 [DEBUG] [org.gradle.cache.internal.DefaultFileLockManager] Waiting to acquire shared lock on daemon addresses registry.
2026-03-27T23:17:46.651-0500 [DEBUG] [org.gradle.cache.internal.DefaultFileLockManager] Lock acquired on daemon addresses registry.
2026-03-27T23:17:46.655-0500 [DEBUG] [org.gradle.cache.internal.DefaultFileLockManager] Releasing lock on daemon addresses registry.
2026-03-27T23:17:46.656-0500 [DEBUG] [org.gradle.cache.internal.DefaultFileLockManager] Waiting to acquire shared lock on daemon addresses registry.
2026-03-27T23:17:46.656-0500 [DEBUG] [org.gradle.cache.internal.DefaultFileLockManager] Lock acquired on daemon addresses registry.
2026-03-27T23:17:46.657-0500 [DEBUG] [org.gradle.cache.internal.DefaultFileLockManager] Releasing lock on daemon addresses registry.
2026-03-27T23:17:56.644-0500 [DEBUG] [org.gradle.cache.internal.DefaultFileLockManager] Waiting to acquire shared lock on daemon addresses registry.
2026-03-27T23:17:56.645-0500 [DEBUG] [org.gradle.cache.internal.DefaultFileLockManager] Lock acquired on daemon addresses registry.
2026-03-27T23:17:56.654-0500 [DEBUG] [org.gradle.cache.internal.DefaultFileLockManager] Releasing lock on daemon addresses registry.
2026-03-27T23:17:56.655-0500 [DEBUG] [org.gradle.cache.internal.DefaultFileLockManager] Waiting to acquire shared lock on daemon addresses registry.
2026-03-27T23:17:56.655-0500 [DEBUG] [org.gradle.cache.internal.DefaultFileLockManager] Lock acquired on daemon addresses registry.
2026-03-27T23:17:56.663-0500 [DEBUG] [org.gradle.cache.internal.DefaultFileLockManager] Releasing lock on daemon addresses registry.
2026-03-27T23:17:56.665-0500 [DEBUG] [org.gradle.cache.internal.DefaultFileLockManager] Waiting to acquire shared lock on daemon addresses registry.
2026-03-27T23:17:56.665-0500 [DEBUG] [org.gradle.cache.internal.DefaultFileLockManager] Lock acquired on daemon addresses registry.
2026-03-27T23:17:56.665-0500 [DEBUG] [org.gradle.cache.internal.DefaultFileLockManager] Releasing lock on daemon addresses registry.
2026-03-27T23:18:06.653-0500 [DEBUG] [org.gradle.cache.internal.DefaultFileLockManager] Waiting to acquire shared lock on daemon addresses registry.
2026-03-27T23:18:06.654-0500 [DEBUG] [org.gradle.cache.internal.DefaultFileLockManager] Lock acquired on daemon addresses registry.
2026-03-27T23:18:06.656-0500 [DEBUG] [org.gradle.cache.internal.DefaultFileLockManager] Releasing lock on daemon addresses registry.
2026-03-27T23:18:06.662-0500 [DEBUG] [org.gradle.cache.internal.DefaultFileLockManager] Waiting to acquire shared lock on daemon addresses registry.
2026-03-27T23:18:06.663-0500 [DEBUG] [org.gradle.cache.internal.DefaultFileLockManager] Lock acquired on daemon addresses registry.
2026-03-27T23:18:06.664-0500 [DEBUG] [org.gradle.cache.internal.DefaultFileLockManager] Releasing lock on daemon addresses registry.
2026-03-27T23:18:06.670-0500 [DEBUG] [org.gradle.cache.internal.DefaultFileLockManager] Waiting to acquire shared lock on daemon addresses registry.
2026-03-27T23:18:06.671-0500 [DEBUG] [org.gradle.cache.internal.DefaultFileLockManager] Lock acquired on daemon addresses registry.
2026-03-27T23:18:06.674-0500 [DEBUG] [org.gradle.cache.internal.DefaultFileLockManager] Releasing lock on daemon addresses registry.
2026-03-27T23:18:16.650-0500 [DEBUG] [org.gradle.cache.internal.DefaultFileLockManager] Waiting to acquire shared lock on daemon addresses registry.
2026-03-27T23:18:16.650-0500 [DEBUG] [org.gradle.cache.internal.DefaultFileLockManager] Lock acquired on daemon addresses registry.
2026-03-27T23:18:16.651-0500 [DEBUG] [org.gradle.cache.internal.DefaultFileLockManager] Releasing lock on daemon addresses registry.
2026-03-27T23:18:16.652-0500 [DEBUG] [org.gradle.cache.internal.DefaultFileLockManager] Waiting to acquire shared lock on daemon addresses registry.
2026-03-27T23:18:16.653-0500 [DEBUG] [org.gradle.cache.internal.DefaultFileLockManager] Lock acquired on daemon addresses registry.
2026-03-27T23:18:16.653-0500 [DEBUG] [org.gradle.cache.internal.DefaultFileLockManager] Releasing lock on daemon addresses registry.
2026-03-27T23:18:16.655-0500 [DEBUG] [org.gradle.cache.internal.DefaultFileLockManager] Waiting to acquire shared lock on daemon addresses registry.
2026-03-27T23:18:16.655-0500 [DEBUG] [org.gradle.cache.internal.DefaultFileLockManager] Lock acquired on daemon addresses registry.
2026-03-27T23:18:16.655-0500 [DEBUG] [org.gradle.cache.internal.DefaultFileLockManager] Releasing lock on daemon addresses registry.
2026-03-27T23:18:17.427-0500 [DEBUG] [org.gradle.internal.watch.vfs.impl.WatchingVirtualFileSystem] Handling VFS change CREATED C:\Users\sebgo\AndroidStudioProjects\mytaxitravel\app\src\main\java\com\workpro\mytaxitravel\Home.kt~
2026-03-27T23:18:17.475-0500 [DEBUG] [org.gradle.internal.watch.vfs.impl.WatchingVirtualFileSystem] Handling VFS change MODIFIED C:\Users\sebgo\AndroidStudioProjects\mytaxitravel\app\src\main\java\com\workpro\mytaxitravel\Home.kt
2026-03-27T23:18:26.653-0500 [DEBUG] [org.gradle.cache.internal.DefaultFileLockManager] Waiting to acquire shared lock on daemon addresses registry.
2026-03-27T23:18:26.655-0500 [DEBUG] [org.gradle.cache.internal.DefaultFileLockManager] Lock acquired on daemon addresses registry.
2026-03-27T23:18:26.657-0500 [DEBUG] [org.gradle.cache.internal.DefaultFileLockManager] Releasing lock on daemon addresses registry.
2026-03-27T23:18:26.662-0500 [DEBUG] [org.gradle.cache.internal.DefaultFileLockManager] Waiting to acquire shared lock on daemon addresses registry.
2026-03-27T23:18:26.662-0500 [DEBUG] [org.gradle.cache.internal.DefaultFileLockManager] Lock acquired on daemon addresses registry.
2026-03-27T23:18:26.663-0500 [DEBUG] [org.gradle.cache.internal.DefaultFileLockManager] Releasing lock on daemon addresses registry.
2026-03-27T23:18:26.665-0500 [DEBUG] [org.gradle.cache.internal.DefaultFileLockManager] Waiting to acquire shared lock on daemon addresses registry.
2026-03-27T23:18:26.665-0500 [DEBUG] [org.gradle.cache.internal.DefaultFileLockManager] Lock acquired on daemon addresses registry.
2026-03-27T23:18:26.666-0500 [DEBUG] [org.gradle.cache.internal.DefaultFileLockManager] Releasing lock on daemon addresses registry.
2026-03-27T23:18:36.647-0500 [DEBUG] [org.gradle.cache.internal.DefaultFileLockManager] Waiting to acquire shared lock on daemon addresses registry.
2026-03-27T23:18:36.647-0500 [DEBUG] [org.gradle.cache.internal.DefaultFileLockManager] Lock acquired on daemon addresses registry.
2026-03-27T23:18:36.648-0500 [DEBUG] [org.gradle.cache.internal.DefaultFileLockManager] Releasing lock on daemon addresses registry.
2026-03-27T23:18:36.649-0500 [DEBUG] [org.gradle.cache.internal.DefaultFileLockManager] Waiting to acquire shared lock on daemon addresses registry.
2026-03-27T23:18:36.649-0500 [DEBUG] [org.gradle.cache.internal.DefaultFileLockManager] Lock acquired on daemon addresses registry.
2026-03-27T23:18:36.650-0500 [DEBUG] [org.gradle.cache.internal.DefaultFileLockManager] Releasing lock on daemon addresses registry.
2026-03-27T23:18:36.651-0500 [DEBUG] [org.gradle.cache.internal.DefaultFileLockManager] Waiting to acquire shared lock on daemon addresses registry.
2026-03-27T23:18:36.651-0500 [DEBUG] [org.gradle.cache.internal.DefaultFileLockManager] Lock acquired on daemon addresses registry.
2026-03-27T23:18:36.652-0500 [DEBUG] [org.gradle.cache.internal.DefaultFileLockManager] Releasing lock on daemon addresses registry.
2026-03-27T23:18:46.651-0500 [DEBUG] [org.gradle.cache.internal.DefaultFileLockManager] Waiting to acquire shared lock on daemon addresses registry.
2026-03-27T23:18:46.651-0500 [DEBUG] [org.gradle.cache.internal.DefaultFileLockManager] Lock acquired on daemon addresses registry.
2026-03-27T23:18:46.652-0500 [DEBUG] [org.gradle.cache.internal.DefaultFileLockManager] Releasing lock on daemon addresses registry.
2026-03-27T23:18:46.657-0500 [DEBUG] [org.gradle.cache.internal.DefaultFileLockManager] Waiting to acquire shared lock on daemon addresses registry.
2026-03-27T23:18:46.657-0500 [DEBUG] [org.gradle.cache.internal.DefaultFileLockManager] Lock acquired on daemon addresses registry.
2026-03-27T23:18:46.658-0500 [DEBUG] [org.gradle.cache.internal.DefaultFileLockManager] Releasing lock on daemon addresses registry.
2026-03-27T23:18:46.661-0500 [DEBUG] [org.gradle.cache.internal.DefaultFileLockManager] Waiting to acquire shared lock on daemon addresses registry.
2026-03-27T23:18:46.665-0500 [DEBUG] [org.gradle.cache.internal.DefaultFileLockManager] Lock acquired on daemon addresses registry.
2026-03-27T23:18:46.665-0500 [DEBUG] [org.gradle.cache.internal.DefaultFileLockManager] Releasing lock on daemon addresses registry.
2026-03-27T23:18:56.643-0500 [DEBUG] [org.gradle.cache.internal.DefaultFileLockManager] Waiting to acquire shared lock on daemon addresses registry.
2026-03-27T23:18:56.644-0500 [DEBUG] [org.gradle.cache.internal.DefaultFileLockManager] Lock acquired on daemon addresses registry.
2026-03-27T23:18:56.646-0500 [DEBUG] [org.gradle.cache.internal.DefaultFileLockManager] Releasing lock on daemon addresses registry.
2026-03-27T23:18:56.651-0500 [DEBUG] [org.gradle.cache.internal.DefaultFileLockManager] Waiting to acquire shared lock on daemon addresses registry.
2026-03-27T23:18:56.652-0500 [DEBUG] [org.gradle.cache.internal.DefaultFileLockManager] Lock acquired on daemon addresses registry.
2026-03-27T23:18:56.653-0500 [DEBUG] [org.gradle.cache.internal.DefaultFileLockManager] Releasing lock on daemon addresses registry.
2026-03-27T23:18:56.658-0500 [DEBUG] [org.gradle.cache.internal.DefaultFileLockManager] Waiting to acquire shared lock on daemon addresses registry.
2026-03-27T23:18:56.683-0500 [DEBUG] [org.gradle.cache.internal.DefaultFileLockManager] Lock acquired on daemon addresses registry.
2026-03-27T23:18:56.685-0500 [DEBUG] [org.gradle.cache.internal.DefaultFileLockManager] Releasing lock on daemon addresses registry.
2026-03-27T23:19:06.653-0500 [DEBUG] [org.gradle.cache.internal.DefaultFileLockManager] Waiting to acquire shared lock on daemon addresses registry.
2026-03-27T23:19:06.653-0500 [DEBUG] [org.gradle.cache.internal.DefaultFileLockManager] Lock acquired on daemon addresses registry.
2026-03-27T23:19:06.654-0500 [DEBUG] [org.gradle.cache.internal.DefaultFileLockManager] Releasing lock on daemon addresses registry.
2026-03-27T23:19:06.656-0500 [DEBUG] [org.gradle.cache.internal.DefaultFileLockManager] Waiting to acquire shared lock on daemon addresses registry.
2026-03-27T23:19:06.657-0500 [DEBUG] [org.gradle.cache.internal.DefaultFileLockManager] Lock acquired on daemon addresses registry.
2026-03-27T23:19:06.657-0500 [DEBUG] [org.gradle.cache.internal.DefaultFileLockManager] Releasing lock on daemon addresses registry.
2026-03-27T23:19:06.659-0500 [DEBUG] [org.gradle.cache.internal.DefaultFileLockManager] Waiting to acquire shared lock on daemon addresses registry.
2026-03-27T23:19:06.659-0500 [DEBUG] [org.gradle.cache.internal.DefaultFileLockManager] Lock acquired on daemon addresses registry.
2026-03-27T23:19:06.660-0500 [DEBUG] [org.gradle.cache.internal.DefaultFileLockManager] Releasing lock on daemon addresses registry.
2026-03-27T23:19:16.645-0500 [DEBUG] [org.gradle.cache.internal.DefaultFileLockManager] Waiting to acquire shared lock on daemon addresses registry.
2026-03-27T23:19:16.645-0500 [DEBUG] [org.gradle.cache.internal.DefaultFileLockManager] Lock acquired on daemon addresses registry.
2026-03-27T23:19:16.645-0500 [DEBUG] [org.gradle.cache.internal.DefaultFileLockManager] Releasing lock on daemon addresses registry.
2026-03-27T23:19:16.657-0500 [DEBUG] [org.gradle.cache.internal.DefaultFileLockManager] Waiting to acquire shared lock on daemon addresses registry.
2026-03-27T23:19:16.657-0500 [DEBUG] [org.gradle.cache.internal.DefaultFileLockManager] Lock acquired on daemon addresses registry.
2026-03-27T23:19:16.658-0500 [DEBUG] [org.gradle.cache.internal.DefaultFileLockManager] Releasing lock on daemon addresses registry.
2026-03-27T23:19:16.660-0500 [DEBUG] [org.gradle.cache.internal.DefaultFileLockManager] Waiting to acquire shared lock on daemon addresses registry.
2026-03-27T23:19:16.660-0500 [DEBUG] [org.gradle.cache.internal.DefaultFileLockManager] Lock acquired on daemon addresses registry.
2026-03-27T23:19:16.660-0500 [DEBUG] [org.gradle.cache.internal.DefaultFileLockManager] Releasing lock on daemon addresses registry.
2026-03-27T23:19:26.640-0500 [DEBUG] [org.gradle.cache.internal.DefaultFileLockManager] Waiting to acquire shared lock on daemon addresses registry.
2026-03-27T23:19:26.641-0500 [DEBUG] [org.gradle.cache.internal.DefaultFileLockManager] Lock acquired on daemon addresses registry.
2026-03-27T23:19:26.642-0500 [DEBUG] [org.gradle.cache.internal.DefaultFileLockManager] Releasing lock on daemon addresses registry.
2026-03-27T23:19:26.646-0500 [DEBUG] [org.gradle.cache.internal.DefaultFileLockManager] Waiting to acquire shared lock on daemon addresses registry.
2026-03-27T23:19:26.647-0500 [DEBUG] [org.gradle.cache.internal.DefaultFileLockManager] Lock acquired on daemon addresses registry.
2026-03-27T23:19:26.648-0500 [DEBUG] [org.gradle.cache.internal.DefaultFileLockManager] Releasing lock on daemon addresses registry.
2026-03-27T23:19:26.651-0500 [DEBUG] [org.gradle.cache.internal.DefaultFileLockManager] Waiting to acquire shared lock on daemon addresses registry.
2026-03-27T23:19:26.652-0500 [DEBUG] [org.gradle.cache.internal.DefaultFileLockManager] Lock acquired on daemon addresses registry.
2026-03-27T23:19:26.652-0500 [DEBUG] [org.gradle.cache.internal.DefaultFileLockManager] Releasing lock on daemon addresses registry.
2026-03-27T23:19:36.640-0500 [DEBUG] [org.gradle.cache.internal.DefaultFileLockManager] Waiting to acquire shared lock on daemon addresses registry.
2026-03-27T23:19:36.641-0500 [DEBUG] [org.gradle.cache.internal.DefaultFileLockManager] Lock acquired on daemon addresses registry.
2026-03-27T23:19:36.642-0500 [DEBUG] [org.gradle.cache.internal.DefaultFileLockManager] Releasing lock on daemon addresses registry.
2026-03-27T23:19:36.646-0500 [DEBUG] [org.gradle.cache.internal.DefaultFileLockManager] Waiting to acquire shared lock on daemon addresses registry.
2026-03-27T23:19:36.646-0500 [DEBUG] [org.gradle.cache.internal.DefaultFileLockManager] Lock acquired on daemon addresses registry.
2026-03-27T23:19:36.647-0500 [DEBUG] [org.gradle.cache.internal.DefaultFileLockManager] Releasing lock on daemon addresses registry.
2026-03-27T23:19:36.651-0500 [DEBUG] [org.gradle.cache.internal.DefaultFileLockManager] Waiting to acquire shared lock on daemon addresses registry.
2026-03-27T23:19:36.651-0500 [DEBUG] [org.gradle.cache.internal.DefaultFileLockManager] Lock acquired on daemon addresses registry.
2026-03-27T23:19:36.653-0500 [DEBUG] [org.gradle.cache.internal.DefaultFileLockManager] Releasing lock on daemon addresses registry.
2026-03-27T23:19:46.641-0500 [DEBUG] [org.gradle.cache.internal.DefaultFileLockManager] Waiting to acquire shared lock on daemon addresses registry.
2026-03-27T23:19:46.642-0500 [DEBUG] [org.gradle.cache.internal.DefaultFileLockManager] Lock acquired on daemon addresses registry.
2026-03-27T23:19:46.644-0500 [DEBUG] [org.gradle.cache.internal.DefaultFileLockManager] Releasing lock on daemon addresses registry.
2026-03-27T23:19:46.650-0500 [DEBUG] [org.gradle.cache.internal.DefaultFileLockManager] Waiting to acquire shared lock on daemon addresses registry.
2026-03-27T23:19:46.651-0500 [DEBUG] [org.gradle.cache.internal.DefaultFileLockManager] Lock acquired on daemon addresses registry.
2026-03-27T23:19:46.652-0500 [DEBUG] [org.gradle.cache.internal.DefaultFileLockManager] Releasing lock on daemon addresses registry.
2026-03-27T23:19:46.657-0500 [DEBUG] [org.gradle.cache.internal.DefaultFileLockManager] Waiting to acquire shared lock on daemon addresses registry.
2026-03-27T23:19:46.657-0500 [DEBUG] [org.gradle.cache.internal.DefaultFileLockManager] Lock acquired on daemon addresses registry.
2026-03-27T23:19:46.659-0500 [DEBUG] [org.gradle.cache.internal.DefaultFileLockManager] Releasing lock on daemon addresses registry.
2026-03-27T23:19:56.639-0500 [DEBUG] [org.gradle.cache.internal.DefaultFileLockManager] Waiting to acquire shared lock on daemon addresses registry.
2026-03-27T23:19:56.639-0500 [DEBUG] [org.gradle.cache.internal.DefaultFileLockManager] Lock acquired on daemon addresses registry.
2026-03-27T23:19:56.639-0500 [DEBUG] [org.gradle.cache.internal.DefaultFileLockManager] Releasing lock on daemon addresses registry.
2026-03-27T23:19:56.640-0500 [DEBUG] [org.gradle.cache.internal.DefaultFileLockManager] Waiting to acquire shared lock on daemon addresses registry.
2026-03-27T23:19:56.640-0500 [DEBUG] [org.gradle.cache.internal.DefaultFileLockManager] Lock acquired on daemon addresses registry.
2026-03-27T23:19:56.641-0500 [DEBUG] [org.gradle.cache.internal.DefaultFileLockManager] Releasing lock on daemon addresses registry.
2026-03-27T23:19:56.642-0500 [DEBUG] [org.gradle.cache.internal.DefaultFileLockManager] Waiting to acquire shared lock on daemon addresses registry.
2026-03-27T23:19:56.642-0500 [DEBUG] [org.gradle.cache.internal.DefaultFileLockManager] Lock acquired on daemon addresses registry.
2026-03-27T23:19:56.643-0500 [DEBUG] [org.gradle.cache.internal.DefaultFileLockManager] Releasing lock on daemon addresses registry.
2026-03-27T23:20:06.642-0500 [DEBUG] [org.gradle.cache.internal.DefaultFileLockManager] Waiting to acquire shared lock on daemon addresses registry.
2026-03-27T23:20:06.643-0500 [DEBUG] [org.gradle.cache.internal.DefaultFileLockManager] Lock acquired on daemon addresses registry.
2026-03-27T23:20:06.644-0500 [DEBUG] [org.gradle.cache.internal.DefaultFileLockManager] Releasing lock on daemon addresses registry.
2026-03-27T23:20:06.649-0500 [DEBUG] [org.gradle.cache.internal.DefaultFileLockManager] Waiting to acquire shared lock on daemon addresses registry.
2026-03-27T23:20:06.650-0500 [DEBUG] [org.gradle.cache.internal.DefaultFileLockManager] Lock acquired on daemon addresses registry.
2026-03-27T23:20:06.651-0500 [DEBUG] [org.gradle.cache.internal.DefaultFileLockManager] Releasing lock on daemon addresses registry.
2026-03-27T23:20:06.656-0500 [DEBUG] [org.gradle.cache.internal.DefaultFileLockManager] Waiting to acquire shared lock on daemon addresses registry.
2026-03-27T23:20:06.657-0500 [DEBUG] [org.gradle.cache.internal.DefaultFileLockManager] Lock acquired on daemon addresses registry.
2026-03-27T23:20:06.658-0500 [DEBUG] [org.gradle.cache.internal.DefaultFileLockManager] Releasing lock on daemon addresses registry.
2026-03-27T23:20:16.638-0500 [DEBUG] [org.gradle.cache.internal.DefaultFileLockManager] Waiting to acquire shared lock on daemon addresses registry.
2026-03-27T23:20:16.638-0500 [DEBUG] [org.gradle.cache.internal.DefaultFileLockManager] Lock acquired on daemon addresses registry.
2026-03-27T23:20:16.641-0500 [DEBUG] [org.gradle.cache.internal.DefaultFileLockManager] Releasing lock on daemon addresses registry.
2026-03-27T23:20:16.643-0500 [DEBUG] [org.gradle.cache.internal.DefaultFileLockManager] Waiting to acquire shared lock on daemon addresses registry.
2026-03-27T23:20:16.643-0500 [DEBUG] [org.gradle.cache.internal.DefaultFileLockManager] Lock acquired on daemon addresses registry.
2026-03-27T23:20:16.643-0500 [DEBUG] [org.gradle.cache.internal.DefaultFileLockManager] Releasing lock on daemon addresses registry.
2026-03-27T23:20:16.644-0500 [DEBUG] [org.gradle.cache.internal.DefaultFileLockManager] Waiting to acquire shared lock on daemon addresses registry.
2026-03-27T23:20:16.644-0500 [DEBUG] [org.gradle.cache.internal.DefaultFileLockManager] Lock acquired on daemon addresses registry.
2026-03-27T23:20:16.645-0500 [DEBUG] [org.gradle.cache.internal.DefaultFileLockManager] Releasing lock on daemon addresses registry.
2026-03-27T23:20:22.031-0500 [DEBUG] [sun.rmi.client.ref] RMI RenewClean-[127.0.0.1:17738,org.jetbrains.kotlin.daemon.common.LoopbackNetworkInterface$ClientLoopbackSocketFactory@66252a0b]: get connection
2026-03-27T23:20:22.033-0500 [DEBUG] [sun.rmi.transport.tcp] RMI RenewClean-[127.0.0.1:17738,org.jetbrains.kotlin.daemon.common.LoopbackNetworkInterface$ClientLoopbackSocketFactory@66252a0b]: create connection
2026-03-27T23:20:22.185-0500 [DEBUG] [sun.rmi.loader] RMI RenewClean-[127.0.0.1:17738,org.jetbrains.kotlin.daemon.common.LoopbackNetworkInterface$ClientLoopbackSocketFactory@66252a0b]: name = "java.rmi.dgc.Lease", codebase = "", defaultLoader = jdk.internal.loader.ClassLoaders$PlatformClassLoader@65311715
2026-03-27T23:20:22.192-0500 [DEBUG] [sun.rmi.loader] RMI RenewClean-[127.0.0.1:17738,org.jetbrains.kotlin.daemon.common.LoopbackNetworkInterface$ClientLoopbackSocketFactory@66252a0b]: name = "java.rmi.dgc.VMID", codebase = "", defaultLoader = jdk.internal.loader.ClassLoaders$PlatformClassLoader@65311715
2026-03-27T23:20:22.193-0500 [DEBUG] [sun.rmi.loader] RMI RenewClean-[127.0.0.1:17738,org.jetbrains.kotlin.daemon.common.LoopbackNetworkInterface$ClientLoopbackSocketFactory@66252a0b]: name = "[B", codebase = "", defaultLoader = jdk.internal.loader.ClassLoaders$PlatformClassLoader@65311715
2026-03-27T23:20:22.196-0500 [DEBUG] [sun.rmi.loader] RMI RenewClean-[127.0.0.1:17738,org.jetbrains.kotlin.daemon.common.LoopbackNetworkInterface$ClientLoopbackSocketFactory@66252a0b]: name = "java.rmi.server.UID", codebase = "", defaultLoader = jdk.internal.loader.ClassLoaders$PlatformClassLoader@65311715
2026-03-27T23:20:22.198-0500 [DEBUG] [sun.rmi.client.ref] RMI RenewClean-[127.0.0.1:17738,org.jetbrains.kotlin.daemon.common.LoopbackNetworkInterface$ClientLoopbackSocketFactory@66252a0b]: free connection (reuse = true)
2026-03-27T23:20:22.201-0500 [DEBUG] [sun.rmi.transport.tcp] RMI RenewClean-[127.0.0.1:17738,org.jetbrains.kotlin.daemon.common.LoopbackNetworkInterface$ClientLoopbackSocketFactory@66252a0b]: reuse connection
2026-03-27T23:20:22.201-0500 [DEBUG] [sun.rmi.transport.tcp] RMI RenewClean-[127.0.0.1:17738,org.jetbrains.kotlin.daemon.common.LoopbackNetworkInterface$ClientLoopbackSocketFactory@66252a0b]: create reaper
2026-03-27T23:20:22.256-0500 [DEBUG] [sun.rmi.transport.tcp] RMI TCP Connection(7)-127.0.0.1: accepted socket from [127.0.0.1:8301]
2026-03-27T23:20:22.260-0500 [DEBUG] [sun.rmi.transport.tcp] RMI TCP Connection(7)-127.0.0.1: (port 27155) op = 80
2026-03-27T23:20:22.262-0500 [DEBUG] [sun.rmi.loader] RMI TCP Connection(7)-127.0.0.1: name = "[Ljava.rmi.server.ObjID;", codebase = "", defaultLoader = jdk.internal.loader.ClassLoaders$PlatformClassLoader@65311715
2026-03-27T23:20:22.263-0500 [DEBUG] [sun.rmi.loader] RMI TCP Connection(7)-127.0.0.1: name = "java.rmi.dgc.Lease", codebase = "", defaultLoader = jdk.internal.loader.ClassLoaders$PlatformClassLoader@65311715
2026-03-27T23:20:22.263-0500 [DEBUG] [sun.rmi.loader] RMI TCP Connection(7)-127.0.0.1: name = "java.rmi.dgc.VMID", codebase = "", defaultLoader = jdk.internal.loader.ClassLoaders$PlatformClassLoader@65311715
2026-03-27T23:20:22.263-0500 [DEBUG] [sun.rmi.loader] RMI TCP Connection(7)-127.0.0.1: name = "[B", codebase = "", defaultLoader = jdk.internal.loader.ClassLoaders$PlatformClassLoader@65311715
2026-03-27T23:20:22.264-0500 [DEBUG] [sun.rmi.loader] RMI TCP Connection(7)-127.0.0.1: name = "java.rmi.server.UID", codebase = "", defaultLoader = jdk.internal.loader.ClassLoaders$PlatformClassLoader@65311715
2026-03-27T23:20:26.640-0500 [DEBUG] [org.gradle.cache.internal.DefaultFileLockManager] Waiting to acquire shared lock on daemon addresses registry.
2026-03-27T23:20:26.641-0500 [DEBUG] [org.gradle.cache.internal.DefaultFileLockManager] Lock acquired on daemon addresses registry.
2026-03-27T23:20:26.643-0500 [DEBUG] [org.gradle.cache.internal.DefaultFileLockManager] Releasing lock on daemon addresses registry.
2026-03-27T23:20:26.648-0500 [DEBUG] [org.gradle.cache.internal.DefaultFileLockManager] Waiting to acquire shared lock on daemon addresses registry.
2026-03-27T23:20:26.649-0500 [DEBUG] [org.gradle.cache.internal.DefaultFileLockManager] Lock acquired on daemon addresses registry.
2026-03-27T23:20:26.650-0500 [DEBUG] [org.gradle.cache.internal.DefaultFileLockManager] Releasing lock on daemon addresses registry.
2026-03-27T23:20:26.652-0500 [DEBUG] [org.gradle.cache.internal.DefaultFileLockManager] Waiting to acquire shared lock on daemon addresses registry.
2026-03-27T23:20:26.653-0500 [DEBUG] [org.gradle.cache.internal.DefaultFileLockManager] Lock acquired on daemon addresses registry.
2026-03-27T23:20:26.653-0500 [DEBUG] [org.gradle.cache.internal.DefaultFileLockManager] Releasing lock on daemon addresses registry.
2026-03-27T23:20:31.565-0500 [DEBUG] [org.gradle.internal.watch.vfs.impl.WatchingVirtualFileSystem] Handling VFS change MODIFIED C:\Users\sebgo\AndroidStudioProjects\mytaxitravel\app\src\main\java\com\workpro\mytaxitravel\usuario.kt
2026-03-27T23:20:36.639-0500 [DEBUG] [org.gradle.cache.internal.DefaultFileLockManager] Waiting to acquire shared lock on daemon addresses registry.
2026-03-27T23:20:36.640-0500 [DEBUG] [org.gradle.cache.internal.DefaultFileLockManager] Lock acquired on daemon addresses registry.
2026-03-27T23:20:36.640-0500 [DEBUG] [org.gradle.cache.internal.DefaultFileLockManager] Releasing lock on daemon addresses registry.
2026-03-27T23:20:36.643-0500 [DEBUG] [org.gradle.cache.internal.DefaultFileLockManager] Waiting to acquire shared lock on daemon addresses registry.
2026-03-27T23:20:36.643-0500 [DEBUG] [org.gradle.cache.internal.DefaultFileLockManager] Lock acquired on daemon addresses registry.
2026-03-27T23:20:36.644-0500 [DEBUG] [org.gradle.cache.internal.DefaultFileLockManager] Releasing lock on daemon addresses registry.
2026-03-27T23:20:36.645-0500 [DEBUG] [org.gradle.cache.internal.DefaultFileLockManager] Waiting to acquire shared lock on daemon addresses registry.
2026-03-27T23:20:36.645-0500 [DEBUG] [org.gradle.cache.internal.DefaultFileLockManager] Lock acquired on daemon addresses registry.
2026-03-27T23:20:36.646-0500 [DEBUG] [org.gradle.cache.internal.DefaultFileLockManager] Releasing lock on daemon addresses registry.
2026-03-27T23:20:37.206-0500 [DEBUG] [sun.rmi.transport.tcp] RMI Scheduler(0): close connection, socket: Socket[addr=localhost/127.0.0.1,port=17738,localport=8300]
2026-03-27T23:20:37.268-0500 [DEBUG] [sun.rmi.transport.tcp] RMI TCP Connection(7)-127.0.0.1: (port 27155) connection closed
2026-03-27T23:20:37.268-0500 [DEBUG] [sun.rmi.transport.tcp] RMI TCP Connection(7)-127.0.0.1: close connection, socket: Socket[addr=/127.0.0.1,port=8301,localport=27155]
2026-03-27T23:20:37.270-0500 [DEBUG] [sun.rmi.transport.tcp] RMI TCP Connection(7)-127.0.0.1: socket close: Socket[addr=/127.0.0.1,port=8301,localport=27155]
2026-03-27T23:20:46.640-0500 [DEBUG] [org.gradle.cache.internal.DefaultFileLockManager] Waiting to acquire shared lock on daemon addresses registry.
2026-03-27T23:20:46.640-0500 [DEBUG] [org.gradle.cache.internal.DefaultFileLockManager] Lock acquired on daemon addresses registry.
2026-03-27T23:20:46.640-0500 [DEBUG] [org.gradle.cache.internal.DefaultFileLockManager] Releasing lock on daemon addresses registry.
2026-03-27T23:20:46.642-0500 [DEBUG] [org.gradle.cache.internal.DefaultFileLockManager] Waiting to acquire shared lock on daemon addresses registry.
2026-03-27T23:20:46.643-0500 [DEBUG] [org.gradle.cache.internal.DefaultFileLockManager] Lock acquired on daemon addresses registry.
2026-03-27T23:20:46.643-0500 [DEBUG] [org.gradle.cache.internal.DefaultFileLockManager] Releasing lock on daemon addresses registry.
2026-03-27T23:20:46.645-0500 [DEBUG] [org.gradle.cache.internal.DefaultFileLockManager] Waiting to acquire shared lock on daemon addresses registry.
2026-03-27T23:20:46.645-0500 [DEBUG] [org.gradle.cache.internal.DefaultFileLockManager] Lock acquired on daemon addresses registry.
2026-03-27T23:20:46.646-0500 [DEBUG] [org.gradle.cache.internal.DefaultFileLockManager] Releasing lock on daemon addresses registry.
2026-03-27T23:20:53.879-0500 [DEBUG] [org.gradle.internal.watch.vfs.impl.WatchingVirtualFileSystem] Handling VFS change MODIFIED C:\Users\sebgo\AndroidStudioProjects\mytaxitravel\app\src\main\AndroidManifest.xml
2026-03-27T23:20:56.637-0500 [DEBUG] [org.gradle.cache.internal.DefaultFileLockManager] Waiting to acquire shared lock on daemon addresses registry.
2026-03-27T23:20:56.638-0500 [DEBUG] [org.gradle.cache.internal.DefaultFileLockManager] Lock acquired on daemon addresses registry.
2026-03-27T23:20:56.638-0500 [DEBUG] [org.gradle.cache.internal.DefaultFileLockManager] Releasing lock on daemon addresses registry.
2026-03-27T23:20:56.639-0500 [DEBUG] [org.gradle.cache.internal.DefaultFileLockManager] Waiting to acquire shared lock on daemon addresses registry.
2026-03-27T23:20:56.640-0500 [DEBUG] [org.gradle.cache.internal.DefaultFileLockManager] Lock acquired on daemon addresses registry.
2026-03-27T23:20:56.640-0500 [DEBUG] [org.gradle.cache.internal.DefaultFileLockManager] Releasing lock on daemon addresses registry.
2026-03-27T23:20:56.641-0500 [DEBUG] [org.gradle.cache.internal.DefaultFileLockManager] Waiting to acquire shared lock on daemon addresses registry.
2026-03-27T23:20:56.641-0500 [DEBUG] [org.gradle.cache.internal.DefaultFileLockManager] Lock acquired on daemon addresses registry.
2026-03-27T23:20:56.641-0500 [DEBUG] [org.gradle.cache.internal.DefaultFileLockManager] Releasing lock on daemon addresses registry.
2026-03-27T23:21:06.643-0500 [DEBUG] [org.gradle.cache.internal.DefaultFileLockManager] Waiting to acquire shared lock on daemon addresses registry.
2026-03-27T23:21:06.644-0500 [DEBUG] [org.gradle.cache.internal.DefaultFileLockManager] Lock acquired on daemon addresses registry.
2026-03-27T23:21:06.645-0500 [DEBUG] [org.gradle.cache.internal.DefaultFileLockManager] Releasing lock on daemon addresses registry.
2026-03-27T23:21:06.650-0500 [DEBUG] [org.gradle.cache.internal.DefaultFileLockManager] Waiting to acquire shared lock on daemon addresses registry.
2026-03-27T23:21:06.651-0500 [DEBUG] [org.gradle.cache.internal.DefaultFileLockManager] Lock acquired on daemon addresses registry.
2026-03-27T23:21:06.652-0500 [DEBUG] [org.gradle.cache.internal.DefaultFileLockManager] Releasing lock on daemon addresses registry.
2026-03-27T23:21:06.657-0500 [DEBUG] [org.gradle.cache.internal.DefaultFileLockManager] Waiting to acquire shared lock on daemon addresses registry.
2026-03-27T23:21:06.657-0500 [DEBUG] [org.gradle.cache.internal.DefaultFileLockManager] Lock acquired on daemon addresses registry.
2026-03-27T23:21:06.669-0500 [DEBUG] [org.gradle.cache.internal.DefaultFileLockManager] Releasing lock on daemon addresses registry.
2026-03-27T23:21:16.650-0500 [DEBUG] [org.gradle.cache.internal.DefaultFileLockManager] Waiting to acquire shared lock on daemon addresses registry.
2026-03-27T23:21:16.652-0500 [DEBUG] [org.gradle.cache.internal.DefaultFileLockManager] Lock acquired on daemon addresses registry.
2026-03-27T23:21:16.653-0500 [DEBUG] [org.gradle.cache.internal.DefaultFileLockManager] Releasing lock on daemon addresses registry.
2026-03-27T23:21:16.656-0500 [DEBUG] [org.gradle.cache.internal.DefaultFileLockManager] Waiting to acquire shared lock on daemon addresses registry.
2026-03-27T23:21:16.657-0500 [DEBUG] [org.gradle.cache.internal.DefaultFileLockManager] Lock acquired on daemon addresses registry.
2026-03-27T23:21:16.657-0500 [DEBUG] [org.gradle.cache.internal.DefaultFileLockManager] Releasing lock on daemon addresses registry.
2026-03-27T23:21:16.660-0500 [DEBUG] [org.gradle.cache.internal.DefaultFileLockManager] Waiting to acquire shared lock on daemon addresses registry.
2026-03-27T23:21:16.661-0500 [DEBUG] [org.gradle.cache.internal.DefaultFileLockManager] Lock acquired on daemon addresses registry.
2026-03-27T23:21:16.662-0500 [DEBUG] [org.gradle.cache.internal.DefaultFileLockManager] Releasing lock on daemon addresses registry.
2026-03-27T23:21:26.653-0500 [DEBUG] [org.gradle.cache.internal.DefaultFileLockManager] Waiting to acquire shared lock on daemon addresses registry.
2026-03-27T23:21:26.654-0500 [DEBUG] [org.gradle.cache.internal.DefaultFileLockManager] Lock acquired on daemon addresses registry.
2026-03-27T23:21:26.655-0500 [DEBUG] [org.gradle.cache.internal.DefaultFileLockManager] Releasing lock on daemon addresses registry.
2026-03-27T23:21:26.657-0500 [DEBUG] [org.gradle.cache.internal.DefaultFileLockManager] Waiting to acquire shared lock on daemon addresses registry.
2026-03-27T23:21:26.657-0500 [DEBUG] [org.gradle.cache.internal.DefaultFileLockManager] Lock acquired on daemon addresses registry.
2026-03-27T23:21:26.658-0500 [DEBUG] [org.gradle.cache.internal.DefaultFileLockManager] Releasing lock on daemon addresses registry.
2026-03-27T23:21:26.659-0500 [DEBUG] [org.gradle.cache.internal.DefaultFileLockManager] Waiting to acquire shared lock on daemon addresses registry.
2026-03-27T23:21:26.659-0500 [DEBUG] [org.gradle.cache.internal.DefaultFileLockManager] Lock acquired on daemon addresses registry.
2026-03-27T23:21:26.660-0500 [DEBUG] [org.gradle.cache.internal.DefaultFileLockManager] Releasing lock on daemon addresses registry.
2026-03-27T23:21:36.641-0500 [DEBUG] [org.gradle.cache.internal.DefaultFileLockManager] Waiting to acquire shared lock on daemon addresses registry.
2026-03-27T23:21:36.642-0500 [DEBUG] [org.gradle.cache.internal.DefaultFileLockManager] Lock acquired on daemon addresses registry.
2026-03-27T23:21:36.643-0500 [DEBUG] [org.gradle.cache.internal.DefaultFileLockManager] Releasing lock on daemon addresses registry.
2026-03-27T23:21:36.647-0500 [DEBUG] [org.gradle.cache.internal.DefaultFileLockManager] Waiting to acquire shared lock on daemon addresses registry.
2026-03-27T23:21:36.647-0500 [DEBUG] [org.gradle.cache.internal.DefaultFileLockManager] Lock acquired on daemon addresses registry.
2026-03-27T23:21:36.648-0500 [DEBUG] [org.gradle.cache.internal.DefaultFileLockManager] Releasing lock on daemon addresses registry.
2026-03-27T23:21:36.652-0500 [DEBUG] [org.gradle.cache.internal.DefaultFileLockManager] Waiting to acquire shared lock on daemon addresses registry.
2026-03-27T23:21:36.652-0500 [DEBUG] [org.gradle.cache.internal.DefaultFileLockManager] Lock acquired on daemon addresses registry.
2026-03-27T23:21:36.652-0500 [DEBUG] [org.gradle.cache.internal.DefaultFileLockManager] Releasing lock on daemon addresses registry.
2026-03-27T23:21:45.407-0500 [DEBUG] [org.gradle.internal.remote.internal.inet.TcpIncomingConnector] Accepted connection from /127.0.0.1:23293 to /127.0.0.1:17309.
2026-03-27T23:21:45.468-0500 [DEBUG] [org.gradle.launcher.daemon.server.SynchronizedDispatchConnection] thread 387: received class org.gradle.launcher.daemon.protocol.Build
2026-03-27T23:21:45.468-0500 [DEBUG] [org.gradle.launcher.daemon.server.DefaultDaemonConnection] thread 387: Received non-IO message from client: Build{id=957bc8c3-7077-4bb7-9a47-632f5e694180, currentDir=C:\Users\sebgo\AndroidStudioProjects\mytaxitravel}
2026-03-27T23:21:45.469-0500 [INFO] [org.gradle.launcher.daemon.server.DefaultIncomingConnectionHandler] Received command: Build{id=957bc8c3-7077-4bb7-9a47-632f5e694180, currentDir=C:\Users\sebgo\AndroidStudioProjects\mytaxitravel}.
2026-03-27T23:21:45.469-0500 [DEBUG] [org.gradle.launcher.daemon.server.DefaultIncomingConnectionHandler] Starting executing command: Build{id=957bc8c3-7077-4bb7-9a47-632f5e694180, currentDir=C:\Users\sebgo\AndroidStudioProjects\mytaxitravel} with connection: socket connection from /127.0.0.1:17309 to /127.0.0.1:23293.
2026-03-27T23:21:45.473-0500 [DEBUG] [org.gradle.launcher.daemon.server.DaemonStateCoordinator] Command execution: started DaemonCommandExecution[command = Build{id=957bc8c3-7077-4bb7-9a47-632f5e694180, currentDir=C:\Users\sebgo\AndroidStudioProjects\mytaxitravel}, connection = DefaultDaemonConnection: socket connection from /127.0.0.1:17309 to /127.0.0.1:23293] after 5.967466666666667 minutes of idle
2026-03-27T23:21:45.474-0500 [INFO] [org.gradle.launcher.daemon.server.DaemonRegistryUpdater] Marking the daemon as busy, address: [997172e4-0228-42fa-b2cc-c9582f8c896e port:17309, addresses:[localhost/127.0.0.1]]
2026-03-27T23:21:45.474-0500 [DEBUG] [org.gradle.launcher.daemon.registry.PersistentDaemonRegistry] Marking busy by address: [997172e4-0228-42fa-b2cc-c9582f8c896e port:17309, addresses:[localhost/127.0.0.1]]
2026-03-27T23:21:45.475-0500 [DEBUG] [org.gradle.cache.internal.DefaultFileLockManager] Waiting to acquire exclusive lock on daemon addresses registry.
2026-03-27T23:21:45.476-0500 [DEBUG] [org.gradle.cache.internal.DefaultFileLockManager] Lock acquired on daemon addresses registry.
2026-03-27T23:21:45.479-0500 [DEBUG] [org.gradle.cache.internal.DefaultFileLockManager] Releasing lock on daemon addresses registry.
2026-03-27T23:21:45.480-0500 [DEBUG] [org.gradle.launcher.daemon.server.DaemonStateCoordinator] resetting idle timer
2026-03-27T23:21:45.480-0500 [DEBUG] [org.gradle.launcher.daemon.server.DaemonStateCoordinator] daemon is running. Sleeping until state changes.
2026-03-27T23:21:45.481-0500 [INFO] [org.gradle.launcher.daemon.server.exec.StartBuildOrRespondWithBusy] Daemon is about to start building Build{id=957bc8c3-7077-4bb7-9a47-632f5e694180, currentDir=C:\Users\sebgo\AndroidStudioProjects\mytaxitravel}. Dispatching build started information...
2026-03-27T23:21:45.482-0500 [DEBUG] [org.gradle.launcher.daemon.server.SynchronizedDispatchConnection] thread 389: dispatching org.gradle.launcher.daemon.protocol.BuildStarted@74a5a938
2026-03-27T23:21:45.489-0500 [DEBUG] [org.gradle.launcher.daemon.server.exec.EstablishBuildEnvironment] Configuring env variables: [USERDOMAIN_ROAMINGPROFILE, Maven, EFC_5368_2283032206, EFC_5368_2775293581, PROCESSOR_LEVEL, SESSIONNAME, ALLUSERSPROFILE, PROCESSOR_ARCHITECTURE, PSModulePath, SystemDrive, EFC_5368_1592913036, USERNAME, ProgramFiles(x86), FPS_BROWSER_USER_PROFILE_STRING, PATHEXT, DriverData, OneDriveConsumer, IntelliJ IDEA Community Edition, PyCharm Community Edition, ProgramData, ProgramW6432, EFC_5368_3789132940, HOMEPATH, PROCESSOR_IDENTIFIER, ProgramFiles, PUBLIC, windir, =::, ZES_ENABLE_SYSMAN, LOCALAPPDATA, ChocolateyLastPathUpdate, USERDOMAIN, LOGONSERVER, FPS_BROWSER_APP_PROFILE_STRING, JAVA_HOME, OneDrive, APPDATA, ChocolateyInstall, CommonProgramFiles, Path, OS, COMPUTERNAME, PROCESSOR_REVISION, CommonProgramW6432, ComSpec, TEMP, SystemRoot, HOMEDRIVE, USERPROFILE, TMP, EFC_5368_1262719628, CommonProgramFiles(x86), NUMBER_OF_PROCESSORS]
2026-03-27T23:21:45.498-0500 [DEBUG] [org.gradle.launcher.daemon.server.exec.LogToClient] About to start relaying all logs to the client via the connection.
2026-03-27T23:21:45.499-0500 [INFO] [org.gradle.launcher.daemon.server.exec.LogToClient] The client will now receive all logging from the daemon (pid: 13440). The daemon log file: C:\Users\sebgo\AndroidStudioProjects\mytaxitravel\gradle\daemon\8.13\daemon-13440.out.log
2026-03-27T23:21:45.510-0500 [INFO] [org.gradle.launcher.daemon.server.exec.LogAndCheckHealth] Starting 4th build in daemon [uptime: 18 mins 49.909 secs, performance: 98%, GC rate: 0.00/s, heap usage: 0% of 2 GiB]
2026-03-27T23:21:45.513-0500 [DEBUG] [org.gradle.launcher.daemon.server.exec.ExecuteBuild] The daemon has started executing the build.
2026-03-27T23:21:45.513-0500 [DEBUG] [org.gradle.launcher.daemon.server.exec.ExecuteBuild] Executing build with daemon context: DefaultDaemonContext[uid=b7364696-86c9-4c24-bb56-8cdc5351f417,javaHome=F:\Android Studio\jbr,javaVersion=21,javaVendor=JetBrains s.r.o.,daemonRegistryDir=C:\Users\sebgo\AndroidStudioProjects\mytaxitravel\gradle\daemon,pid=13440,idleTimeout=10800000,priority=NORMAL,applyInstrumentationAgent=true,nativeServicesMode=ENABLED,daemonOpts=-Xmx2048m,-Dfile.encoding=UTF-8,-Duser.country=CO,-Duser.language=es,-Duser.variant]

BUILD SUCCESSFUL in 39s
39 actionable tasks: 8 executed, 31 up-to-date
2026-03-27T23:22:25.321-0500 [DEBUG] [org.gradle.launcher.daemon.server.exec.ExecuteBuild] The daemon has finished executing the build.
2026-03-27T23:22:25.336-0500 [DEBUG] [org.gradle.launcher.daemon.server.DaemonStateCoordinator] daemon is running. Sleeping until state changes.
2026-03-27T23:22:25.337-0500 [DEBUG] [org.gradle.launcher.daemon.server.DaemonStateCoordinator] Command execution: finished waiting for DaemonCommandExecution[command = Build{id=957bc8c3-7077-4bb7-9a47-632f5e694180, currentDir=C:\Users\sebgo\AndroidStudioProjects\mytaxitravel}, connection = DefaultDaemonConnection: socket connection from /127.0.0.1:17309 to /127.0.0.1:23293]. Result org.gradle.launcher.daemon.server.DaemonStateCoordinator@4c3ad2a7 with state Busy
2026-03-27T23:22:25.337-0500 [DEBUG] [org.gradle.launcher.daemon.server.DaemonStateCoordinator] Command execution: completed DaemonCommandExecution[command = Build{id=957bc8c3-7077-4bb7-9a47-632f5e694180, currentDir=C:\Users\sebgo\AndroidStudioProjects\mytaxitravel}, connection = DefaultDaemonConnection: socket connection from /127.0.0.1:17309 to /127.0.0.1:23293]
2026-03-27T23:22:25.337-0500 [DEBUG] [org.gradle.launcher.daemon.server.DaemonStateCoordinator] resetting idle timer
2026-03-27T23:22:25.338-0500 [INFO] [org.gradle.launcher.daemon.server.DaemonRegistryUpdater] Marking the daemon as idle, address: [997172e4-0228-42fa-b2cc-c9582f8c896e port:17309, addresses:[localhost/127.0.0.1]]
2026-03-27T23:22:25.338-0500 [DEBUG] [org.gradle.launcher.daemon.registry.PersistentDaemonRegistry] Marking busy by address: [997172e4-0228-42fa-b2cc-c9582f8c896e port:17309, addresses:[localhost/127.0.0.1]]
2026-03-27T23:22:25.342-0500 [DEBUG] [org.gradle.cache.internal.DefaultFileLockManager] Waiting to acquire exclusive lock on daemon addresses registry.
2026-03-27T23:22:25.342-0500 [DEBUG] [org.gradle.cache.internal.DefaultFileLockManager] Lock acquired on daemon addresses registry.
2026-03-27T23:22:25.344-0500 [DEBUG] [org.gradle.cache.internal.DefaultFileLockManager] Releasing lock on daemon addresses registry.
2026-03-27T23:22:25.345-0500 [DEBUG] [org.gradle.launcher.daemon.server.exec.ReturnResult] Daemon is dispatching the build result: Success[value=org.gradle.launcher.exec.BuildActionResult@68584651]
2026-03-27T23:22:25.345-0500 [DEBUG] [org.gradle.launcher.daemon.server.SynchronizedDispatchConnection] thread 386: dispatching Success[value=org.gradle.launcher.exec.BuildActionResult@68584651]
2026-03-27T23:22:25.345-0500 [DEBUG] [org.gradle.launcher.daemon.server.DaemonStateCoordinator] daemon is running. Sleeping until state changes.
2026-03-27T23:22:25.347-0500 [DEBUG] [org.gradle.launcher.daemon.server.DefaultIncomingConnectionHandler] Finishing executing command: Build{id=957bc8c3-7077-4bb7-9a47-632f5e694180, currentDir=C:\Users\sebgo\AndroidStudioProjects\mytaxitravel}
2026-03-27T23:22:25.348-0500 [DEBUG] [org.gradle.launcher.daemon.server.SynchronizedDispatchConnection] thread 387: received class org.gradle.launcher.daemon.protocol.CloseInput
2026-03-27T23:22:25.348-0500 [DEBUG] [org.gradle.launcher.daemon.server.DefaultDaemonConnection] thread 387: Received IO message from client: org.gradle.launcher.daemon.protocol.CloseInput@53c1e125
2026-03-27T23:22:25.349-0500 [DEBUG] [org.gradle.launcher.daemon.server.exec.CleanUpVirtualFileSystemAfterBuild] Cleaning virtual file system after build finished
2026-03-27T23:22:25.349-0500 [DEBUG] [org.gradle.launcher.daemon.server.SynchronizedDispatchConnection] thread 387: received class org.gradle.launcher.daemon.protocol.Finished
2026-03-27T23:22:25.349-0500 [DEBUG] [org.gradle.launcher.daemon.server.DefaultDaemonConnection] thread 387: Received non-IO message from client: org.gradle.launcher.daemon.protocol.Finished@5d06052d
2026-03-27T23:22:25.350-0500 [DEBUG] [org.gradle.launcher.daemon.server.DefaultIncomingConnectionHandler] Received finished message: org.gradle.launcher.daemon.protocol.Finished@5d06052d
2026-03-27T23:22:25.350-0500 [DEBUG] [org.gradle.launcher.daemon.server.SynchronizedDispatchConnection] thread 386: stopping connection
2026-03-27T23:22:25.350-0500 [DEBUG] [org.gradle.internal.remote.internal.inet.SocketConnection] Discarding EOFException: java.io.EOFException
2026-03-27T23:22:25.350-0500 [DEBUG] [org.gradle.launcher.daemon.server.SynchronizedDispatchConnection] thread 387: received null
2026-03-27T23:22:25.351-0500 [DEBUG] [org.gradle.launcher.daemon.server.DefaultDaemonConnection] thread 387: Received end-of-input from client.
2026-03-27T23:22:25.354-0500 [DEBUG] [org.gradle.launcher.daemon.server.SynchronizedDispatchConnection] thread 386: stopping connection
2026-03-27T23:22:25.563-0500 [DEBUG] [org.gradle.internal.watch.vfs.impl.WatchingVirtualFileSystem] Handling VFS change CREATED C:\Users\sebgo\AndroidStudioProjects\mytaxitravel\app\src\main\java\com\workpro\mytaxitravel\Home.kt~
2026-03-27T23:22:25.567-0500 [DEBUG] [org.gradle.internal.watch.vfs.impl.WatchingVirtualFileSystem] Handling VFS change MODIFIED C:\Users\sebgo\AndroidStudioProjects\mytaxitravel\app\src\main\java\com\workpro\mytaxitravel\Home.kt
2026-03-27T23:22:27.376-0500 [DEBUG] [org.gradle.cache.internal.DefaultFileLockManager] Waiting to acquire shared lock on daemon addresses registry.
2026-03-27T23:22:27.377-0500 [DEBUG] [org.gradle.cache.internal.DefaultFileLockManager] Lock acquired on daemon addresses registry.
2026-03-27T23:22:27.394-0500 [DEBUG] [org.gradle.cache.internal.DefaultFileLockManager] Releasing lock on daemon addresses registry.
2026-03-27T23:22:27.397-0500 [DEBUG] [org.gradle.cache.internal.DefaultFileLockManager] Waiting to acquire shared lock on daemon addresses registry.
2026-03-27T23:22:27.398-0500 [DEBUG] [org.gradle.cache.internal.DefaultFileLockManager] Lock acquired on daemon addresses registry.
2026-03-27T23:22:27.398-0500 [DEBUG] [org.gradle.cache.internal.DefaultFileLockManager] Releasing lock on daemon addresses registry.
2026-03-27T23:22:27.458-0500 [DEBUG] [sun.rmi.transport.tcp] RMI Scheduler(0): close connection, socket: Socket[addr=localhost/127.0.0.1,port=17738,localport=18806]
2026-03-27T23:22:29.591-0500 [DEBUG] [org.gradle.process.internal.health.memory.DefaultMemoryManager] 841566208 physical memory requested, 194048000 free
2026-03-27T23:22:29.625-0500 [DEBUG] [org.gradle.workers.internal.WorkerDaemonExpiration] Will attempt to release 802 of memory
2026-03-27T23:22:29.626-0500 [DEBUG] [org.gradle.process.internal.health.memory.DefaultMemoryManager] 841566208 physical memory requested, 0 released, 194048000 free
2026-03-27T23:22:34.551-0500 [DEBUG] [org.gradle.process.internal.health.memory.DefaultMemoryManager] 841566208 physical memory requested, 526286848 free
2026-03-27T23:22:34.552-0500 [DEBUG] [org.gradle.workers.internal.WorkerDaemonExpiration] Will attempt to release 802 of memory
2026-03-27T23:22:34.552-0500 [DEBUG] [org.gradle.process.internal.health.memory.DefaultMemoryManager] 841566208 physical memory requested, 0 released, 526286848 free
2026-03-27T23:22:36.640-0500 [DEBUG] [org.gradle.cache.internal.DefaultFileLockManager] Waiting to acquire shared lock on daemon addresses registry.
2026-03-27T23:22:36.640-0500 [DEBUG] [org.gradle.cache.internal.DefaultFileLockManager] Lock acquired on daemon addresses registry.
2026-03-27T23:22:36.641-0500 [DEBUG] [org.gradle.cache.internal.DefaultFileLockManager] Releasing lock on daemon addresses registry.
2026-03-27T23:22:36.645-0500 [DEBUG] [org.gradle.cache.internal.DefaultFileLockManager] Waiting to acquire shared lock on daemon addresses registry.
2026-03-27T23:22:36.645-0500 [DEBUG] [org.gradle.cache.internal.DefaultFileLockManager] Lock acquired on daemon addresses registry.
2026-03-27T23:22:36.646-0500 [DEBUG] [org.gradle.cache.internal.DefaultFileLockManager] Releasing lock on daemon addresses registry.
2026-03-27T23:22:36.648-0500 [DEBUG] [org.gradle.cache.internal.DefaultFileLockManager] Waiting to acquire shared lock on daemon addresses registry.
2026-03-27T23:22:36.649-0500 [DEBUG] [org.gradle.cache.internal.DefaultFileLockManager] Lock acquired on daemon addresses registry.
2026-03-27T23:22:36.650-0500 [DEBUG] [org.gradle.cache.internal.DefaultFileLockManager] Releasing lock on daemon addresses registry.
2026-03-27T23:22:39.551-0500 [DEBUG] [org.gradle.process.internal.health.memory.DefaultMemoryManager] 841566208 physical memory requested, 819306496 free
2026-03-27T23:22:39.552-0500 [DEBUG] [org.gradle.workers.internal.WorkerDaemonExpiration] Will attempt to release 802 of memory
2026-03-27T23:22:39.552-0500 [DEBUG] [org.gradle.process.internal.health.memory.DefaultMemoryManager] 841566208 physical memory requested, 0 released, 819306496 free
2026-03-27T23:22:42.463-0500 [DEBUG] [sun.rmi.transport.tcp] RMI Scheduler(0): close connection, socket: Socket[addr=localhost/127.0.0.1,port=17738,localport=18812]
2026-03-27T23:22:42.649-0500 [DEBUG] [sun.rmi.transport.tcp] RMI TCP Connection(8)-127.0.0.1: (port 27155) connection closed
2026-03-27T23:22:42.651-0500 [DEBUG] [sun.rmi.transport.tcp] RMI TCP Connection(8)-127.0.0.1: close connection, socket: Socket[addr=/127.0.0.1,port=18808,localport=27155]
2026-03-27T23:22:42.652-0500 [DEBUG] [sun.rmi.transport.tcp] RMI TCP Connection(8)-127.0.0.1: socket close: Socket[addr=/127.0.0.1,port=18808,localport=27155]
2026-03-27T23:22:44.553-0500 [DEBUG] [org.gradle.process.internal.health.memory.DefaultMemoryManager] 841566208 physical memory requested, 591839232 free
2026-03-27T23:22:44.553-0500 [DEBUG] [org.gradle.workers.internal.WorkerDaemonExpiration] Will attempt to release 802 of memory
2026-03-27T23:22:44.554-0500 [DEBUG] [org.gradle.process.internal.health.memory.DefaultMemoryManager] 841566208 physical memory requested, 0 released, 591839232 free
2026-03-27T23:22:46.652-0500 [DEBUG] [org.gradle.cache.internal.DefaultFileLockManager] Waiting to acquire shared lock on daemon addresses registry.
2026-03-27T23:22:46.652-0500 [DEBUG] [org.gradle.cache.internal.DefaultFileLockManager] Lock acquired on daemon addresses registry.
2026-03-27T23:22:46.663-0500 [DEBUG] [org.gradle.cache.internal.DefaultFileLockManager] Releasing lock on daemon addresses registry.
2026-03-27T23:22:46.666-0500 [DEBUG] [org.gradle.cache.internal.DefaultFileLockManager] Waiting to acquire shared lock on daemon addresses registry.
2026-03-27T23:22:46.666-0500 [DEBUG] [org.gradle.cache.internal.DefaultFileLockManager] Lock acquired on daemon addresses registry.
2026-03-27T23:22:46.667-0500 [DEBUG] [org.gradle.cache.internal.DefaultFileLockManager] Releasing lock on daemon addresses registry.
2026-03-27T23:22:46.669-0500 [DEBUG] [org.gradle.cache.internal.DefaultFileLockManager] Waiting to acquire shared lock on daemon addresses registry.
2026-03-27T23:22:46.669-0500 [DEBUG] [org.gradle.cache.internal.DefaultFileLockManager] Lock acquired on daemon addresses registry.
2026-03-27T23:22:46.670-0500 [DEBUG] [org.gradle.cache.internal.DefaultFileLockManager] Releasing lock on daemon addresses registry.
2026-03-27T23:22:56.646-0500 [DEBUG] [org.gradle.cache.internal.DefaultFileLockManager] Waiting to acquire shared lock on daemon addresses registry.
2026-03-27T23:22:56.647-0500 [DEBUG] [org.gradle.cache.internal.DefaultFileLockManager] Lock acquired on daemon addresses registry.
2026-03-27T23:22:56.647-0500 [DEBUG] [org.gradle.cache.internal.DefaultFileLockManager] Releasing lock on daemon addresses registry.
2026-03-27T23:22:56.649-0500 [DEBUG] [org.gradle.cache.internal.DefaultFileLockManager] Waiting to acquire shared lock on daemon addresses registry.
2026-03-27T23:22:56.649-0500 [DEBUG] [org.gradle.cache.internal.DefaultFileLockManager] Lock acquired on daemon addresses registry.
2026-03-27T23:22:56.649-0500 [DEBUG] [org.gradle.cache.internal.DefaultFileLockManager] Releasing lock on daemon addresses registry.
2026-03-27T23:22:56.650-0500 [DEBUG] [org.gradle.cache.internal.DefaultFileLockManager] Waiting to acquire shared lock on daemon addresses registry.
2026-03-27T23:22:56.650-0500 [DEBUG] [org.gradle.cache.internal.DefaultFileLockManager] Lock acquired on daemon addresses registry.
2026-03-27T23:22:56.651-0500 [DEBUG] [org.gradle.cache.internal.DefaultFileLockManager] Releasing lock on daemon addresses registry.
2026-03-27T23:23:06.638-0500 [DEBUG] [org.gradle.cache.internal.DefaultFileLockManager] Waiting to acquire shared lock on daemon addresses registry.
2026-03-27T23:23:06.638-0500 [DEBUG] [org.gradle.cache.internal.DefaultFileLockManager] Lock acquired on daemon addresses registry.
2026-03-27T23:23:06.639-0500 [DEBUG] [org.gradle.cache.internal.DefaultFileLockManager] Releasing lock on daemon addresses registry.
2026-03-27T23:23:06.641-0500 [DEBUG] [org.gradle.cache.internal.DefaultFileLockManager] Waiting to acquire shared lock on daemon addresses registry.
2026-03-27T23:23:06.641-0500 [DEBUG] [org.gradle.cache.internal.DefaultFileLockManager] Lock acquired on daemon addresses registry.
2026-03-27T23:23:06.641-0500 [DEBUG] [org.gradle.cache.internal.DefaultFileLockManager] Releasing lock on daemon addresses registry.
2026-03-27T23:23:06.643-0500 [DEBUG] [org.gradle.cache.internal.DefaultFileLockManager] Waiting to acquire shared lock on daemon addresses registry.
2026-03-27T23:23:06.643-0500 [DEBUG] [org.gradle.cache.internal.DefaultFileLockManager] Lock acquired on daemon addresses registry.
2026-03-27T23:23:06.644-0500 [DEBUG] [org.gradle.cache.internal.DefaultFileLockManager] Releasing lock on daemon addresses registry.
2026-03-27T23:23:16.639-0500 [DEBUG] [org.gradle.cache.internal.DefaultFileLockManager] Waiting to acquire shared lock on daemon addresses registry.
2026-03-27T23:23:16.639-0500 [DEBUG] [org.gradle.cache.internal.DefaultFileLockManager] Lock acquired on daemon addresses registry.
2026-03-27T23:23:16.640-0500 [DEBUG] [org.gradle.cache.internal.DefaultFileLockManager] Releasing lock on daemon addresses registry.
2026-03-27T23:23:16.644-0500 [DEBUG] [org.gradle.cache.internal.DefaultFileLockManager] Waiting to acquire shared lock on daemon addresses registry.
2026-03-27T23:23:16.644-0500 [DEBUG] [org.gradle.cache.internal.DefaultFileLockManager] Lock acquired on daemon addresses registry.
2026-03-27T23:23:16.647-0500 [DEBUG] [org.gradle.cache.internal.DefaultFileLockManager] Releasing lock on daemon addresses registry.
2026-03-27T23:23:16.649-0500 [DEBUG] [org.gradle.cache.internal.DefaultFileLockManager] Waiting to acquire shared lock on daemon addresses registry.
2026-03-27T23:23:16.649-0500 [DEBUG] [org.gradle.cache.internal.DefaultFileLockManager] Lock acquired on daemon addresses registry.
2026-03-27T23:23:16.650-0500 [DEBUG] [org.gradle.cache.internal.DefaultFileLockManager] Releasing lock on daemon addresses registry.
2026-03-27T23:23:26.640-0500 [DEBUG] [org.gradle.cache.internal.DefaultFileLockManager] Waiting to acquire shared lock on daemon addresses registry.
2026-03-27T23:23:26.640-0500 [DEBUG] [org.gradle.cache.internal.DefaultFileLockManager] Lock acquired on daemon addresses registry.
2026-03-27T23:23:26.641-0500 [DEBUG] [org.gradle.cache.internal.DefaultFileLockManager] Releasing lock on daemon addresses registry.
2026-03-27T23:23:26.642-0500 [DEBUG] [org.gradle.cache.internal.DefaultFileLockManager] Waiting to acquire shared lock on daemon addresses registry.
2026-03-27T23:23:26.643-0500 [DEBUG] [org.gradle.cache.internal.DefaultFileLockManager] Lock acquired on daemon addresses registry.
2026-03-27T23:23:26.643-0500 [DEBUG] [org.gradle.cache.internal.DefaultFileLockManager] Releasing lock on daemon addresses registry.
2026-03-27T23:23:26.644-0500 [DEBUG] [org.gradle.cache.internal.DefaultFileLockManager] Waiting to acquire shared lock on daemon addresses registry.
2026-03-27T23:23:26.645-0500 [DEBUG] [org.gradle.cache.internal.DefaultFileLockManager] Lock acquired on daemon addresses registry.
2026-03-27T23:23:26.645-0500 [DEBUG] [org.gradle.cache.internal.DefaultFileLockManager] Releasing lock on daemon addresses registry.
2026-03-27T23:23:29.538-0500 [DEBUG] [org.gradle.process.internal.health.memory.DefaultMemoryManager] 841566208 physical memory requested, 831844352 free
2026-03-27T23:23:29.539-0500 [DEBUG] [org.gradle.workers.internal.WorkerDaemonExpiration] Will attempt to release 802 of memory
2026-03-27T23:23:29.539-0500 [DEBUG] [org.gradle.process.internal.health.memory.DefaultMemoryManager] 841566208 physical memory requested, 0 released, 831844352 free
2026-03-27T23:23:34.539-0500 [DEBUG] [org.gradle.process.internal.health.memory.DefaultMemoryManager] 841566208 physical memory requested, 706547712 free
2026-03-27T23:23:34.540-0500 [DEBUG] [org.gradle.workers.internal.WorkerDaemonExpiration] Will attempt to release 802 of memory
2026-03-27T23:23:34.540-0500 [DEBUG] [org.gradle.process.internal.health.memory.DefaultMemoryManager] 841566208 physical memory requested, 0 released, 706547712 free
2026-03-27T23:23:36.641-0500 [DEBUG] [org.gradle.cache.internal.DefaultFileLockManager] Waiting to acquire shared lock on daemon addresses registry.
2026-03-27T23:23:36.642-0500 [DEBUG] [org.gradle.cache.internal.DefaultFileLockManager] Lock acquired on daemon addresses registry.
2026-03-27T23:23:36.642-0500 [DEBUG] [org.gradle.cache.internal.DefaultFileLockManager] Releasing lock on daemon addresses registry.
2026-03-27T23:23:36.645-0500 [DEBUG] [org.gradle.cache.internal.DefaultFileLockManager] Waiting to acquire shared lock on daemon addresses registry.
2026-03-27T23:23:36.645-0500 [DEBUG] [org.gradle.cache.internal.DefaultFileLockManager] Lock acquired on daemon addresses registry.
2026-03-27T23:23:36.646-0500 [DEBUG] [org.gradle.cache.internal.DefaultFileLockManager] Releasing lock on daemon addresses registry.
2026-03-27T23:23:36.648-0500 [DEBUG] [org.gradle.cache.internal.DefaultFileLockManager] Waiting to acquire shared lock on daemon addresses registry.
2026-03-27T23:23:36.648-0500 [DEBUG] [org.gradle.cache.internal.DefaultFileLockManager] Lock acquired on daemon addresses registry.
2026-03-27T23:23:36.648-0500 [DEBUG] [org.gradle.cache.internal.DefaultFileLockManager] Releasing lock on daemon addresses registry.
2026-03-27T23:23:39.538-0500 [DEBUG] [org.gradle.process.internal.health.memory.DefaultMemoryManager] 841566208 physical memory requested, 661864448 free
2026-03-27T23:23:39.539-0500 [DEBUG] [org.gradle.workers.internal.WorkerDaemonExpiration] Will attempt to release 802 of memory
2026-03-27T23:23:39.539-0500 [DEBUG] [org.gradle.process.internal.health.memory.DefaultMemoryManager] 841566208 physical memory requested, 0 released, 661864448 free
2026-03-27T23:23:44.539-0500 [DEBUG] [org.gradle.process.internal.health.memory.DefaultMemoryManager] 841566208 physical memory requested, 487530496 free
2026-03-27T23:23:44.539-0500 [DEBUG] [org.gradle.workers.internal.WorkerDaemonExpiration] Will attempt to release 802 of memory
2026-03-27T23:23:44.539-0500 [DEBUG] [org.gradle.process.internal.health.memory.DefaultMemoryManager] 841566208 physical memory requested, 0 released, 487530496 free
2026-03-27T23:23:46.651-0500 [DEBUG] [org.gradle.cache.internal.DefaultFileLockManager] Waiting to acquire shared lock on daemon addresses registry.
2026-03-27T23:23:46.651-0500 [DEBUG] [org.gradle.cache.internal.DefaultFileLockManager] Lock acquired on daemon addresses registry.
2026-03-27T23:23:46.652-0500 [DEBUG] [org.gradle.cache.internal.DefaultFileLockManager] Releasing lock on daemon addresses registry.
2026-03-27T23:23:46.655-0500 [DEBUG] [org.gradle.cache.internal.DefaultFileLockManager] Waiting to acquire shared lock on daemon addresses registry.
2026-03-27T23:23:46.655-0500 [DEBUG] [org.gradle.cache.internal.DefaultFileLockManager] Lock acquired on daemon addresses registry.
2026-03-27T23:23:46.656-0500 [DEBUG] [org.gradle.cache.internal.DefaultFileLockManager] Releasing lock on daemon addresses registry.
2026-03-27T23:23:46.668-0500 [DEBUG] [org.gradle.cache.internal.DefaultFileLockManager] Waiting to acquire shared lock on daemon addresses registry.
2026-03-27T23:23:46.668-0500 [DEBUG] [org.gradle.cache.internal.DefaultFileLockManager] Lock acquired on daemon addresses registry.
2026-03-27T23:23:46.669-0500 [DEBUG] [org.gradle.cache.internal.DefaultFileLockManager] Releasing lock on daemon addresses registry.
2026-03-27T23:23:49.540-0500 [DEBUG] [org.gradle.process.internal.health.memory.DefaultMemoryManager] 841566208 physical memory requested, 802476032 free
2026-03-27T23:23:49.540-0500 [DEBUG] [org.gradle.workers.internal.WorkerDaemonExpiration] Will attempt to release 802 of memory
2026-03-27T23:23:49.541-0500 [DEBUG] [org.gradle.process.internal.health.memory.DefaultMemoryManager] 841566208 physical memory requested, 0 released, 802476032 free
2026-03-27T23:23:54.538-0500 [DEBUG] [org.gradle.process.internal.health.memory.DefaultMemoryManager] 841566208 physical memory requested, 601071616 free
2026-03-27T23:23:54.538-0500 [DEBUG] [org.gradle.workers.internal.WorkerDaemonExpiration] Will attempt to release 802 of memory
2026-03-27T23:23:54.538-0500 [DEBUG] [org.gradle.process.internal.health.memory.DefaultMemoryManager] 841566208 physical memory requested, 0 released, 601071616 free
2026-03-27T23:23:56.641-0500 [DEBUG] [org.gradle.cache.internal.DefaultFileLockManager] Waiting to acquire shared lock on daemon addresses registry.
2026-03-27T23:23:56.641-0500 [DEBUG] [org.gradle.cache.internal.DefaultFileLockManager] Lock acquired on daemon addresses registry.
2026-03-27T23:23:56.645-0500 [DEBUG] [org.gradle.cache.internal.DefaultFileLockManager] Releasing lock on daemon addresses registry.
2026-03-27T23:23:56.647-0500 [DEBUG] [org.gradle.cache.internal.DefaultFileLockManager] Waiting to acquire shared lock on daemon addresses registry.
2026-03-27T23:23:56.648-0500 [DEBUG] [org.gradle.cache.internal.DefaultFileLockManager] Lock acquired on daemon addresses registry.
2026-03-27T23:23:56.648-0500 [DEBUG] [org.gradle.cache.internal.DefaultFileLockManager] Releasing lock on daemon addresses registry.
2026-03-27T23:23:56.651-0500 [DEBUG] [org.gradle.cache.internal.DefaultFileLockManager] Waiting to acquire shared lock on daemon addresses registry.
2026-03-27T23:23:56.651-0500 [DEBUG] [org.gradle.cache.internal.DefaultFileLockManager] Lock acquired on daemon addresses registry.
2026-03-27T23:23:56.651-0500 [DEBUG] [org.gradle.cache.internal.DefaultFileLockManager] Releasing lock on daemon addresses registry.
2026-03-27T23:23:59.545-0500 [DEBUG] [org.gradle.process.internal.health.memory.DefaultMemoryManager] 841566208 physical memory requested, 539021312 free
2026-03-27T23:23:59.546-0500 [DEBUG] [org.gradle.workers.internal.WorkerDaemonExpiration] Will attempt to release 802 of memory
2026-03-27T23:23:59.546-0500 [DEBUG] [org.gradle.process.internal.health.memory.DefaultMemoryManager] 841566208 physical memory requested, 0 released, 539021312 free
2026-03-27T23:24:06.638-0500 [DEBUG] [org.gradle.cache.internal.DefaultFileLockManager] Waiting to acquire shared lock on daemon addresses registry.
2026-03-27T23:24:06.639-0500 [DEBUG] [org.gradle.cache.internal.DefaultFileLockManager] Lock acquired on daemon addresses registry.
2026-03-27T23:24:06.640-0500 [DEBUG] [org.gradle.cache.internal.DefaultFileLockManager] Releasing lock on daemon addresses registry.
2026-03-27T23:24:06.642-0500 [DEBUG] [org.gradle.cache.internal.DefaultFileLockManager] Waiting to acquire shared lock on daemon addresses registry.
2026-03-27T23:24:06.643-0500 [DEBUG] [org.gradle.cache.internal.DefaultFileLockManager] Lock acquired on daemon addresses registry.
2026-03-27T23:24:06.643-0500 [DEBUG] [org.gradle.cache.internal.DefaultFileLockManager] Releasing lock on daemon addresses registry.
2026-03-27T23:24:06.645-0500 [DEBUG] [org.gradle.cache.internal.DefaultFileLockManager] Waiting to acquire shared lock on daemon addresses registry.
2026-03-27T23:24:06.646-0500 [DEBUG] [org.gradle.cache.internal.DefaultFileLockManager] Lock acquired on daemon addresses registry.
2026-03-27T23:24:06.646-0500 [DEBUG] [org.gradle.cache.internal.DefaultFileLockManager] Releasing lock on daemon addresses registry.
2026-03-27T23:24:09.544-0500 [DEBUG] [org.gradle.process.internal.health.memory.DefaultMemoryManager] 841566208 physical memory requested, 675348480 free
2026-03-27T23:24:09.544-0500 [DEBUG] [org.gradle.workers.internal.WorkerDaemonExpiration] Will attempt to release 802 of memory
2026-03-27T23:24:09.544-0500 [DEBUG] [org.gradle.process.internal.health.memory.DefaultMemoryManager] 841566208 physical memory requested, 0 released, 675348480 free
2026-03-27T23:24:16.639-0500 [DEBUG] [org.gradle.cache.internal.DefaultFileLockManager] Waiting to acquire shared lock on daemon addresses registry.
2026-03-27T23:24:16.639-0500 [DEBUG] [org.gradle.cache.internal.DefaultFileLockManager] Lock acquired on daemon addresses registry.
2026-03-27T23:24:16.645-0500 [DEBUG] [org.gradle.cache.internal.DefaultFileLockManager] Releasing lock on daemon addresses registry.
2026-03-27T23:24:16.646-0500 [DEBUG] [org.gradle.cache.internal.DefaultFileLockManager] Waiting to acquire shared lock on daemon addresses registry.
2026-03-27T23:24:16.647-0500 [DEBUG] [org.gradle.cache.internal.DefaultFileLockManager] Lock acquired on daemon addresses registry.
2026-03-27T23:24:16.647-0500 [DEBUG] [org.gradle.cache.internal.DefaultFileLockManager] Releasing lock on daemon addresses registry.
2026-03-27T23:24:16.648-0500 [DEBUG] [org.gradle.cache.internal.DefaultFileLockManager] Waiting to acquire shared lock on daemon addresses registry.
2026-03-27T23:24:16.649-0500 [DEBUG] [org.gradle.cache.internal.DefaultFileLockManager] Lock acquired on daemon addresses registry.
2026-03-27T23:24:16.649-0500 [DEBUG] [org.gradle.cache.internal.DefaultFileLockManager] Releasing lock on daemon addresses registry.
2026-03-27T23:24:26.643-0500 [DEBUG] [org.gradle.cache.internal.DefaultFileLockManager] Waiting to acquire shared lock on daemon addresses registry.
2026-03-27T23:24:26.643-0500 [DEBUG] [org.gradle.cache.internal.DefaultFileLockManager] Lock acquired on daemon addresses registry.
2026-03-27T23:24:26.643-0500 [DEBUG] [org.gradle.cache.internal.DefaultFileLockManager] Releasing lock on daemon addresses registry.
2026-03-27T23:24:26.644-0500 [DEBUG] [org.gradle.cache.internal.DefaultFileLockManager] Waiting to acquire shared lock on daemon addresses registry.
2026-03-27T23:24:26.645-0500 [DEBUG] [org.gradle.cache.internal.DefaultFileLockManager] Lock acquired on daemon addresses registry.
2026-03-27T23:24:26.645-0500 [DEBUG] [org.gradle.cache.internal.DefaultFileLockManager] Releasing lock on daemon addresses registry.
2026-03-27T23:24:26.646-0500 [DEBUG] [org.gradle.cache.internal.DefaultFileLockManager] Waiting to acquire shared lock on daemon addresses registry.
2026-03-27T23:24:26.647-0500 [DEBUG] [org.gradle.cache.internal.DefaultFileLockManager] Lock acquired on daemon addresses registry.
2026-03-27T23:24:26.647-0500 [DEBUG] [org.gradle.cache.internal.DefaultFileLockManager] Releasing lock on daemon addresses registry.
2026-03-27T23:24:36.664-0500 [DEBUG] [org.gradle.cache.internal.DefaultFileLockManager] Waiting to acquire shared lock on daemon addresses registry.
2026-03-27T23:24:36.664-0500 [DEBUG] [org.gradle.cache.internal.DefaultFileLockManager] Lock acquired on daemon addresses registry.
2026-03-27T23:24:36.664-0500 [DEBUG] [org.gradle.cache.internal.DefaultFileLockManager] Releasing lock on daemon addresses registry.
2026-03-27T23:24:36.683-0500 [DEBUG] [org.gradle.cache.internal.DefaultFileLockManager] Waiting to acquire shared lock on daemon addresses registry.
2026-03-27T23:24:36.683-0500 [DEBUG] [org.gradle.cache.internal.DefaultFileLockManager] Lock acquired on daemon addresses registry.
2026-03-27T23:24:36.683-0500 [DEBUG] [org.gradle.cache.internal.DefaultFileLockManager] Releasing lock on daemon addresses registry.
2026-03-27T23:24:36.684-0500 [DEBUG] [org.gradle.cache.internal.DefaultFileLockManager] Waiting to acquire shared lock on daemon addresses registry.
2026-03-27T23:24:36.685-0500 [DEBUG] [org.gradle.cache.internal.DefaultFileLockManager] Lock acquired on daemon addresses registry.
2026-03-27T23:24:36.685-0500 [DEBUG] [org.gradle.cache.internal.DefaultFileLockManager] Releasing lock on daemon addresses registry.
2026-03-27T23:24:46.638-0500 [DEBUG] [org.gradle.cache.internal.DefaultFileLockManager] Waiting to acquire shared lock on daemon addresses registry.
2026-03-27T23:24:46.639-0500 [DEBUG] [org.gradle.cache.internal.DefaultFileLockManager] Lock acquired on daemon addresses registry.
2026-03-27T23:24:46.639-0500 [DEBUG] [org.gradle.cache.internal.DefaultFileLockManager] Releasing lock on daemon addresses registry.
2026-03-27T23:24:46.642-0500 [DEBUG] [org.gradle.cache.internal.DefaultFileLockManager] Waiting to acquire shared lock on daemon addresses registry.
2026-03-27T23:24:46.642-0500 [DEBUG] [org.gradle.cache.internal.DefaultFileLockManager] Lock acquired on daemon addresses registry.
2026-03-27T23:24:46.642-0500 [DEBUG] [org.gradle.cache.internal.DefaultFileLockManager] Releasing lock on daemon addresses registry.
2026-03-27T23:24:46.644-0500 [DEBUG] [org.gradle.cache.internal.DefaultFileLockManager] Waiting to acquire shared lock on daemon addresses registry.
2026-03-27T23:24:46.644-0500 [DEBUG] [org.gradle.cache.internal.DefaultFileLockManager] Lock acquired on daemon addresses registry.
2026-03-27T23:24:46.644-0500 [DEBUG] [org.gradle.cache.internal.DefaultFileLockManager] Releasing lock on daemon addresses registry.
2026-03-27T23:24:49.539-0500 [DEBUG] [org.gradle.process.internal.health.memory.DefaultMemoryManager] 841566208 physical memory requested, 752594944 free
2026-03-27T23:24:49.540-0500 [DEBUG] [org.gradle.workers.internal.WorkerDaemonExpiration] Will attempt to release 802 of memory
2026-03-27T23:24:49.540-0500 [DEBUG] [org.gradle.process.internal.health.memory.DefaultMemoryManager] 841566208 physical memory requested, 0 released, 752594944 free
2026-03-27T23:24:56.647-0500 [DEBUG] [org.gradle.cache.internal.DefaultFileLockManager] Waiting to acquire shared lock on daemon addresses registry.
2026-03-27T23:24:56.647-0500 [DEBUG] [org.gradle.cache.internal.DefaultFileLockManager] Lock acquired on daemon addresses registry.
2026-03-27T23:24:56.647-0500 [DEBUG] [org.gradle.cache.internal.DefaultFileLockManager] Releasing lock on daemon addresses registry.
2026-03-27T23:24:56.649-0500 [DEBUG] [org.gradle.cache.internal.DefaultFileLockManager] Waiting to acquire shared lock on daemon addresses registry.
2026-03-27T23:24:56.649-0500 [DEBUG] [org.gradle.cache.internal.DefaultFileLockManager] Lock acquired on daemon addresses registry.
2026-03-27T23:24:56.650-0500 [DEBUG] [org.gradle.cache.internal.DefaultFileLockManager] Releasing lock on daemon addresses registry.
2026-03-27T23:24:56.651-0500 [DEBUG] [org.gradle.cache.internal.DefaultFileLockManager] Waiting to acquire shared lock on daemon addresses registry.
2026-03-27T23:24:56.651-0500 [DEBUG] [org.gradle.cache.internal.DefaultFileLockManager] Lock acquired on daemon addresses registry.
2026-03-27T23:24:56.651-0500 [DEBUG] [org.gradle.cache.internal.DefaultFileLockManager] Releasing lock on daemon addresses registry.
2026-03-27T23:25:06.653-0500 [DEBUG] [org.gradle.cache.internal.DefaultFileLockManager] Waiting to acquire shared lock on daemon addresses registry.
2026-03-27T23:25:06.653-0500 [DEBUG] [org.gradle.cache.internal.DefaultFileLockManager] Lock acquired on daemon addresses registry.
2026-03-27T23:25:06.655-0500 [DEBUG] [org.gradle.cache.internal.DefaultFileLockManager] Releasing lock on daemon addresses registry.
2026-03-27T23:25:06.660-0500 [DEBUG] [org.gradle.cache.internal.DefaultFileLockManager] Waiting to acquire shared lock on daemon addresses registry.
2026-03-27T23:25:06.661-0500 [DEBUG] [org.gradle.cache.internal.DefaultFileLockManager] Lock acquired on daemon addresses registry.
2026-03-27T23:25:06.665-0500 [DEBUG] [org.gradle.cache.internal.DefaultFileLockManager] Releasing lock on daemon addresses registry.
2026-03-27T23:25:06.669-0500 [DEBUG] [org.gradle.cache.internal.DefaultFileLockManager] Waiting to acquire shared lock on daemon addresses registry.
2026-03-27T23:25:06.670-0500 [DEBUG] [org.gradle.cache.internal.DefaultFileLockManager] Lock acquired on daemon addresses registry.
2026-03-27T23:25:06.671-0500 [DEBUG] [org.gradle.cache.internal.DefaultFileLockManager] Releasing lock on daemon addresses registry.
2026-03-27T23:25:16.637-0500 [DEBUG] [org.gradle.cache.internal.DefaultFileLockManager] Waiting to acquire shared lock on daemon addresses registry.
2026-03-27T23:25:16.638-0500 [DEBUG] [org.gradle.cache.internal.DefaultFileLockManager] Lock acquired on daemon addresses registry.
2026-03-27T23:25:16.638-0500 [DEBUG] [org.gradle.cache.internal.DefaultFileLockManager] Releasing lock on daemon addresses registry.
2026-03-27T23:25:16.640-0500 [DEBUG] [org.gradle.cache.internal.DefaultFileLockManager] Waiting to acquire shared lock on daemon addresses registry.
2026-03-27T23:25:16.641-0500 [DEBUG] [org.gradle.cache.internal.DefaultFileLockManager] Lock acquired on daemon addresses registry.
2026-03-27T23:25:16.641-0500 [DEBUG] [org.gradle.cache.internal.DefaultFileLockManager] Releasing lock on daemon addresses registry.
2026-03-27T23:25:16.642-0500 [DEBUG] [org.gradle.cache.internal.DefaultFileLockManager] Waiting to acquire shared lock on daemon addresses registry.
2026-03-27T23:25:16.643-0500 [DEBUG] [org.gradle.cache.internal.DefaultFileLockManager] Lock acquired on daemon addresses registry.
2026-03-27T23:25:16.643-0500 [DEBUG] [org.gradle.cache.internal.DefaultFileLockManager] Releasing lock on daemon addresses registry.
2026-03-27T23:25:22.398-0500 [DEBUG] [sun.rmi.transport.tcp] RMI TCP Connection(9)-127.0.0.1: accepted socket from [127.0.0.1:26043]
2026-03-27T23:25:22.419-0500 [DEBUG] [sun.rmi.transport.tcp] RMI TCP Connection(9)-127.0.0.1: (port 27155) op = 80
2026-03-27T23:25:22.454-0500 [DEBUG] [sun.rmi.loader] RMI TCP Connection(9)-127.0.0.1: name = "[Ljava.rmi.server.ObjID;", codebase = "", defaultLoader = jdk.internal.loader.ClassLoaders$PlatformClassLoader@65311715
2026-03-27T23:25:22.470-0500 [DEBUG] [sun.rmi.loader] RMI TCP Connection(9)-127.0.0.1: name = "java.rmi.dgc.Lease", codebase = "", defaultLoader = jdk.internal.loader.ClassLoaders$PlatformClassLoader@65311715
2026-03-27T23:25:22.479-0500 [DEBUG] [sun.rmi.loader] RMI TCP Connection(9)-127.0.0.1: name = "java.rmi.dgc.VMID", codebase = "", defaultLoader = jdk.internal.loader.ClassLoaders$PlatformClassLoader@65311715
2026-03-27T23:25:22.480-0500 [DEBUG] [sun.rmi.loader] RMI TCP Connection(9)-127.0.0.1: name = "[B", codebase = "", defaultLoader = jdk.internal.loader.ClassLoaders$PlatformClassLoader@65311715
2026-03-27T23:25:22.485-0500 [DEBUG] [sun.rmi.loader] RMI TCP Connection(9)-127.0.0.1: name = "java.rmi.server.UID", codebase = "", defaultLoader = jdk.internal.loader.ClassLoaders$PlatformClassLoader@65311715
2026-03-27T23:25:26.656-0500 [DEBUG] [org.gradle.cache.internal.DefaultFileLockManager] Waiting to acquire shared lock on daemon addresses registry.
2026-03-27T23:25:26.656-0500 [DEBUG] [org.gradle.cache.internal.DefaultFileLockManager] Lock acquired on daemon addresses registry.
2026-03-27T23:25:26.672-0500 [DEBUG] [org.gradle.cache.internal.DefaultFileLockManager] Releasing lock on daemon addresses registry.
2026-03-27T23:25:26.678-0500 [DEBUG] [org.gradle.cache.internal.DefaultFileLockManager] Waiting to acquire shared lock on daemon addresses registry.
2026-03-27T23:25:26.680-0500 [DEBUG] [org.gradle.cache.internal.DefaultFileLockManager] Lock acquired on daemon addresses registry.
2026-03-27T23:25:26.682-0500 [DEBUG] [org.gradle.cache.internal.DefaultFileLockManager] Releasing lock on daemon addresses registry.
2026-03-27T23:25:26.686-0500 [DEBUG] [org.gradle.cache.internal.DefaultFileLockManager] Waiting to acquire shared lock on daemon addresses registry.
2026-03-27T23:25:26.686-0500 [DEBUG] [org.gradle.cache.internal.DefaultFileLockManager] Lock acquired on daemon addresses registry.
2026-03-27T23:25:26.687-0500 [DEBUG] [org.gradle.cache.internal.DefaultFileLockManager] Releasing lock on daemon addresses registry.
2026-03-27T23:25:36.643-0500 [DEBUG] [org.gradle.cache.internal.DefaultFileLockManager] Waiting to acquire shared lock on daemon addresses registry.
2026-03-27T23:25:36.643-0500 [DEBUG] [org.gradle.cache.internal.DefaultFileLockManager] Lock acquired on daemon addresses registry.
2026-03-27T23:25:36.643-0500 [DEBUG] [org.gradle.cache.internal.DefaultFileLockManager] Releasing lock on daemon addresses registry.
2026-03-27T23:25:36.644-0500 [DEBUG] [org.gradle.cache.internal.DefaultFileLockManager] Waiting to acquire shared lock on daemon addresses registry.
2026-03-27T23:25:36.644-0500 [DEBUG] [org.gradle.cache.internal.DefaultFileLockManager] Lock acquired on daemon addresses registry.
2026-03-27T23:25:36.648-0500 [DEBUG] [org.gradle.cache.internal.DefaultFileLockManager] Releasing lock on daemon addresses registry.
2026-03-27T23:25:36.649-0500 [DEBUG] [org.gradle.cache.internal.DefaultFileLockManager] Waiting to acquire shared lock on daemon addresses registry.
2026-03-27T23:25:36.649-0500 [DEBUG] [org.gradle.cache.internal.DefaultFileLockManager] Lock acquired on daemon addresses registry.
2026-03-27T23:25:36.650-0500 [DEBUG] [org.gradle.cache.internal.DefaultFileLockManager] Releasing lock on daemon addresses registry.
2026-03-27T23:25:37.550-0500 [DEBUG] [sun.rmi.transport.tcp] RMI TCP Connection(9)-127.0.0.1: (port 27155) connection closed
2026-03-27T23:25:37.552-0500 [DEBUG] [sun.rmi.transport.tcp] RMI TCP Connection(9)-127.0.0.1: close connection, socket: Socket[addr=/127.0.0.1,port=26043,localport=27155]
2026-03-27T23:25:37.555-0500 [DEBUG] [sun.rmi.transport.tcp] RMI TCP Connection(9)-127.0.0.1: socket close: Socket[addr=/127.0.0.1,port=26043,localport=27155]
2026-03-27T23:25:46.659-0500 [DEBUG] [org.gradle.cache.internal.DefaultFileLockManager] Waiting to acquire shared lock on daemon addresses registry.
2026-03-27T23:25:46.659-0500 [DEBUG] [org.gradle.cache.internal.DefaultFileLockManager] Lock acquired on daemon addresses registry.
2026-03-27T23:25:46.661-0500 [DEBUG] [org.gradle.cache.internal.DefaultFileLockManager] Releasing lock on daemon addresses registry.
2026-03-27T23:25:46.669-0500 [DEBUG] [org.gradle.cache.internal.DefaultFileLockManager] Waiting to acquire shared lock on daemon addresses registry.
2026-03-27T23:25:46.669-0500 [DEBUG] [org.gradle.cache.internal.DefaultFileLockManager] Lock acquired on daemon addresses registry.
2026-03-27T23:25:46.671-0500 [DEBUG] [org.gradle.cache.internal.DefaultFileLockManager] Releasing lock on daemon addresses registry.
2026-03-27T23:25:46.676-0500 [DEBUG] [org.gradle.cache.internal.DefaultFileLockManager] Waiting to acquire shared lock on daemon addresses registry.
2026-03-27T23:25:46.677-0500 [DEBUG] [org.gradle.cache.internal.DefaultFileLockManager] Lock acquired on daemon addresses registry.
2026-03-27T23:25:46.677-0500 [DEBUG] [org.gradle.cache.internal.DefaultFileLockManager] Releasing lock on daemon addresses registry.
2026-03-27T23:25:56.640-0500 [DEBUG] [org.gradle.cache.internal.DefaultFileLockManager] Waiting to acquire shared lock on daemon addresses registry.
2026-03-27T23:25:56.640-0500 [DEBUG] [org.gradle.cache.internal.DefaultFileLockManager] Lock acquired on daemon addresses registry.
2026-03-27T23:25:56.640-0500 [DEBUG] [org.gradle.cache.internal.DefaultFileLockManager] Releasing lock on daemon addresses registry.
2026-03-27T23:25:56.641-0500 [DEBUG] [org.gradle.cache.internal.DefaultFileLockManager] Waiting to acquire shared lock on daemon addresses registry.
2026-03-27T23:25:56.641-0500 [DEBUG] [org.gradle.cache.internal.DefaultFileLockManager] Lock acquired on daemon addresses registry.
2026-03-27T23:25:56.641-0500 [DEBUG] [org.gradle.cache.internal.DefaultFileLockManager] Releasing lock on daemon addresses registry.
2026-03-27T23:25:56.642-0500 [DEBUG] [org.gradle.cache.internal.DefaultFileLockManager] Waiting to acquire shared lock on daemon addresses registry.
2026-03-27T23:25:56.643-0500 [DEBUG] [org.gradle.cache.internal.DefaultFileLockManager] Lock acquired on daemon addresses registry.
2026-03-27T23:25:56.643-0500 [DEBUG] [org.gradle.cache.internal.DefaultFileLockManager] Releasing lock on daemon addresses registry.
2026-03-27T23:26:06.638-0500 [DEBUG] [org.gradle.cache.internal.DefaultFileLockManager] Waiting to acquire shared lock on daemon addresses registry.
2026-03-27T23:26:06.638-0500 [DEBUG] [org.gradle.cache.internal.DefaultFileLockManager] Lock acquired on daemon addresses registry.
2026-03-27T23:26:06.638-0500 [DEBUG] [org.gradle.cache.internal.DefaultFileLockManager] Releasing lock on daemon addresses registry.
2026-03-27T23:26:06.640-0500 [DEBUG] [org.gradle.cache.internal.DefaultFileLockManager] Waiting to acquire shared lock on daemon addresses registry.
2026-03-27T23:26:06.640-0500 [DEBUG] [org.gradle.cache.internal.DefaultFileLockManager] Lock acquired on daemon addresses registry.
2026-03-27T23:26:06.640-0500 [DEBUG] [org.gradle.cache.internal.DefaultFileLockManager] Releasing lock on daemon addresses registry.
2026-03-27T23:26:06.641-0500 [DEBUG] [org.gradle.cache.internal.DefaultFileLockManager] Waiting to acquire shared lock on daemon addresses registry.
2026-03-27T23:26:06.641-0500 [DEBUG] [org.gradle.cache.internal.DefaultFileLockManager] Lock acquired on daemon addresses registry.
2026-03-27T23:26:06.642-0500 [DEBUG] [org.gradle.cache.internal.DefaultFileLockManager] Releasing lock on daemon addresses registry.
2026-03-27T23:26:16.638-0500 [DEBUG] [org.gradle.cache.internal.DefaultFileLockManager] Waiting to acquire shared lock on daemon addresses registry.
2026-03-27T23:26:16.638-0500 [DEBUG] [org.gradle.cache.internal.DefaultFileLockManager] Lock acquired on daemon addresses registry.
2026-03-27T23:26:16.638-0500 [DEBUG] [org.gradle.cache.internal.DefaultFileLockManager] Releasing lock on daemon addresses registry.
2026-03-27T23:26:16.640-0500 [DEBUG] [org.gradle.cache.internal.DefaultFileLockManager] Waiting to acquire shared lock on daemon addresses registry.
2026-03-27T23:26:16.640-0500 [DEBUG] [org.gradle.cache.internal.DefaultFileLockManager] Lock acquired on daemon addresses registry.
2026-03-27T23:26:16.640-0500 [DEBUG] [org.gradle.cache.internal.DefaultFileLockManager] Releasing lock on daemon addresses registry.
2026-03-27T23:26:16.641-0500 [DEBUG] [org.gradle.cache.internal.DefaultFileLockManager] Waiting to acquire shared lock on daemon addresses registry.
2026-03-27T23:26:16.641-0500 [DEBUG] [org.gradle.cache.internal.DefaultFileLockManager] Lock acquired on daemon addresses registry.
2026-03-27T23:26:16.642-0500 [DEBUG] [org.gradle.cache.internal.DefaultFileLockManager] Releasing lock on daemon addresses registry.
2026-03-27T23:26:26.639-0500 [DEBUG] [org.gradle.cache.internal.DefaultFileLockManager] Waiting to acquire shared lock on daemon addresses registry.
2026-03-27T23:26:26.639-0500 [DEBUG] [org.gradle.cache.internal.DefaultFileLockManager] Lock acquired on daemon addresses registry.
2026-03-27T23:26:26.639-0500 [DEBUG] [org.gradle.cache.internal.DefaultFileLockManager] Releasing lock on daemon addresses registry.
2026-03-27T23:26:26.640-0500 [DEBUG] [org.gradle.cache.internal.DefaultFileLockManager] Waiting to acquire shared lock on daemon addresses registry.
2026-03-27T23:26:26.641-0500 [DEBUG] [org.gradle.cache.internal.DefaultFileLockManager] Lock acquired on daemon addresses registry.
2026-03-27T23:26:26.641-0500 [DEBUG] [org.gradle.cache.internal.DefaultFileLockManager] Releasing lock on daemon addresses registry.
2026-03-27T23:26:26.643-0500 [DEBUG] [org.gradle.cache.internal.DefaultFileLockManager] Waiting to acquire shared lock on daemon addresses registry.
2026-03-27T23:26:26.643-0500 [DEBUG] [org.gradle.cache.internal.DefaultFileLockManager] Lock acquired on daemon addresses registry.
2026-03-27T23:26:26.643-0500 [DEBUG] [org.gradle.cache.internal.DefaultFileLockManager] Releasing lock on daemon addresses registry.
2026-03-27T23:26:29.540-0500 [DEBUG] [org.gradle.process.internal.health.memory.DefaultMemoryManager] 841566208 physical memory requested, 687898624 free
2026-03-27T23:26:29.540-0500 [DEBUG] [org.gradle.workers.internal.WorkerDaemonExpiration] Will attempt to release 802 of memory
2026-03-27T23:26:29.540-0500 [DEBUG] [org.gradle.process.internal.health.memory.DefaultMemoryManager] 841566208 physical memory requested, 0 released, 687898624 free
2026-03-27T23:26:34.540-0500 [DEBUG] [org.gradle.process.internal.health.memory.DefaultMemoryManager] 841566208 physical memory requested, 836337664 free
2026-03-27T23:26:34.541-0500 [DEBUG] [org.gradle.workers.internal.WorkerDaemonExpiration] Will attempt to release 802 of memory
2026-03-27T23:26:34.542-0500 [DEBUG] [org.gradle.process.internal.health.memory.DefaultMemoryManager] 841566208 physical memory requested, 0 released, 836337664 free
2026-03-27T23:26:36.638-0500 [DEBUG] [org.gradle.cache.internal.DefaultFileLockManager] Waiting to acquire shared lock on daemon addresses registry.
2026-03-27T23:26:36.638-0500 [DEBUG] [org.gradle.cache.internal.DefaultFileLockManager] Lock acquired on daemon addresses registry.
2026-03-27T23:26:36.639-0500 [DEBUG] [org.gradle.cache.internal.DefaultFileLockManager] Releasing lock on daemon addresses registry.
2026-03-27T23:26:36.640-0500 [DEBUG] [org.gradle.cache.internal.DefaultFileLockManager] Waiting to acquire shared lock on daemon addresses registry.
2026-03-27T23:26:36.642-0500 [DEBUG] [org.gradle.cache.internal.DefaultFileLockManager] Lock acquired on daemon addresses registry.
2026-03-27T23:26:36.642-0500 [DEBUG] [org.gradle.cache.internal.DefaultFileLockManager] Releasing lock on daemon addresses registry.
2026-03-27T23:26:36.643-0500 [DEBUG] [org.gradle.cache.internal.DefaultFileLockManager] Waiting to acquire shared lock on daemon addresses registry.
2026-03-27T23:26:36.643-0500 [DEBUG] [org.gradle.cache.internal.DefaultFileLockManager] Lock acquired on daemon addresses registry.
2026-03-27T23:26:36.644-0500 [DEBUG] [org.gradle.cache.internal.DefaultFileLockManager] Releasing lock on daemon addresses registry.
2026-03-27T23:26:39.540-0500 [DEBUG] [org.gradle.process.internal.health.memory.DefaultMemoryManager] 841566208 physical memory requested, 715911168 free
2026-03-27T23:26:39.540-0500 [DEBUG] [org.gradle.workers.internal.WorkerDaemonExpiration] Will attempt to release 802 of memory
2026-03-27T23:26:39.540-0500 [DEBUG] [org.gradle.process.internal.health.memory.DefaultMemoryManager] 841566208 physical memory requested, 0 released, 715911168 free
2026-03-27T23:26:46.641-0500 [DEBUG] [org.gradle.cache.internal.DefaultFileLockManager] Waiting to acquire shared lock on daemon addresses registry.
2026-03-27T23:26:46.641-0500 [DEBUG] [org.gradle.cache.internal.DefaultFileLockManager] Lock acquired on daemon addresses registry.
2026-03-27T23:26:46.642-0500 [DEBUG] [org.gradle.cache.internal.DefaultFileLockManager] Releasing lock on daemon addresses registry.
2026-03-27T23:26:46.645-0500 [DEBUG] [org.gradle.cache.internal.DefaultFileLockManager] Waiting to acquire shared lock on daemon addresses registry.
2026-03-27T23:26:46.645-0500 [DEBUG] [org.gradle.cache.internal.DefaultFileLockManager] Lock acquired on daemon addresses registry.
2026-03-27T23:26:46.646-0500 [DEBUG] [org.gradle.cache.internal.DefaultFileLockManager] Releasing lock on daemon addresses registry.
2026-03-27T23:26:46.647-0500 [DEBUG] [org.gradle.cache.internal.DefaultFileLockManager] Waiting to acquire shared lock on daemon addresses registry.
2026-03-27T23:26:46.647-0500 [DEBUG] [org.gradle.cache.internal.DefaultFileLockManager] Lock acquired on daemon addresses registry.
2026-03-27T23:26:46.647-0500 [DEBUG] [org.gradle.cache.internal.DefaultFileLockManager] Releasing lock on daemon addresses registry.
2026-03-27T23:26:56.639-0500 [DEBUG] [org.gradle.cache.internal.DefaultFileLockManager] Waiting to acquire shared lock on daemon addresses registry.
2026-03-27T23:26:56.639-0500 [DEBUG] [org.gradle.cache.internal.DefaultFileLockManager] Lock acquired on daemon addresses registry.
2026-03-27T23:26:56.640-0500 [DEBUG] [org.gradle.cache.internal.DefaultFileLockManager] Releasing lock on daemon addresses registry.
2026-03-27T23:26:56.644-0500 [DEBUG] [org.gradle.cache.internal.DefaultFileLockManager] Waiting to acquire shared lock on daemon addresses registry.
2026-03-27T23:26:56.644-0500 [DEBUG] [org.gradle.cache.internal.DefaultFileLockManager] Lock acquired on daemon addresses registry.
2026-03-27T23:26:56.644-0500 [DEBUG] [org.gradle.cache.internal.DefaultFileLockManager] Releasing lock on daemon addresses registry.
2026-03-27T23:26:56.646-0500 [DEBUG] [org.gradle.cache.internal.DefaultFileLockManager] Waiting to acquire shared lock on daemon addresses registry.
2026-03-27T23:26:56.646-0500 [DEBUG] [org.gradle.cache.internal.DefaultFileLockManager] Lock acquired on daemon addresses registry.
2026-03-27T23:26:56.646-0500 [DEBUG] [org.gradle.cache.internal.DefaultFileLockManager] Releasing lock on daemon addresses registry.
2026-03-27T23:26:59.538-0500 [DEBUG] [org.gradle.process.internal.health.memory.DefaultMemoryManager] 841566208 physical memory requested, 726196224 free
2026-03-27T23:26:59.538-0500 [DEBUG] [org.gradle.workers.internal.WorkerDaemonExpiration] Will attempt to release 802 of memory
2026-03-27T23:26:59.538-0500 [DEBUG] [org.gradle.process.internal.health.memory.DefaultMemoryManager] 841566208 physical memory requested, 0 released, 726196224 free
2026-03-27T23:27:06.639-0500 [DEBUG] [org.gradle.cache.internal.DefaultFileLockManager] Waiting to acquire shared lock on daemon addresses registry.
2026-03-27T23:27:06.639-0500 [DEBUG] [org.gradle.cache.internal.DefaultFileLockManager] Lock acquired on daemon addresses registry.
2026-03-27T23:27:06.639-0500 [DEBUG] [org.gradle.cache.internal.DefaultFileLockManager] Releasing lock on daemon addresses registry.
2026-03-27T23:27:06.641-0500 [DEBUG] [org.gradle.cache.internal.DefaultFileLockManager] Waiting to acquire shared lock on daemon addresses registry.
2026-03-27T23:27:06.641-0500 [DEBUG] [org.gradle.cache.internal.DefaultFileLockManager] Lock acquired on daemon addresses registry.
2026-03-27T23:27:06.641-0500 [DEBUG] [org.gradle.cache.internal.DefaultFileLockManager] Releasing lock on daemon addresses registry.
2026-03-27T23:27:06.643-0500 [DEBUG] [org.gradle.cache.internal.DefaultFileLockManager] Waiting to acquire shared lock on daemon addresses registry.
2026-03-27T23:27:06.643-0500 [DEBUG] [org.gradle.cache.internal.DefaultFileLockManager] Lock acquired on daemon addresses registry.
2026-03-27T23:27:06.643-0500 [DEBUG] [org.gradle.cache.internal.DefaultFileLockManager] Releasing lock on daemon addresses registry.
2026-03-27T23:27:12.618-0500 [DEBUG] [sun.rmi.transport.tcp] RMI TCP Connection(10)-127.0.0.1: accepted socket from [127.0.0.1:26073]
2026-03-27T23:27:12.620-0500 [DEBUG] [sun.rmi.transport.tcp] RMI TCP Connection(10)-127.0.0.1: (port 27155) op = 80
2026-03-27T23:27:12.622-0500 [DEBUG] [sun.rmi.loader] RMI TCP Connection(10)-127.0.0.1: name = "[Ljava.rmi.server.ObjID;", codebase = "", defaultLoader = jdk.internal.loader.ClassLoaders$PlatformClassLoader@65311715
2026-03-27T23:27:12.623-0500 [DEBUG] [sun.rmi.loader] RMI TCP Connection(10)-127.0.0.1: name = "java.rmi.dgc.Lease", codebase = "", defaultLoader = jdk.internal.loader.ClassLoaders$PlatformClassLoader@65311715
2026-03-27T23:27:12.624-0500 [DEBUG] [sun.rmi.loader] RMI TCP Connection(10)-127.0.0.1: name = "java.rmi.dgc.VMID", codebase = "", defaultLoader = jdk.internal.loader.ClassLoaders$PlatformClassLoader@65311715
2026-03-27T23:27:12.624-0500 [DEBUG] [sun.rmi.loader] RMI TCP Connection(10)-127.0.0.1: name = "[B", codebase = "", defaultLoader = jdk.internal.loader.ClassLoaders$PlatformClassLoader@65311715
2026-03-27T23:27:12.625-0500 [DEBUG] [sun.rmi.loader] RMI TCP Connection(10)-127.0.0.1: name = "java.rmi.server.UID", codebase = "", defaultLoader = jdk.internal.loader.ClassLoaders$PlatformClassLoader@65311715
2026-03-27T23:27:16.642-0500 [DEBUG] [org.gradle.cache.internal.DefaultFileLockManager] Waiting to acquire shared lock on daemon addresses registry.
2026-03-27T23:27:16.642-0500 [DEBUG] [org.gradle.cache.internal.DefaultFileLockManager] Lock acquired on daemon addresses registry.
2026-03-27T23:27:16.642-0500 [DEBUG] [org.gradle.cache.internal.DefaultFileLockManager] Releasing lock on daemon addresses registry.
2026-03-27T23:27:16.647-0500 [DEBUG] [org.gradle.cache.internal.DefaultFileLockManager] Waiting to acquire shared lock on daemon addresses registry.
2026-03-27T23:27:16.647-0500 [DEBUG] [org.gradle.cache.internal.DefaultFileLockManager] Lock acquired on daemon addresses registry.
2026-03-27T23:27:16.648-0500 [DEBUG] [org.gradle.cache.internal.DefaultFileLockManager] Releasing lock on daemon addresses registry.
2026-03-27T23:27:16.649-0500 [DEBUG] [org.gradle.cache.internal.DefaultFileLockManager] Waiting to acquire shared lock on daemon addresses registry.
2026-03-27T23:27:16.649-0500 [DEBUG] [org.gradle.cache.internal.DefaultFileLockManager] Lock acquired on daemon addresses registry.
2026-03-27T23:27:16.650-0500 [DEBUG] [org.gradle.cache.internal.DefaultFileLockManager] Releasing lock on daemon addresses registry.
2026-03-27T23:27:26.639-0500 [DEBUG] [org.gradle.cache.internal.DefaultFileLockManager] Waiting to acquire shared lock on daemon addresses registry.
2026-03-27T23:27:26.639-0500 [DEBUG] [org.gradle.cache.internal.DefaultFileLockManager] Lock acquired on daemon addresses registry.
2026-03-27T23:27:26.641-0500 [DEBUG] [org.gradle.cache.internal.DefaultFileLockManager] Releasing lock on daemon addresses registry.
2026-03-27T23:27:26.642-0500 [DEBUG] [org.gradle.cache.internal.DefaultFileLockManager] Waiting to acquire shared lock on daemon addresses registry.
2026-03-27T23:27:26.642-0500 [DEBUG] [org.gradle.cache.internal.DefaultFileLockManager] Lock acquired on daemon addresses registry.
2026-03-27T23:27:26.643-0500 [DEBUG] [org.gradle.cache.internal.DefaultFileLockManager] Releasing lock on daemon addresses registry.
2026-03-27T23:27:26.644-0500 [DEBUG] [org.gradle.cache.internal.DefaultFileLockManager] Waiting to acquire shared lock on daemon addresses registry.
2026-03-27T23:27:26.644-0500 [DEBUG] [org.gradle.cache.internal.DefaultFileLockManager] Lock acquired on daemon addresses registry.
2026-03-27T23:27:26.644-0500 [DEBUG] [org.gradle.cache.internal.DefaultFileLockManager] Releasing lock on daemon addresses registry.
2026-03-27T23:27:27.630-0500 [DEBUG] [sun.rmi.transport.tcp] RMI TCP Connection(10)-127.0.0.1: (port 27155) connection closed
2026-03-27T23:27:27.630-0500 [DEBUG] [sun.rmi.transport.tcp] RMI TCP Connection(10)-127.0.0.1: close connection, socket: Socket[addr=/127.0.0.1,port=26073,localport=27155]
2026-03-27T23:27:27.631-0500 [DEBUG] [sun.rmi.transport.tcp] RMI TCP Connection(10)-127.0.0.1: socket close: Socket[addr=/127.0.0.1,port=26073,localport=27155]
2026-03-27T23:27:36.639-0500 [DEBUG] [org.gradle.cache.internal.DefaultFileLockManager] Waiting to acquire shared lock on daemon addresses registry.
2026-03-27T23:27:36.639-0500 [DEBUG] [org.gradle.cache.internal.DefaultFileLockManager] Lock acquired on daemon addresses registry.
2026-03-27T23:27:36.640-0500 [DEBUG] [org.gradle.cache.internal.DefaultFileLockManager] Releasing lock on daemon addresses registry.
2026-03-27T23:27:36.642-0500 [DEBUG] [org.gradle.cache.internal.DefaultFileLockManager] Waiting to acquire shared lock on daemon addresses registry.
2026-03-27T23:27:36.642-0500 [DEBUG] [org.gradle.cache.internal.DefaultFileLockManager] Lock acquired on daemon addresses registry.
2026-03-27T23:27:36.645-0500 [DEBUG] [org.gradle.cache.internal.DefaultFileLockManager] Releasing lock on daemon addresses registry.
2026-03-27T23:27:36.647-0500 [DEBUG] [org.gradle.cache.internal.DefaultFileLockManager] Waiting to acquire shared lock on daemon addresses registry.
2026-03-27T23:27:36.647-0500 [DEBUG] [org.gradle.cache.internal.DefaultFileLockManager] Lock acquired on daemon addresses registry.
2026-03-27T23:27:36.647-0500 [DEBUG] [org.gradle.cache.internal.DefaultFileLockManager] Releasing lock on daemon addresses registry.
2026-03-27T23:27:46.639-0500 [DEBUG] [org.gradle.cache.internal.DefaultFileLockManager] Waiting to acquire shared lock on daemon addresses registry.
2026-03-27T23:27:46.641-0500 [DEBUG] [org.gradle.cache.internal.DefaultFileLockManager] Lock acquired on daemon addresses registry.
2026-03-27T23:27:46.642-0500 [DEBUG] [org.gradle.cache.internal.DefaultFileLockManager] Releasing lock on daemon addresses registry.
2026-03-27T23:27:46.645-0500 [DEBUG] [org.gradle.cache.internal.DefaultFileLockManager] Waiting to acquire shared lock on daemon addresses registry.
2026-03-27T23:27:46.645-0500 [DEBUG] [org.gradle.cache.internal.DefaultFileLockManager] Lock acquired on daemon addresses registry.
2026-03-27T23:27:46.645-0500 [DEBUG] [org.gradle.cache.internal.DefaultFileLockManager] Releasing lock on daemon addresses registry.
2026-03-27T23:27:46.648-0500 [DEBUG] [org.gradle.cache.internal.DefaultFileLockManager] Waiting to acquire shared lock on daemon addresses registry.
2026-03-27T23:27:46.648-0500 [DEBUG] [org.gradle.cache.internal.DefaultFileLockManager] Lock acquired on daemon addresses registry.
2026-03-27T23:27:46.649-0500 [DEBUG] [org.gradle.cache.internal.DefaultFileLockManager] Releasing lock on daemon addresses registry.
2026-03-27T23:27:56.638-0500 [DEBUG] [org.gradle.cache.internal.DefaultFileLockManager] Waiting to acquire shared lock on daemon addresses registry.
2026-03-27T23:27:56.639-0500 [DEBUG] [org.gradle.cache.internal.DefaultFileLockManager] Lock acquired on daemon addresses registry.
2026-03-27T23:27:56.639-0500 [DEBUG] [org.gradle.cache.internal.DefaultFileLockManager] Releasing lock on daemon addresses registry.
2026-03-27T23:27:56.641-0500 [DEBUG] [org.gradle.cache.internal.DefaultFileLockManager] Waiting to acquire shared lock on daemon addresses registry.
2026-03-27T23:27:56.641-0500 [DEBUG] [org.gradle.cache.internal.DefaultFileLockManager] Lock acquired on daemon addresses registry.
2026-03-27T23:27:56.641-0500 [DEBUG] [org.gradle.cache.internal.DefaultFileLockManager] Releasing lock on daemon addresses registry.
2026-03-27T23:27:56.643-0500 [DEBUG] [org.gradle.cache.internal.DefaultFileLockManager] Waiting to acquire shared lock on daemon addresses registry.
2026-03-27T23:27:56.643-0500 [DEBUG] [org.gradle.cache.internal.DefaultFileLockManager] Lock acquired on daemon addresses registry.
2026-03-27T23:27:56.643-0500 [DEBUG] [org.gradle.cache.internal.DefaultFileLockManager] Releasing lock on daemon addresses registry.
2026-03-27T23:28:04.539-0500 [DEBUG] [org.gradle.process.internal.health.memory.DefaultMemoryManager] 841566208 physical memory requested, 773337088 free
2026-03-27T23:28:04.540-0500 [DEBUG] [org.gradle.workers.internal.WorkerDaemonExpiration] Will attempt to release 802 of memory
2026-03-27T23:28:04.540-0500 [DEBUG] [org.gradle.process.internal.health.memory.DefaultMemoryManager] 841566208 physical memory requested, 0 released, 773337088 free
2026-03-27T23:28:06.643-0500 [DEBUG] [org.gradle.cache.internal.DefaultFileLockManager] Waiting to acquire shared lock on daemon addresses registry.
2026-03-27T23:28:06.644-0500 [DEBUG] [org.gradle.cache.internal.DefaultFileLockManager] Lock acquired on daemon addresses registry.
2026-03-27T23:28:06.645-0500 [DEBUG] [org.gradle.cache.internal.DefaultFileLockManager] Releasing lock on daemon addresses registry.
2026-03-27T23:28:06.648-0500 [DEBUG] [org.gradle.cache.internal.DefaultFileLockManager] Waiting to acquire shared lock on daemon addresses registry.
2026-03-27T23:28:06.648-0500 [DEBUG] [org.gradle.cache.internal.DefaultFileLockManager] Lock acquired on daemon addresses registry.
2026-03-27T23:28:06.649-0500 [DEBUG] [org.gradle.cache.internal.DefaultFileLockManager] Releasing lock on daemon addresses registry.
2026-03-27T23:28:06.651-0500 [DEBUG] [org.gradle.cache.internal.DefaultFileLockManager] Waiting to acquire shared lock on daemon addresses registry.
2026-03-27T23:28:06.652-0500 [DEBUG] [org.gradle.cache.internal.DefaultFileLockManager] Lock acquired on daemon addresses registry.
2026-03-27T23:28:06.652-0500 [DEBUG] [org.gradle.cache.internal.DefaultFileLockManager] Releasing lock on daemon addresses registry.
2026-03-27T23:28:07.067-0500 [DEBUG] [org.gradle.internal.watch.vfs.impl.WatchingVirtualFileSystem] Handling VFS change MODIFIED C:\Users\sebgo\AndroidStudioProjects\mytaxitravel\app\src\main\java\com\workpro\mytaxitravel\Viajes.kt
2026-03-27T23:28:07.085-0500 [DEBUG] [org.gradle.internal.watch.vfs.impl.WatchingVirtualFileSystem] Handling VFS change CREATED C:\Users\sebgo\AndroidStudioProjects\mytaxitravel\app\src\main\res\layout\activity_viajes.xml~
2026-03-27T23:28:07.092-0500 [DEBUG] [org.gradle.internal.watch.vfs.impl.WatchingVirtualFileSystem] Handling VFS change MODIFIED C:\Users\sebgo\AndroidStudioProjects\mytaxitravel\app\src\main\res\layout\activity_viajes.xml
2026-03-27T23:28:07.099-0500 [DEBUG] [org.gradle.internal.remote.internal.inet.TcpIncomingConnector] Accepted connection from /127.0.0.1:32139 to /127.0.0.1:17309.
2026-03-27T23:28:07.177-0500 [DEBUG] [org.gradle.launcher.daemon.server.SynchronizedDispatchConnection] thread 493: received class org.gradle.launcher.daemon.protocol.Build
2026-03-27T23:28:07.178-0500 [DEBUG] [org.gradle.launcher.daemon.server.DefaultDaemonConnection] thread 493: Received non-IO message from client: Build{id=ede7b87b-0001-4ed0-9c08-0f3ceae056c9, currentDir=C:\Users\sebgo\AndroidStudioProjects\mytaxitravel}
2026-03-27T23:28:07.179-0500 [INFO] [org.gradle.launcher.daemon.server.DefaultIncomingConnectionHandler] Received command: Build{id=ede7b87b-0001-4ed0-9c08-0f3ceae056c9, currentDir=C:\Users\sebgo\AndroidStudioProjects\mytaxitravel}.
2026-03-27T23:28:07.180-0500 [DEBUG] [org.gradle.launcher.daemon.server.DefaultIncomingConnectionHandler] Starting executing command: Build{id=ede7b87b-0001-4ed0-9c08-0f3ceae056c9, currentDir=C:\Users\sebgo\AndroidStudioProjects\mytaxitravel} with connection: socket connection from /127.0.0.1:17309 to /127.0.0.1:32139.
2026-03-27T23:28:07.187-0500 [DEBUG] [org.gradle.launcher.daemon.server.DaemonStateCoordinator] Command execution: started DaemonCommandExecution[command = Build{id=ede7b87b-0001-4ed0-9c08-0f3ceae056c9, currentDir=C:\Users\sebgo\AndroidStudioProjects\mytaxitravel}, connection = DefaultDaemonConnection: socket connection from /127.0.0.1:17309 to /127.0.0.1:32139] after 5.697566666666666 minutes of idle
2026-03-27T23:28:07.187-0500 [INFO] [org.gradle.launcher.daemon.server.DaemonRegistryUpdater] Marking the daemon as busy, address: [997172e4-0228-42fa-b2cc-c9582f8c896e port:17309, addresses:[localhost/127.0.0.1]]
2026-03-27T23:28:07.187-0500 [DEBUG] [org.gradle.launcher.daemon.registry.PersistentDaemonRegistry] Marking busy by address: [997172e4-0228-42fa-b2cc-c9582f8c896e port:17309, addresses:[localhost/127.0.0.1]]
2026-03-27T23:28:07.188-0500 [DEBUG] [org.gradle.cache.internal.DefaultFileLockManager] Waiting to acquire exclusive lock on daemon addresses registry.
2026-03-27T23:28:07.189-0500 [DEBUG] [org.gradle.cache.internal.DefaultFileLockManager] Lock acquired on daemon addresses registry.
2026-03-27T23:28:07.195-0500 [DEBUG] [org.gradle.cache.internal.DefaultFileLockManager] Releasing lock on daemon addresses registry.
2026-03-27T23:28:07.196-0500 [DEBUG] [org.gradle.launcher.daemon.server.DaemonStateCoordinator] resetting idle timer
2026-03-27T23:28:07.197-0500 [DEBUG] [org.gradle.launcher.daemon.server.DaemonStateCoordinator] daemon is running. Sleeping until state changes.
2026-03-27T23:28:07.198-0500 [INFO] [org.gradle.launcher.daemon.server.exec.StartBuildOrRespondWithBusy] Daemon is about to start building Build{id=ede7b87b-0001-4ed0-9c08-0f3ceae056c9, currentDir=C:\Users\sebgo\AndroidStudioProjects\mytaxitravel}. Dispatching build started information...
2026-03-27T23:28:07.199-0500 [DEBUG] [org.gradle.launcher.daemon.server.SynchronizedDispatchConnection] thread 495: dispatching org.gradle.launcher.daemon.protocol.BuildStarted@689951ef
2026-03-27T23:28:07.208-0500 [DEBUG] [org.gradle.launcher.daemon.server.exec.EstablishBuildEnvironment] Configuring env variables: [USERDOMAIN_ROAMINGPROFILE, Maven, EFC_5368_2283032206, EFC_5368_2775293581, PROCESSOR_LEVEL, SESSIONNAME, ALLUSERSPROFILE, PROCESSOR_ARCHITECTURE, PSModulePath, SystemDrive, EFC_5368_1592913036, USERNAME, ProgramFiles(x86), FPS_BROWSER_USER_PROFILE_STRING, PATHEXT, DriverData, OneDriveConsumer, IntelliJ IDEA Community Edition, PyCharm Community Edition, ProgramData, ProgramW6432, EFC_5368_3789132940, HOMEPATH, PROCESSOR_IDENTIFIER, ProgramFiles, PUBLIC, windir, =::, ZES_ENABLE_SYSMAN, LOCALAPPDATA, ChocolateyLastPathUpdate, USERDOMAIN, LOGONSERVER, FPS_BROWSER_APP_PROFILE_STRING, JAVA_HOME, OneDrive, APPDATA, ChocolateyInstall, CommonProgramFiles, Path, OS, COMPUTERNAME, PROCESSOR_REVISION, CommonProgramW6432, ComSpec, TEMP, SystemRoot, HOMEDRIVE, USERPROFILE, TMP, EFC_5368_1262719628, CommonProgramFiles(x86), NUMBER_OF_PROCESSORS]
2026-03-27T23:28:07.222-0500 [DEBUG] [org.gradle.launcher.daemon.server.exec.LogToClient] About to start relaying all logs to the client via the connection.
2026-03-27T23:28:07.225-0500 [INFO] [org.gradle.launcher.daemon.server.exec.LogToClient] The client will now receive all logging from the daemon (pid: 13440). The daemon log file: C:\Users\sebgo\AndroidStudioProjects\mytaxitravel\gradle\daemon\8.13\daemon-13440.out.log
2026-03-27T23:28:07.241-0500 [INFO] [org.gradle.launcher.daemon.server.exec.LogAndCheckHealth] Starting 5th build in daemon [uptime: 25 mins 11.633 secs, performance: 98%, GC rate: 0.00/s, heap usage: 0% of 2 GiB]
2026-03-27T23:28:07.244-0500 [DEBUG] [org.gradle.launcher.daemon.server.exec.ExecuteBuild] The daemon has started executing the build.
2026-03-27T23:28:07.244-0500 [DEBUG] [org.gradle.launcher.daemon.server.exec.ExecuteBuild] Executing build with daemon context: DefaultDaemonContext[uid=b7364696-86c9-4c24-bb56-8cdc5351f417,javaHome=F:\Android Studio\jbr,javaVersion=21,javaVendor=JetBrains s.r.o.,daemonRegistryDir=C:\Users\sebgo\AndroidStudioProjects\mytaxitravel\gradle\daemon,pid=13440,idleTimeout=10800000,priority=NORMAL,applyInstrumentationAgent=true,nativeServicesMode=ENABLED,daemonOpts=-Xmx2048m,-Dfile.encoding=UTF-8,-Duser.country=CO,-Duser.language=es,-Duser.variant]

BUILD SUCCESSFUL in 50s
39 actionable tasks: 13 executed, 26 up-to-date
2026-03-27T23:28:58.300-0500 [DEBUG] [org.gradle.launcher.daemon.server.exec.ExecuteBuild] The daemon has finished executing the build.
2026-03-27T23:28:58.322-0500 [DEBUG] [org.gradle.launcher.daemon.server.DaemonStateCoordinator] daemon is running. Sleeping until state changes.
2026-03-27T23:28:58.323-0500 [DEBUG] [org.gradle.launcher.daemon.server.DaemonStateCoordinator] Command execution: finished waiting for DaemonCommandExecution[command = Build{id=ede7b87b-0001-4ed0-9c08-0f3ceae056c9, currentDir=C:\Users\sebgo\AndroidStudioProjects\mytaxitravel}, connection = DefaultDaemonConnection: socket connection from /127.0.0.1:17309 to /127.0.0.1:32139]. Result org.gradle.launcher.daemon.server.DaemonStateCoordinator@4c3ad2a7 with state Busy
2026-03-27T23:28:58.324-0500 [DEBUG] [org.gradle.launcher.daemon.server.DaemonStateCoordinator] Command execution: completed DaemonCommandExecution[command = Build{id=ede7b87b-0001-4ed0-9c08-0f3ceae056c9, currentDir=C:\Users\sebgo\AndroidStudioProjects\mytaxitravel}, connection = DefaultDaemonConnection: socket connection from /127.0.0.1:17309 to /127.0.0.1:32139]
2026-03-27T23:28:58.324-0500 [DEBUG] [org.gradle.launcher.daemon.server.DaemonStateCoordinator] resetting idle timer
2026-03-27T23:28:58.325-0500 [INFO] [org.gradle.launcher.daemon.server.DaemonRegistryUpdater] Marking the daemon as idle, address: [997172e4-0228-42fa-b2cc-c9582f8c896e port:17309, addresses:[localhost/127.0.0.1]]
2026-03-27T23:28:58.326-0500 [DEBUG] [org.gradle.launcher.daemon.registry.PersistentDaemonRegistry] Marking busy by address: [997172e4-0228-42fa-b2cc-c9582f8c896e port:17309, addresses:[localhost/127.0.0.1]]
2026-03-27T23:28:58.329-0500 [DEBUG] [org.gradle.cache.internal.DefaultFileLockManager] Waiting to acquire exclusive lock on daemon addresses registry.
2026-03-27T23:28:58.331-0500 [DEBUG] [org.gradle.cache.internal.DefaultFileLockManager] Lock acquired on daemon addresses registry.
2026-03-27T23:28:58.333-0500 [DEBUG] [org.gradle.cache.internal.DefaultFileLockManager] Releasing lock on daemon addresses registry.
2026-03-27T23:28:58.334-0500 [DEBUG] [org.gradle.launcher.daemon.server.DaemonStateCoordinator] daemon is running. Sleeping until state changes.
2026-03-27T23:28:58.334-0500 [DEBUG] [org.gradle.launcher.daemon.server.exec.ReturnResult] Daemon is dispatching the build result: Success[value=org.gradle.launcher.exec.BuildActionResult@369e4db4]
2026-03-27T23:28:58.334-0500 [DEBUG] [org.gradle.launcher.daemon.server.SynchronizedDispatchConnection] thread 492: dispatching Success[value=org.gradle.launcher.exec.BuildActionResult@369e4db4]
2026-03-27T23:28:58.337-0500 [DEBUG] [org.gradle.launcher.daemon.server.exec.CleanUpVirtualFileSystemAfterBuild] Cleaning virtual file system after build finished
2026-03-27T23:28:58.337-0500 [DEBUG] [org.gradle.launcher.daemon.server.DefaultIncomingConnectionHandler] Finishing executing command: Build{id=ede7b87b-0001-4ed0-9c08-0f3ceae056c9, currentDir=C:\Users\sebgo\AndroidStudioProjects\mytaxitravel}
2026-03-27T23:28:58.339-0500 [DEBUG] [org.gradle.launcher.daemon.server.SynchronizedDispatchConnection] thread 493: received class org.gradle.launcher.daemon.protocol.CloseInput
2026-03-27T23:28:58.340-0500 [DEBUG] [org.gradle.launcher.daemon.server.DefaultDaemonConnection] thread 493: Received IO message from client: org.gradle.launcher.daemon.protocol.CloseInput@60f78b73
2026-03-27T23:28:58.340-0500 [DEBUG] [org.gradle.launcher.daemon.server.SynchronizedDispatchConnection] thread 493: received class org.gradle.launcher.daemon.protocol.Finished
2026-03-27T23:28:58.340-0500 [DEBUG] [org.gradle.launcher.daemon.server.DefaultDaemonConnection] thread 493: Received non-IO message from client: org.gradle.launcher.daemon.protocol.Finished@6e30791d
2026-03-27T23:28:58.340-0500 [DEBUG] [org.gradle.launcher.daemon.server.DefaultIncomingConnectionHandler] Received finished message: org.gradle.launcher.daemon.protocol.Finished@6e30791d
2026-03-27T23:28:58.341-0500 [DEBUG] [org.gradle.launcher.daemon.server.SynchronizedDispatchConnection] thread 492: stopping connection
2026-03-27T23:28:58.341-0500 [DEBUG] [org.gradle.internal.remote.internal.inet.SocketConnection] Discarding EOFException: java.io.EOFException
2026-03-27T23:28:58.341-0500 [DEBUG] [org.gradle.launcher.daemon.server.SynchronizedDispatchConnection] thread 493: received null
2026-03-27T23:28:58.342-0500 [DEBUG] [org.gradle.launcher.daemon.server.DefaultDaemonConnection] thread 493: Received end-of-input from client.
2026-03-27T23:28:58.342-0500 [DEBUG] [org.gradle.launcher.daemon.server.SynchronizedDispatchConnection] thread 492: stopping connection
2026-03-27T23:28:59.549-0500 [DEBUG] [org.gradle.process.internal.health.memory.DefaultMemoryManager] 841566208 physical memory requested, 430338048 free
2026-03-27T23:28:59.550-0500 [DEBUG] [org.gradle.workers.internal.WorkerDaemonExpiration] Will attempt to release 802 of memory
2026-03-27T23:28:59.550-0500 [DEBUG] [org.gradle.process.internal.health.memory.DefaultMemoryManager] 841566208 physical memory requested, 0 released, 430338048 free
2026-03-27T23:29:04.567-0500 [DEBUG] [org.gradle.process.internal.health.memory.DefaultMemoryManager] 841566208 physical memory requested, 689418240 free
2026-03-27T23:29:04.568-0500 [DEBUG] [org.gradle.workers.internal.WorkerDaemonExpiration] Will attempt to release 802 of memory
2026-03-27T23:29:04.587-0500 [DEBUG] [org.gradle.process.internal.health.memory.DefaultMemoryManager] 841566208 physical memory requested, 0 released, 689418240 free
2026-03-27T23:29:06.889-0500 [DEBUG] [org.gradle.cache.internal.DefaultFileLockManager] Waiting to acquire shared lock on daemon addresses registry.
2026-03-27T23:29:06.919-0500 [DEBUG] [org.gradle.cache.internal.DefaultFileLockManager] Lock acquired on daemon addresses registry.
2026-03-27T23:29:07.028-0500 [DEBUG] [org.gradle.cache.internal.DefaultFileLockManager] Releasing lock on daemon addresses registry.
2026-03-27T23:29:07.203-0500 [DEBUG] [org.gradle.cache.internal.DefaultFileLockManager] Waiting to acquire shared lock on daemon addresses registry.
2026-03-27T23:29:07.238-0500 [DEBUG] [org.gradle.cache.internal.DefaultFileLockManager] Lock acquired on daemon addresses registry.
2026-03-27T23:29:07.262-0500 [DEBUG] [org.gradle.cache.internal.DefaultFileLockManager] Releasing lock on daemon addresses registry.
2026-03-27T23:29:16.643-0500 [DEBUG] [org.gradle.cache.internal.DefaultFileLockManager] Waiting to acquire shared lock on daemon addresses registry.
2026-03-27T23:29:16.643-0500 [DEBUG] [org.gradle.cache.internal.DefaultFileLockManager] Lock acquired on daemon addresses registry.
2026-03-27T23:29:16.644-0500 [DEBUG] [org.gradle.cache.internal.DefaultFileLockManager] Releasing lock on daemon addresses registry.
2026-03-27T23:29:16.646-0500 [DEBUG] [org.gradle.cache.internal.DefaultFileLockManager] Waiting to acquire shared lock on daemon addresses registry.
2026-03-27T23:29:16.646-0500 [DEBUG] [org.gradle.cache.internal.DefaultFileLockManager] Lock acquired on daemon addresses registry.
2026-03-27T23:29:16.646-0500 [DEBUG] [org.gradle.cache.internal.DefaultFileLockManager] Releasing lock on daemon addresses registry.
2026-03-27T23:29:16.648-0500 [DEBUG] [org.gradle.cache.internal.DefaultFileLockManager] Waiting to acquire shared lock on daemon addresses registry.
2026-03-27T23:29:16.648-0500 [DEBUG] [org.gradle.cache.internal.DefaultFileLockManager] Lock acquired on daemon addresses registry.
2026-03-27T23:29:16.649-0500 [DEBUG] [org.gradle.cache.internal.DefaultFileLockManager] Releasing lock on daemon addresses registry.
2026-03-27T23:29:19.838-0500 [DEBUG] [sun.rmi.transport.tcp] RMI TCP Connection(12)-127.0.0.1: (port 27155) connection closed
2026-03-27T23:29:19.850-0500 [DEBUG] [sun.rmi.transport.tcp] RMI TCP Connection(12)-127.0.0.1: close connection, socket: Socket[addr=/127.0.0.1,port=51950,localport=27155]
2026-03-27T23:29:19.867-0500 [DEBUG] [sun.rmi.transport.tcp] RMI TCP Connection(12)-127.0.0.1: socket close: Socket[addr=/127.0.0.1,port=51950,localport=27155]
2026-03-27T23:29:20.462-0500 [DEBUG] [sun.rmi.transport.tcp] RMI Scheduler(0): close connection, socket: Socket[addr=localhost/127.0.0.1,port=17738,localport=62076]
2026-03-27T23:29:26.642-0500 [DEBUG] [org.gradle.cache.internal.DefaultFileLockManager] Waiting to acquire shared lock on daemon addresses registry.
2026-03-27T23:29:26.642-0500 [DEBUG] [org.gradle.cache.internal.DefaultFileLockManager] Lock acquired on daemon addresses registry.
2026-03-27T23:29:26.643-0500 [DEBUG] [org.gradle.cache.internal.DefaultFileLockManager] Releasing lock on daemon addresses registry.
2026-03-27T23:29:26.646-0500 [DEBUG] [org.gradle.cache.internal.DefaultFileLockManager] Waiting to acquire shared lock on daemon addresses registry.
2026-03-27T23:29:26.646-0500 [DEBUG] [org.gradle.cache.internal.DefaultFileLockManager] Lock acquired on daemon addresses registry.
2026-03-27T23:29:26.648-0500 [DEBUG] [org.gradle.cache.internal.DefaultFileLockManager] Releasing lock on daemon addresses registry.
2026-03-27T23:29:26.650-0500 [DEBUG] [org.gradle.cache.internal.DefaultFileLockManager] Waiting to acquire shared lock on daemon addresses registry.
2026-03-27T23:29:26.650-0500 [DEBUG] [org.gradle.cache.internal.DefaultFileLockManager] Lock acquired on daemon addresses registry.
2026-03-27T23:29:26.651-0500 [DEBUG] [org.gradle.cache.internal.DefaultFileLockManager] Releasing lock on daemon addresses registry.
2026-03-27T23:29:36.645-0500 [DEBUG] [org.gradle.cache.internal.DefaultFileLockManager] Waiting to acquire shared lock on daemon addresses registry.
2026-03-27T23:29:36.646-0500 [DEBUG] [org.gradle.cache.internal.DefaultFileLockManager] Lock acquired on daemon addresses registry.
2026-03-27T23:29:36.673-0500 [DEBUG] [org.gradle.cache.internal.DefaultFileLockManager] Releasing lock on daemon addresses registry.
2026-03-27T23:29:36.676-0500 [DEBUG] [org.gradle.cache.internal.DefaultFileLockManager] Waiting to acquire shared lock on daemon addresses registry.
2026-03-27T23:29:36.677-0500 [DEBUG] [org.gradle.cache.internal.DefaultFileLockManager] Lock acquired on daemon addresses registry.
2026-03-27T23:29:36.677-0500 [DEBUG] [org.gradle.cache.internal.DefaultFileLockManager] Releasing lock on daemon addresses registry.
2026-03-27T23:29:36.680-0500 [DEBUG] [org.gradle.cache.internal.DefaultFileLockManager] Waiting to acquire shared lock on daemon addresses registry.
2026-03-27T23:29:36.680-0500 [DEBUG] [org.gradle.cache.internal.DefaultFileLockManager] Lock acquired on daemon addresses registry.
2026-03-27T23:29:36.681-0500 [DEBUG] [org.gradle.cache.internal.DefaultFileLockManager] Releasing lock on daemon addresses registry.
2026-03-27T23:29:46.654-0500 [DEBUG] [org.gradle.cache.internal.DefaultFileLockManager] Waiting to acquire shared lock on daemon addresses registry.
2026-03-27T23:29:46.655-0500 [DEBUG] [org.gradle.cache.internal.DefaultFileLockManager] Lock acquired on daemon addresses registry.
2026-03-27T23:29:46.658-0500 [DEBUG] [org.gradle.cache.internal.DefaultFileLockManager] Releasing lock on daemon addresses registry.
2026-03-27T23:29:46.663-0500 [DEBUG] [org.gradle.cache.internal.DefaultFileLockManager] Waiting to acquire shared lock on daemon addresses registry.
2026-03-27T23:29:46.664-0500 [DEBUG] [org.gradle.cache.internal.DefaultFileLockManager] Lock acquired on daemon addresses registry.
2026-03-27T23:29:46.666-0500 [DEBUG] [org.gradle.cache.internal.DefaultFileLockManager] Releasing lock on daemon addresses registry.
2026-03-27T23:29:46.679-0500 [DEBUG] [org.gradle.cache.internal.DefaultFileLockManager] Waiting to acquire shared lock on daemon addresses registry.
2026-03-27T23:29:46.680-0500 [DEBUG] [org.gradle.cache.internal.DefaultFileLockManager] Lock acquired on daemon addresses registry.
2026-03-27T23:29:46.680-0500 [DEBUG] [org.gradle.cache.internal.DefaultFileLockManager] Releasing lock on daemon addresses registry.
2026-03-27T23:29:49.548-0500 [DEBUG] [org.gradle.process.internal.health.memory.DefaultMemoryManager] 841566208 physical memory requested, 462655488 free
2026-03-27T23:29:49.548-0500 [DEBUG] [org.gradle.workers.internal.WorkerDaemonExpiration] Will attempt to release 802 of memory
2026-03-27T23:29:49.549-0500 [DEBUG] [org.gradle.process.internal.health.memory.DefaultMemoryManager] 841566208 physical memory requested, 0 released, 462655488 free
2026-03-27T23:29:54.560-0500 [DEBUG] [org.gradle.process.internal.health.memory.DefaultMemoryManager] 841566208 physical memory requested, 667922432 free
2026-03-27T23:29:54.561-0500 [DEBUG] [org.gradle.workers.internal.WorkerDaemonExpiration] Will attempt to release 802 of memory
2026-03-27T23:29:54.561-0500 [DEBUG] [org.gradle.process.internal.health.memory.DefaultMemoryManager] 841566208 physical memory requested, 0 released, 667922432 free
2026-03-27T23:29:56.642-0500 [DEBUG] [org.gradle.cache.internal.DefaultFileLockManager] Waiting to acquire shared lock on daemon addresses registry.
2026-03-27T23:29:56.642-0500 [DEBUG] [org.gradle.cache.internal.DefaultFileLockManager] Lock acquired on daemon addresses registry.
2026-03-27T23:29:56.653-0500 [DEBUG] [org.gradle.cache.internal.DefaultFileLockManager] Releasing lock on daemon addresses registry.
2026-03-27T23:29:56.657-0500 [DEBUG] [org.gradle.cache.internal.DefaultFileLockManager] Waiting to acquire shared lock on daemon addresses registry.
2026-03-27T23:29:56.658-0500 [DEBUG] [org.gradle.cache.internal.DefaultFileLockManager] Lock acquired on daemon addresses registry.
2026-03-27T23:29:56.658-0500 [DEBUG] [org.gradle.cache.internal.DefaultFileLockManager] Releasing lock on daemon addresses registry.
2026-03-27T23:29:56.661-0500 [DEBUG] [org.gradle.cache.internal.DefaultFileLockManager] Waiting to acquire shared lock on daemon addresses registry.
2026-03-27T23:29:56.661-0500 [DEBUG] [org.gradle.cache.internal.DefaultFileLockManager] Lock acquired on daemon addresses registry.
2026-03-27T23:29:56.662-0500 [DEBUG] [org.gradle.cache.internal.DefaultFileLockManager] Releasing lock on daemon addresses registry.
2026-03-27T23:29:59.543-0500 [DEBUG] [org.gradle.process.internal.health.memory.DefaultMemoryManager] 841566208 physical memory requested, 750653440 free
2026-03-27T23:29:59.543-0500 [DEBUG] [org.gradle.workers.internal.WorkerDaemonExpiration] Will attempt to release 802 of memory
2026-03-27T23:29:59.544-0500 [DEBUG] [org.gradle.process.internal.health.memory.DefaultMemoryManager] 841566208 physical memory requested, 0 released, 750653440 free
2026-03-27T23:30:04.542-0500 [DEBUG] [org.gradle.process.internal.health.memory.DefaultMemoryManager] 841566208 physical memory requested, 588406784 free
2026-03-27T23:30:04.543-0500 [DEBUG] [org.gradle.workers.internal.WorkerDaemonExpiration] Will attempt to release 802 of memory
2026-03-27T23:30:04.543-0500 [DEBUG] [org.gradle.process.internal.health.memory.DefaultMemoryManager] 841566208 physical memory requested, 0 released, 588406784 free
2026-03-27T23:30:06.656-0500 [DEBUG] [org.gradle.cache.internal.DefaultFileLockManager] Waiting to acquire shared lock on daemon addresses registry.
2026-03-27T23:30:06.657-0500 [DEBUG] [org.gradle.cache.internal.DefaultFileLockManager] Lock acquired on daemon addresses registry.
2026-03-27T23:30:06.661-0500 [DEBUG] [org.gradle.cache.internal.DefaultFileLockManager] Releasing lock on daemon addresses registry.
2026-03-27T23:30:06.666-0500 [DEBUG] [org.gradle.cache.internal.DefaultFileLockManager] Waiting to acquire shared lock on daemon addresses registry.
2026-03-27T23:30:06.667-0500 [DEBUG] [org.gradle.cache.internal.DefaultFileLockManager] Lock acquired on daemon addresses registry.
2026-03-27T23:30:06.668-0500 [DEBUG] [org.gradle.cache.internal.DefaultFileLockManager] Releasing lock on daemon addresses registry.
2026-03-27T23:30:06.672-0500 [DEBUG] [org.gradle.cache.internal.DefaultFileLockManager] Waiting to acquire shared lock on daemon addresses registry.
2026-03-27T23:30:06.673-0500 [DEBUG] [org.gradle.cache.internal.DefaultFileLockManager] Lock acquired on daemon addresses registry.
2026-03-27T23:30:06.674-0500 [DEBUG] [org.gradle.cache.internal.DefaultFileLockManager] Releasing lock on daemon addresses registry.
2026-03-27T23:30:09.551-0500 [DEBUG] [org.gradle.process.internal.health.memory.DefaultMemoryManager] 841566208 physical memory requested, 694607872 free
2026-03-27T23:30:09.552-0500 [DEBUG] [org.gradle.workers.internal.WorkerDaemonExpiration] Will attempt to release 802 of memory
2026-03-27T23:30:09.552-0500 [DEBUG] [org.gradle.process.internal.health.memory.DefaultMemoryManager] 841566208 physical memory requested, 0 released, 694607872 free
2026-03-27T23:30:16.640-0500 [DEBUG] [org.gradle.cache.internal.DefaultFileLockManager] Waiting to acquire shared lock on daemon addresses registry.
2026-03-27T23:30:16.641-0500 [DEBUG] [org.gradle.cache.internal.DefaultFileLockManager] Lock acquired on daemon addresses registry.
2026-03-27T23:30:16.643-0500 [DEBUG] [org.gradle.cache.internal.DefaultFileLockManager] Releasing lock on daemon addresses registry.
2026-03-27T23:30:16.646-0500 [DEBUG] [org.gradle.cache.internal.DefaultFileLockManager] Waiting to acquire shared lock on daemon addresses registry.
2026-03-27T23:30:16.646-0500 [DEBUG] [org.gradle.cache.internal.DefaultFileLockManager] Lock acquired on daemon addresses registry.
2026-03-27T23:30:16.647-0500 [DEBUG] [org.gradle.cache.internal.DefaultFileLockManager] Releasing lock on daemon addresses registry.
2026-03-27T23:30:16.649-0500 [DEBUG] [org.gradle.cache.internal.DefaultFileLockManager] Waiting to acquire shared lock on daemon addresses registry.
2026-03-27T23:30:16.649-0500 [DEBUG] [org.gradle.cache.internal.DefaultFileLockManager] Lock acquired on daemon addresses registry.
2026-03-27T23:30:16.649-0500 [DEBUG] [org.gradle.cache.internal.DefaultFileLockManager] Releasing lock on daemon addresses registry.
2026-03-27T23:30:19.546-0500 [DEBUG] [org.gradle.process.internal.health.memory.DefaultMemoryManager] 841566208 physical memory requested, 772317184 free
2026-03-27T23:30:19.546-0500 [DEBUG] [org.gradle.workers.internal.WorkerDaemonExpiration] Will attempt to release 802 of memory
2026-03-27T23:30:19.546-0500 [DEBUG] [org.gradle.process.internal.health.memory.DefaultMemoryManager] 841566208 physical memory requested, 0 released, 772317184 free
2026-03-27T23:30:22.469-0500 [DEBUG] [sun.rmi.transport.tcp] RMI TCP Connection(13)-127.0.0.1: accepted socket from [127.0.0.1:40045]
2026-03-27T23:30:22.507-0500 [DEBUG] [sun.rmi.transport.tcp] RMI TCP Connection(13)-127.0.0.1: (port 27155) op = 80
2026-03-27T23:30:22.560-0500 [DEBUG] [sun.rmi.loader] RMI TCP Connection(13)-127.0.0.1: name = "[Ljava.rmi.server.ObjID;", codebase = "", defaultLoader = jdk.internal.loader.ClassLoaders$PlatformClassLoader@65311715
2026-03-27T23:30:22.578-0500 [DEBUG] [sun.rmi.loader] RMI TCP Connection(13)-127.0.0.1: name = "java.rmi.dgc.Lease", codebase = "", defaultLoader = jdk.internal.loader.ClassLoaders$PlatformClassLoader@65311715
2026-03-27T23:30:22.589-0500 [DEBUG] [sun.rmi.loader] RMI TCP Connection(13)-127.0.0.1: name = "java.rmi.dgc.VMID", codebase = "", defaultLoader = jdk.internal.loader.ClassLoaders$PlatformClassLoader@65311715
2026-03-27T23:30:22.590-0500 [DEBUG] [sun.rmi.loader] RMI TCP Connection(13)-127.0.0.1: name = "[B", codebase = "", defaultLoader = jdk.internal.loader.ClassLoaders$PlatformClassLoader@65311715
2026-03-27T23:30:22.594-0500 [DEBUG] [sun.rmi.loader] RMI TCP Connection(13)-127.0.0.1: name = "java.rmi.server.UID", codebase = "", defaultLoader = jdk.internal.loader.ClassLoaders$PlatformClassLoader@65311715
2026-03-27T23:30:24.539-0500 [DEBUG] [org.gradle.process.internal.health.memory.DefaultMemoryManager] 841566208 physical memory requested, 701415424 free
2026-03-27T23:30:24.540-0500 [DEBUG] [org.gradle.workers.internal.WorkerDaemonExpiration] Will attempt to release 802 of memory
2026-03-27T23:30:24.540-0500 [DEBUG] [org.gradle.process.internal.health.memory.DefaultMemoryManager] 841566208 physical memory requested, 0 released, 701415424 free
2026-03-27T23:30:26.639-0500 [DEBUG] [org.gradle.cache.internal.DefaultFileLockManager] Waiting to acquire shared lock on daemon addresses registry.
2026-03-27T23:30:26.640-0500 [DEBUG] [org.gradle.cache.internal.DefaultFileLockManager] Lock acquired on daemon addresses registry.
2026-03-27T23:30:26.651-0500 [DEBUG] [org.gradle.cache.internal.DefaultFileLockManager] Releasing lock on daemon addresses registry.
2026-03-27T23:30:26.653-0500 [DEBUG] [org.gradle.cache.internal.DefaultFileLockManager] Waiting to acquire shared lock on daemon addresses registry.
2026-03-27T23:30:26.653-0500 [DEBUG] [org.gradle.cache.internal.DefaultFileLockManager] Lock acquired on daemon addresses registry.
2026-03-27T23:30:26.653-0500 [DEBUG] [org.gradle.cache.internal.DefaultFileLockManager] Releasing lock on daemon addresses registry.
2026-03-27T23:30:26.680-0500 [DEBUG] [org.gradle.cache.internal.DefaultFileLockManager] Waiting to acquire shared lock on daemon addresses registry.
2026-03-27T23:30:26.716-0500 [DEBUG] [org.gradle.cache.internal.DefaultFileLockManager] Lock acquired on daemon addresses registry.
2026-03-27T23:30:26.717-0500 [DEBUG] [org.gradle.cache.internal.DefaultFileLockManager] Releasing lock on daemon addresses registry.
2026-03-27T23:30:36.638-0500 [DEBUG] [org.gradle.cache.internal.DefaultFileLockManager] Waiting to acquire shared lock on daemon addresses registry.
2026-03-27T23:30:36.638-0500 [DEBUG] [org.gradle.cache.internal.DefaultFileLockManager] Lock acquired on daemon addresses registry.
2026-03-27T23:30:36.639-0500 [DEBUG] [org.gradle.cache.internal.DefaultFileLockManager] Releasing lock on daemon addresses registry.
2026-03-27T23:30:36.640-0500 [DEBUG] [org.gradle.cache.internal.DefaultFileLockManager] Waiting to acquire shared lock on daemon addresses registry.
2026-03-27T23:30:36.641-0500 [DEBUG] [org.gradle.cache.internal.DefaultFileLockManager] Lock acquired on daemon addresses registry.
2026-03-27T23:30:36.641-0500 [DEBUG] [org.gradle.cache.internal.DefaultFileLockManager] Releasing lock on daemon addresses registry.
2026-03-27T23:30:36.642-0500 [DEBUG] [org.gradle.cache.internal.DefaultFileLockManager] Waiting to acquire shared lock on daemon addresses registry.
2026-03-27T23:30:36.642-0500 [DEBUG] [org.gradle.cache.internal.DefaultFileLockManager] Lock acquired on daemon addresses registry.
2026-03-27T23:30:36.643-0500 [DEBUG] [org.gradle.cache.internal.DefaultFileLockManager] Releasing lock on daemon addresses registry.
2026-03-27T23:30:37.640-0500 [DEBUG] [sun.rmi.transport.tcp] RMI TCP Connection(13)-127.0.0.1: (port 27155) connection closed
2026-03-27T23:30:37.641-0500 [DEBUG] [sun.rmi.transport.tcp] RMI TCP Connection(13)-127.0.0.1: close connection, socket: Socket[addr=/127.0.0.1,port=40045,localport=27155]
2026-03-27T23:30:37.641-0500 [DEBUG] [sun.rmi.transport.tcp] RMI TCP Connection(13)-127.0.0.1: socket close: Socket[addr=/127.0.0.1,port=40045,localport=27155]
2026-03-27T23:30:46.639-0500 [DEBUG] [org.gradle.cache.internal.DefaultFileLockManager] Waiting to acquire shared lock on daemon addresses registry.
2026-03-27T23:30:46.639-0500 [DEBUG] [org.gradle.cache.internal.DefaultFileLockManager] Lock acquired on daemon addresses registry.
2026-03-27T23:30:46.640-0500 [DEBUG] [org.gradle.cache.internal.DefaultFileLockManager] Releasing lock on daemon addresses registry.
2026-03-27T23:30:46.641-0500 [DEBUG] [org.gradle.cache.internal.DefaultFileLockManager] Waiting to acquire shared lock on daemon addresses registry.
2026-03-27T23:30:46.641-0500 [DEBUG] [org.gradle.cache.internal.DefaultFileLockManager] Lock acquired on daemon addresses registry.
2026-03-27T23:30:46.642-0500 [DEBUG] [org.gradle.cache.internal.DefaultFileLockManager] Releasing lock on daemon addresses registry.
2026-03-27T23:30:46.643-0500 [DEBUG] [org.gradle.cache.internal.DefaultFileLockManager] Waiting to acquire shared lock on daemon addresses registry.
2026-03-27T23:30:46.643-0500 [DEBUG] [org.gradle.cache.internal.DefaultFileLockManager] Lock acquired on daemon addresses registry.
2026-03-27T23:30:46.644-0500 [DEBUG] [org.gradle.cache.internal.DefaultFileLockManager] Releasing lock on daemon addresses registry.
2026-03-27T23:30:56.637-0500 [DEBUG] [org.gradle.cache.internal.DefaultFileLockManager] Waiting to acquire shared lock on daemon addresses registry.
2026-03-27T23:30:56.638-0500 [DEBUG] [org.gradle.cache.internal.DefaultFileLockManager] Lock acquired on daemon addresses registry.
2026-03-27T23:30:56.638-0500 [DEBUG] [org.gradle.cache.internal.DefaultFileLockManager] Releasing lock on daemon addresses registry.
2026-03-27T23:30:56.640-0500 [DEBUG] [org.gradle.cache.internal.DefaultFileLockManager] Waiting to acquire shared lock on daemon addresses registry.
2026-03-27T23:30:56.640-0500 [DEBUG] [org.gradle.cache.internal.DefaultFileLockManager] Lock acquired on daemon addresses registry.
2026-03-27T23:30:56.641-0500 [DEBUG] [org.gradle.cache.internal.DefaultFileLockManager] Releasing lock on daemon addresses registry.
2026-03-27T23:30:56.642-0500 [DEBUG] [org.gradle.cache.internal.DefaultFileLockManager] Waiting to acquire shared lock on daemon addresses registry.
2026-03-27T23:30:56.642-0500 [DEBUG] [org.gradle.cache.internal.DefaultFileLockManager] Lock acquired on daemon addresses registry.
2026-03-27T23:30:56.642-0500 [DEBUG] [org.gradle.cache.internal.DefaultFileLockManager] Releasing lock on daemon addresses registry.
2026-03-27T23:31:06.639-0500 [DEBUG] [org.gradle.cache.internal.DefaultFileLockManager] Waiting to acquire shared lock on daemon addresses registry.
2026-03-27T23:31:06.639-0500 [DEBUG] [org.gradle.cache.internal.DefaultFileLockManager] Lock acquired on daemon addresses registry.
2026-03-27T23:31:06.640-0500 [DEBUG] [org.gradle.cache.internal.DefaultFileLockManager] Releasing lock on daemon addresses registry.
2026-03-27T23:31:06.645-0500 [DEBUG] [org.gradle.cache.internal.DefaultFileLockManager] Waiting to acquire shared lock on daemon addresses registry.
2026-03-27T23:31:06.646-0500 [DEBUG] [org.gradle.cache.internal.DefaultFileLockManager] Lock acquired on daemon addresses registry.
2026-03-27T23:31:06.647-0500 [DEBUG] [org.gradle.cache.internal.DefaultFileLockManager] Releasing lock on daemon addresses registry.
2026-03-27T23:31:06.649-0500 [DEBUG] [org.gradle.cache.internal.DefaultFileLockManager] Waiting to acquire shared lock on daemon addresses registry.
2026-03-27T23:31:06.650-0500 [DEBUG] [org.gradle.cache.internal.DefaultFileLockManager] Lock acquired on daemon addresses registry.
2026-03-27T23:31:06.650-0500 [DEBUG] [org.gradle.cache.internal.DefaultFileLockManager] Releasing lock on daemon addresses registry.
2026-03-27T23:31:14.539-0500 [DEBUG] [org.gradle.process.internal.health.memory.DefaultMemoryManager] 841566208 physical memory requested, 529440768 free
2026-03-27T23:31:14.539-0500 [DEBUG] [org.gradle.workers.internal.WorkerDaemonExpiration] Will attempt to release 802 of memory
2026-03-27T23:31:14.540-0500 [DEBUG] [org.gradle.process.internal.health.memory.DefaultMemoryManager] 841566208 physical memory requested, 0 released, 529440768 free
2026-03-27T23:31:16.643-0500 [DEBUG] [org.gradle.cache.internal.DefaultFileLockManager] Waiting to acquire shared lock on daemon addresses registry.
2026-03-27T23:31:16.651-0500 [DEBUG] [org.gradle.cache.internal.DefaultFileLockManager] Lock acquired on daemon addresses registry.
2026-03-27T23:31:16.652-0500 [DEBUG] [org.gradle.cache.internal.DefaultFileLockManager] Releasing lock on daemon addresses registry.
2026-03-27T23:31:16.654-0500 [DEBUG] [org.gradle.cache.internal.DefaultFileLockManager] Waiting to acquire shared lock on daemon addresses registry.
2026-03-27T23:31:16.655-0500 [DEBUG] [org.gradle.cache.internal.DefaultFileLockManager] Lock acquired on daemon addresses registry.
2026-03-27T23:31:16.657-0500 [DEBUG] [org.gradle.cache.internal.DefaultFileLockManager] Releasing lock on daemon addresses registry.
2026-03-27T23:31:16.659-0500 [DEBUG] [org.gradle.cache.internal.DefaultFileLockManager] Waiting to acquire shared lock on daemon addresses registry.
2026-03-27T23:31:16.660-0500 [DEBUG] [org.gradle.cache.internal.DefaultFileLockManager] Lock acquired on daemon addresses registry.
2026-03-27T23:31:16.661-0500 [DEBUG] [org.gradle.cache.internal.DefaultFileLockManager] Releasing lock on daemon addresses registry.
2026-03-27T23:31:17.638-0500 [DEBUG] [org.gradle.internal.watch.vfs.impl.WatchingVirtualFileSystem] Handling VFS change CREATED C:\Users\sebgo\AndroidStudioProjects\mytaxitravel\app\src\main\res\menu\bottom_nav_menu2.xml~
2026-03-27T23:31:17.694-0500 [DEBUG] [org.gradle.internal.watch.vfs.impl.WatchingVirtualFileSystem] Handling VFS change MODIFIED C:\Users\sebgo\AndroidStudioProjects\mytaxitravel\app\src\main\res\menu\bottom_nav_menu2.xml
2026-03-27T23:31:19.539-0500 [DEBUG] [org.gradle.process.internal.health.memory.DefaultMemoryManager] 841566208 physical memory requested, 644669440 free
2026-03-27T23:31:19.543-0500 [DEBUG] [org.gradle.workers.internal.WorkerDaemonExpiration] Will attempt to release 802 of memory
2026-03-27T23:31:19.545-0500 [DEBUG] [org.gradle.process.internal.health.memory.DefaultMemoryManager] 841566208 physical memory requested, 0 released, 644669440 free
2026-03-27T23:31:26.643-0500 [DEBUG] [org.gradle.cache.internal.DefaultFileLockManager] Waiting to acquire shared lock on daemon addresses registry.
2026-03-27T23:31:26.644-0500 [DEBUG] [org.gradle.cache.internal.DefaultFileLockManager] Lock acquired on daemon addresses registry.
2026-03-27T23:31:26.646-0500 [DEBUG] [org.gradle.cache.internal.DefaultFileLockManager] Releasing lock on daemon addresses registry.
2026-03-27T23:31:26.652-0500 [DEBUG] [org.gradle.cache.internal.DefaultFileLockManager] Waiting to acquire shared lock on daemon addresses registry.
2026-03-27T23:31:26.653-0500 [DEBUG] [org.gradle.cache.internal.DefaultFileLockManager] Lock acquired on daemon addresses registry.
2026-03-27T23:31:26.654-0500 [DEBUG] [org.gradle.cache.internal.DefaultFileLockManager] Releasing lock on daemon addresses registry.
2026-03-27T23:31:26.661-0500 [DEBUG] [org.gradle.cache.internal.DefaultFileLockManager] Waiting to acquire shared lock on daemon addresses registry.
2026-03-27T23:31:26.662-0500 [DEBUG] [org.gradle.cache.internal.DefaultFileLockManager] Lock acquired on daemon addresses registry.
2026-03-27T23:31:26.665-0500 [DEBUG] [org.gradle.cache.internal.DefaultFileLockManager] Releasing lock on daemon addresses registry.
2026-03-27T23:31:31.555-0500 [DEBUG] [org.gradle.internal.remote.internal.inet.TcpIncomingConnector] Accepted connection from /127.0.0.1:40061 to /127.0.0.1:17309.
2026-03-27T23:31:31.697-0500 [DEBUG] [org.gradle.launcher.daemon.server.SynchronizedDispatchConnection] thread 597: received class org.gradle.launcher.daemon.protocol.Build
2026-03-27T23:31:31.699-0500 [DEBUG] [org.gradle.launcher.daemon.server.DefaultDaemonConnection] thread 597: Received non-IO message from client: Build{id=902ac326-a5c1-48b4-b5f0-c3cb7b48145b, currentDir=C:\Users\sebgo\AndroidStudioProjects\mytaxitravel}
2026-03-27T23:31:31.701-0500 [INFO] [org.gradle.launcher.daemon.server.DefaultIncomingConnectionHandler] Received command: Build{id=902ac326-a5c1-48b4-b5f0-c3cb7b48145b, currentDir=C:\Users\sebgo\AndroidStudioProjects\mytaxitravel}.
2026-03-27T23:31:31.701-0500 [DEBUG] [org.gradle.launcher.daemon.server.DefaultIncomingConnectionHandler] Starting executing command: Build{id=902ac326-a5c1-48b4-b5f0-c3cb7b48145b, currentDir=C:\Users\sebgo\AndroidStudioProjects\mytaxitravel} with connection: socket connection from /127.0.0.1:17309 to /127.0.0.1:40061.
2026-03-27T23:31:31.712-0500 [DEBUG] [org.gradle.launcher.daemon.server.DaemonStateCoordinator] Command execution: started DaemonCommandExecution[command = Build{id=902ac326-a5c1-48b4-b5f0-c3cb7b48145b, currentDir=C:\Users\sebgo\AndroidStudioProjects\mytaxitravel}, connection = DefaultDaemonConnection: socket connection from /127.0.0.1:17309 to /127.0.0.1:40061] after 2.5563833333333337 minutes of idle
2026-03-27T23:31:31.714-0500 [INFO] [org.gradle.launcher.daemon.server.DaemonRegistryUpdater] Marking the daemon as busy, address: [997172e4-0228-42fa-b2cc-c9582f8c896e port:17309, addresses:[localhost/127.0.0.1]]
2026-03-27T23:31:31.714-0500 [DEBUG] [org.gradle.launcher.daemon.registry.PersistentDaemonRegistry] Marking busy by address: [997172e4-0228-42fa-b2cc-c9582f8c896e port:17309, addresses:[localhost/127.0.0.1]]
2026-03-27T23:31:31.718-0500 [DEBUG] [org.gradle.cache.internal.DefaultFileLockManager] Waiting to acquire exclusive lock on daemon addresses registry.
2026-03-27T23:31:31.722-0500 [DEBUG] [org.gradle.cache.internal.DefaultFileLockManager] Lock acquired on daemon addresses registry.
2026-03-27T23:31:31.732-0500 [DEBUG] [org.gradle.cache.internal.DefaultFileLockManager] Releasing lock on daemon addresses registry.
2026-03-27T23:31:31.733-0500 [DEBUG] [org.gradle.launcher.daemon.server.DaemonStateCoordinator] resetting idle timer
2026-03-27T23:31:31.735-0500 [DEBUG] [org.gradle.launcher.daemon.server.DaemonStateCoordinator] daemon is running. Sleeping until state changes.
2026-03-27T23:31:31.737-0500 [INFO] [org.gradle.launcher.daemon.server.exec.StartBuildOrRespondWithBusy] Daemon is about to start building Build{id=902ac326-a5c1-48b4-b5f0-c3cb7b48145b, currentDir=C:\Users\sebgo\AndroidStudioProjects\mytaxitravel}. Dispatching build started information...
2026-03-27T23:31:31.738-0500 [DEBUG] [org.gradle.launcher.daemon.server.SynchronizedDispatchConnection] thread 599: dispatching org.gradle.launcher.daemon.protocol.BuildStarted@47504802
2026-03-27T23:31:31.758-0500 [DEBUG] [org.gradle.launcher.daemon.server.exec.EstablishBuildEnvironment] Configuring env variables: [USERDOMAIN_ROAMINGPROFILE, Maven, EFC_5368_2283032206, EFC_5368_2775293581, PROCESSOR_LEVEL, SESSIONNAME, ALLUSERSPROFILE, PROCESSOR_ARCHITECTURE, PSModulePath, SystemDrive, EFC_5368_1592913036, USERNAME, ProgramFiles(x86), FPS_BROWSER_USER_PROFILE_STRING, PATHEXT, DriverData, OneDriveConsumer, IntelliJ IDEA Community Edition, PyCharm Community Edition, ProgramData, ProgramW6432, EFC_5368_3789132940, HOMEPATH, PROCESSOR_IDENTIFIER, ProgramFiles, PUBLIC, windir, =::, ZES_ENABLE_SYSMAN, LOCALAPPDATA, ChocolateyLastPathUpdate, USERDOMAIN, LOGONSERVER, FPS_BROWSER_APP_PROFILE_STRING, JAVA_HOME, OneDrive, APPDATA, ChocolateyInstall, CommonProgramFiles, Path, OS, COMPUTERNAME, PROCESSOR_REVISION, CommonProgramW6432, ComSpec, TEMP, SystemRoot, HOMEDRIVE, USERPROFILE, TMP, EFC_5368_1262719628, CommonProgramFiles(x86), NUMBER_OF_PROCESSORS]
2026-03-27T23:31:31.791-0500 [DEBUG] [org.gradle.launcher.daemon.server.exec.LogToClient] About to start relaying all logs to the client via the connection.
2026-03-27T23:31:31.796-0500 [INFO] [org.gradle.launcher.daemon.server.exec.LogToClient] The client will now receive all logging from the daemon (pid: 13440). The daemon log file: C:\Users\sebgo\AndroidStudioProjects\mytaxitravel\gradle\daemon\8.13\daemon-13440.out.log
2026-03-27T23:31:31.821-0500 [INFO] [org.gradle.launcher.daemon.server.exec.LogAndCheckHealth] Starting 6th build in daemon [uptime: 28 mins 36.206 secs, performance: 99%, GC rate: 0.00/s, heap usage: 0% of 2 GiB]
2026-03-27T23:31:31.828-0500 [DEBUG] [org.gradle.launcher.daemon.server.exec.ExecuteBuild] The daemon has started executing the build.
2026-03-27T23:31:31.831-0500 [DEBUG] [org.gradle.launcher.daemon.server.exec.ExecuteBuild] Executing build with daemon context: DefaultDaemonContext[uid=b7364696-86c9-4c24-bb56-8cdc5351f417,javaHome=F:\Android Studio\jbr,javaVersion=21,javaVendor=JetBrains s.r.o.,daemonRegistryDir=C:\Users\sebgo\AndroidStudioProjects\mytaxitravel\gradle\daemon,pid=13440,idleTimeout=10800000,priority=NORMAL,applyInstrumentationAgent=true,nativeServicesMode=ENABLED,daemonOpts=-Xmx2048m,-Dfile.encoding=UTF-8,-Duser.country=CO,-Duser.language=es,-Duser.variant]

BUILD SUCCESSFUL in 16s
39 actionable tasks: 8 executed, 31 up-to-date
2026-03-27T23:31:48.573-0500 [DEBUG] [org.gradle.launcher.daemon.server.exec.ExecuteBuild] The daemon has finished executing the build.
2026-03-27T23:31:48.580-0500 [DEBUG] [org.gradle.launcher.daemon.server.DaemonStateCoordinator] daemon is running. Sleeping until state changes.
2026-03-27T23:31:48.598-0500 [DEBUG] [org.gradle.launcher.daemon.server.DaemonStateCoordinator] Command execution: finished waiting for DaemonCommandExecution[command = Build{id=902ac326-a5c1-48b4-b5f0-c3cb7b48145b, currentDir=C:\Users\sebgo\AndroidStudioProjects\mytaxitravel}, connection = DefaultDaemonConnection: socket connection from /127.0.0.1:17309 to /127.0.0.1:40061]. Result org.gradle.launcher.daemon.server.DaemonStateCoordinator@4c3ad2a7 with state Busy
2026-03-27T23:31:48.598-0500 [DEBUG] [org.gradle.launcher.daemon.server.DaemonStateCoordinator] Command execution: completed DaemonCommandExecution[command = Build{id=902ac326-a5c1-48b4-b5f0-c3cb7b48145b, currentDir=C:\Users\sebgo\AndroidStudioProjects\mytaxitravel}, connection = DefaultDaemonConnection: socket connection from /127.0.0.1:17309 to /127.0.0.1:40061]
2026-03-27T23:31:48.598-0500 [DEBUG] [org.gradle.launcher.daemon.server.DaemonStateCoordinator] resetting idle timer
2026-03-27T23:31:48.598-0500 [INFO] [org.gradle.launcher.daemon.server.DaemonRegistryUpdater] Marking the daemon as idle, address: [997172e4-0228-42fa-b2cc-c9582f8c896e port:17309, addresses:[localhost/127.0.0.1]]
2026-03-27T23:31:48.598-0500 [DEBUG] [org.gradle.launcher.daemon.registry.PersistentDaemonRegistry] Marking busy by address: [997172e4-0228-42fa-b2cc-c9582f8c896e port:17309, addresses:[localhost/127.0.0.1]]
2026-03-27T23:31:48.599-0500 [DEBUG] [org.gradle.cache.internal.DefaultFileLockManager] Waiting to acquire exclusive lock on daemon addresses registry.
2026-03-27T23:31:48.599-0500 [DEBUG] [org.gradle.cache.internal.DefaultFileLockManager] Lock acquired on daemon addresses registry.
2026-03-27T23:31:48.601-0500 [DEBUG] [org.gradle.cache.internal.DefaultFileLockManager] Releasing lock on daemon addresses registry.
2026-03-27T23:31:48.601-0500 [DEBUG] [org.gradle.launcher.daemon.server.DaemonStateCoordinator] daemon is running. Sleeping until state changes.
2026-03-27T23:31:48.601-0500 [DEBUG] [org.gradle.launcher.daemon.server.exec.ReturnResult] Daemon is dispatching the build result: Success[value=org.gradle.launcher.exec.BuildActionResult@3601345a]
2026-03-27T23:31:48.601-0500 [DEBUG] [org.gradle.launcher.daemon.server.SynchronizedDispatchConnection] thread 596: dispatching Success[value=org.gradle.launcher.exec.BuildActionResult@3601345a]
2026-03-27T23:31:48.602-0500 [DEBUG] [org.gradle.launcher.daemon.server.DefaultIncomingConnectionHandler] Finishing executing command: Build{id=902ac326-a5c1-48b4-b5f0-c3cb7b48145b, currentDir=C:\Users\sebgo\AndroidStudioProjects\mytaxitravel}
2026-03-27T23:31:48.602-0500 [DEBUG] [org.gradle.launcher.daemon.server.SynchronizedDispatchConnection] thread 597: received class org.gradle.launcher.daemon.protocol.CloseInput
2026-03-27T23:31:48.602-0500 [DEBUG] [org.gradle.launcher.daemon.server.DefaultDaemonConnection] thread 597: Received IO message from client: org.gradle.launcher.daemon.protocol.CloseInput@6a62bdb3
2026-03-27T23:31:48.602-0500 [DEBUG] [org.gradle.launcher.daemon.server.exec.CleanUpVirtualFileSystemAfterBuild] Cleaning virtual file system after build finished
2026-03-27T23:31:48.602-0500 [DEBUG] [org.gradle.launcher.daemon.server.SynchronizedDispatchConnection] thread 597: received class org.gradle.launcher.daemon.protocol.Finished
2026-03-27T23:31:48.602-0500 [DEBUG] [org.gradle.launcher.daemon.server.DefaultDaemonConnection] thread 597: Received non-IO message from client: org.gradle.launcher.daemon.protocol.Finished@64a55e8f
2026-03-27T23:31:48.602-0500 [DEBUG] [org.gradle.launcher.daemon.server.DefaultIncomingConnectionHandler] Received finished message: org.gradle.launcher.daemon.protocol.Finished@64a55e8f
2026-03-27T23:31:48.603-0500 [DEBUG] [org.gradle.internal.remote.internal.inet.SocketConnection] Discarding EOFException: java.io.EOFException
2026-03-27T23:31:48.603-0500 [DEBUG] [org.gradle.launcher.daemon.server.SynchronizedDispatchConnection] thread 597: received null
2026-03-27T23:31:48.603-0500 [DEBUG] [org.gradle.launcher.daemon.server.DefaultDaemonConnection] thread 597: Received end-of-input from client.
2026-03-27T23:31:48.603-0500 [DEBUG] [org.gradle.launcher.daemon.server.SynchronizedDispatchConnection] thread 596: stopping connection
2026-03-27T23:31:48.603-0500 [DEBUG] [org.gradle.launcher.daemon.server.SynchronizedDispatchConnection] thread 596: stopping connection
2026-03-27T23:31:49.539-0500 [DEBUG] [org.gradle.process.internal.health.memory.DefaultMemoryManager] 841566208 physical memory requested, 672555008 free
2026-03-27T23:31:49.539-0500 [DEBUG] [org.gradle.workers.internal.WorkerDaemonExpiration] Will attempt to release 802 of memory
2026-03-27T23:31:49.539-0500 [DEBUG] [org.gradle.process.internal.health.memory.DefaultMemoryManager] 841566208 physical memory requested, 0 released, 672555008 free
2026-03-27T23:31:54.539-0500 [DEBUG] [org.gradle.process.internal.health.memory.DefaultMemoryManager] 841566208 physical memory requested, 667516928 free
2026-03-27T23:31:54.540-0500 [DEBUG] [org.gradle.workers.internal.WorkerDaemonExpiration] Will attempt to release 802 of memory
2026-03-27T23:31:54.540-0500 [DEBUG] [org.gradle.process.internal.health.memory.DefaultMemoryManager] 841566208 physical memory requested, 0 released, 667516928 free
2026-03-27T23:31:56.676-0500 [DEBUG] [org.gradle.cache.internal.DefaultFileLockManager] Waiting to acquire shared lock on daemon addresses registry.
2026-03-27T23:31:56.677-0500 [DEBUG] [org.gradle.cache.internal.DefaultFileLockManager] Lock acquired on daemon addresses registry.
2026-03-27T23:31:56.700-0500 [DEBUG] [org.gradle.cache.internal.DefaultFileLockManager] Releasing lock on daemon addresses registry.
2026-03-27T23:31:56.706-0500 [DEBUG] [org.gradle.cache.internal.DefaultFileLockManager] Waiting to acquire shared lock on daemon addresses registry.
2026-03-27T23:31:56.707-0500 [DEBUG] [org.gradle.cache.internal.DefaultFileLockManager] Lock acquired on daemon addresses registry.
2026-03-27T23:31:56.708-0500 [DEBUG] [org.gradle.cache.internal.DefaultFileLockManager] Releasing lock on daemon addresses registry.
2026-03-27T23:31:59.549-0500 [DEBUG] [org.gradle.process.internal.health.memory.DefaultMemoryManager] 841566208 physical memory requested, 686137344 free
2026-03-27T23:31:59.549-0500 [DEBUG] [org.gradle.workers.internal.WorkerDaemonExpiration] Will attempt to release 802 of memory
2026-03-27T23:31:59.549-0500 [DEBUG] [org.gradle.process.internal.health.memory.DefaultMemoryManager] 841566208 physical memory requested, 0 released, 686137344 free
2026-03-27T23:32:04.550-0500 [DEBUG] [org.gradle.process.internal.health.memory.DefaultMemoryManager] 841566208 physical memory requested, 729792512 free
2026-03-27T23:32:04.550-0500 [DEBUG] [org.gradle.workers.internal.WorkerDaemonExpiration] Will attempt to release 802 of memory
2026-03-27T23:32:04.550-0500 [DEBUG] [org.gradle.process.internal.health.memory.DefaultMemoryManager] 841566208 physical memory requested, 0 released, 729792512 free
2026-03-27T23:32:06.654-0500 [DEBUG] [org.gradle.cache.internal.DefaultFileLockManager] Waiting to acquire shared lock on daemon addresses registry.
2026-03-27T23:32:06.655-0500 [DEBUG] [org.gradle.cache.internal.DefaultFileLockManager] Lock acquired on daemon addresses registry.
2026-03-27T23:32:06.656-0500 [DEBUG] [org.gradle.cache.internal.DefaultFileLockManager] Releasing lock on daemon addresses registry.
2026-03-27T23:32:06.661-0500 [DEBUG] [org.gradle.cache.internal.DefaultFileLockManager] Waiting to acquire shared lock on daemon addresses registry.
2026-03-27T23:32:06.662-0500 [DEBUG] [org.gradle.cache.internal.DefaultFileLockManager] Lock acquired on daemon addresses registry.
2026-03-27T23:32:06.662-0500 [DEBUG] [org.gradle.cache.internal.DefaultFileLockManager] Releasing lock on daemon addresses registry.
2026-03-27T23:32:06.666-0500 [DEBUG] [org.gradle.cache.internal.DefaultFileLockManager] Waiting to acquire shared lock on daemon addresses registry.
2026-03-27T23:32:06.667-0500 [DEBUG] [org.gradle.cache.internal.DefaultFileLockManager] Lock acquired on daemon addresses registry.
2026-03-27T23:32:06.669-0500 [DEBUG] [org.gradle.cache.internal.DefaultFileLockManager] Releasing lock on daemon addresses registry.
2026-03-27T23:32:09.554-0500 [DEBUG] [org.gradle.process.internal.health.memory.DefaultMemoryManager] 841566208 physical memory requested, 690786304 free
2026-03-27T23:32:09.555-0500 [DEBUG] [org.gradle.workers.internal.WorkerDaemonExpiration] Will attempt to release 802 of memory
2026-03-27T23:32:09.555-0500 [DEBUG] [org.gradle.process.internal.health.memory.DefaultMemoryManager] 841566208 physical memory requested, 0 released, 690786304 free
2026-03-27T23:32:12.704-0500 [DEBUG] [sun.rmi.transport.tcp] RMI TCP Connection(14)-127.0.0.1: accepted socket from [127.0.0.1:61472]
2026-03-27T23:32:12.723-0500 [DEBUG] [sun.rmi.transport.tcp] RMI TCP Connection(14)-127.0.0.1: (port 27155) op = 80
2026-03-27T23:32:12.743-0500 [DEBUG] [sun.rmi.loader] RMI TCP Connection(14)-127.0.0.1: name = "[Ljava.rmi.server.ObjID;", codebase = "", defaultLoader = jdk.internal.loader.ClassLoaders$PlatformClassLoader@65311715
2026-03-27T23:32:12.745-0500 [DEBUG] [sun.rmi.loader] RMI TCP Connection(14)-127.0.0.1: name = "java.rmi.dgc.Lease", codebase = "", defaultLoader = jdk.internal.loader.ClassLoaders$PlatformClassLoader@65311715
2026-03-27T23:32:12.749-0500 [DEBUG] [sun.rmi.loader] RMI TCP Connection(14)-127.0.0.1: name = "java.rmi.dgc.VMID", codebase = "", defaultLoader = jdk.internal.loader.ClassLoaders$PlatformClassLoader@65311715
2026-03-27T23:32:12.750-0500 [DEBUG] [sun.rmi.loader] RMI TCP Connection(14)-127.0.0.1: name = "[B", codebase = "", defaultLoader = jdk.internal.loader.ClassLoaders$PlatformClassLoader@65311715
2026-03-27T23:32:12.751-0500 [DEBUG] [sun.rmi.loader] RMI TCP Connection(14)-127.0.0.1: name = "java.rmi.server.UID", codebase = "", defaultLoader = jdk.internal.loader.ClassLoaders$PlatformClassLoader@65311715
2026-03-27T23:32:16.649-0500 [DEBUG] [org.gradle.cache.internal.DefaultFileLockManager] Waiting to acquire shared lock on daemon addresses registry.
2026-03-27T23:32:16.649-0500 [DEBUG] [org.gradle.cache.internal.DefaultFileLockManager] Lock acquired on daemon addresses registry.
2026-03-27T23:32:16.650-0500 [DEBUG] [org.gradle.cache.internal.DefaultFileLockManager] Releasing lock on daemon addresses registry.
2026-03-27T23:32:16.652-0500 [DEBUG] [org.gradle.cache.internal.DefaultFileLockManager] Waiting to acquire shared lock on daemon addresses registry.
2026-03-27T23:32:16.652-0500 [DEBUG] [org.gradle.cache.internal.DefaultFileLockManager] Lock acquired on daemon addresses registry.
2026-03-27T23:32:16.652-0500 [DEBUG] [org.gradle.cache.internal.DefaultFileLockManager] Releasing lock on daemon addresses registry.
2026-03-27T23:32:16.654-0500 [DEBUG] [org.gradle.cache.internal.DefaultFileLockManager] Waiting to acquire shared lock on daemon addresses registry.
2026-03-27T23:32:16.654-0500 [DEBUG] [org.gradle.cache.internal.DefaultFileLockManager] Lock acquired on daemon addresses registry.
2026-03-27T23:32:16.655-0500 [DEBUG] [org.gradle.cache.internal.DefaultFileLockManager] Releasing lock on daemon addresses registry.
2026-03-27T23:32:26.648-0500 [DEBUG] [org.gradle.cache.internal.DefaultFileLockManager] Waiting to acquire shared lock on daemon addresses registry.
2026-03-27T23:32:26.648-0500 [DEBUG] [org.gradle.cache.internal.DefaultFileLockManager] Lock acquired on daemon addresses registry.
2026-03-27T23:32:26.648-0500 [DEBUG] [org.gradle.cache.internal.DefaultFileLockManager] Releasing lock on daemon addresses registry.
2026-03-27T23:32:26.651-0500 [DEBUG] [org.gradle.cache.internal.DefaultFileLockManager] Waiting to acquire shared lock on daemon addresses registry.
2026-03-27T23:32:26.651-0500 [DEBUG] [org.gradle.cache.internal.DefaultFileLockManager] Lock acquired on daemon addresses registry.
2026-03-27T23:32:26.651-0500 [DEBUG] [org.gradle.cache.internal.DefaultFileLockManager] Releasing lock on daemon addresses registry.
2026-03-27T23:32:26.653-0500 [DEBUG] [org.gradle.cache.internal.DefaultFileLockManager] Waiting to acquire shared lock on daemon addresses registry.
2026-03-27T23:32:26.653-0500 [DEBUG] [org.gradle.cache.internal.DefaultFileLockManager] Lock acquired on daemon addresses registry.
2026-03-27T23:32:26.653-0500 [DEBUG] [org.gradle.cache.internal.DefaultFileLockManager] Releasing lock on daemon addresses registry.
2026-03-27T23:32:27.778-0500 [DEBUG] [sun.rmi.transport.tcp] RMI TCP Connection(14)-127.0.0.1: (port 27155) connection closed
2026-03-27T23:32:27.779-0500 [DEBUG] [sun.rmi.transport.tcp] RMI TCP Connection(14)-127.0.0.1: close connection, socket: Socket[addr=/127.0.0.1,port=61472,localport=27155]
2026-03-27T23:32:27.781-0500 [DEBUG] [sun.rmi.transport.tcp] RMI TCP Connection(14)-127.0.0.1: socket close: Socket[addr=/127.0.0.1,port=61472,localport=27155]
2026-03-27T23:32:36.654-0500 [DEBUG] [org.gradle.cache.internal.DefaultFileLockManager] Waiting to acquire shared lock on daemon addresses registry.
2026-03-27T23:32:36.654-0500 [DEBUG] [org.gradle.cache.internal.DefaultFileLockManager] Lock acquired on daemon addresses registry.
2026-03-27T23:32:36.655-0500 [DEBUG] [org.gradle.cache.internal.DefaultFileLockManager] Releasing lock on daemon addresses registry.
2026-03-27T23:32:36.657-0500 [DEBUG] [org.gradle.cache.internal.DefaultFileLockManager] Waiting to acquire shared lock on daemon addresses registry.
2026-03-27T23:32:36.658-0500 [DEBUG] [org.gradle.cache.internal.DefaultFileLockManager] Lock acquired on daemon addresses registry.
2026-03-27T23:32:36.658-0500 [DEBUG] [org.gradle.cache.internal.DefaultFileLockManager] Releasing lock on daemon addresses registry.
2026-03-27T23:32:36.662-0500 [DEBUG] [org.gradle.cache.internal.DefaultFileLockManager] Waiting to acquire shared lock on daemon addresses registry.
2026-03-27T23:32:36.662-0500 [DEBUG] [org.gradle.cache.internal.DefaultFileLockManager] Lock acquired on daemon addresses registry.
2026-03-27T23:32:36.663-0500 [DEBUG] [org.gradle.cache.internal.DefaultFileLockManager] Releasing lock on daemon addresses registry.
2026-03-27T23:32:39.544-0500 [DEBUG] [org.gradle.process.internal.health.memory.DefaultMemoryManager] 841566208 physical memory requested, 749572096 free
2026-03-27T23:32:39.544-0500 [DEBUG] [org.gradle.workers.internal.WorkerDaemonExpiration] Will attempt to release 802 of memory
2026-03-27T23:32:39.544-0500 [DEBUG] [org.gradle.process.internal.health.memory.DefaultMemoryManager] 841566208 physical memory requested, 0 released, 749572096 free
2026-03-27T23:32:44.540-0500 [DEBUG] [org.gradle.process.internal.health.memory.DefaultMemoryManager] 841566208 physical memory requested, 757833728 free
2026-03-27T23:32:44.541-0500 [DEBUG] [org.gradle.workers.internal.WorkerDaemonExpiration] Will attempt to release 802 of memory
2026-03-27T23:32:44.541-0500 [DEBUG] [org.gradle.process.internal.health.memory.DefaultMemoryManager] 841566208 physical memory requested, 0 released, 757833728 free
2026-03-27T23:32:46.647-0500 [DEBUG] [org.gradle.cache.internal.DefaultFileLockManager] Waiting to acquire shared lock on daemon addresses registry.
2026-03-27T23:32:46.647-0500 [DEBUG] [org.gradle.cache.internal.DefaultFileLockManager] Lock acquired on daemon addresses registry.
2026-03-27T23:32:46.648-0500 [DEBUG] [org.gradle.cache.internal.DefaultFileLockManager] Releasing lock on daemon addresses registry.
2026-03-27T23:32:46.650-0500 [DEBUG] [org.gradle.cache.internal.DefaultFileLockManager] Waiting to acquire shared lock on daemon addresses registry.
2026-03-27T23:32:46.650-0500 [DEBUG] [org.gradle.cache.internal.DefaultFileLockManager] Lock acquired on daemon addresses registry.
2026-03-27T23:32:46.650-0500 [DEBUG] [org.gradle.cache.internal.DefaultFileLockManager] Releasing lock on daemon addresses registry.
2026-03-27T23:32:46.654-0500 [DEBUG] [org.gradle.cache.internal.DefaultFileLockManager] Waiting to acquire shared lock on daemon addresses registry.
2026-03-27T23:32:46.654-0500 [DEBUG] [org.gradle.cache.internal.DefaultFileLockManager] Lock acquired on daemon addresses registry.
2026-03-27T23:32:46.655-0500 [DEBUG] [org.gradle.cache.internal.DefaultFileLockManager] Releasing lock on daemon addresses registry.
2026-03-27T23:32:49.543-0500 [DEBUG] [org.gradle.process.internal.health.memory.DefaultMemoryManager] 841566208 physical memory requested, 742948864 free
2026-03-27T23:32:49.544-0500 [DEBUG] [org.gradle.workers.internal.WorkerDaemonExpiration] Will attempt to release 802 of memory
2026-03-27T23:32:49.547-0500 [DEBUG] [org.gradle.process.internal.health.memory.DefaultMemoryManager] 841566208 physical memory requested, 0 released, 742948864 free
2026-03-27T23:32:54.539-0500 [DEBUG] [org.gradle.process.internal.health.memory.DefaultMemoryManager] 841566208 physical memory requested, 691449856 free
2026-03-27T23:32:54.540-0500 [DEBUG] [org.gradle.workers.internal.WorkerDaemonExpiration] Will attempt to release 802 of memory
2026-03-27T23:32:54.540-0500 [DEBUG] [org.gradle.process.internal.health.memory.DefaultMemoryManager] 841566208 physical memory requested, 0 released, 691449856 free
2026-03-27T23:32:56.643-0500 [DEBUG] [org.gradle.cache.internal.DefaultFileLockManager] Waiting to acquire shared lock on daemon addresses registry.
2026-03-27T23:32:56.644-0500 [DEBUG] [org.gradle.cache.internal.DefaultFileLockManager] Lock acquired on daemon addresses registry.
2026-03-27T23:32:56.645-0500 [DEBUG] [org.gradle.cache.internal.DefaultFileLockManager] Releasing lock on daemon addresses registry.
2026-03-27T23:32:56.649-0500 [DEBUG] [org.gradle.cache.internal.DefaultFileLockManager] Waiting to acquire shared lock on daemon addresses registry.
2026-03-27T23:32:56.649-0500 [DEBUG] [org.gradle.cache.internal.DefaultFileLockManager] Lock acquired on daemon addresses registry.
2026-03-27T23:32:56.650-0500 [DEBUG] [org.gradle.cache.internal.DefaultFileLockManager] Releasing lock on daemon addresses registry.
2026-03-27T23:32:56.653-0500 [DEBUG] [org.gradle.cache.internal.DefaultFileLockManager] Waiting to acquire shared lock on daemon addresses registry.
2026-03-27T23:32:56.653-0500 [DEBUG] [org.gradle.cache.internal.DefaultFileLockManager] Lock acquired on daemon addresses registry.
2026-03-27T23:32:56.654-0500 [DEBUG] [org.gradle.cache.internal.DefaultFileLockManager] Releasing lock on daemon addresses registry.
2026-03-27T23:32:59.539-0500 [DEBUG] [org.gradle.process.internal.health.memory.DefaultMemoryManager] 841566208 physical memory requested, 758935552 free
2026-03-27T23:32:59.539-0500 [DEBUG] [org.gradle.workers.internal.WorkerDaemonExpiration] Will attempt to release 802 of memory
2026-03-27T23:32:59.539-0500 [DEBUG] [org.gradle.process.internal.health.memory.DefaultMemoryManager] 841566208 physical memory requested, 0 released, 758935552 free
2026-03-27T23:33:06.645-0500 [DEBUG] [org.gradle.cache.internal.DefaultFileLockManager] Waiting to acquire shared lock on daemon addresses registry.
2026-03-27T23:33:06.645-0500 [DEBUG] [org.gradle.cache.internal.DefaultFileLockManager] Lock acquired on daemon addresses registry.
2026-03-27T23:33:06.658-0500 [DEBUG] [org.gradle.cache.internal.DefaultFileLockManager] Releasing lock on daemon addresses registry.
2026-03-27T23:33:06.659-0500 [DEBUG] [org.gradle.cache.internal.DefaultFileLockManager] Waiting to acquire shared lock on daemon addresses registry.
2026-03-27T23:33:06.659-0500 [DEBUG] [org.gradle.cache.internal.DefaultFileLockManager] Lock acquired on daemon addresses registry.
2026-03-27T23:33:06.659-0500 [DEBUG] [org.gradle.cache.internal.DefaultFileLockManager] Releasing lock on daemon addresses registry.
2026-03-27T23:33:06.660-0500 [DEBUG] [org.gradle.cache.internal.DefaultFileLockManager] Waiting to acquire shared lock on daemon addresses registry.
2026-03-27T23:33:06.661-0500 [DEBUG] [org.gradle.cache.internal.DefaultFileLockManager] Lock acquired on daemon addresses registry.
2026-03-27T23:33:06.661-0500 [DEBUG] [org.gradle.cache.internal.DefaultFileLockManager] Releasing lock on daemon addresses registry.
2026-03-27T23:33:16.639-0500 [DEBUG] [org.gradle.cache.internal.DefaultFileLockManager] Waiting to acquire shared lock on daemon addresses registry.
2026-03-27T23:33:16.640-0500 [DEBUG] [org.gradle.cache.internal.DefaultFileLockManager] Lock acquired on daemon addresses registry.
2026-03-27T23:33:16.641-0500 [DEBUG] [org.gradle.cache.internal.DefaultFileLockManager] Releasing lock on daemon addresses registry.
2026-03-27T23:33:16.643-0500 [DEBUG] [org.gradle.cache.internal.DefaultFileLockManager] Waiting to acquire shared lock on daemon addresses registry.
2026-03-27T23:33:16.643-0500 [DEBUG] [org.gradle.cache.internal.DefaultFileLockManager] Lock acquired on daemon addresses registry.
2026-03-27T23:33:16.644-0500 [DEBUG] [org.gradle.cache.internal.DefaultFileLockManager] Releasing lock on daemon addresses registry.
2026-03-27T23:33:16.645-0500 [DEBUG] [org.gradle.cache.internal.DefaultFileLockManager] Waiting to acquire shared lock on daemon addresses registry.
2026-03-27T23:33:16.645-0500 [DEBUG] [org.gradle.cache.internal.DefaultFileLockManager] Lock acquired on daemon addresses registry.
2026-03-27T23:33:16.646-0500 [DEBUG] [org.gradle.cache.internal.DefaultFileLockManager] Releasing lock on daemon addresses registry.
2026-03-27T23:33:16.918-0500 [DEBUG] [org.gradle.internal.watch.vfs.impl.WatchingVirtualFileSystem] Handling VFS change CREATED C:\Users\sebgo\AndroidStudioProjects\mytaxitravel\app\src\main\java\com\workpro\mytaxitravel\Viajes.kt~
2026-03-27T23:33:16.951-0500 [DEBUG] [org.gradle.internal.watch.vfs.impl.WatchingVirtualFileSystem] Handling VFS change MODIFIED C:\Users\sebgo\AndroidStudioProjects\mytaxitravel\app\src\main\java\com\workpro\mytaxitravel\Viajes.kt
2026-03-27T23:33:16.970-0500 [DEBUG] [org.gradle.internal.remote.internal.inet.TcpIncomingConnector] Accepted connection from /127.0.0.1:32256 to /127.0.0.1:17309.
2026-03-27T23:33:17.057-0500 [DEBUG] [org.gradle.launcher.daemon.server.SynchronizedDispatchConnection] thread 688: received class org.gradle.launcher.daemon.protocol.Build
2026-03-27T23:33:17.059-0500 [DEBUG] [org.gradle.launcher.daemon.server.DefaultDaemonConnection] thread 688: Received non-IO message from client: Build{id=4f4468e2-bb4f-4c23-ac9a-28bf87812f61, currentDir=C:\Users\sebgo\AndroidStudioProjects\mytaxitravel}
2026-03-27T23:33:17.061-0500 [INFO] [org.gradle.launcher.daemon.server.DefaultIncomingConnectionHandler] Received command: Build{id=4f4468e2-bb4f-4c23-ac9a-28bf87812f61, currentDir=C:\Users\sebgo\AndroidStudioProjects\mytaxitravel}.
2026-03-27T23:33:17.061-0500 [DEBUG] [org.gradle.launcher.daemon.server.DefaultIncomingConnectionHandler] Starting executing command: Build{id=4f4468e2-bb4f-4c23-ac9a-28bf87812f61, currentDir=C:\Users\sebgo\AndroidStudioProjects\mytaxitravel} with connection: socket connection from /127.0.0.1:17309 to /127.0.0.1:32256.
2026-03-27T23:33:17.071-0500 [DEBUG] [org.gradle.launcher.daemon.server.DaemonStateCoordinator] Command execution: started DaemonCommandExecution[command = Build{id=4f4468e2-bb4f-4c23-ac9a-28bf87812f61, currentDir=C:\Users\sebgo\AndroidStudioProjects\mytaxitravel}, connection = DefaultDaemonConnection: socket connection from /127.0.0.1:17309 to /127.0.0.1:32256] after 1.4744666666666668 minutes of idle
2026-03-27T23:33:17.072-0500 [INFO] [org.gradle.launcher.daemon.server.DaemonRegistryUpdater] Marking the daemon as busy, address: [997172e4-0228-42fa-b2cc-c9582f8c896e port:17309, addresses:[localhost/127.0.0.1]]
2026-03-27T23:33:17.072-0500 [DEBUG] [org.gradle.launcher.daemon.registry.PersistentDaemonRegistry] Marking busy by address: [997172e4-0228-42fa-b2cc-c9582f8c896e port:17309, addresses:[localhost/127.0.0.1]]
2026-03-27T23:33:17.075-0500 [DEBUG] [org.gradle.cache.internal.DefaultFileLockManager] Waiting to acquire exclusive lock on daemon addresses registry.
2026-03-27T23:33:17.080-0500 [DEBUG] [org.gradle.cache.internal.DefaultFileLockManager] Lock acquired on daemon addresses registry.
2026-03-27T23:33:17.086-0500 [DEBUG] [org.gradle.cache.internal.DefaultFileLockManager] Releasing lock on daemon addresses registry.
2026-03-27T23:33:17.087-0500 [DEBUG] [org.gradle.launcher.daemon.server.DaemonStateCoordinator] resetting idle timer
2026-03-27T23:33:17.087-0500 [DEBUG] [org.gradle.launcher.daemon.server.DaemonStateCoordinator] daemon is running. Sleeping until state changes.
2026-03-27T23:33:17.088-0500 [INFO] [org.gradle.launcher.daemon.server.exec.StartBuildOrRespondWithBusy] Daemon is about to start building Build{id=4f4468e2-bb4f-4c23-ac9a-28bf87812f61, currentDir=C:\Users\sebgo\AndroidStudioProjects\mytaxitravel}. Dispatching build started information...
2026-03-27T23:33:17.089-0500 [DEBUG] [org.gradle.launcher.daemon.server.SynchronizedDispatchConnection] thread 690: dispatching org.gradle.launcher.daemon.protocol.BuildStarted@6567e5d1
2026-03-27T23:33:17.103-0500 [DEBUG] [org.gradle.launcher.daemon.server.exec.EstablishBuildEnvironment] Configuring env variables: [USERDOMAIN_ROAMINGPROFILE, Maven, EFC_5368_2283032206, EFC_5368_2775293581, PROCESSOR_LEVEL, SESSIONNAME, ALLUSERSPROFILE, PROCESSOR_ARCHITECTURE, PSModulePath, SystemDrive, EFC_5368_1592913036, USERNAME, ProgramFiles(x86), FPS_BROWSER_USER_PROFILE_STRING, PATHEXT, DriverData, OneDriveConsumer, IntelliJ IDEA Community Edition, PyCharm Community Edition, ProgramData, ProgramW6432, EFC_5368_3789132940, HOMEPATH, PROCESSOR_IDENTIFIER, ProgramFiles, PUBLIC, windir, =::, ZES_ENABLE_SYSMAN, LOCALAPPDATA, ChocolateyLastPathUpdate, USERDOMAIN, LOGONSERVER, FPS_BROWSER_APP_PROFILE_STRING, JAVA_HOME, OneDrive, APPDATA, ChocolateyInstall, CommonProgramFiles, Path, OS, COMPUTERNAME, PROCESSOR_REVISION, CommonProgramW6432, ComSpec, TEMP, SystemRoot, HOMEDRIVE, USERPROFILE, TMP, EFC_5368_1262719628, CommonProgramFiles(x86), NUMBER_OF_PROCESSORS]
2026-03-27T23:33:17.121-0500 [DEBUG] [org.gradle.launcher.daemon.server.exec.LogToClient] About to start relaying all logs to the client via the connection.
2026-03-27T23:33:17.126-0500 [INFO] [org.gradle.launcher.daemon.server.exec.LogToClient] The client will now receive all logging from the daemon (pid: 13440). The daemon log file: C:\Users\sebgo\AndroidStudioProjects\mytaxitravel\gradle\daemon\8.13\daemon-13440.out.log
2026-03-27T23:33:17.152-0500 [INFO] [org.gradle.launcher.daemon.server.exec.LogAndCheckHealth] Starting 7th build in daemon [uptime: 30 mins 21.534 secs, performance: 98%, GC rate: 0.00/s, heap usage: 0% of 2 GiB]
2026-03-27T23:33:17.160-0500 [DEBUG] [org.gradle.launcher.daemon.server.exec.ExecuteBuild] The daemon has started executing the build.
2026-03-27T23:33:17.161-0500 [DEBUG] [org.gradle.launcher.daemon.server.exec.ExecuteBuild] Executing build with daemon context: DefaultDaemonContext[uid=b7364696-86c9-4c24-bb56-8cdc5351f417,javaHome=F:\Android Studio\jbr,javaVersion=21,javaVendor=JetBrains s.r.o.,daemonRegistryDir=C:\Users\sebgo\AndroidStudioProjects\mytaxitravel\gradle\daemon,pid=13440,idleTimeout=10800000,priority=NORMAL,applyInstrumentationAgent=true,nativeServicesMode=ENABLED,daemonOpts=-Xmx2048m,-Dfile.encoding=UTF-8,-Duser.country=CO,-Duser.language=es,-Duser.variant]

BUILD SUCCESSFUL in 19s
39 actionable tasks: 4 executed, 35 up-to-date
2026-03-27T23:33:36.820-0500 [DEBUG] [org.gradle.launcher.daemon.server.exec.ExecuteBuild] The daemon has finished executing the build.
2026-03-27T23:33:36.837-0500 [DEBUG] [org.gradle.launcher.daemon.server.DaemonStateCoordinator] daemon is running. Sleeping until state changes.
2026-03-27T23:33:36.838-0500 [DEBUG] [org.gradle.launcher.daemon.server.DaemonStateCoordinator] Command execution: finished waiting for DaemonCommandExecution[command = Build{id=4f4468e2-bb4f-4c23-ac9a-28bf87812f61, currentDir=C:\Users\sebgo\AndroidStudioProjects\mytaxitravel}, connection = DefaultDaemonConnection: socket connection from /127.0.0.1:17309 to /127.0.0.1:32256]. Result org.gradle.launcher.daemon.server.DaemonStateCoordinator@4c3ad2a7 with state Busy
2026-03-27T23:33:36.838-0500 [DEBUG] [org.gradle.launcher.daemon.server.DaemonStateCoordinator] Command execution: completed DaemonCommandExecution[command = Build{id=4f4468e2-bb4f-4c23-ac9a-28bf87812f61, currentDir=C:\Users\sebgo\AndroidStudioProjects\mytaxitravel}, connection = DefaultDaemonConnection: socket connection from /127.0.0.1:17309 to /127.0.0.1:32256]
2026-03-27T23:33:36.838-0500 [DEBUG] [org.gradle.launcher.daemon.server.DaemonStateCoordinator] resetting idle timer
2026-03-27T23:33:36.838-0500 [INFO] [org.gradle.launcher.daemon.server.DaemonRegistryUpdater] Marking the daemon as idle, address: [997172e4-0228-42fa-b2cc-c9582f8c896e port:17309, addresses:[localhost/127.0.0.1]]
2026-03-27T23:33:36.838-0500 [DEBUG] [org.gradle.launcher.daemon.registry.PersistentDaemonRegistry] Marking busy by address: [997172e4-0228-42fa-b2cc-c9582f8c896e port:17309, addresses:[localhost/127.0.0.1]]
2026-03-27T23:33:36.840-0500 [DEBUG] [org.gradle.cache.internal.DefaultFileLockManager] Waiting to acquire exclusive lock on daemon addresses registry.
2026-03-27T23:33:36.841-0500 [DEBUG] [org.gradle.cache.internal.DefaultFileLockManager] Lock acquired on daemon addresses registry.
2026-03-27T23:33:36.842-0500 [DEBUG] [org.gradle.cache.internal.DefaultFileLockManager] Releasing lock on daemon addresses registry.
2026-03-27T23:33:36.843-0500 [DEBUG] [org.gradle.launcher.daemon.server.DaemonStateCoordinator] daemon is running. Sleeping until state changes.
2026-03-27T23:33:36.843-0500 [DEBUG] [org.gradle.launcher.daemon.server.exec.ReturnResult] Daemon is dispatching the build result: Success[value=org.gradle.launcher.exec.BuildActionResult@279ed11c]
2026-03-27T23:33:36.843-0500 [DEBUG] [org.gradle.launcher.daemon.server.SynchronizedDispatchConnection] thread 687: dispatching Success[value=org.gradle.launcher.exec.BuildActionResult@279ed11c]
2026-03-27T23:33:36.844-0500 [DEBUG] [org.gradle.launcher.daemon.server.SynchronizedDispatchConnection] thread 688: received class org.gradle.launcher.daemon.protocol.CloseInput
2026-03-27T23:33:36.844-0500 [DEBUG] [org.gradle.launcher.daemon.server.DefaultIncomingConnectionHandler] Finishing executing command: Build{id=4f4468e2-bb4f-4c23-ac9a-28bf87812f61, currentDir=C:\Users\sebgo\AndroidStudioProjects\mytaxitravel}
2026-03-27T23:33:36.844-0500 [DEBUG] [org.gradle.launcher.daemon.server.DefaultDaemonConnection] thread 688: Received IO message from client: org.gradle.launcher.daemon.protocol.CloseInput@7bcd425a
2026-03-27T23:33:36.844-0500 [DEBUG] [org.gradle.launcher.daemon.server.exec.CleanUpVirtualFileSystemAfterBuild] Cleaning virtual file system after build finished
2026-03-27T23:33:36.845-0500 [DEBUG] [org.gradle.launcher.daemon.server.SynchronizedDispatchConnection] thread 688: received class org.gradle.launcher.daemon.protocol.Finished
2026-03-27T23:33:36.845-0500 [DEBUG] [org.gradle.launcher.daemon.server.DefaultDaemonConnection] thread 688: Received non-IO message from client: org.gradle.launcher.daemon.protocol.Finished@750ab353
2026-03-27T23:33:36.845-0500 [DEBUG] [org.gradle.launcher.daemon.server.DefaultIncomingConnectionHandler] Received finished message: org.gradle.launcher.daemon.protocol.Finished@750ab353
2026-03-27T23:33:36.845-0500 [DEBUG] [org.gradle.launcher.daemon.server.SynchronizedDispatchConnection] thread 687: stopping connection
2026-03-27T23:33:36.846-0500 [DEBUG] [org.gradle.internal.remote.internal.inet.SocketConnection] Discarding EOFException: java.io.EOFException
2026-03-27T23:33:36.846-0500 [DEBUG] [org.gradle.launcher.daemon.server.SynchronizedDispatchConnection] thread 688: received null
2026-03-27T23:33:36.846-0500 [DEBUG] [org.gradle.launcher.daemon.server.DefaultDaemonConnection] thread 688: Received end-of-input from client.
2026-03-27T23:33:36.846-0500 [DEBUG] [org.gradle.launcher.daemon.server.SynchronizedDispatchConnection] thread 687: stopping connection
2026-03-27T23:33:39.556-0500 [DEBUG] [org.gradle.process.internal.health.memory.DefaultMemoryManager] 841566208 physical memory requested, 456974336 free
2026-03-27T23:33:39.566-0500 [DEBUG] [org.gradle.workers.internal.WorkerDaemonExpiration] Will attempt to release 802 of memory
2026-03-27T23:33:39.567-0500 [DEBUG] [org.gradle.process.internal.health.memory.DefaultMemoryManager] 841566208 physical memory requested, 0 released, 456974336 free
2026-03-27T23:33:44.550-0500 [DEBUG] [org.gradle.process.internal.health.memory.DefaultMemoryManager] 841566208 physical memory requested, 489316352 free
2026-03-27T23:33:44.551-0500 [DEBUG] [org.gradle.workers.internal.WorkerDaemonExpiration] Will attempt to release 802 of memory
2026-03-27T23:33:44.551-0500 [DEBUG] [org.gradle.process.internal.health.memory.DefaultMemoryManager] 841566208 physical memory requested, 0 released, 489316352 free
2026-03-27T23:33:46.694-0500 [DEBUG] [org.gradle.cache.internal.DefaultFileLockManager] Waiting to acquire shared lock on daemon addresses registry.
2026-03-27T23:33:46.702-0500 [DEBUG] [org.gradle.cache.internal.DefaultFileLockManager] Lock acquired on daemon addresses registry.
2026-03-27T23:33:46.723-0500 [DEBUG] [org.gradle.cache.internal.DefaultFileLockManager] Releasing lock on daemon addresses registry.
2026-03-27T23:33:46.737-0500 [DEBUG] [org.gradle.cache.internal.DefaultFileLockManager] Waiting to acquire shared lock on daemon addresses registry.
2026-03-27T23:33:46.737-0500 [DEBUG] [org.gradle.cache.internal.DefaultFileLockManager] Lock acquired on daemon addresses registry.
2026-03-27T23:33:46.738-0500 [DEBUG] [org.gradle.cache.internal.DefaultFileLockManager] Releasing lock on daemon addresses registry.
2026-03-27T23:33:47.393-0500 [DEBUG] [sun.rmi.transport.tcp] RMI TCP Connection(18)-127.0.0.1: (port 27155) connection closed
2026-03-27T23:33:47.393-0500 [DEBUG] [sun.rmi.transport.tcp] RMI TCP Connection(19)-127.0.0.1: (port 27155) connection closed
2026-03-27T23:33:47.394-0500 [DEBUG] [sun.rmi.transport.tcp] RMI TCP Connection(19)-127.0.0.1: close connection, socket: Socket[addr=/127.0.0.1,port=47493,localport=27155]
2026-03-27T23:33:47.394-0500 [DEBUG] [sun.rmi.transport.tcp] RMI TCP Connection(18)-127.0.0.1: close connection, socket: Socket[addr=/127.0.0.1,port=47492,localport=27155]
2026-03-27T23:33:47.395-0500 [DEBUG] [sun.rmi.transport.tcp] RMI TCP Connection(19)-127.0.0.1: socket close: Socket[addr=/127.0.0.1,port=47493,localport=27155]
2026-03-27T23:33:47.395-0500 [DEBUG] [sun.rmi.transport.tcp] RMI TCP Connection(18)-127.0.0.1: socket close: Socket[addr=/127.0.0.1,port=47492,localport=27155]
2026-03-27T23:33:49.544-0500 [DEBUG] [org.gradle.process.internal.health.memory.DefaultMemoryManager] 841566208 physical memory requested, 634904576 free
2026-03-27T23:33:49.555-0500 [DEBUG] [org.gradle.workers.internal.WorkerDaemonExpiration] Will attempt to release 802 of memory
2026-03-27T23:33:49.555-0500 [DEBUG] [org.gradle.process.internal.health.memory.DefaultMemoryManager] 841566208 physical memory requested, 0 released, 634904576 free
2026-03-27T23:33:54.559-0500 [DEBUG] [org.gradle.process.internal.health.memory.DefaultMemoryManager] 841566208 physical memory requested, 712396800 free
2026-03-27T23:33:54.564-0500 [DEBUG] [org.gradle.workers.internal.WorkerDaemonExpiration] Will attempt to release 802 of memory
2026-03-27T23:33:54.565-0500 [DEBUG] [org.gradle.process.internal.health.memory.DefaultMemoryManager] 841566208 physical memory requested, 0 released, 712396800 free
2026-03-27T23:33:55.809-0500 [DEBUG] [sun.rmi.transport.tcp] RMI Scheduler(0): close connection, socket: Socket[addr=localhost/127.0.0.1,port=17738,localport=32260]
2026-03-27T23:33:55.811-0500 [DEBUG] [sun.rmi.transport.tcp] RMI Scheduler(0): close connection, socket: Socket[addr=localhost/127.0.0.1,port=17738,localport=32261]
2026-03-27T23:33:55.876-0500 [DEBUG] [sun.rmi.transport.tcp] RMI TCP Connection(17)-127.0.0.1: (port 27155) connection closed
2026-03-27T23:33:55.877-0500 [DEBUG] [sun.rmi.transport.tcp] RMI TCP Connection(17)-127.0.0.1: close connection, socket: Socket[addr=/127.0.0.1,port=47491,localport=27155]
2026-03-27T23:33:55.877-0500 [DEBUG] [sun.rmi.transport.tcp] RMI TCP Connection(17)-127.0.0.1: socket close: Socket[addr=/127.0.0.1,port=47491,localport=27155]
2026-03-27T23:33:56.067-0500 [DEBUG] [sun.rmi.transport.tcp] RMI TCP Connection(16)-127.0.0.1: (port 27155) connection closed
2026-03-27T23:33:56.067-0500 [DEBUG] [sun.rmi.transport.tcp] RMI TCP Connection(16)-127.0.0.1: close connection, socket: Socket[addr=/127.0.0.1,port=32263,localport=27155]
2026-03-27T23:33:56.067-0500 [DEBUG] [sun.rmi.transport.tcp] RMI TCP Connection(16)-127.0.0.1: socket close: Socket[addr=/127.0.0.1,port=32263,localport=27155]
2026-03-27T23:33:56.646-0500 [DEBUG] [org.gradle.cache.internal.DefaultFileLockManager] Waiting to acquire shared lock on daemon addresses registry.
2026-03-27T23:33:56.646-0500 [DEBUG] [org.gradle.cache.internal.DefaultFileLockManager] Lock acquired on daemon addresses registry.
2026-03-27T23:33:56.647-0500 [DEBUG] [org.gradle.cache.internal.DefaultFileLockManager] Releasing lock on daemon addresses registry.
2026-03-27T23:33:56.650-0500 [DEBUG] [org.gradle.cache.internal.DefaultFileLockManager] Waiting to acquire shared lock on daemon addresses registry.
2026-03-27T23:33:56.651-0500 [DEBUG] [org.gradle.cache.internal.DefaultFileLockManager] Lock acquired on daemon addresses registry.
2026-03-27T23:33:56.651-0500 [DEBUG] [org.gradle.cache.internal.DefaultFileLockManager] Releasing lock on daemon addresses registry.
2026-03-27T23:33:56.654-0500 [DEBUG] [org.gradle.cache.internal.DefaultFileLockManager] Waiting to acquire shared lock on daemon addresses registry.
2026-03-27T23:33:56.655-0500 [DEBUG] [org.gradle.cache.internal.DefaultFileLockManager] Lock acquired on daemon addresses registry.
2026-03-27T23:33:56.655-0500 [DEBUG] [org.gradle.cache.internal.DefaultFileLockManager] Releasing lock on daemon addresses registry.
2026-03-27T23:33:59.541-0500 [DEBUG] [org.gradle.process.internal.health.memory.DefaultMemoryManager] 841566208 physical memory requested, 764055552 free
2026-03-27T23:33:59.542-0500 [DEBUG] [org.gradle.workers.internal.WorkerDaemonExpiration] Will attempt to release 802 of memory
2026-03-27T23:33:59.543-0500 [DEBUG] [org.gradle.process.internal.health.memory.DefaultMemoryManager] 841566208 physical memory requested, 0 released, 764055552 free
2026-03-27T23:34:06.639-0500 [DEBUG] [org.gradle.cache.internal.DefaultFileLockManager] Waiting to acquire shared lock on daemon addresses registry.
2026-03-27T23:34:06.639-0500 [DEBUG] [org.gradle.cache.internal.DefaultFileLockManager] Lock acquired on daemon addresses registry.
2026-03-27T23:34:06.639-0500 [DEBUG] [org.gradle.cache.internal.DefaultFileLockManager] Releasing lock on daemon addresses registry.
2026-03-27T23:34:06.641-0500 [DEBUG] [org.gradle.cache.internal.DefaultFileLockManager] Waiting to acquire shared lock on daemon addresses registry.
2026-03-27T23:34:06.642-0500 [DEBUG] [org.gradle.cache.internal.DefaultFileLockManager] Lock acquired on daemon addresses registry.
2026-03-27T23:34:06.642-0500 [DEBUG] [org.gradle.cache.internal.DefaultFileLockManager] Releasing lock on daemon addresses registry.
2026-03-27T23:34:06.643-0500 [DEBUG] [org.gradle.cache.internal.DefaultFileLockManager] Waiting to acquire shared lock on daemon addresses registry.
2026-03-27T23:34:06.643-0500 [DEBUG] [org.gradle.cache.internal.DefaultFileLockManager] Lock acquired on daemon addresses registry.
2026-03-27T23:34:06.644-0500 [DEBUG] [org.gradle.cache.internal.DefaultFileLockManager] Releasing lock on daemon addresses registry.
2026-03-27T23:34:16.639-0500 [DEBUG] [org.gradle.cache.internal.DefaultFileLockManager] Waiting to acquire shared lock on daemon addresses registry.
2026-03-27T23:34:16.639-0500 [DEBUG] [org.gradle.cache.internal.DefaultFileLockManager] Lock acquired on daemon addresses registry.
2026-03-27T23:34:16.640-0500 [DEBUG] [org.gradle.cache.internal.DefaultFileLockManager] Releasing lock on daemon addresses registry.
2026-03-27T23:34:16.641-0500 [DEBUG] [org.gradle.cache.internal.DefaultFileLockManager] Waiting to acquire shared lock on daemon addresses registry.
2026-03-27T23:34:16.641-0500 [DEBUG] [org.gradle.cache.internal.DefaultFileLockManager] Lock acquired on daemon addresses registry.
2026-03-27T23:34:16.642-0500 [DEBUG] [org.gradle.cache.internal.DefaultFileLockManager] Releasing lock on daemon addresses registry.
2026-03-27T23:34:16.643-0500 [DEBUG] [org.gradle.cache.internal.DefaultFileLockManager] Waiting to acquire shared lock on daemon addresses registry.
2026-03-27T23:34:16.644-0500 [DEBUG] [org.gradle.cache.internal.DefaultFileLockManager] Lock acquired on daemon addresses registry.
2026-03-27T23:34:16.644-0500 [DEBUG] [org.gradle.cache.internal.DefaultFileLockManager] Releasing lock on daemon addresses registry.
2026-03-27T23:34:26.638-0500 [DEBUG] [org.gradle.cache.internal.DefaultFileLockManager] Waiting to acquire shared lock on daemon addresses registry.
2026-03-27T23:34:26.638-0500 [DEBUG] [org.gradle.cache.internal.DefaultFileLockManager] Lock acquired on daemon addresses registry.
2026-03-27T23:34:26.638-0500 [DEBUG] [org.gradle.cache.internal.DefaultFileLockManager] Releasing lock on daemon addresses registry.
2026-03-27T23:34:26.640-0500 [DEBUG] [org.gradle.cache.internal.DefaultFileLockManager] Waiting to acquire shared lock on daemon addresses registry.
2026-03-27T23:34:26.640-0500 [DEBUG] [org.gradle.cache.internal.DefaultFileLockManager] Lock acquired on daemon addresses registry.
2026-03-27T23:34:26.640-0500 [DEBUG] [org.gradle.cache.internal.DefaultFileLockManager] Releasing lock on daemon addresses registry.
2026-03-27T23:34:26.641-0500 [DEBUG] [org.gradle.cache.internal.DefaultFileLockManager] Waiting to acquire shared lock on daemon addresses registry.
2026-03-27T23:34:26.642-0500 [DEBUG] [org.gradle.cache.internal.DefaultFileLockManager] Lock acquired on daemon addresses registry.
2026-03-27T23:34:26.642-0500 [DEBUG] [org.gradle.cache.internal.DefaultFileLockManager] Releasing lock on daemon addresses registry.
2026-03-27T23:34:36.377-0500 [DEBUG] [org.gradle.internal.watch.vfs.impl.WatchingVirtualFileSystem] Handling VFS change CREATED C:\Users\sebgo\AndroidStudioProjects\mytaxitravel\app\src\main\java\com\workpro\mytaxitravel\Viajes.kt~
2026-03-27T23:34:36.524-0500 [DEBUG] [org.gradle.internal.watch.vfs.impl.WatchingVirtualFileSystem] Handling VFS change MODIFIED C:\Users\sebgo\AndroidStudioProjects\mytaxitravel\app\src\main\java\com\workpro\mytaxitravel\Viajes.kt
2026-03-27T23:34:36.638-0500 [DEBUG] [org.gradle.cache.internal.DefaultFileLockManager] Waiting to acquire shared lock on daemon addresses registry.
2026-03-27T23:34:36.638-0500 [DEBUG] [org.gradle.cache.internal.DefaultFileLockManager] Lock acquired on daemon addresses registry.
2026-03-27T23:34:36.652-0500 [DEBUG] [org.gradle.cache.internal.DefaultFileLockManager] Releasing lock on daemon addresses registry.
2026-03-27T23:34:36.655-0500 [DEBUG] [org.gradle.cache.internal.DefaultFileLockManager] Waiting to acquire shared lock on daemon addresses registry.
2026-03-27T23:34:36.655-0500 [DEBUG] [org.gradle.cache.internal.DefaultFileLockManager] Lock acquired on daemon addresses registry.
2026-03-27T23:34:36.655-0500 [DEBUG] [org.gradle.cache.internal.DefaultFileLockManager] Releasing lock on daemon addresses registry.
2026-03-27T23:34:36.737-0500 [DEBUG] [org.gradle.cache.internal.DefaultFileLockManager] Waiting to acquire shared lock on daemon addresses registry.
2026-03-27T23:34:36.737-0500 [DEBUG] [org.gradle.cache.internal.DefaultFileLockManager] Lock acquired on daemon addresses registry.
2026-03-27T23:34:36.738-0500 [DEBUG] [org.gradle.cache.internal.DefaultFileLockManager] Releasing lock on daemon addresses registry.
2026-03-27T23:34:37.489-0500 [DEBUG] [org.gradle.internal.remote.internal.inet.TcpIncomingConnector] Accepted connection from /127.0.0.1:47520 to /127.0.0.1:17309.
2026-03-27T23:34:37.531-0500 [DEBUG] [org.gradle.launcher.daemon.server.SynchronizedDispatchConnection] thread 794: received class org.gradle.launcher.daemon.protocol.Build
2026-03-27T23:34:37.531-0500 [DEBUG] [org.gradle.launcher.daemon.server.DefaultDaemonConnection] thread 794: Received non-IO message from client: Build{id=250481e3-ff07-4e0c-884d-f7d3a59188cc, currentDir=C:\Users\sebgo\AndroidStudioProjects\mytaxitravel}
2026-03-27T23:34:37.532-0500 [INFO] [org.gradle.launcher.daemon.server.DefaultIncomingConnectionHandler] Received command: Build{id=250481e3-ff07-4e0c-884d-f7d3a59188cc, currentDir=C:\Users\sebgo\AndroidStudioProjects\mytaxitravel}.
2026-03-27T23:34:37.533-0500 [DEBUG] [org.gradle.launcher.daemon.server.DefaultIncomingConnectionHandler] Starting executing command: Build{id=250481e3-ff07-4e0c-884d-f7d3a59188cc, currentDir=C:\Users\sebgo\AndroidStudioProjects\mytaxitravel} with connection: socket connection from /127.0.0.1:17309 to /127.0.0.1:47520.
2026-03-27T23:34:37.537-0500 [DEBUG] [org.gradle.launcher.daemon.server.DaemonStateCoordinator] Command execution: started DaemonCommandExecution[command = Build{id=250481e3-ff07-4e0c-884d-f7d3a59188cc, currentDir=C:\Users\sebgo\AndroidStudioProjects\mytaxitravel}, connection = DefaultDaemonConnection: socket connection from /127.0.0.1:17309 to /127.0.0.1:47520] after 1.0116166666666666 minutes of idle
2026-03-27T23:34:37.538-0500 [INFO] [org.gradle.launcher.daemon.server.DaemonRegistryUpdater] Marking the daemon as busy, address: [997172e4-0228-42fa-b2cc-c9582f8c896e port:17309, addresses:[localhost/127.0.0.1]]
2026-03-27T23:34:37.539-0500 [DEBUG] [org.gradle.launcher.daemon.registry.PersistentDaemonRegistry] Marking busy by address: [997172e4-0228-42fa-b2cc-c9582f8c896e port:17309, addresses:[localhost/127.0.0.1]]
2026-03-27T23:34:37.540-0500 [DEBUG] [org.gradle.cache.internal.DefaultFileLockManager] Waiting to acquire exclusive lock on daemon addresses registry.
2026-03-27T23:34:37.542-0500 [DEBUG] [org.gradle.cache.internal.DefaultFileLockManager] Lock acquired on daemon addresses registry.
2026-03-27T23:34:37.544-0500 [DEBUG] [org.gradle.cache.internal.DefaultFileLockManager] Releasing lock on daemon addresses registry.
2026-03-27T23:34:37.544-0500 [DEBUG] [org.gradle.launcher.daemon.server.DaemonStateCoordinator] resetting idle timer
2026-03-27T23:34:37.545-0500 [DEBUG] [org.gradle.launcher.daemon.server.DaemonStateCoordinator] daemon is running. Sleeping until state changes.
2026-03-27T23:34:37.545-0500 [INFO] [org.gradle.launcher.daemon.server.exec.StartBuildOrRespondWithBusy] Daemon is about to start building Build{id=250481e3-ff07-4e0c-884d-f7d3a59188cc, currentDir=C:\Users\sebgo\AndroidStudioProjects\mytaxitravel}. Dispatching build started information...
2026-03-27T23:34:37.545-0500 [DEBUG] [org.gradle.launcher.daemon.server.SynchronizedDispatchConnection] thread 796: dispatching org.gradle.launcher.daemon.protocol.BuildStarted@3e60ffa1
2026-03-27T23:34:37.550-0500 [DEBUG] [org.gradle.launcher.daemon.server.exec.EstablishBuildEnvironment] Configuring env variables: [USERDOMAIN_ROAMINGPROFILE, Maven, EFC_5368_2283032206, EFC_5368_2775293581, PROCESSOR_LEVEL, SESSIONNAME, ALLUSERSPROFILE, PROCESSOR_ARCHITECTURE, PSModulePath, SystemDrive, EFC_5368_1592913036, USERNAME, ProgramFiles(x86), FPS_BROWSER_USER_PROFILE_STRING, PATHEXT, DriverData, OneDriveConsumer, IntelliJ IDEA Community Edition, PyCharm Community Edition, ProgramData, ProgramW6432, EFC_5368_3789132940, HOMEPATH, PROCESSOR_IDENTIFIER, ProgramFiles, PUBLIC, windir, =::, ZES_ENABLE_SYSMAN, LOCALAPPDATA, ChocolateyLastPathUpdate, USERDOMAIN, LOGONSERVER, FPS_BROWSER_APP_PROFILE_STRING, JAVA_HOME, OneDrive, APPDATA, ChocolateyInstall, CommonProgramFiles, Path, OS, COMPUTERNAME, PROCESSOR_REVISION, CommonProgramW6432, ComSpec, TEMP, SystemRoot, HOMEDRIVE, USERPROFILE, TMP, EFC_5368_1262719628, CommonProgramFiles(x86), NUMBER_OF_PROCESSORS]
2026-03-27T23:34:37.555-0500 [DEBUG] [org.gradle.launcher.daemon.server.exec.LogToClient] About to start relaying all logs to the client via the connection.
2026-03-27T23:34:37.556-0500 [INFO] [org.gradle.launcher.daemon.server.exec.LogToClient] The client will now receive all logging from the daemon (pid: 13440). The daemon log file: C:\Users\sebgo\AndroidStudioProjects\mytaxitravel\gradle\daemon\8.13\daemon-13440.out.log
2026-03-27T23:34:37.567-0500 [INFO] [org.gradle.launcher.daemon.server.exec.LogAndCheckHealth] Starting 8th build in daemon [uptime: 31 mins 41.966 secs, performance: 99%, GC rate: 0.00/s, heap usage: 0% of 2 GiB]
2026-03-27T23:34:37.570-0500 [DEBUG] [org.gradle.launcher.daemon.server.exec.ExecuteBuild] The daemon has started executing the build.
2026-03-27T23:34:37.570-0500 [DEBUG] [org.gradle.launcher.daemon.server.exec.ExecuteBuild] Executing build with daemon context: DefaultDaemonContext[uid=b7364696-86c9-4c24-bb56-8cdc5351f417,javaHome=F:\Android Studio\jbr,javaVersion=21,javaVendor=JetBrains s.r.o.,daemonRegistryDir=C:\Users\sebgo\AndroidStudioProjects\mytaxitravel\gradle\daemon,pid=13440,idleTimeout=10800000,priority=NORMAL,applyInstrumentationAgent=true,nativeServicesMode=ENABLED,daemonOpts=-Xmx2048m,-Dfile.encoding=UTF-8,-Duser.country=CO,-Duser.language=es,-Duser.variant]

BUILD SUCCESSFUL in 11s
39 actionable tasks: 4 executed, 35 up-to-date
2026-03-27T23:34:49.072-0500 [DEBUG] [org.gradle.launcher.daemon.server.exec.ExecuteBuild] The daemon has finished executing the build.
2026-03-27T23:34:49.078-0500 [DEBUG] [org.gradle.launcher.daemon.server.DaemonStateCoordinator] daemon is running. Sleeping until state changes.
2026-03-27T23:34:49.078-0500 [DEBUG] [org.gradle.launcher.daemon.server.DaemonStateCoordinator] Command execution: finished waiting for DaemonCommandExecution[command = Build{id=250481e3-ff07-4e0c-884d-f7d3a59188cc, currentDir=C:\Users\sebgo\AndroidStudioProjects\mytaxitravel}, connection = DefaultDaemonConnection: socket connection from /127.0.0.1:17309 to /127.0.0.1:47520]. Result org.gradle.launcher.daemon.server.DaemonStateCoordinator@4c3ad2a7 with state Busy
2026-03-27T23:34:49.078-0500 [DEBUG] [org.gradle.launcher.daemon.server.DaemonStateCoordinator] Command execution: completed DaemonCommandExecution[command = Build{id=250481e3-ff07-4e0c-884d-f7d3a59188cc, currentDir=C:\Users\sebgo\AndroidStudioProjects\mytaxitravel}, connection = DefaultDaemonConnection: socket connection from /127.0.0.1:17309 to /127.0.0.1:47520]
2026-03-27T23:34:49.078-0500 [DEBUG] [org.gradle.launcher.daemon.server.DaemonStateCoordinator] resetting idle timer
2026-03-27T23:34:49.079-0500 [INFO] [org.gradle.launcher.daemon.server.DaemonRegistryUpdater] Marking the daemon as idle, address: [997172e4-0228-42fa-b2cc-c9582f8c896e port:17309, addresses:[localhost/127.0.0.1]]
2026-03-27T23:34:49.079-0500 [DEBUG] [org.gradle.launcher.daemon.registry.PersistentDaemonRegistry] Marking busy by address: [997172e4-0228-42fa-b2cc-c9582f8c896e port:17309, addresses:[localhost/127.0.0.1]]
2026-03-27T23:34:49.081-0500 [DEBUG] [org.gradle.cache.internal.DefaultFileLockManager] Waiting to acquire exclusive lock on daemon addresses registry.
2026-03-27T23:34:49.081-0500 [DEBUG] [org.gradle.cache.internal.DefaultFileLockManager] Lock acquired on daemon addresses registry.
2026-03-27T23:34:49.083-0500 [DEBUG] [org.gradle.cache.internal.DefaultFileLockManager] Releasing lock on daemon addresses registry.
2026-03-27T23:34:49.083-0500 [DEBUG] [org.gradle.launcher.daemon.server.DaemonStateCoordinator] daemon is running. Sleeping until state changes.
2026-03-27T23:34:49.083-0500 [DEBUG] [org.gradle.launcher.daemon.server.exec.ReturnResult] Daemon is dispatching the build result: Success[value=org.gradle.launcher.exec.BuildActionResult@6e2cd49f]
2026-03-27T23:34:49.084-0500 [DEBUG] [org.gradle.launcher.daemon.server.SynchronizedDispatchConnection] thread 793: dispatching Success[value=org.gradle.launcher.exec.BuildActionResult@6e2cd49f]
2026-03-27T23:34:49.084-0500 [DEBUG] [org.gradle.launcher.daemon.server.DefaultIncomingConnectionHandler] Finishing executing command: Build{id=250481e3-ff07-4e0c-884d-f7d3a59188cc, currentDir=C:\Users\sebgo\AndroidStudioProjects\mytaxitravel}
2026-03-27T23:34:49.084-0500 [DEBUG] [org.gradle.launcher.daemon.server.SynchronizedDispatchConnection] thread 794: received class org.gradle.launcher.daemon.protocol.CloseInput
2026-03-27T23:34:49.084-0500 [DEBUG] [org.gradle.launcher.daemon.server.exec.CleanUpVirtualFileSystemAfterBuild] Cleaning virtual file system after build finished
2026-03-27T23:34:49.085-0500 [DEBUG] [org.gradle.launcher.daemon.server.DefaultDaemonConnection] thread 794: Received IO message from client: org.gradle.launcher.daemon.protocol.CloseInput@ec11d86
2026-03-27T23:34:49.085-0500 [DEBUG] [org.gradle.launcher.daemon.server.SynchronizedDispatchConnection] thread 794: received class org.gradle.launcher.daemon.protocol.Finished
2026-03-27T23:34:49.085-0500 [DEBUG] [org.gradle.launcher.daemon.server.DefaultDaemonConnection] thread 794: Received non-IO message from client: org.gradle.launcher.daemon.protocol.Finished@6e22e
2026-03-27T23:34:49.085-0500 [DEBUG] [org.gradle.launcher.daemon.server.DefaultIncomingConnectionHandler] Received finished message: org.gradle.launcher.daemon.protocol.Finished@6e22e
2026-03-27T23:34:49.085-0500 [DEBUG] [org.gradle.launcher.daemon.server.SynchronizedDispatchConnection] thread 793: stopping connection
2026-03-27T23:34:49.085-0500 [DEBUG] [org.gradle.internal.remote.internal.inet.SocketConnection] Discarding EOFException: java.io.EOFException
2026-03-27T23:34:49.085-0500 [DEBUG] [org.gradle.launcher.daemon.server.SynchronizedDispatchConnection] thread 794: received null
2026-03-27T23:34:49.086-0500 [DEBUG] [org.gradle.launcher.daemon.server.DefaultDaemonConnection] thread 794: Received end-of-input from client.
2026-03-27T23:34:49.086-0500 [DEBUG] [org.gradle.launcher.daemon.server.SynchronizedDispatchConnection] thread 793: stopping connection
2026-03-27T23:34:49.911-0500 [DEBUG] [org.gradle.process.internal.health.memory.DefaultMemoryManager] 841566208 physical memory requested, 454443008 free
2026-03-27T23:34:49.911-0500 [DEBUG] [org.gradle.workers.internal.WorkerDaemonExpiration] Will attempt to release 802 of memory
2026-03-27T23:34:49.912-0500 [DEBUG] [org.gradle.process.internal.health.memory.DefaultMemoryManager] 841566208 physical memory requested, 0 released, 454443008 free
2026-03-27T23:34:53.555-0500 [DEBUG] [sun.rmi.transport.tcp] RMI Scheduler(0): close connection, socket: Socket[addr=localhost/127.0.0.1,port=17738,localport=47521]
2026-03-27T23:34:54.538-0500 [DEBUG] [org.gradle.process.internal.health.memory.DefaultMemoryManager] 841566208 physical memory requested, 349728768 free
2026-03-27T23:34:54.538-0500 [DEBUG] [org.gradle.workers.internal.WorkerDaemonExpiration] Will attempt to release 802 of memory
2026-03-27T23:34:54.538-0500 [DEBUG] [org.gradle.process.internal.health.memory.DefaultMemoryManager] 841566208 physical memory requested, 0 released, 349728768 free
2026-03-27T23:34:56.670-0500 [DEBUG] [org.gradle.cache.internal.DefaultFileLockManager] Waiting to acquire shared lock on daemon addresses registry.
2026-03-27T23:34:56.670-0500 [DEBUG] [org.gradle.cache.internal.DefaultFileLockManager] Lock acquired on daemon addresses registry.
2026-03-27T23:34:56.681-0500 [DEBUG] [org.gradle.cache.internal.DefaultFileLockManager] Releasing lock on daemon addresses registry.
2026-03-27T23:34:56.685-0500 [DEBUG] [org.gradle.cache.internal.DefaultFileLockManager] Waiting to acquire shared lock on daemon addresses registry.
2026-03-27T23:34:56.686-0500 [DEBUG] [org.gradle.cache.internal.DefaultFileLockManager] Lock acquired on daemon addresses registry.
2026-03-27T23:34:56.686-0500 [DEBUG] [org.gradle.cache.internal.DefaultFileLockManager] Releasing lock on daemon addresses registry.
2026-03-27T23:35:06.639-0500 [DEBUG] [org.gradle.cache.internal.DefaultFileLockManager] Waiting to acquire shared lock on daemon addresses registry.
2026-03-27T23:35:06.640-0500 [DEBUG] [org.gradle.cache.internal.DefaultFileLockManager] Lock acquired on daemon addresses registry.
2026-03-27T23:35:06.640-0500 [DEBUG] [org.gradle.cache.internal.DefaultFileLockManager] Releasing lock on daemon addresses registry.
2026-03-27T23:35:06.642-0500 [DEBUG] [org.gradle.cache.internal.DefaultFileLockManager] Waiting to acquire shared lock on daemon addresses registry.
2026-03-27T23:35:06.642-0500 [DEBUG] [org.gradle.cache.internal.DefaultFileLockManager] Lock acquired on daemon addresses registry.
2026-03-27T23:35:06.643-0500 [DEBUG] [org.gradle.cache.internal.DefaultFileLockManager] Releasing lock on daemon addresses registry.
2026-03-27T23:35:06.644-0500 [DEBUG] [org.gradle.cache.internal.DefaultFileLockManager] Waiting to acquire shared lock on daemon addresses registry.
2026-03-27T23:35:06.645-0500 [DEBUG] [org.gradle.cache.internal.DefaultFileLockManager] Lock acquired on daemon addresses registry.
2026-03-27T23:35:06.645-0500 [DEBUG] [org.gradle.cache.internal.DefaultFileLockManager] Releasing lock on daemon addresses registry.
2026-03-27T23:35:11.620-0500 [DEBUG] [sun.rmi.transport.tcp] RMI Scheduler(0): close connection, socket: Socket[addr=localhost/127.0.0.1,port=17738,localport=47523]
2026-03-27T23:35:11.660-0500 [DEBUG] [sun.rmi.transport.tcp] RMI Scheduler(0): close connection, socket: Socket[addr=localhost/127.0.0.1,port=17738,localport=47527]
2026-03-27T23:35:11.910-0500 [DEBUG] [sun.rmi.transport.tcp] RMI TCP Connection(20)-127.0.0.1: (port 27155) connection closed
2026-03-27T23:35:11.910-0500 [DEBUG] [sun.rmi.transport.tcp] RMI TCP Connection(20)-127.0.0.1: close connection, socket: Socket[addr=/127.0.0.1,port=47525,localport=27155]
2026-03-27T23:35:11.910-0500 [DEBUG] [sun.rmi.transport.tcp] RMI TCP Connection(20)-127.0.0.1: socket close: Socket[addr=/127.0.0.1,port=47525,localport=27155]
2026-03-27T23:35:16.638-0500 [DEBUG] [org.gradle.cache.internal.DefaultFileLockManager] Waiting to acquire shared lock on daemon addresses registry.
2026-03-27T23:35:16.638-0500 [DEBUG] [org.gradle.cache.internal.DefaultFileLockManager] Lock acquired on daemon addresses registry.
2026-03-27T23:35:16.640-0500 [DEBUG] [org.gradle.cache.internal.DefaultFileLockManager] Releasing lock on daemon addresses registry.
2026-03-27T23:35:16.642-0500 [DEBUG] [org.gradle.cache.internal.DefaultFileLockManager] Waiting to acquire shared lock on daemon addresses registry.
2026-03-27T23:35:16.642-0500 [DEBUG] [org.gradle.cache.internal.DefaultFileLockManager] Lock acquired on daemon addresses registry.
2026-03-27T23:35:16.642-0500 [DEBUG] [org.gradle.cache.internal.DefaultFileLockManager] Releasing lock on daemon addresses registry.
2026-03-27T23:35:16.645-0500 [DEBUG] [org.gradle.cache.internal.DefaultFileLockManager] Waiting to acquire shared lock on daemon addresses registry.
2026-03-27T23:35:16.645-0500 [DEBUG] [org.gradle.cache.internal.DefaultFileLockManager] Lock acquired on daemon addresses registry.
2026-03-27T23:35:16.645-0500 [DEBUG] [org.gradle.cache.internal.DefaultFileLockManager] Releasing lock on daemon addresses registry.
2026-03-27T23:35:26.638-0500 [DEBUG] [org.gradle.cache.internal.DefaultFileLockManager] Waiting to acquire shared lock on daemon addresses registry.
2026-03-27T23:35:26.639-0500 [DEBUG] [org.gradle.cache.internal.DefaultFileLockManager] Lock acquired on daemon addresses registry.
2026-03-27T23:35:26.639-0500 [DEBUG] [org.gradle.cache.internal.DefaultFileLockManager] Releasing lock on daemon addresses registry.
2026-03-27T23:35:26.641-0500 [DEBUG] [org.gradle.cache.internal.DefaultFileLockManager] Waiting to acquire shared lock on daemon addresses registry.
2026-03-27T23:35:26.641-0500 [DEBUG] [org.gradle.cache.internal.DefaultFileLockManager] Lock acquired on daemon addresses registry.
2026-03-27T23:35:26.641-0500 [DEBUG] [org.gradle.cache.internal.DefaultFileLockManager] Releasing lock on daemon addresses registry.
2026-03-27T23:35:26.643-0500 [DEBUG] [org.gradle.cache.internal.DefaultFileLockManager] Waiting to acquire shared lock on daemon addresses registry.
2026-03-27T23:35:26.643-0500 [DEBUG] [org.gradle.cache.internal.DefaultFileLockManager] Lock acquired on daemon addresses registry.
2026-03-27T23:35:26.643-0500 [DEBUG] [org.gradle.cache.internal.DefaultFileLockManager] Releasing lock on daemon addresses registry.
2026-03-27T23:35:34.539-0500 [DEBUG] [org.gradle.process.internal.health.memory.DefaultMemoryManager] 841566208 physical memory requested, 812404736 free
2026-03-27T23:35:34.540-0500 [DEBUG] [org.gradle.workers.internal.WorkerDaemonExpiration] Will attempt to release 802 of memory
2026-03-27T23:35:34.540-0500 [DEBUG] [org.gradle.process.internal.health.memory.DefaultMemoryManager] 841566208 physical memory requested, 0 released, 812404736 free
2026-03-27T23:35:36.640-0500 [DEBUG] [org.gradle.cache.internal.DefaultFileLockManager] Waiting to acquire shared lock on daemon addresses registry.
2026-03-27T23:35:36.640-0500 [DEBUG] [org.gradle.cache.internal.DefaultFileLockManager] Lock acquired on daemon addresses registry.
2026-03-27T23:35:36.641-0500 [DEBUG] [org.gradle.cache.internal.DefaultFileLockManager] Releasing lock on daemon addresses registry.
2026-03-27T23:35:36.643-0500 [DEBUG] [org.gradle.cache.internal.DefaultFileLockManager] Waiting to acquire shared lock on daemon addresses registry.
2026-03-27T23:35:36.643-0500 [DEBUG] [org.gradle.cache.internal.DefaultFileLockManager] Lock acquired on daemon addresses registry.
2026-03-27T23:35:36.643-0500 [DEBUG] [org.gradle.cache.internal.DefaultFileLockManager] Releasing lock on daemon addresses registry.
2026-03-27T23:35:36.644-0500 [DEBUG] [org.gradle.cache.internal.DefaultFileLockManager] Waiting to acquire shared lock on daemon addresses registry.
2026-03-27T23:35:36.645-0500 [DEBUG] [org.gradle.cache.internal.DefaultFileLockManager] Lock acquired on daemon addresses registry.
2026-03-27T23:35:36.645-0500 [DEBUG] [org.gradle.cache.internal.DefaultFileLockManager] Releasing lock on daemon addresses registry.
2026-03-27T23:35:39.539-0500 [DEBUG] [org.gradle.process.internal.health.memory.DefaultMemoryManager] 841566208 physical memory requested, 523026432 free
2026-03-27T23:35:39.539-0500 [DEBUG] [org.gradle.workers.internal.WorkerDaemonExpiration] Will attempt to release 802 of memory
2026-03-27T23:35:39.539-0500 [DEBUG] [org.gradle.process.internal.health.memory.DefaultMemoryManager] 841566208 physical memory requested, 0 released, 523026432 free
2026-03-27T23:35:44.538-0500 [DEBUG] [org.gradle.process.internal.health.memory.DefaultMemoryManager] 841566208 physical memory requested, 735625216 free
2026-03-27T23:35:44.559-0500 [DEBUG] [org.gradle.workers.internal.WorkerDaemonExpiration] Will attempt to release 802 of memory
2026-03-27T23:35:44.559-0500 [DEBUG] [org.gradle.process.internal.health.memory.DefaultMemoryManager] 841566208 physical memory requested, 0 released, 735625216 free
2026-03-27T23:35:46.643-0500 [DEBUG] [org.gradle.cache.internal.DefaultFileLockManager] Waiting to acquire shared lock on daemon addresses registry.
2026-03-27T23:35:46.643-0500 [DEBUG] [org.gradle.cache.internal.DefaultFileLockManager] Lock acquired on daemon addresses registry.
2026-03-27T23:35:46.645-0500 [DEBUG] [org.gradle.cache.internal.DefaultFileLockManager] Releasing lock on daemon addresses registry.
2026-03-27T23:35:46.652-0500 [DEBUG] [org.gradle.cache.internal.DefaultFileLockManager] Waiting to acquire shared lock on daemon addresses registry.
2026-03-27T23:35:46.652-0500 [DEBUG] [org.gradle.cache.internal.DefaultFileLockManager] Lock acquired on daemon addresses registry.
2026-03-27T23:35:46.653-0500 [DEBUG] [org.gradle.cache.internal.DefaultFileLockManager] Releasing lock on daemon addresses registry.
2026-03-27T23:35:46.659-0500 [DEBUG] [org.gradle.cache.internal.DefaultFileLockManager] Waiting to acquire shared lock on daemon addresses registry.
2026-03-27T23:35:46.660-0500 [DEBUG] [org.gradle.cache.internal.DefaultFileLockManager] Lock acquired on daemon addresses registry.
2026-03-27T23:35:46.662-0500 [DEBUG] [org.gradle.cache.internal.DefaultFileLockManager] Releasing lock on daemon addresses registry.
2026-03-27T23:35:56.642-0500 [DEBUG] [org.gradle.cache.internal.DefaultFileLockManager] Waiting to acquire shared lock on daemon addresses registry.
2026-03-27T23:35:56.642-0500 [DEBUG] [org.gradle.cache.internal.DefaultFileLockManager] Lock acquired on daemon addresses registry.
2026-03-27T23:35:56.644-0500 [DEBUG] [org.gradle.cache.internal.DefaultFileLockManager] Releasing lock on daemon addresses registry.
2026-03-27T23:35:56.659-0500 [DEBUG] [org.gradle.cache.internal.DefaultFileLockManager] Waiting to acquire shared lock on daemon addresses registry.
2026-03-27T23:35:56.659-0500 [DEBUG] [org.gradle.cache.internal.DefaultFileLockManager] Lock acquired on daemon addresses registry.
2026-03-27T23:35:56.659-0500 [DEBUG] [org.gradle.cache.internal.DefaultFileLockManager] Releasing lock on daemon addresses registry.
2026-03-27T23:35:56.661-0500 [DEBUG] [org.gradle.cache.internal.DefaultFileLockManager] Waiting to acquire shared lock on daemon addresses registry.
2026-03-27T23:35:56.661-0500 [DEBUG] [org.gradle.cache.internal.DefaultFileLockManager] Lock acquired on daemon addresses registry.
2026-03-27T23:35:56.663-0500 [DEBUG] [org.gradle.cache.internal.DefaultFileLockManager] Releasing lock on daemon addresses registry.
2026-03-27T23:36:06.640-0500 [DEBUG] [org.gradle.cache.internal.DefaultFileLockManager] Waiting to acquire shared lock on daemon addresses registry.
2026-03-27T23:36:06.640-0500 [DEBUG] [org.gradle.cache.internal.DefaultFileLockManager] Lock acquired on daemon addresses registry.
2026-03-27T23:36:06.641-0500 [DEBUG] [org.gradle.cache.internal.DefaultFileLockManager] Releasing lock on daemon addresses registry.
2026-03-27T23:36:06.644-0500 [DEBUG] [org.gradle.cache.internal.DefaultFileLockManager] Waiting to acquire shared lock on daemon addresses registry.
2026-03-27T23:36:06.644-0500 [DEBUG] [org.gradle.cache.internal.DefaultFileLockManager] Lock acquired on daemon addresses registry.
2026-03-27T23:36:06.645-0500 [DEBUG] [org.gradle.cache.internal.DefaultFileLockManager] Releasing lock on daemon addresses registry.
2026-03-27T23:36:06.647-0500 [DEBUG] [org.gradle.cache.internal.DefaultFileLockManager] Waiting to acquire shared lock on daemon addresses registry.
2026-03-27T23:36:06.648-0500 [DEBUG] [org.gradle.cache.internal.DefaultFileLockManager] Lock acquired on daemon addresses registry.
2026-03-27T23:36:06.648-0500 [DEBUG] [org.gradle.cache.internal.DefaultFileLockManager] Releasing lock on daemon addresses registry.
2026-03-27T23:36:08.650-0500 [DEBUG] [org.gradle.internal.watch.vfs.impl.WatchingVirtualFileSystem] Handling VFS change CREATED C:\Users\sebgo\AndroidStudioProjects\mytaxitravel\app\src\main\res\layout\activity_viajes.xml~
2026-03-27T23:36:08.670-0500 [DEBUG] [org.gradle.internal.watch.vfs.impl.WatchingVirtualFileSystem] Handling VFS change MODIFIED C:\Users\sebgo\AndroidStudioProjects\mytaxitravel\app\src\main\res\layout\activity_viajes.xml
2026-03-27T23:36:16.698-0500 [DEBUG] [org.gradle.cache.internal.DefaultFileLockManager] Waiting to acquire shared lock on daemon addresses registry.
2026-03-27T23:36:16.698-0500 [DEBUG] [org.gradle.cache.internal.DefaultFileLockManager] Lock acquired on daemon addresses registry.
2026-03-27T23:36:16.751-0500 [DEBUG] [org.gradle.cache.internal.DefaultFileLockManager] Releasing lock on daemon addresses registry.
2026-03-27T23:36:16.803-0500 [DEBUG] [org.gradle.cache.internal.DefaultFileLockManager] Waiting to acquire shared lock on daemon addresses registry.
2026-03-27T23:36:16.825-0500 [DEBUG] [org.gradle.cache.internal.DefaultFileLockManager] Lock acquired on daemon addresses registry.
2026-03-27T23:36:16.827-0500 [DEBUG] [org.gradle.cache.internal.DefaultFileLockManager] Releasing lock on daemon addresses registry.
2026-03-27T23:36:16.830-0500 [DEBUG] [org.gradle.cache.internal.DefaultFileLockManager] Waiting to acquire shared lock on daemon addresses registry.
2026-03-27T23:36:16.830-0500 [DEBUG] [org.gradle.cache.internal.DefaultFileLockManager] Lock acquired on daemon addresses registry.
2026-03-27T23:36:16.831-0500 [DEBUG] [org.gradle.cache.internal.DefaultFileLockManager] Releasing lock on daemon addresses registry.
2026-03-27T23:36:26.642-0500 [DEBUG] [org.gradle.cache.internal.DefaultFileLockManager] Waiting to acquire shared lock on daemon addresses registry.
2026-03-27T23:36:26.642-0500 [DEBUG] [org.gradle.cache.internal.DefaultFileLockManager] Lock acquired on daemon addresses registry.
2026-03-27T23:36:26.643-0500 [DEBUG] [org.gradle.cache.internal.DefaultFileLockManager] Releasing lock on daemon addresses registry.
2026-03-27T23:36:26.645-0500 [DEBUG] [org.gradle.cache.internal.DefaultFileLockManager] Waiting to acquire shared lock on daemon addresses registry.
2026-03-27T23:36:26.646-0500 [DEBUG] [org.gradle.cache.internal.DefaultFileLockManager] Lock acquired on daemon addresses registry.
2026-03-27T23:36:26.646-0500 [DEBUG] [org.gradle.cache.internal.DefaultFileLockManager] Releasing lock on daemon addresses registry.
2026-03-27T23:36:26.647-0500 [DEBUG] [org.gradle.cache.internal.DefaultFileLockManager] Waiting to acquire shared lock on daemon addresses registry.
2026-03-27T23:36:26.648-0500 [DEBUG] [org.gradle.cache.internal.DefaultFileLockManager] Lock acquired on daemon addresses registry.
2026-03-27T23:36:26.648-0500 [DEBUG] [org.gradle.cache.internal.DefaultFileLockManager] Releasing lock on daemon addresses registry.
2026-03-27T23:36:34.538-0500 [DEBUG] [org.gradle.process.internal.health.memory.DefaultMemoryManager] 841566208 physical memory requested, 738590720 free
2026-03-27T23:36:34.538-0500 [DEBUG] [org.gradle.workers.internal.WorkerDaemonExpiration] Will attempt to release 802 of memory
2026-03-27T23:36:34.538-0500 [DEBUG] [org.gradle.process.internal.health.memory.DefaultMemoryManager] 841566208 physical memory requested, 0 released, 738590720 free
2026-03-27T23:36:36.649-0500 [DEBUG] [org.gradle.cache.internal.DefaultFileLockManager] Waiting to acquire shared lock on daemon addresses registry.
2026-03-27T23:36:36.649-0500 [DEBUG] [org.gradle.cache.internal.DefaultFileLockManager] Lock acquired on daemon addresses registry.
2026-03-27T23:36:36.658-0500 [DEBUG] [org.gradle.cache.internal.DefaultFileLockManager] Releasing lock on daemon addresses registry.
2026-03-27T23:36:36.660-0500 [DEBUG] [org.gradle.cache.internal.DefaultFileLockManager] Waiting to acquire shared lock on daemon addresses registry.
2026-03-27T23:36:36.660-0500 [DEBUG] [org.gradle.cache.internal.DefaultFileLockManager] Lock acquired on daemon addresses registry.
2026-03-27T23:36:36.660-0500 [DEBUG] [org.gradle.cache.internal.DefaultFileLockManager] Releasing lock on daemon addresses registry.
2026-03-27T23:36:36.661-0500 [DEBUG] [org.gradle.cache.internal.DefaultFileLockManager] Waiting to acquire shared lock on daemon addresses registry.
2026-03-27T23:36:36.661-0500 [DEBUG] [org.gradle.cache.internal.DefaultFileLockManager] Lock acquired on daemon addresses registry.
2026-03-27T23:36:36.661-0500 [DEBUG] [org.gradle.cache.internal.DefaultFileLockManager] Releasing lock on daemon addresses registry.
2026-03-27T23:36:46.650-0500 [DEBUG] [org.gradle.cache.internal.DefaultFileLockManager] Waiting to acquire shared lock on daemon addresses registry.
2026-03-27T23:36:46.652-0500 [DEBUG] [org.gradle.cache.internal.DefaultFileLockManager] Lock acquired on daemon addresses registry.
2026-03-27T23:36:46.652-0500 [DEBUG] [org.gradle.cache.internal.DefaultFileLockManager] Releasing lock on daemon addresses registry.
2026-03-27T23:36:46.655-0500 [DEBUG] [org.gradle.cache.internal.DefaultFileLockManager] Waiting to acquire shared lock on daemon addresses registry.
2026-03-27T23:36:46.656-0500 [DEBUG] [org.gradle.cache.internal.DefaultFileLockManager] Lock acquired on daemon addresses registry.
2026-03-27T23:36:46.656-0500 [DEBUG] [org.gradle.cache.internal.DefaultFileLockManager] Releasing lock on daemon addresses registry.
2026-03-27T23:36:46.659-0500 [DEBUG] [org.gradle.cache.internal.DefaultFileLockManager] Waiting to acquire shared lock on daemon addresses registry.
2026-03-27T23:36:46.659-0500 [DEBUG] [org.gradle.cache.internal.DefaultFileLockManager] Lock acquired on daemon addresses registry.
2026-03-27T23:36:46.660-0500 [DEBUG] [org.gradle.cache.internal.DefaultFileLockManager] Releasing lock on daemon addresses registry.
2026-03-27T23:36:56.652-0500 [DEBUG] [org.gradle.cache.internal.DefaultFileLockManager] Waiting to acquire shared lock on daemon addresses registry.
2026-03-27T23:36:56.655-0500 [DEBUG] [org.gradle.cache.internal.DefaultFileLockManager] Lock acquired on daemon addresses registry.
2026-03-27T23:36:56.655-0500 [DEBUG] [org.gradle.cache.internal.DefaultFileLockManager] Releasing lock on daemon addresses registry.
2026-03-27T23:36:56.657-0500 [DEBUG] [org.gradle.cache.internal.DefaultFileLockManager] Waiting to acquire shared lock on daemon addresses registry.
2026-03-27T23:36:56.658-0500 [DEBUG] [org.gradle.cache.internal.DefaultFileLockManager] Lock acquired on daemon addresses registry.
2026-03-27T23:36:56.658-0500 [DEBUG] [org.gradle.cache.internal.DefaultFileLockManager] Releasing lock on daemon addresses registry.
2026-03-27T23:36:56.660-0500 [DEBUG] [org.gradle.cache.internal.DefaultFileLockManager] Waiting to acquire shared lock on daemon addresses registry.
2026-03-27T23:36:56.660-0500 [DEBUG] [org.gradle.cache.internal.DefaultFileLockManager] Lock acquired on daemon addresses registry.
2026-03-27T23:36:56.661-0500 [DEBUG] [org.gradle.cache.internal.DefaultFileLockManager] Releasing lock on daemon addresses registry.
2026-03-27T23:37:06.652-0500 [DEBUG] [org.gradle.cache.internal.DefaultFileLockManager] Waiting to acquire shared lock on daemon addresses registry.
2026-03-27T23:37:06.652-0500 [DEBUG] [org.gradle.cache.internal.DefaultFileLockManager] Lock acquired on daemon addresses registry.
2026-03-27T23:37:06.653-0500 [DEBUG] [org.gradle.cache.internal.DefaultFileLockManager] Releasing lock on daemon addresses registry.
2026-03-27T23:37:06.654-0500 [DEBUG] [org.gradle.cache.internal.DefaultFileLockManager] Waiting to acquire shared lock on daemon addresses registry.
2026-03-27T23:37:06.654-0500 [DEBUG] [org.gradle.cache.internal.DefaultFileLockManager] Lock acquired on daemon addresses registry.
2026-03-27T23:37:06.658-0500 [DEBUG] [org.gradle.cache.internal.DefaultFileLockManager] Releasing lock on daemon addresses registry.
2026-03-27T23:37:06.659-0500 [DEBUG] [org.gradle.cache.internal.DefaultFileLockManager] Waiting to acquire shared lock on daemon addresses registry.
2026-03-27T23:37:06.659-0500 [DEBUG] [org.gradle.cache.internal.DefaultFileLockManager] Lock acquired on daemon addresses registry.
2026-03-27T23:37:06.660-0500 [DEBUG] [org.gradle.cache.internal.DefaultFileLockManager] Releasing lock on daemon addresses registry.
2026-03-27T23:37:16.643-0500 [DEBUG] [org.gradle.cache.internal.DefaultFileLockManager] Waiting to acquire shared lock on daemon addresses registry.
2026-03-27T23:37:16.644-0500 [DEBUG] [org.gradle.cache.internal.DefaultFileLockManager] Lock acquired on daemon addresses registry.
2026-03-27T23:37:16.645-0500 [DEBUG] [org.gradle.cache.internal.DefaultFileLockManager] Releasing lock on daemon addresses registry.
2026-03-27T23:37:16.648-0500 [DEBUG] [org.gradle.cache.internal.DefaultFileLockManager] Waiting to acquire shared lock on daemon addresses registry.
2026-03-27T23:37:16.648-0500 [DEBUG] [org.gradle.cache.internal.DefaultFileLockManager] Lock acquired on daemon addresses registry.
2026-03-27T23:37:16.649-0500 [DEBUG] [org.gradle.cache.internal.DefaultFileLockManager] Releasing lock on daemon addresses registry.
2026-03-27T23:37:16.650-0500 [DEBUG] [org.gradle.cache.internal.DefaultFileLockManager] Waiting to acquire shared lock on daemon addresses registry.
2026-03-27T23:37:16.650-0500 [DEBUG] [org.gradle.cache.internal.DefaultFileLockManager] Lock acquired on daemon addresses registry.
2026-03-27T23:37:16.650-0500 [DEBUG] [org.gradle.cache.internal.DefaultFileLockManager] Releasing lock on daemon addresses registry.
2026-03-27T23:37:26.641-0500 [DEBUG] [org.gradle.cache.internal.DefaultFileLockManager] Waiting to acquire shared lock on daemon addresses registry.
2026-03-27T23:37:26.641-0500 [DEBUG] [org.gradle.cache.internal.DefaultFileLockManager] Lock acquired on daemon addresses registry.
2026-03-27T23:37:26.641-0500 [DEBUG] [org.gradle.cache.internal.DefaultFileLockManager] Releasing lock on daemon addresses registry.
2026-03-27T23:37:26.642-0500 [DEBUG] [org.gradle.cache.internal.DefaultFileLockManager] Waiting to acquire shared lock on daemon addresses registry.
2026-03-27T23:37:26.642-0500 [DEBUG] [org.gradle.cache.internal.DefaultFileLockManager] Lock acquired on daemon addresses registry.
2026-03-27T23:37:26.643-0500 [DEBUG] [org.gradle.cache.internal.DefaultFileLockManager] Releasing lock on daemon addresses registry.
2026-03-27T23:37:26.644-0500 [DEBUG] [org.gradle.cache.internal.DefaultFileLockManager] Waiting to acquire shared lock on daemon addresses registry.
2026-03-27T23:37:26.644-0500 [DEBUG] [org.gradle.cache.internal.DefaultFileLockManager] Lock acquired on daemon addresses registry.
2026-03-27T23:37:26.647-0500 [DEBUG] [org.gradle.cache.internal.DefaultFileLockManager] Releasing lock on daemon addresses registry.
2026-03-27T23:37:36.649-0500 [DEBUG] [org.gradle.cache.internal.DefaultFileLockManager] Waiting to acquire shared lock on daemon addresses registry.
2026-03-27T23:37:36.649-0500 [DEBUG] [org.gradle.cache.internal.DefaultFileLockManager] Lock acquired on daemon addresses registry.
2026-03-27T23:37:36.651-0500 [DEBUG] [org.gradle.cache.internal.DefaultFileLockManager] Releasing lock on daemon addresses registry.
2026-03-27T23:37:36.652-0500 [DEBUG] [org.gradle.cache.internal.DefaultFileLockManager] Waiting to acquire shared lock on daemon addresses registry.
2026-03-27T23:37:36.652-0500 [DEBUG] [org.gradle.cache.internal.DefaultFileLockManager] Lock acquired on daemon addresses registry.
2026-03-27T23:37:36.653-0500 [DEBUG] [org.gradle.cache.internal.DefaultFileLockManager] Releasing lock on daemon addresses registry.
2026-03-27T23:37:36.654-0500 [DEBUG] [org.gradle.cache.internal.DefaultFileLockManager] Waiting to acquire shared lock on daemon addresses registry.
2026-03-27T23:37:36.654-0500 [DEBUG] [org.gradle.cache.internal.DefaultFileLockManager] Lock acquired on daemon addresses registry.
2026-03-27T23:37:36.654-0500 [DEBUG] [org.gradle.cache.internal.DefaultFileLockManager] Releasing lock on daemon addresses registry.
2026-03-27T23:37:46.652-0500 [DEBUG] [org.gradle.cache.internal.DefaultFileLockManager] Waiting to acquire shared lock on daemon addresses registry.
2026-03-27T23:37:46.653-0500 [DEBUG] [org.gradle.cache.internal.DefaultFileLockManager] Lock acquired on daemon addresses registry.
2026-03-27T23:37:46.667-0500 [DEBUG] [org.gradle.cache.internal.DefaultFileLockManager] Releasing lock on daemon addresses registry.
2026-03-27T23:37:46.672-0500 [DEBUG] [org.gradle.cache.internal.DefaultFileLockManager] Waiting to acquire shared lock on daemon addresses registry.
2026-03-27T23:37:46.672-0500 [DEBUG] [org.gradle.cache.internal.DefaultFileLockManager] Lock acquired on daemon addresses registry.
2026-03-27T23:37:46.674-0500 [DEBUG] [org.gradle.cache.internal.DefaultFileLockManager] Releasing lock on daemon addresses registry.
2026-03-27T23:37:46.678-0500 [DEBUG] [org.gradle.cache.internal.DefaultFileLockManager] Waiting to acquire shared lock on daemon addresses registry.
2026-03-27T23:37:46.679-0500 [DEBUG] [org.gradle.cache.internal.DefaultFileLockManager] Lock acquired on daemon addresses registry.
2026-03-27T23:37:46.680-0500 [DEBUG] [org.gradle.cache.internal.DefaultFileLockManager] Releasing lock on daemon addresses registry.
2026-03-27T23:37:56.646-0500 [DEBUG] [org.gradle.cache.internal.DefaultFileLockManager] Waiting to acquire shared lock on daemon addresses registry.
2026-03-27T23:37:56.647-0500 [DEBUG] [org.gradle.cache.internal.DefaultFileLockManager] Lock acquired on daemon addresses registry.
2026-03-27T23:37:56.648-0500 [DEBUG] [org.gradle.cache.internal.DefaultFileLockManager] Releasing lock on daemon addresses registry.
2026-03-27T23:37:56.667-0500 [DEBUG] [org.gradle.cache.internal.DefaultFileLockManager] Waiting to acquire shared lock on daemon addresses registry.
2026-03-27T23:37:56.668-0500 [DEBUG] [org.gradle.cache.internal.DefaultFileLockManager] Lock acquired on daemon addresses registry.
2026-03-27T23:37:56.669-0500 [DEBUG] [org.gradle.cache.internal.DefaultFileLockManager] Releasing lock on daemon addresses registry.
2026-03-27T23:37:56.678-0500 [DEBUG] [org.gradle.cache.internal.DefaultFileLockManager] Waiting to acquire shared lock on daemon addresses registry.
2026-03-27T23:37:56.678-0500 [DEBUG] [org.gradle.cache.internal.DefaultFileLockManager] Lock acquired on daemon addresses registry.
2026-03-27T23:37:56.680-0500 [DEBUG] [org.gradle.cache.internal.DefaultFileLockManager] Releasing lock on daemon addresses registry.
2026-03-27T23:38:06.649-0500 [DEBUG] [org.gradle.cache.internal.DefaultFileLockManager] Waiting to acquire shared lock on daemon addresses registry.
2026-03-27T23:38:06.677-0500 [DEBUG] [org.gradle.cache.internal.DefaultFileLockManager] Lock acquired on daemon addresses registry.
2026-03-27T23:38:06.679-0500 [DEBUG] [org.gradle.cache.internal.DefaultFileLockManager] Releasing lock on daemon addresses registry.
2026-03-27T23:38:06.688-0500 [DEBUG] [org.gradle.cache.internal.DefaultFileLockManager] Waiting to acquire shared lock on daemon addresses registry.
2026-03-27T23:38:06.689-0500 [DEBUG] [org.gradle.cache.internal.DefaultFileLockManager] Lock acquired on daemon addresses registry.
2026-03-27T23:38:06.690-0500 [DEBUG] [org.gradle.cache.internal.DefaultFileLockManager] Releasing lock on daemon addresses registry.
2026-03-27T23:38:06.698-0500 [DEBUG] [org.gradle.cache.internal.DefaultFileLockManager] Waiting to acquire shared lock on daemon addresses registry.
2026-03-27T23:38:06.699-0500 [DEBUG] [org.gradle.cache.internal.DefaultFileLockManager] Lock acquired on daemon addresses registry.
2026-03-27T23:38:06.700-0500 [DEBUG] [org.gradle.cache.internal.DefaultFileLockManager] Releasing lock on daemon addresses registry.
2026-03-27T23:38:16.650-0500 [DEBUG] [org.gradle.cache.internal.DefaultFileLockManager] Waiting to acquire shared lock on daemon addresses registry.
2026-03-27T23:38:16.650-0500 [DEBUG] [org.gradle.cache.internal.DefaultFileLockManager] Lock acquired on daemon addresses registry.
2026-03-27T23:38:16.666-0500 [DEBUG] [org.gradle.cache.internal.DefaultFileLockManager] Releasing lock on daemon addresses registry.
2026-03-27T23:38:16.676-0500 [DEBUG] [org.gradle.cache.internal.DefaultFileLockManager] Waiting to acquire shared lock on daemon addresses registry.
2026-03-27T23:38:16.677-0500 [DEBUG] [org.gradle.cache.internal.DefaultFileLockManager] Lock acquired on daemon addresses registry.
2026-03-27T23:38:16.682-0500 [DEBUG] [org.gradle.cache.internal.DefaultFileLockManager] Releasing lock on daemon addresses registry.
2026-03-27T23:38:16.689-0500 [DEBUG] [org.gradle.cache.internal.DefaultFileLockManager] Waiting to acquire shared lock on daemon addresses registry.
2026-03-27T23:38:16.690-0500 [DEBUG] [org.gradle.cache.internal.DefaultFileLockManager] Lock acquired on daemon addresses registry.
2026-03-27T23:38:16.691-0500 [DEBUG] [org.gradle.cache.internal.DefaultFileLockManager] Releasing lock on daemon addresses registry.
2026-03-27T23:38:26.259-0500 [DEBUG] [sun.rmi.transport.tcp] RMI TCP Connection(21)-127.0.0.1: accepted socket from [127.0.0.1:18560]
2026-03-27T23:38:26.290-0500 [DEBUG] [sun.rmi.transport.tcp] RMI TCP Connection(21)-127.0.0.1: (port 27155) op = 80
2026-03-27T23:38:26.317-0500 [DEBUG] [sun.rmi.loader] RMI TCP Connection(21)-127.0.0.1: name = "[Ljava.rmi.server.ObjID;", codebase = "", defaultLoader = jdk.internal.loader.ClassLoaders$PlatformClassLoader@65311715
2026-03-27T23:38:26.341-0500 [DEBUG] [sun.rmi.loader] RMI TCP Connection(21)-127.0.0.1: name = "java.rmi.dgc.Lease", codebase = "", defaultLoader = jdk.internal.loader.ClassLoaders$PlatformClassLoader@65311715
2026-03-27T23:38:26.343-0500 [DEBUG] [sun.rmi.loader] RMI TCP Connection(21)-127.0.0.1: name = "java.rmi.dgc.VMID", codebase = "", defaultLoader = jdk.internal.loader.ClassLoaders$PlatformClassLoader@65311715
2026-03-27T23:38:26.344-0500 [DEBUG] [sun.rmi.loader] RMI TCP Connection(21)-127.0.0.1: name = "[B", codebase = "", defaultLoader = jdk.internal.loader.ClassLoaders$PlatformClassLoader@65311715
2026-03-27T23:38:26.347-0500 [DEBUG] [sun.rmi.loader] RMI TCP Connection(21)-127.0.0.1: name = "java.rmi.server.UID", codebase = "", defaultLoader = jdk.internal.loader.ClassLoaders$PlatformClassLoader@65311715
2026-03-27T23:38:26.651-0500 [DEBUG] [org.gradle.cache.internal.DefaultFileLockManager] Waiting to acquire shared lock on daemon addresses registry.
2026-03-27T23:38:26.651-0500 [DEBUG] [org.gradle.cache.internal.DefaultFileLockManager] Lock acquired on daemon addresses registry.
2026-03-27T23:38:26.653-0500 [DEBUG] [org.gradle.cache.internal.DefaultFileLockManager] Releasing lock on daemon addresses registry.
2026-03-27T23:38:26.659-0500 [DEBUG] [org.gradle.cache.internal.DefaultFileLockManager] Waiting to acquire shared lock on daemon addresses registry.
2026-03-27T23:38:26.659-0500 [DEBUG] [org.gradle.cache.internal.DefaultFileLockManager] Lock acquired on daemon addresses registry.
2026-03-27T23:38:26.660-0500 [DEBUG] [org.gradle.cache.internal.DefaultFileLockManager] Releasing lock on daemon addresses registry.
2026-03-27T23:38:26.679-0500 [DEBUG] [org.gradle.cache.internal.DefaultFileLockManager] Waiting to acquire shared lock on daemon addresses registry.
2026-03-27T23:38:26.679-0500 [DEBUG] [org.gradle.cache.internal.DefaultFileLockManager] Lock acquired on daemon addresses registry.
2026-03-27T23:38:26.680-0500 [DEBUG] [org.gradle.cache.internal.DefaultFileLockManager] Releasing lock on daemon addresses registry.
2026-03-27T23:38:36.646-0500 [DEBUG] [org.gradle.cache.internal.DefaultFileLockManager] Waiting to acquire shared lock on daemon addresses registry.
2026-03-27T23:38:36.646-0500 [DEBUG] [org.gradle.cache.internal.DefaultFileLockManager] Lock acquired on daemon addresses registry.
2026-03-27T23:38:36.646-0500 [DEBUG] [org.gradle.cache.internal.DefaultFileLockManager] Releasing lock on daemon addresses registry.
2026-03-27T23:38:36.647-0500 [DEBUG] [org.gradle.cache.internal.DefaultFileLockManager] Waiting to acquire shared lock on daemon addresses registry.
2026-03-27T23:38:36.648-0500 [DEBUG] [org.gradle.cache.internal.DefaultFileLockManager] Lock acquired on daemon addresses registry.
2026-03-27T23:38:36.650-0500 [DEBUG] [org.gradle.cache.internal.DefaultFileLockManager] Releasing lock on daemon addresses registry.
2026-03-27T23:38:36.651-0500 [DEBUG] [org.gradle.cache.internal.DefaultFileLockManager] Waiting to acquire shared lock on daemon addresses registry.
2026-03-27T23:38:36.651-0500 [DEBUG] [org.gradle.cache.internal.DefaultFileLockManager] Lock acquired on daemon addresses registry.
2026-03-27T23:38:36.651-0500 [DEBUG] [org.gradle.cache.internal.DefaultFileLockManager] Releasing lock on daemon addresses registry.
2026-03-27T23:38:41.385-0500 [DEBUG] [sun.rmi.transport.tcp] RMI TCP Connection(21)-127.0.0.1: (port 27155) connection closed
2026-03-27T23:38:41.386-0500 [DEBUG] [sun.rmi.transport.tcp] RMI TCP Connection(21)-127.0.0.1: close connection, socket: Socket[addr=/127.0.0.1,port=18560,localport=27155]
2026-03-27T23:38:41.387-0500 [DEBUG] [sun.rmi.transport.tcp] RMI TCP Connection(21)-127.0.0.1: socket close: Socket[addr=/127.0.0.1,port=18560,localport=27155]
2026-03-27T23:38:46.641-0500 [DEBUG] [org.gradle.cache.internal.DefaultFileLockManager] Waiting to acquire shared lock on daemon addresses registry.
2026-03-27T23:38:46.641-0500 [DEBUG] [org.gradle.cache.internal.DefaultFileLockManager] Lock acquired on daemon addresses registry.
2026-03-27T23:38:46.642-0500 [DEBUG] [org.gradle.cache.internal.DefaultFileLockManager] Releasing lock on daemon addresses registry.
2026-03-27T23:38:46.643-0500 [DEBUG] [org.gradle.cache.internal.DefaultFileLockManager] Waiting to acquire shared lock on daemon addresses registry.
2026-03-27T23:38:46.643-0500 [DEBUG] [org.gradle.cache.internal.DefaultFileLockManager] Lock acquired on daemon addresses registry.
2026-03-27T23:38:46.643-0500 [DEBUG] [org.gradle.cache.internal.DefaultFileLockManager] Releasing lock on daemon addresses registry.
2026-03-27T23:38:46.645-0500 [DEBUG] [org.gradle.cache.internal.DefaultFileLockManager] Waiting to acquire shared lock on daemon addresses registry.
2026-03-27T23:38:46.645-0500 [DEBUG] [org.gradle.cache.internal.DefaultFileLockManager] Lock acquired on daemon addresses registry.
2026-03-27T23:38:46.645-0500 [DEBUG] [org.gradle.cache.internal.DefaultFileLockManager] Releasing lock on daemon addresses registry.
2026-03-27T23:38:56.639-0500 [DEBUG] [org.gradle.cache.internal.DefaultFileLockManager] Waiting to acquire shared lock on daemon addresses registry.
2026-03-27T23:38:56.640-0500 [DEBUG] [org.gradle.cache.internal.DefaultFileLockManager] Lock acquired on daemon addresses registry.
2026-03-27T23:38:56.653-0500 [DEBUG] [org.gradle.cache.internal.DefaultFileLockManager] Releasing lock on daemon addresses registry.
2026-03-27T23:38:56.655-0500 [DEBUG] [org.gradle.cache.internal.DefaultFileLockManager] Waiting to acquire shared lock on daemon addresses registry.
2026-03-27T23:38:56.655-0500 [DEBUG] [org.gradle.cache.internal.DefaultFileLockManager] Lock acquired on daemon addresses registry.
2026-03-27T23:38:56.655-0500 [DEBUG] [org.gradle.cache.internal.DefaultFileLockManager] Releasing lock on daemon addresses registry.
2026-03-27T23:38:56.657-0500 [DEBUG] [org.gradle.cache.internal.DefaultFileLockManager] Waiting to acquire shared lock on daemon addresses registry.
2026-03-27T23:38:56.657-0500 [DEBUG] [org.gradle.cache.internal.DefaultFileLockManager] Lock acquired on daemon addresses registry.
2026-03-27T23:38:56.657-0500 [DEBUG] [org.gradle.cache.internal.DefaultFileLockManager] Releasing lock on daemon addresses registry.
2026-03-27T23:39:06.655-0500 [DEBUG] [org.gradle.cache.internal.DefaultFileLockManager] Waiting to acquire shared lock on daemon addresses registry.
2026-03-27T23:39:06.655-0500 [DEBUG] [org.gradle.cache.internal.DefaultFileLockManager] Lock acquired on daemon addresses registry.
2026-03-27T23:39:06.656-0500 [DEBUG] [org.gradle.cache.internal.DefaultFileLockManager] Releasing lock on daemon addresses registry.
2026-03-27T23:39:06.657-0500 [DEBUG] [org.gradle.cache.internal.DefaultFileLockManager] Waiting to acquire shared lock on daemon addresses registry.
2026-03-27T23:39:06.658-0500 [DEBUG] [org.gradle.cache.internal.DefaultFileLockManager] Lock acquired on daemon addresses registry.
2026-03-27T23:39:06.658-0500 [DEBUG] [org.gradle.cache.internal.DefaultFileLockManager] Releasing lock on daemon addresses registry.
2026-03-27T23:39:06.659-0500 [DEBUG] [org.gradle.cache.internal.DefaultFileLockManager] Waiting to acquire shared lock on daemon addresses registry.
2026-03-27T23:39:06.660-0500 [DEBUG] [org.gradle.cache.internal.DefaultFileLockManager] Lock acquired on daemon addresses registry.
2026-03-27T23:39:06.661-0500 [DEBUG] [org.gradle.cache.internal.DefaultFileLockManager] Releasing lock on daemon addresses registry.
2026-03-27T23:39:16.645-0500 [DEBUG] [org.gradle.cache.internal.DefaultFileLockManager] Waiting to acquire shared lock on daemon addresses registry.
2026-03-27T23:39:16.646-0500 [DEBUG] [org.gradle.cache.internal.DefaultFileLockManager] Lock acquired on daemon addresses registry.
2026-03-27T23:39:16.646-0500 [DEBUG] [org.gradle.cache.internal.DefaultFileLockManager] Releasing lock on daemon addresses registry.
2026-03-27T23:39:16.663-0500 [DEBUG] [org.gradle.cache.internal.DefaultFileLockManager] Waiting to acquire shared lock on daemon addresses registry.
2026-03-27T23:39:16.663-0500 [DEBUG] [org.gradle.cache.internal.DefaultFileLockManager] Lock acquired on daemon addresses registry.
2026-03-27T23:39:16.663-0500 [DEBUG] [org.gradle.cache.internal.DefaultFileLockManager] Releasing lock on daemon addresses registry.
2026-03-27T23:39:16.666-0500 [DEBUG] [org.gradle.cache.internal.DefaultFileLockManager] Waiting to acquire shared lock on daemon addresses registry.
2026-03-27T23:39:16.666-0500 [DEBUG] [org.gradle.cache.internal.DefaultFileLockManager] Lock acquired on daemon addresses registry.
2026-03-27T23:39:16.667-0500 [DEBUG] [org.gradle.cache.internal.DefaultFileLockManager] Releasing lock on daemon addresses registry.
2026-03-27T23:39:26.649-0500 [DEBUG] [org.gradle.cache.internal.DefaultFileLockManager] Waiting to acquire shared lock on daemon addresses registry.
2026-03-27T23:39:26.649-0500 [DEBUG] [org.gradle.cache.internal.DefaultFileLockManager] Lock acquired on daemon addresses registry.
2026-03-27T23:39:26.652-0500 [DEBUG] [org.gradle.cache.internal.DefaultFileLockManager] Releasing lock on daemon addresses registry.
2026-03-27T23:39:26.658-0500 [DEBUG] [org.gradle.cache.internal.DefaultFileLockManager] Waiting to acquire shared lock on daemon addresses registry.
2026-03-27T23:39:26.659-0500 [DEBUG] [org.gradle.cache.internal.DefaultFileLockManager] Lock acquired on daemon addresses registry.
2026-03-27T23:39:26.661-0500 [DEBUG] [org.gradle.cache.internal.DefaultFileLockManager] Releasing lock on daemon addresses registry.
2026-03-27T23:39:26.666-0500 [DEBUG] [org.gradle.cache.internal.DefaultFileLockManager] Waiting to acquire shared lock on daemon addresses registry.
2026-03-27T23:39:26.666-0500 [DEBUG] [org.gradle.cache.internal.DefaultFileLockManager] Lock acquired on daemon addresses registry.
2026-03-27T23:39:26.667-0500 [DEBUG] [org.gradle.cache.internal.DefaultFileLockManager] Releasing lock on daemon addresses registry.
2026-03-27T23:39:36.646-0500 [DEBUG] [org.gradle.cache.internal.DefaultFileLockManager] Waiting to acquire shared lock on daemon addresses registry.
2026-03-27T23:39:36.646-0500 [DEBUG] [org.gradle.cache.internal.DefaultFileLockManager] Lock acquired on daemon addresses registry.
2026-03-27T23:39:36.647-0500 [DEBUG] [org.gradle.cache.internal.DefaultFileLockManager] Releasing lock on daemon addresses registry.
2026-03-27T23:39:36.648-0500 [DEBUG] [org.gradle.cache.internal.DefaultFileLockManager] Waiting to acquire shared lock on daemon addresses registry.
2026-03-27T23:39:36.649-0500 [DEBUG] [org.gradle.cache.internal.DefaultFileLockManager] Lock acquired on daemon addresses registry.
2026-03-27T23:39:36.649-0500 [DEBUG] [org.gradle.cache.internal.DefaultFileLockManager] Releasing lock on daemon addresses registry.
2026-03-27T23:39:36.650-0500 [DEBUG] [org.gradle.cache.internal.DefaultFileLockManager] Waiting to acquire shared lock on daemon addresses registry.
2026-03-27T23:39:36.650-0500 [DEBUG] [org.gradle.cache.internal.DefaultFileLockManager] Lock acquired on daemon addresses registry.
2026-03-27T23:39:36.651-0500 [DEBUG] [org.gradle.cache.internal.DefaultFileLockManager] Releasing lock on daemon addresses registry.
2026-03-27T23:39:41.891-0500 [DEBUG] [sun.rmi.transport.tcp] RMI TCP Connection(22)-127.0.0.1: accepted socket from [127.0.0.1:18574]
2026-03-27T23:39:41.892-0500 [DEBUG] [sun.rmi.transport.tcp] RMI TCP Connection(22)-127.0.0.1: (port 27155) op = 80
2026-03-27T23:39:41.893-0500 [DEBUG] [sun.rmi.loader] RMI TCP Connection(22)-127.0.0.1: name = "[Ljava.rmi.server.ObjID;", codebase = "", defaultLoader = jdk.internal.loader.ClassLoaders$PlatformClassLoader@65311715
2026-03-27T23:39:41.894-0500 [DEBUG] [sun.rmi.loader] RMI TCP Connection(22)-127.0.0.1: name = "java.rmi.dgc.Lease", codebase = "", defaultLoader = jdk.internal.loader.ClassLoaders$PlatformClassLoader@65311715
2026-03-27T23:39:41.895-0500 [DEBUG] [sun.rmi.loader] RMI TCP Connection(22)-127.0.0.1: name = "java.rmi.dgc.VMID", codebase = "", defaultLoader = jdk.internal.loader.ClassLoaders$PlatformClassLoader@65311715
2026-03-27T23:39:41.896-0500 [DEBUG] [sun.rmi.loader] RMI TCP Connection(22)-127.0.0.1: name = "[B", codebase = "", defaultLoader = jdk.internal.loader.ClassLoaders$PlatformClassLoader@65311715
2026-03-27T23:39:41.896-0500 [DEBUG] [sun.rmi.loader] RMI TCP Connection(22)-127.0.0.1: name = "java.rmi.server.UID", codebase = "", defaultLoader = jdk.internal.loader.ClassLoaders$PlatformClassLoader@65311715
2026-03-27T23:39:46.641-0500 [DEBUG] [org.gradle.cache.internal.DefaultFileLockManager] Waiting to acquire shared lock on daemon addresses registry.
2026-03-27T23:39:46.642-0500 [DEBUG] [org.gradle.cache.internal.DefaultFileLockManager] Lock acquired on daemon addresses registry.
2026-03-27T23:39:46.644-0500 [DEBUG] [org.gradle.cache.internal.DefaultFileLockManager] Releasing lock on daemon addresses registry.
2026-03-27T23:39:46.649-0500 [DEBUG] [org.gradle.cache.internal.DefaultFileLockManager] Waiting to acquire shared lock on daemon addresses registry.
2026-03-27T23:39:46.650-0500 [DEBUG] [org.gradle.cache.internal.DefaultFileLockManager] Lock acquired on daemon addresses registry.
2026-03-27T23:39:46.651-0500 [DEBUG] [org.gradle.cache.internal.DefaultFileLockManager] Releasing lock on daemon addresses registry.
2026-03-27T23:39:46.656-0500 [DEBUG] [org.gradle.cache.internal.DefaultFileLockManager] Waiting to acquire shared lock on daemon addresses registry.
2026-03-27T23:39:46.656-0500 [DEBUG] [org.gradle.cache.internal.DefaultFileLockManager] Lock acquired on daemon addresses registry.
2026-03-27T23:39:46.657-0500 [DEBUG] [org.gradle.cache.internal.DefaultFileLockManager] Releasing lock on daemon addresses registry.
2026-03-27T23:39:56.642-0500 [DEBUG] [org.gradle.cache.internal.DefaultFileLockManager] Waiting to acquire shared lock on daemon addresses registry.
2026-03-27T23:39:56.643-0500 [DEBUG] [org.gradle.cache.internal.DefaultFileLockManager] Lock acquired on daemon addresses registry.
2026-03-27T23:39:56.643-0500 [DEBUG] [org.gradle.cache.internal.DefaultFileLockManager] Releasing lock on daemon addresses registry.
2026-03-27T23:39:56.645-0500 [DEBUG] [org.gradle.cache.internal.DefaultFileLockManager] Waiting to acquire shared lock on daemon addresses registry.
2026-03-27T23:39:56.645-0500 [DEBUG] [org.gradle.cache.internal.DefaultFileLockManager] Lock acquired on daemon addresses registry.
2026-03-27T23:39:56.646-0500 [DEBUG] [org.gradle.cache.internal.DefaultFileLockManager] Releasing lock on daemon addresses registry.
2026-03-27T23:39:56.647-0500 [DEBUG] [org.gradle.cache.internal.DefaultFileLockManager] Waiting to acquire shared lock on daemon addresses registry.
2026-03-27T23:39:56.648-0500 [DEBUG] [org.gradle.cache.internal.DefaultFileLockManager] Lock acquired on daemon addresses registry.
2026-03-27T23:39:56.648-0500 [DEBUG] [org.gradle.cache.internal.DefaultFileLockManager] Releasing lock on daemon addresses registry.
2026-03-27T23:39:56.907-0500 [DEBUG] [sun.rmi.transport.tcp] RMI TCP Connection(22)-127.0.0.1: (port 27155) connection closed
2026-03-27T23:39:56.908-0500 [DEBUG] [sun.rmi.transport.tcp] RMI TCP Connection(22)-127.0.0.1: close connection, socket: Socket[addr=/127.0.0.1,port=18574,localport=27155]
2026-03-27T23:39:56.909-0500 [DEBUG] [sun.rmi.transport.tcp] RMI TCP Connection(22)-127.0.0.1: socket close: Socket[addr=/127.0.0.1,port=18574,localport=27155]
2026-03-27T23:40:06.654-0500 [DEBUG] [org.gradle.cache.internal.DefaultFileLockManager] Waiting to acquire shared lock on daemon addresses registry.
2026-03-27T23:40:06.654-0500 [DEBUG] [org.gradle.cache.internal.DefaultFileLockManager] Lock acquired on daemon addresses registry.
2026-03-27T23:40:06.656-0500 [DEBUG] [org.gradle.cache.internal.DefaultFileLockManager] Releasing lock on daemon addresses registry.
2026-03-27T23:40:06.661-0500 [DEBUG] [org.gradle.cache.internal.DefaultFileLockManager] Waiting to acquire shared lock on daemon addresses registry.
2026-03-27T23:40:06.662-0500 [DEBUG] [org.gradle.cache.internal.DefaultFileLockManager] Lock acquired on daemon addresses registry.
2026-03-27T23:40:06.663-0500 [DEBUG] [org.gradle.cache.internal.DefaultFileLockManager] Releasing lock on daemon addresses registry.
2026-03-27T23:40:06.668-0500 [DEBUG] [org.gradle.cache.internal.DefaultFileLockManager] Waiting to acquire shared lock on daemon addresses registry.
2026-03-27T23:40:06.669-0500 [DEBUG] [org.gradle.cache.internal.DefaultFileLockManager] Lock acquired on daemon addresses registry.
2026-03-27T23:40:06.670-0500 [DEBUG] [org.gradle.cache.internal.DefaultFileLockManager] Releasing lock on daemon addresses registry.
2026-03-27T23:40:16.645-0500 [DEBUG] [org.gradle.cache.internal.DefaultFileLockManager] Waiting to acquire shared lock on daemon addresses registry.
2026-03-27T23:40:16.646-0500 [DEBUG] [org.gradle.cache.internal.DefaultFileLockManager] Lock acquired on daemon addresses registry.
2026-03-27T23:40:16.647-0500 [DEBUG] [org.gradle.cache.internal.DefaultFileLockManager] Releasing lock on daemon addresses registry.
2026-03-27T23:40:16.652-0500 [DEBUG] [org.gradle.cache.internal.DefaultFileLockManager] Waiting to acquire shared lock on daemon addresses registry.
2026-03-27T23:40:16.653-0500 [DEBUG] [org.gradle.cache.internal.DefaultFileLockManager] Lock acquired on daemon addresses registry.
2026-03-27T23:40:16.653-0500 [DEBUG] [org.gradle.cache.internal.DefaultFileLockManager] Releasing lock on daemon addresses registry.
2026-03-27T23:40:16.659-0500 [DEBUG] [org.gradle.cache.internal.DefaultFileLockManager] Waiting to acquire shared lock on daemon addresses registry.
2026-03-27T23:40:16.659-0500 [DEBUG] [org.gradle.cache.internal.DefaultFileLockManager] Lock acquired on daemon addresses registry.
2026-03-27T23:40:16.660-0500 [DEBUG] [org.gradle.cache.internal.DefaultFileLockManager] Releasing lock on daemon addresses registry.
2026-03-27T23:40:26.650-0500 [DEBUG] [org.gradle.cache.internal.DefaultFileLockManager] Waiting to acquire shared lock on daemon addresses registry.
2026-03-27T23:40:26.650-0500 [DEBUG] [org.gradle.cache.internal.DefaultFileLockManager] Lock acquired on daemon addresses registry.
2026-03-27T23:40:26.651-0500 [DEBUG] [org.gradle.cache.internal.DefaultFileLockManager] Releasing lock on daemon addresses registry.
2026-03-27T23:40:26.655-0500 [DEBUG] [org.gradle.cache.internal.DefaultFileLockManager] Waiting to acquire shared lock on daemon addresses registry.
2026-03-27T23:40:26.655-0500 [DEBUG] [org.gradle.cache.internal.DefaultFileLockManager] Lock acquired on daemon addresses registry.
2026-03-27T23:40:26.658-0500 [DEBUG] [org.gradle.cache.internal.DefaultFileLockManager] Releasing lock on daemon addresses registry.
2026-03-27T23:40:26.662-0500 [DEBUG] [org.gradle.cache.internal.DefaultFileLockManager] Waiting to acquire shared lock on daemon addresses registry.
2026-03-27T23:40:26.662-0500 [DEBUG] [org.gradle.cache.internal.DefaultFileLockManager] Lock acquired on daemon addresses registry.
2026-03-27T23:40:26.663-0500 [DEBUG] [org.gradle.cache.internal.DefaultFileLockManager] Releasing lock on daemon addresses registry.
2026-03-27T23:40:36.651-0500 [DEBUG] [org.gradle.cache.internal.DefaultFileLockManager] Waiting to acquire shared lock on daemon addresses registry.
2026-03-27T23:40:36.651-0500 [DEBUG] [org.gradle.cache.internal.DefaultFileLockManager] Lock acquired on daemon addresses registry.
2026-03-27T23:40:36.652-0500 [DEBUG] [org.gradle.cache.internal.DefaultFileLockManager] Releasing lock on daemon addresses registry.
2026-03-27T23:40:36.653-0500 [DEBUG] [org.gradle.cache.internal.DefaultFileLockManager] Waiting to acquire shared lock on daemon addresses registry.
2026-03-27T23:40:36.653-0500 [DEBUG] [org.gradle.cache.internal.DefaultFileLockManager] Lock acquired on daemon addresses registry.
2026-03-27T23:40:36.653-0500 [DEBUG] [org.gradle.cache.internal.DefaultFileLockManager] Releasing lock on daemon addresses registry.
2026-03-27T23:40:36.654-0500 [DEBUG] [org.gradle.cache.internal.DefaultFileLockManager] Waiting to acquire shared lock on daemon addresses registry.
2026-03-27T23:40:36.655-0500 [DEBUG] [org.gradle.cache.internal.DefaultFileLockManager] Lock acquired on daemon addresses registry.
2026-03-27T23:40:36.655-0500 [DEBUG] [org.gradle.cache.internal.DefaultFileLockManager] Releasing lock on daemon addresses registry.
2026-03-27T23:40:46.658-0500 [DEBUG] [org.gradle.cache.internal.DefaultFileLockManager] Waiting to acquire shared lock on daemon addresses registry.
2026-03-27T23:40:46.658-0500 [DEBUG] [org.gradle.cache.internal.DefaultFileLockManager] Lock acquired on daemon addresses registry.
2026-03-27T23:40:46.659-0500 [DEBUG] [org.gradle.cache.internal.DefaultFileLockManager] Releasing lock on daemon addresses registry.
2026-03-27T23:40:46.665-0500 [DEBUG] [org.gradle.cache.internal.DefaultFileLockManager] Waiting to acquire shared lock on daemon addresses registry.
2026-03-27T23:40:46.665-0500 [DEBUG] [org.gradle.cache.internal.DefaultFileLockManager] Lock acquired on daemon addresses registry.
2026-03-27T23:40:46.666-0500 [DEBUG] [org.gradle.cache.internal.DefaultFileLockManager] Releasing lock on daemon addresses registry.
2026-03-27T23:40:46.669-0500 [DEBUG] [org.gradle.cache.internal.DefaultFileLockManager] Waiting to acquire shared lock on daemon addresses registry.
2026-03-27T23:40:46.670-0500 [DEBUG] [org.gradle.cache.internal.DefaultFileLockManager] Lock acquired on daemon addresses registry.
2026-03-27T23:40:46.670-0500 [DEBUG] [org.gradle.cache.internal.DefaultFileLockManager] Releasing lock on daemon addresses registry.
2026-03-27T23:40:56.639-0500 [DEBUG] [org.gradle.cache.internal.DefaultFileLockManager] Waiting to acquire shared lock on daemon addresses registry.
2026-03-27T23:40:56.639-0500 [DEBUG] [org.gradle.cache.internal.DefaultFileLockManager] Lock acquired on daemon addresses registry.
2026-03-27T23:40:56.639-0500 [DEBUG] [org.gradle.cache.internal.DefaultFileLockManager] Releasing lock on daemon addresses registry.
2026-03-27T23:40:56.641-0500 [DEBUG] [org.gradle.cache.internal.DefaultFileLockManager] Waiting to acquire shared lock on daemon addresses registry.
2026-03-27T23:40:56.641-0500 [DEBUG] [org.gradle.cache.internal.DefaultFileLockManager] Lock acquired on daemon addresses registry.
2026-03-27T23:40:56.641-0500 [DEBUG] [org.gradle.cache.internal.DefaultFileLockManager] Releasing lock on daemon addresses registry.
2026-03-27T23:40:56.643-0500 [DEBUG] [org.gradle.cache.internal.DefaultFileLockManager] Waiting to acquire shared lock on daemon addresses registry.
2026-03-27T23:40:56.643-0500 [DEBUG] [org.gradle.cache.internal.DefaultFileLockManager] Lock acquired on daemon addresses registry.
2026-03-27T23:40:56.644-0500 [DEBUG] [org.gradle.cache.internal.DefaultFileLockManager] Releasing lock on daemon addresses registry.
2026-03-27T23:40:58.656-0500 [DEBUG] [org.gradle.internal.watch.vfs.impl.WatchingVirtualFileSystem] Handling VFS change CREATED C:\Users\sebgo\AndroidStudioProjects\mytaxitravel\app\src\main\java\com\workpro\mytaxitravel\Viajes.kt~
2026-03-27T23:40:58.663-0500 [DEBUG] [org.gradle.internal.watch.vfs.impl.WatchingVirtualFileSystem] Handling VFS change MODIFIED C:\Users\sebgo\AndroidStudioProjects\mytaxitravel\app\src\main\java\com\workpro\mytaxitravel\Viajes.kt
2026-03-27T23:41:01.173-0500 [DEBUG] [org.gradle.internal.remote.internal.inet.TcpIncomingConnector] Accepted connection from /127.0.0.1:18578 to /127.0.0.1:17309.
2026-03-27T23:41:01.264-0500 [DEBUG] [org.gradle.launcher.daemon.server.SynchronizedDispatchConnection] thread 888: received class org.gradle.launcher.daemon.protocol.Build
2026-03-27T23:41:01.266-0500 [DEBUG] [org.gradle.launcher.daemon.server.DefaultDaemonConnection] thread 888: Received non-IO message from client: Build{id=5018feeb-8985-477c-9888-d5e8decccedb, currentDir=C:\Users\sebgo\AndroidStudioProjects\mytaxitravel}
2026-03-27T23:41:01.268-0500 [INFO] [org.gradle.launcher.daemon.server.DefaultIncomingConnectionHandler] Received command: Build{id=5018feeb-8985-477c-9888-d5e8decccedb, currentDir=C:\Users\sebgo\AndroidStudioProjects\mytaxitravel}.
2026-03-27T23:41:01.268-0500 [DEBUG] [org.gradle.launcher.daemon.server.DefaultIncomingConnectionHandler] Starting executing command: Build{id=5018feeb-8985-477c-9888-d5e8decccedb, currentDir=C:\Users\sebgo\AndroidStudioProjects\mytaxitravel} with connection: socket connection from /127.0.0.1:17309 to /127.0.0.1:18578.
2026-03-27T23:41:01.276-0500 [DEBUG] [org.gradle.launcher.daemon.server.DaemonStateCoordinator] Command execution: started DaemonCommandExecution[command = Build{id=5018feeb-8985-477c-9888-d5e8decccedb, currentDir=C:\Users\sebgo\AndroidStudioProjects\mytaxitravel}, connection = DefaultDaemonConnection: socket connection from /127.0.0.1:17309 to /127.0.0.1:18578] after 6.203216666666666 minutes of idle
2026-03-27T23:41:01.277-0500 [INFO] [org.gradle.launcher.daemon.server.DaemonRegistryUpdater] Marking the daemon as busy, address: [997172e4-0228-42fa-b2cc-c9582f8c896e port:17309, addresses:[localhost/127.0.0.1]]
2026-03-27T23:41:01.277-0500 [DEBUG] [org.gradle.launcher.daemon.registry.PersistentDaemonRegistry] Marking busy by address: [997172e4-0228-42fa-b2cc-c9582f8c896e port:17309, addresses:[localhost/127.0.0.1]]
2026-03-27T23:41:01.278-0500 [DEBUG] [org.gradle.cache.internal.DefaultFileLockManager] Waiting to acquire exclusive lock on daemon addresses registry.
2026-03-27T23:41:01.281-0500 [DEBUG] [org.gradle.cache.internal.DefaultFileLockManager] Lock acquired on daemon addresses registry.
2026-03-27T23:41:01.288-0500 [DEBUG] [org.gradle.cache.internal.DefaultFileLockManager] Releasing lock on daemon addresses registry.
2026-03-27T23:41:01.289-0500 [DEBUG] [org.gradle.launcher.daemon.server.DaemonStateCoordinator] resetting idle timer
2026-03-27T23:41:01.290-0500 [DEBUG] [org.gradle.launcher.daemon.server.DaemonStateCoordinator] daemon is running. Sleeping until state changes.
2026-03-27T23:41:01.290-0500 [INFO] [org.gradle.launcher.daemon.server.exec.StartBuildOrRespondWithBusy] Daemon is about to start building Build{id=5018feeb-8985-477c-9888-d5e8decccedb, currentDir=C:\Users\sebgo\AndroidStudioProjects\mytaxitravel}. Dispatching build started information...
2026-03-27T23:41:01.290-0500 [DEBUG] [org.gradle.launcher.daemon.server.SynchronizedDispatchConnection] thread 890: dispatching org.gradle.launcher.daemon.protocol.BuildStarted@5b9a537b
2026-03-27T23:41:01.327-0500 [DEBUG] [org.gradle.launcher.daemon.server.exec.EstablishBuildEnvironment] Configuring env variables: [USERDOMAIN_ROAMINGPROFILE, Maven, EFC_5368_2283032206, EFC_5368_2775293581, PROCESSOR_LEVEL, SESSIONNAME, ALLUSERSPROFILE, PROCESSOR_ARCHITECTURE, PSModulePath, SystemDrive, EFC_5368_1592913036, USERNAME, ProgramFiles(x86), FPS_BROWSER_USER_PROFILE_STRING, PATHEXT, DriverData, OneDriveConsumer, IntelliJ IDEA Community Edition, PyCharm Community Edition, ProgramData, ProgramW6432, EFC_5368_3789132940, HOMEPATH, PROCESSOR_IDENTIFIER, ProgramFiles, PUBLIC, windir, =::, ZES_ENABLE_SYSMAN, LOCALAPPDATA, ChocolateyLastPathUpdate, USERDOMAIN, LOGONSERVER, FPS_BROWSER_APP_PROFILE_STRING, JAVA_HOME, OneDrive, APPDATA, ChocolateyInstall, CommonProgramFiles, Path, OS, COMPUTERNAME, PROCESSOR_REVISION, CommonProgramW6432, ComSpec, TEMP, SystemRoot, HOMEDRIVE, USERPROFILE, TMP, EFC_5368_1262719628, CommonProgramFiles(x86), NUMBER_OF_PROCESSORS]
2026-03-27T23:41:01.377-0500 [DEBUG] [org.gradle.launcher.daemon.server.exec.LogToClient] About to start relaying all logs to the client via the connection.
2026-03-27T23:41:01.388-0500 [INFO] [org.gradle.launcher.daemon.server.exec.LogToClient] The client will now receive all logging from the daemon (pid: 13440). The daemon log file: C:\Users\sebgo\AndroidStudioProjects\mytaxitravel\gradle\daemon\8.13\daemon-13440.out.log
2026-03-27T23:41:01.497-0500 [INFO] [org.gradle.launcher.daemon.server.exec.LogAndCheckHealth] Starting 9th build in daemon [uptime: 38 mins 5.797 secs, performance: 98%, GC rate: 0.00/s, heap usage: 0% of 2 GiB]
2026-03-27T23:41:01.503-0500 [DEBUG] [org.gradle.launcher.daemon.server.exec.ExecuteBuild] The daemon has started executing the build.
2026-03-27T23:41:01.504-0500 [DEBUG] [org.gradle.launcher.daemon.server.exec.ExecuteBuild] Executing build with daemon context: DefaultDaemonContext[uid=b7364696-86c9-4c24-bb56-8cdc5351f417,javaHome=F:\Android Studio\jbr,javaVersion=21,javaVendor=JetBrains s.r.o.,daemonRegistryDir=C:\Users\sebgo\AndroidStudioProjects\mytaxitravel\gradle\daemon,pid=13440,idleTimeout=10800000,priority=NORMAL,applyInstrumentationAgent=true,nativeServicesMode=ENABLED,daemonOpts=-Xmx2048m,-Dfile.encoding=UTF-8,-Duser.country=CO,-Duser.language=es,-Duser.variant]

BUILD SUCCESSFUL in 25s
39 actionable tasks: 12 executed, 27 up-to-date
2026-03-27T23:41:27.037-0500 [DEBUG] [org.gradle.launcher.daemon.server.exec.ExecuteBuild] The daemon has finished executing the build.
2026-03-27T23:41:27.045-0500 [DEBUG] [org.gradle.launcher.daemon.server.DaemonStateCoordinator] daemon is running. Sleeping until state changes.
2026-03-27T23:41:27.045-0500 [DEBUG] [org.gradle.launcher.daemon.server.DaemonStateCoordinator] Command execution: finished waiting for DaemonCommandExecution[command = Build{id=5018feeb-8985-477c-9888-d5e8decccedb, currentDir=C:\Users\sebgo\AndroidStudioProjects\mytaxitravel}, connection = DefaultDaemonConnection: socket connection from /127.0.0.1:17309 to /127.0.0.1:18578]. Result org.gradle.launcher.daemon.server.DaemonStateCoordinator@4c3ad2a7 with state Busy
2026-03-27T23:41:27.045-0500 [DEBUG] [org.gradle.launcher.daemon.server.DaemonStateCoordinator] Command execution: completed DaemonCommandExecution[command = Build{id=5018feeb-8985-477c-9888-d5e8decccedb, currentDir=C:\Users\sebgo\AndroidStudioProjects\mytaxitravel}, connection = DefaultDaemonConnection: socket connection from /127.0.0.1:17309 to /127.0.0.1:18578]
2026-03-27T23:41:27.045-0500 [DEBUG] [org.gradle.launcher.daemon.server.DaemonStateCoordinator] resetting idle timer
2026-03-27T23:41:27.045-0500 [INFO] [org.gradle.launcher.daemon.server.DaemonRegistryUpdater] Marking the daemon as idle, address: [997172e4-0228-42fa-b2cc-c9582f8c896e port:17309, addresses:[localhost/127.0.0.1]]
2026-03-27T23:41:27.045-0500 [DEBUG] [org.gradle.launcher.daemon.registry.PersistentDaemonRegistry] Marking busy by address: [997172e4-0228-42fa-b2cc-c9582f8c896e port:17309, addresses:[localhost/127.0.0.1]]
2026-03-27T23:41:27.047-0500 [DEBUG] [org.gradle.cache.internal.DefaultFileLockManager] Waiting to acquire exclusive lock on daemon addresses registry.
2026-03-27T23:41:27.047-0500 [DEBUG] [org.gradle.cache.internal.DefaultFileLockManager] Lock acquired on daemon addresses registry.
2026-03-27T23:41:27.048-0500 [DEBUG] [org.gradle.cache.internal.DefaultFileLockManager] Releasing lock on daemon addresses registry.
2026-03-27T23:41:27.049-0500 [DEBUG] [org.gradle.launcher.daemon.server.DaemonStateCoordinator] daemon is running. Sleeping until state changes.
2026-03-27T23:41:27.049-0500 [DEBUG] [org.gradle.launcher.daemon.server.exec.ReturnResult] Daemon is dispatching the build result: Success[value=org.gradle.launcher.exec.BuildActionResult@4b89a869]
2026-03-27T23:41:27.049-0500 [DEBUG] [org.gradle.launcher.daemon.server.SynchronizedDispatchConnection] thread 887: dispatching Success[value=org.gradle.launcher.exec.BuildActionResult@4b89a869]
2026-03-27T23:41:27.050-0500 [DEBUG] [org.gradle.launcher.daemon.server.DefaultIncomingConnectionHandler] Finishing executing command: Build{id=5018feeb-8985-477c-9888-d5e8decccedb, currentDir=C:\Users\sebgo\AndroidStudioProjects\mytaxitravel}
2026-03-27T23:41:27.050-0500 [DEBUG] [org.gradle.launcher.daemon.server.exec.CleanUpVirtualFileSystemAfterBuild] Cleaning virtual file system after build finished
2026-03-27T23:41:27.053-0500 [DEBUG] [org.gradle.launcher.daemon.server.SynchronizedDispatchConnection] thread 888: received class org.gradle.launcher.daemon.protocol.CloseInput
2026-03-27T23:41:27.053-0500 [DEBUG] [org.gradle.launcher.daemon.server.DefaultDaemonConnection] thread 888: Received IO message from client: org.gradle.launcher.daemon.protocol.CloseInput@11eb9442
2026-03-27T23:41:27.055-0500 [DEBUG] [org.gradle.launcher.daemon.server.SynchronizedDispatchConnection] thread 888: received class org.gradle.launcher.daemon.protocol.Finished
2026-03-27T23:41:27.055-0500 [DEBUG] [org.gradle.launcher.daemon.server.DefaultDaemonConnection] thread 888: Received non-IO message from client: org.gradle.launcher.daemon.protocol.Finished@1f2c780f
2026-03-27T23:41:27.055-0500 [DEBUG] [org.gradle.launcher.daemon.server.DefaultIncomingConnectionHandler] Received finished message: org.gradle.launcher.daemon.protocol.Finished@1f2c780f
2026-03-27T23:41:27.055-0500 [DEBUG] [org.gradle.launcher.daemon.server.SynchronizedDispatchConnection] thread 887: stopping connection
2026-03-27T23:41:27.056-0500 [DEBUG] [org.gradle.internal.remote.internal.inet.SocketConnection] Discarding EOFException: java.io.EOFException
2026-03-27T23:41:27.057-0500 [DEBUG] [org.gradle.launcher.daemon.server.SynchronizedDispatchConnection] thread 888: received null
2026-03-27T23:41:27.057-0500 [DEBUG] [org.gradle.launcher.daemon.server.DefaultDaemonConnection] thread 888: Received end-of-input from client.
2026-03-27T23:41:27.057-0500 [DEBUG] [org.gradle.launcher.daemon.server.SynchronizedDispatchConnection] thread 887: stopping connection
2026-03-27T23:41:27.350-0500 [DEBUG] [org.gradle.internal.watch.vfs.impl.WatchingVirtualFileSystem] Handling VFS change CREATED C:\Users\sebgo\AndroidStudioProjects\mytaxitravel\app\src\main\java\com\workpro\mytaxitravel\Viajes.kt~
2026-03-27T23:41:27.351-0500 [DEBUG] [org.gradle.internal.watch.vfs.impl.WatchingVirtualFileSystem] Handling VFS change MODIFIED C:\Users\sebgo\AndroidStudioProjects\mytaxitravel\app\src\main\java\com\workpro\mytaxitravel\Viajes.kt
2026-03-27T23:41:29.539-0500 [DEBUG] [org.gradle.process.internal.health.memory.DefaultMemoryManager] 841566208 physical memory requested, 147005440 free
2026-03-27T23:41:29.539-0500 [DEBUG] [org.gradle.workers.internal.WorkerDaemonExpiration] Will attempt to release 802 of memory
2026-03-27T23:41:29.539-0500 [DEBUG] [org.gradle.process.internal.health.memory.DefaultMemoryManager] 841566208 physical memory requested, 0 released, 147005440 free
2026-03-27T23:41:34.539-0500 [DEBUG] [org.gradle.process.internal.health.memory.DefaultMemoryManager] 841566208 physical memory requested, 749789184 free
2026-03-27T23:41:34.539-0500 [DEBUG] [org.gradle.workers.internal.WorkerDaemonExpiration] Will attempt to release 802 of memory
2026-03-27T23:41:34.539-0500 [DEBUG] [org.gradle.process.internal.health.memory.DefaultMemoryManager] 841566208 physical memory requested, 0 released, 749789184 free
2026-03-27T23:41:36.656-0500 [DEBUG] [org.gradle.cache.internal.DefaultFileLockManager] Waiting to acquire shared lock on daemon addresses registry.
2026-03-27T23:41:36.656-0500 [DEBUG] [org.gradle.cache.internal.DefaultFileLockManager] Lock acquired on daemon addresses registry.
2026-03-27T23:41:36.670-0500 [DEBUG] [org.gradle.cache.internal.DefaultFileLockManager] Releasing lock on daemon addresses registry.
2026-03-27T23:41:36.674-0500 [DEBUG] [org.gradle.cache.internal.DefaultFileLockManager] Waiting to acquire shared lock on daemon addresses registry.
2026-03-27T23:41:36.674-0500 [DEBUG] [org.gradle.cache.internal.DefaultFileLockManager] Lock acquired on daemon addresses registry.
2026-03-27T23:41:36.674-0500 [DEBUG] [org.gradle.cache.internal.DefaultFileLockManager] Releasing lock on daemon addresses registry.
2026-03-27T23:41:44.539-0500 [DEBUG] [org.gradle.process.internal.health.memory.DefaultMemoryManager] 841566208 physical memory requested, 691621888 free
2026-03-27T23:41:44.540-0500 [DEBUG] [org.gradle.workers.internal.WorkerDaemonExpiration] Will attempt to release 802 of memory
2026-03-27T23:41:44.540-0500 [DEBUG] [org.gradle.process.internal.health.memory.DefaultMemoryManager] 841566208 physical memory requested, 0 released, 691621888 free
2026-03-27T23:41:45.704-0500 [DEBUG] [org.gradle.internal.remote.internal.inet.TcpIncomingConnector] Accepted connection from /127.0.0.1:3850 to /127.0.0.1:17309.
2026-03-27T23:41:45.728-0500 [DEBUG] [org.gradle.launcher.daemon.server.SynchronizedDispatchConnection] thread 984: received class org.gradle.launcher.daemon.protocol.Build
2026-03-27T23:41:45.728-0500 [DEBUG] [org.gradle.launcher.daemon.server.DefaultDaemonConnection] thread 984: Received non-IO message from client: Build{id=7cf67dd0-cb1a-4f07-9983-43354a9f28f7, currentDir=C:\Users\sebgo\AndroidStudioProjects\mytaxitravel\app}
2026-03-27T23:41:45.729-0500 [INFO] [org.gradle.launcher.daemon.server.DefaultIncomingConnectionHandler] Received command: Build{id=7cf67dd0-cb1a-4f07-9983-43354a9f28f7, currentDir=C:\Users\sebgo\AndroidStudioProjects\mytaxitravel\app}.
2026-03-27T23:41:45.729-0500 [DEBUG] [org.gradle.launcher.daemon.server.DefaultIncomingConnectionHandler] Starting executing command: Build{id=7cf67dd0-cb1a-4f07-9983-43354a9f28f7, currentDir=C:\Users\sebgo\AndroidStudioProjects\mytaxitravel\app} with connection: socket connection from /127.0.0.1:17309 to /127.0.0.1:3850.
2026-03-27T23:41:45.740-0500 [DEBUG] [org.gradle.launcher.daemon.server.DaemonStateCoordinator] Command execution: started DaemonCommandExecution[command = Build{id=7cf67dd0-cb1a-4f07-9983-43354a9f28f7, currentDir=C:\Users\sebgo\AndroidStudioProjects\mytaxitravel\app}, connection = DefaultDaemonConnection: socket connection from /127.0.0.1:17309 to /127.0.0.1:3850] after 0.31145 minutes of idle
2026-03-27T23:41:45.740-0500 [INFO] [org.gradle.launcher.daemon.server.DaemonRegistryUpdater] Marking the daemon as busy, address: [997172e4-0228-42fa-b2cc-c9582f8c896e port:17309, addresses:[localhost/127.0.0.1]]
2026-03-27T23:41:45.740-0500 [DEBUG] [org.gradle.launcher.daemon.registry.PersistentDaemonRegistry] Marking busy by address: [997172e4-0228-42fa-b2cc-c9582f8c896e port:17309, addresses:[localhost/127.0.0.1]]
2026-03-27T23:41:45.744-0500 [DEBUG] [org.gradle.cache.internal.DefaultFileLockManager] Waiting to acquire exclusive lock on daemon addresses registry.
2026-03-27T23:41:45.746-0500 [DEBUG] [org.gradle.cache.internal.DefaultFileLockManager] Lock acquired on daemon addresses registry.
2026-03-27T23:41:45.749-0500 [DEBUG] [org.gradle.cache.internal.DefaultFileLockManager] Releasing lock on daemon addresses registry.
2026-03-27T23:41:45.750-0500 [DEBUG] [org.gradle.launcher.daemon.server.DaemonStateCoordinator] resetting idle timer
2026-03-27T23:41:45.750-0500 [INFO] [org.gradle.launcher.daemon.server.exec.StartBuildOrRespondWithBusy] Daemon is about to start building Build{id=7cf67dd0-cb1a-4f07-9983-43354a9f28f7, currentDir=C:\Users\sebgo\AndroidStudioProjects\mytaxitravel\app}. Dispatching build started information...
2026-03-27T23:41:45.750-0500 [DEBUG] [org.gradle.launcher.daemon.server.DaemonStateCoordinator] daemon is running. Sleeping until state changes.
2026-03-27T23:41:45.750-0500 [DEBUG] [org.gradle.launcher.daemon.server.SynchronizedDispatchConnection] thread 890: dispatching org.gradle.launcher.daemon.protocol.BuildStarted@2141ad4c
2026-03-27T23:41:45.753-0500 [DEBUG] [org.gradle.launcher.daemon.server.exec.EstablishBuildEnvironment] Configuring env variables: [USERDOMAIN_ROAMINGPROFILE, Maven, EFC_5368_2283032206, EFC_5368_2775293581, PROCESSOR_LEVEL, SESSIONNAME, ALLUSERSPROFILE, PROCESSOR_ARCHITECTURE, PSModulePath, SystemDrive, EFC_5368_1592913036, USERNAME, ProgramFiles(x86), FPS_BROWSER_USER_PROFILE_STRING, PATHEXT, DriverData, OneDriveConsumer, IntelliJ IDEA Community Edition, PyCharm Community Edition, ProgramData, ProgramW6432, EFC_5368_3789132940, HOMEPATH, PROCESSOR_IDENTIFIER, ProgramFiles, PUBLIC, windir, =::, ZES_ENABLE_SYSMAN, LOCALAPPDATA, ChocolateyLastPathUpdate, USERDOMAIN, LOGONSERVER, FPS_BROWSER_APP_PROFILE_STRING, JAVA_HOME, OneDrive, APPDATA, ChocolateyInstall, CommonProgramFiles, Path, OS, COMPUTERNAME, PROCESSOR_REVISION, CommonProgramW6432, ComSpec, TEMP, SystemRoot, HOMEDRIVE, USERPROFILE, TMP, EFC_5368_1262719628, CommonProgramFiles(x86), NUMBER_OF_PROCESSORS]
2026-03-27T23:41:45.755-0500 [DEBUG] [org.gradle.launcher.daemon.server.exec.LogToClient] About to start relaying all logs to the client via the connection.
2026-03-27T23:41:45.755-0500 [INFO] [org.gradle.launcher.daemon.server.exec.LogToClient] The client will now receive all logging from the daemon (pid: 13440). The daemon log file: C:\Users\sebgo\AndroidStudioProjects\mytaxitravel\gradle\daemon\8.13\daemon-13440.out.log
2026-03-27T23:41:45.759-0500 [INFO] [org.gradle.launcher.daemon.server.exec.LogAndCheckHealth] Starting 10th build in daemon [uptime: 38 mins 50.163 secs, performance: 98%, GC rate: 0.00/s, heap usage: 0% of 2 GiB]
2026-03-27T23:41:45.760-0500 [DEBUG] [org.gradle.launcher.daemon.server.exec.ExecuteBuild] The daemon has started executing the build.
2026-03-27T23:41:45.760-0500 [DEBUG] [org.gradle.launcher.daemon.server.exec.ExecuteBuild] Executing build with daemon context: DefaultDaemonContext[uid=b7364696-86c9-4c24-bb56-8cdc5351f417,javaHome=F:\Android Studio\jbr,javaVersion=21,javaVendor=JetBrains s.r.o.,daemonRegistryDir=C:\Users\sebgo\AndroidStudioProjects\mytaxitravel\gradle\daemon,pid=13440,idleTimeout=10800000,priority=NORMAL,applyInstrumentationAgent=true,nativeServicesMode=ENABLED,daemonOpts=-Xmx2048m,-Dfile.encoding=UTF-8,-Duser.country=CO,-Duser.language=es,-Duser.variant]
Artifact was downloaded to C:\Users\sebgo\AndroidStudioProjects\mytaxitravel\gradle\caches\modules-2\files-2.1\com.google.android.material\material\1.10.0\93873f2a41da69e38213dbe9ed91a0402a903c88\material-1.10.0-sources.jar

BUILD SUCCESSFUL in 19s
1 actionable task: 1 executed
2026-03-27T23:42:05.328-0500 [DEBUG] [org.gradle.launcher.daemon.server.SynchronizedDispatchConnection] thread 988: dispatching BuildEvent[event=org.gradle.internal.build.event.types.DefaultStatusEvent@7488d295]
2026-03-27T23:42:05.328-0500 [DEBUG] [org.gradle.launcher.daemon.server.SynchronizedDispatchConnection] thread 988: dispatching BuildEvent[event=org.gradle.internal.build.event.types.DefaultStatusEvent@170d1ce4]
2026-03-27T23:42:05.328-0500 [DEBUG] [org.gradle.launcher.daemon.server.SynchronizedDispatchConnection] thread 988: dispatching BuildEvent[event=org.gradle.internal.build.event.types.DefaultStatusEvent@13150d3c]
2026-03-27T23:42:05.328-0500 [DEBUG] [org.gradle.launcher.daemon.server.SynchronizedDispatchConnection] thread 988: dispatching BuildEvent[event=org.gradle.internal.build.event.types.DefaultStatusEvent@4dcbdf3]
2026-03-27T23:42:05.329-0500 [DEBUG] [org.gradle.launcher.daemon.server.SynchronizedDispatchConnection] thread 988: dispatching BuildEvent[event=org.gradle.internal.build.event.types.DefaultStatusEvent@36f2cb87]
2026-03-27T23:42:05.329-0500 [DEBUG] [org.gradle.launcher.daemon.server.SynchronizedDispatchConnection] thread 988: dispatching BuildEvent[event=org.gradle.internal.build.event.types.DefaultStatusEvent@49e70b81]
2026-03-27T23:42:05.329-0500 [DEBUG] [org.gradle.launcher.daemon.server.SynchronizedDispatchConnection] thread 988: dispatching BuildEvent[event=org.gradle.internal.build.event.types.DefaultStatusEvent@72a0936c]
2026-03-27T23:42:05.329-0500 [DEBUG] [org.gradle.launcher.daemon.server.SynchronizedDispatchConnection] thread 988: dispatching BuildEvent[event=org.gradle.internal.build.event.types.DefaultStatusEvent@13f28bee]
2026-03-27T23:42:05.330-0500 [DEBUG] [org.gradle.launcher.daemon.server.SynchronizedDispatchConnection] thread 988: dispatching BuildEvent[event=org.gradle.internal.build.event.types.DefaultStatusEvent@337cd4e4]
2026-03-27T23:42:05.330-0500 [DEBUG] [org.gradle.launcher.daemon.server.SynchronizedDispatchConnection] thread 988: dispatching BuildEvent[event=org.gradle.internal.build.event.types.DefaultStatusEvent@42b66a09]
2026-03-27T23:42:05.330-0500 [DEBUG] [org.gradle.launcher.daemon.server.SynchronizedDispatchConnection] thread 988: dispatching BuildEvent[event=org.gradle.internal.build.event.types.DefaultStatusEvent@34fbaac0]
2026-03-27T23:42:05.330-0500 [DEBUG] [org.gradle.launcher.daemon.server.SynchronizedDispatchConnection] thread 988: dispatching BuildEvent[event=org.gradle.internal.build.event.types.DefaultStatusEvent@33d1fa4a]
2026-03-27T23:42:05.331-0500 [DEBUG] [org.gradle.launcher.daemon.server.SynchronizedDispatchConnection] thread 988: dispatching BuildEvent[event=org.gradle.internal.build.event.types.DefaultStatusEvent@66dfc320]
2026-03-27T23:42:05.331-0500 [DEBUG] [org.gradle.launcher.daemon.server.SynchronizedDispatchConnection] thread 988: dispatching BuildEvent[event=org.gradle.internal.build.event.types.DefaultStatusEvent@17c80bd0]
2026-03-27T23:42:05.331-0500 [DEBUG] [org.gradle.launcher.daemon.server.SynchronizedDispatchConnection] thread 988: dispatching BuildEvent[event=org.gradle.internal.build.event.types.DefaultStatusEvent@7e8c1e43]
2026-03-27T23:42:05.331-0500 [DEBUG] [org.gradle.launcher.daemon.server.SynchronizedDispatchConnection] thread 988: dispatching BuildEvent[event=org.gradle.internal.build.event.types.DefaultStatusEvent@42b3b872]
2026-03-27T23:42:05.332-0500 [DEBUG] [org.gradle.launcher.daemon.server.SynchronizedDispatchConnection] thread 988: dispatching BuildEvent[event=org.gradle.internal.build.event.types.DefaultStatusEvent@5aedb5c7]
2026-03-27T23:42:05.332-0500 [DEBUG] [org.gradle.launcher.daemon.server.SynchronizedDispatchConnection] thread 988: dispatching BuildEvent[event=org.gradle.internal.build.event.types.DefaultStatusEvent@dacb3c1]
2026-03-27T23:42:05.332-0500 [DEBUG] [org.gradle.launcher.daemon.server.SynchronizedDispatchConnection] thread 988: dispatching BuildEvent[event=org.gradle.internal.build.event.types.DefaultStatusEvent@13ccca31]
2026-03-27T23:42:05.332-0500 [DEBUG] [org.gradle.launcher.daemon.server.SynchronizedDispatchConnection] thread 988: dispatching BuildEvent[event=org.gradle.internal.build.event.types.DefaultStatusEvent@4c639012]
2026-03-27T23:42:05.332-0500 [DEBUG] [org.gradle.launcher.daemon.server.SynchronizedDispatchConnection] thread 988: dispatching BuildEvent[event=org.gradle.internal.build.event.types.DefaultStatusEvent@7b9747d4]
2026-03-27T23:42:05.333-0500 [DEBUG] [org.gradle.launcher.daemon.server.SynchronizedDispatchConnection] thread 988: dispatching BuildEvent[event=org.gradle.internal.build.event.types.DefaultStatusEvent@13cdc1dc]
2026-03-27T23:42:05.333-0500 [DEBUG] [org.gradle.launcher.daemon.server.SynchronizedDispatchConnection] thread 988: dispatching BuildEvent[event=org.gradle.internal.build.event.types.DefaultStatusEvent@66251cd6]
2026-03-27T23:42:05.333-0500 [DEBUG] [org.gradle.launcher.daemon.server.SynchronizedDispatchConnection] thread 988: dispatching BuildEvent[event=org.gradle.internal.build.event.types.DefaultStatusEvent@3616f300]
2026-03-27T23:42:05.333-0500 [DEBUG] [org.gradle.launcher.daemon.server.SynchronizedDispatchConnection] thread 988: dispatching BuildEvent[event=org.gradle.internal.build.event.types.DefaultStatusEvent@777eabf1]
2026-03-27T23:42:05.334-0500 [DEBUG] [org.gradle.launcher.daemon.server.SynchronizedDispatchConnection] thread 988: dispatching BuildEvent[event=org.gradle.internal.build.event.types.DefaultStatusEvent@ac047e3]
2026-03-27T23:42:05.335-0500 [DEBUG] [org.gradle.launcher.daemon.server.SynchronizedDispatchConnection] thread 988: dispatching BuildEvent[event=org.gradle.internal.build.event.types.DefaultStatusEvent@444d29c1]
2026-03-27T23:42:05.336-0500 [DEBUG] [org.gradle.launcher.daemon.server.SynchronizedDispatchConnection] thread 988: dispatching BuildEvent[event=org.gradle.internal.build.event.types.DefaultStatusEvent@45c25cbb]
2026-03-27T23:42:05.336-0500 [DEBUG] [org.gradle.launcher.daemon.server.SynchronizedDispatchConnection] thread 988: dispatching BuildEvent[event=org.gradle.internal.build.event.types.DefaultStatusEvent@476156d1]
2026-03-27T23:42:05.336-0500 [DEBUG] [org.gradle.launcher.daemon.server.SynchronizedDispatchConnection] thread 988: dispatching BuildEvent[event=org.gradle.internal.build.event.types.DefaultStatusEvent@4f96ee81]
2026-03-27T23:42:05.336-0500 [DEBUG] [org.gradle.launcher.daemon.server.SynchronizedDispatchConnection] thread 988: dispatching BuildEvent[event=org.gradle.internal.build.event.types.DefaultStatusEvent@62b8d593]
2026-03-27T23:42:05.337-0500 [DEBUG] [org.gradle.launcher.daemon.server.SynchronizedDispatchConnection] thread 988: dispatching BuildEvent[event=org.gradle.internal.build.event.types.DefaultStatusEvent@35c86afb]
2026-03-27T23:42:05.337-0500 [DEBUG] [org.gradle.launcher.daemon.server.SynchronizedDispatchConnection] thread 988: dispatching BuildEvent[event=org.gradle.internal.build.event.types.DefaultStatusEvent@78d2754d]
2026-03-27T23:42:05.337-0500 [DEBUG] [org.gradle.launcher.daemon.server.SynchronizedDispatchConnection] thread 988: dispatching BuildEvent[event=org.gradle.internal.build.event.types.DefaultStatusEvent@487e30]
2026-03-27T23:42:05.338-0500 [DEBUG] [org.gradle.launcher.daemon.server.SynchronizedDispatchConnection] thread 988: dispatching BuildEvent[event=org.gradle.internal.build.event.types.DefaultStatusEvent@247827e7]
2026-03-27T23:42:05.338-0500 [DEBUG] [org.gradle.launcher.daemon.server.SynchronizedDispatchConnection] thread 988: dispatching BuildEvent[event=org.gradle.internal.build.event.types.DefaultStatusEvent@52110e21]
2026-03-27T23:42:05.338-0500 [DEBUG] [org.gradle.launcher.daemon.server.SynchronizedDispatchConnection] thread 988: dispatching BuildEvent[event=org.gradle.internal.build.event.types.DefaultStatusEvent@39827133]
2026-03-27T23:42:05.339-0500 [DEBUG] [org.gradle.launcher.daemon.server.SynchronizedDispatchConnection] thread 988: dispatching BuildEvent[event=org.gradle.internal.build.event.types.DefaultStatusEvent@7a7831cd]
2026-03-27T23:42:05.339-0500 [DEBUG] [org.gradle.launcher.daemon.server.SynchronizedDispatchConnection] thread 988: dispatching BuildEvent[event=org.gradle.internal.build.event.types.DefaultStatusEvent@1fda667a]
2026-03-27T23:42:05.340-0500 [DEBUG] [org.gradle.launcher.daemon.server.SynchronizedDispatchConnection] thread 988: dispatching BuildEvent[event=org.gradle.internal.build.event.types.DefaultStatusEvent@45e013a6]
2026-03-27T23:42:05.340-0500 [DEBUG] [org.gradle.launcher.daemon.server.SynchronizedDispatchConnection] thread 988: dispatching BuildEvent[event=org.gradle.internal.build.event.types.DefaultStatusEvent@6fc1e9c0]
2026-03-27T23:42:05.340-0500 [DEBUG] [org.gradle.launcher.daemon.server.SynchronizedDispatchConnection] thread 988: dispatching BuildEvent[event=org.gradle.internal.build.event.types.DefaultStatusEvent@548c5bac]
2026-03-27T23:42:05.340-0500 [DEBUG] [org.gradle.launcher.daemon.server.SynchronizedDispatchConnection] thread 988: dispatching BuildEvent[event=org.gradle.internal.build.event.types.DefaultStatusEvent@18290ef1]
2026-03-27T23:42:05.341-0500 [DEBUG] [org.gradle.launcher.daemon.server.SynchronizedDispatchConnection] thread 988: dispatching BuildEvent[event=org.gradle.internal.build.event.types.DefaultStatusEvent@5d915371]
2026-03-27T23:42:05.341-0500 [DEBUG] [org.gradle.launcher.daemon.server.SynchronizedDispatchConnection] thread 988: dispatching BuildEvent[event=org.gradle.internal.build.event.types.DefaultStatusEvent@3dfe2eea]
2026-03-27T23:42:05.341-0500 [DEBUG] [org.gradle.launcher.daemon.server.SynchronizedDispatchConnection] thread 988: dispatching BuildEvent[event=org.gradle.internal.build.event.types.DefaultStatusEvent@b9943c2]
2026-03-27T23:42:05.342-0500 [DEBUG] [org.gradle.launcher.daemon.server.SynchronizedDispatchConnection] thread 988: dispatching BuildEvent[event=org.gradle.internal.build.event.types.DefaultStatusEvent@5b979ac6]
2026-03-27T23:42:05.342-0500 [DEBUG] [org.gradle.launcher.daemon.server.SynchronizedDispatchConnection] thread 988: dispatching BuildEvent[event=org.gradle.internal.build.event.types.DefaultStatusEvent@cca401e]
2026-03-27T23:42:05.350-0500 [DEBUG] [org.gradle.launcher.daemon.server.SynchronizedDispatchConnection] thread 988: dispatching BuildEvent[event=org.gradle.internal.build.event.types.DefaultStatusEvent@408fb613]
2026-03-27T23:42:05.406-0500 [DEBUG] [org.gradle.launcher.daemon.server.SynchronizedDispatchConnection] thread 988: dispatching BuildEvent[event=org.gradle.internal.build.event.types.DefaultStatusEvent@1c97a93]
2026-03-27T23:42:05.407-0500 [DEBUG] [org.gradle.launcher.daemon.server.SynchronizedDispatchConnection] thread 988: dispatching BuildEvent[event=org.gradle.internal.build.event.types.DefaultStatusEvent@666f91c6]
2026-03-27T23:42:05.407-0500 [DEBUG] [org.gradle.launcher.daemon.server.SynchronizedDispatchConnection] thread 988: dispatching BuildEvent[event=org.gradle.internal.build.event.types.DefaultStatusEvent@38fbf7a5]
2026-03-27T23:42:05.407-0500 [DEBUG] [org.gradle.launcher.daemon.server.SynchronizedDispatchConnection] thread 988: dispatching BuildEvent[event=org.gradle.internal.build.event.types.DefaultStatusEvent@579f187]
2026-03-27T23:42:05.407-0500 [DEBUG] [org.gradle.launcher.daemon.server.SynchronizedDispatchConnection] thread 988: dispatching BuildEvent[event=org.gradle.internal.build.event.types.DefaultStatusEvent@4f2e0e59]
2026-03-27T23:42:05.407-0500 [DEBUG] [org.gradle.launcher.daemon.server.SynchronizedDispatchConnection] thread 988: dispatching BuildEvent[event=org.gradle.internal.build.event.types.DefaultStatusEvent@555547db]
2026-03-27T23:42:05.407-0500 [DEBUG] [org.gradle.launcher.daemon.server.SynchronizedDispatchConnection] thread 988: dispatching BuildEvent[event=org.gradle.internal.build.event.types.DefaultStatusEvent@3274c40b]
2026-03-27T23:42:05.407-0500 [DEBUG] [org.gradle.launcher.daemon.server.SynchronizedDispatchConnection] thread 988: dispatching BuildEvent[event=org.gradle.internal.build.event.types.DefaultStatusEvent@784bee0b]
2026-03-27T23:42:05.408-0500 [DEBUG] [org.gradle.launcher.daemon.server.SynchronizedDispatchConnection] thread 988: dispatching BuildEvent[event=org.gradle.internal.build.event.types.DefaultStatusEvent@47287b9d]
2026-03-27T23:42:05.408-0500 [DEBUG] [org.gradle.launcher.daemon.server.SynchronizedDispatchConnection] thread 988: dispatching BuildEvent[event=org.gradle.internal.build.event.types.DefaultStatusEvent@383c873c]
2026-03-27T23:42:05.408-0500 [DEBUG] [org.gradle.launcher.daemon.server.SynchronizedDispatchConnection] thread 988: dispatching BuildEvent[event=org.gradle.internal.build.event.types.DefaultStatusEvent@2c7c48ac]
2026-03-27T23:42:05.408-0500 [DEBUG] [org.gradle.launcher.daemon.server.SynchronizedDispatchConnection] thread 988: dispatching BuildEvent[event=org.gradle.internal.build.event.types.DefaultStatusEvent@b60c09e]
2026-03-27T23:42:05.408-0500 [DEBUG] [org.gradle.launcher.daemon.server.SynchronizedDispatchConnection] thread 988: dispatching BuildEvent[event=org.gradle.internal.build.event.types.DefaultStatusEvent@f90a6fc]
2026-03-27T23:42:05.409-0500 [DEBUG] [org.gradle.launcher.daemon.server.SynchronizedDispatchConnection] thread 988: dispatching BuildEvent[event=org.gradle.internal.build.event.types.DefaultStatusEvent@5349c555]
2026-03-27T23:42:05.409-0500 [DEBUG] [org.gradle.launcher.daemon.server.SynchronizedDispatchConnection] thread 988: dispatching BuildEvent[event=org.gradle.internal.build.event.types.DefaultStatusEvent@1dbeceb8]
2026-03-27T23:42:05.409-0500 [DEBUG] [org.gradle.launcher.daemon.server.SynchronizedDispatchConnection] thread 988: dispatching BuildEvent[event=org.gradle.internal.build.event.types.DefaultStatusEvent@10d799a1]
2026-03-27T23:42:05.409-0500 [DEBUG] [org.gradle.launcher.daemon.server.SynchronizedDispatchConnection] thread 988: dispatching BuildEvent[event=org.gradle.internal.build.event.types.DefaultStatusEvent@1afa7a01]
2026-03-27T23:42:05.409-0500 [DEBUG] [org.gradle.launcher.daemon.server.SynchronizedDispatchConnection] thread 988: dispatching BuildEvent[event=org.gradle.internal.build.event.types.DefaultStatusEvent@7046766]
2026-03-27T23:42:05.409-0500 [DEBUG] [org.gradle.launcher.daemon.server.SynchronizedDispatchConnection] thread 988: dispatching BuildEvent[event=org.gradle.internal.build.event.types.DefaultStatusEvent@6c24a230]
2026-03-27T23:42:05.410-0500 [DEBUG] [org.gradle.launcher.daemon.server.SynchronizedDispatchConnection] thread 988: dispatching BuildEvent[event=org.gradle.internal.build.event.types.DefaultStatusEvent@40923484]
2026-03-27T23:42:05.410-0500 [DEBUG] [org.gradle.launcher.daemon.server.SynchronizedDispatchConnection] thread 988: dispatching BuildEvent[event=org.gradle.internal.build.event.types.DefaultStatusEvent@9f164e5]
2026-03-27T23:42:05.410-0500 [DEBUG] [org.gradle.launcher.daemon.server.SynchronizedDispatchConnection] thread 988: dispatching BuildEvent[event=org.gradle.internal.build.event.types.DefaultStatusEvent@2dea0dea]
2026-03-27T23:42:05.411-0500 [DEBUG] [org.gradle.launcher.daemon.server.SynchronizedDispatchConnection] thread 988: dispatching BuildEvent[event=org.gradle.internal.build.event.types.DefaultStatusEvent@64161f45]
2026-03-27T23:42:05.411-0500 [DEBUG] [org.gradle.launcher.daemon.server.SynchronizedDispatchConnection] thread 988: dispatching BuildEvent[event=org.gradle.internal.build.event.types.DefaultStatusEvent@35f12157]
2026-03-27T23:42:05.411-0500 [DEBUG] [org.gradle.launcher.daemon.server.SynchronizedDispatchConnection] thread 988: dispatching BuildEvent[event=org.gradle.internal.build.event.types.DefaultStatusEvent@37a5bd40]
2026-03-27T23:42:05.411-0500 [DEBUG] [org.gradle.launcher.daemon.server.SynchronizedDispatchConnection] thread 988: dispatching BuildEvent[event=org.gradle.internal.build.event.types.DefaultStatusEvent@4a5d7303]
2026-03-27T23:42:05.411-0500 [DEBUG] [org.gradle.launcher.daemon.server.SynchronizedDispatchConnection] thread 988: dispatching BuildEvent[event=org.gradle.internal.build.event.types.DefaultStatusEvent@1ee5b13a]
2026-03-27T23:42:05.412-0500 [DEBUG] [org.gradle.launcher.daemon.server.SynchronizedDispatchConnection] thread 988: dispatching BuildEvent[event=org.gradle.internal.build.event.types.DefaultStatusEvent@22a2c028]
2026-03-27T23:42:05.412-0500 [DEBUG] [org.gradle.launcher.daemon.server.SynchronizedDispatchConnection] thread 988: dispatching BuildEvent[event=org.gradle.internal.build.event.types.DefaultStatusEvent@38773681]
2026-03-27T23:42:05.413-0500 [DEBUG] [org.gradle.launcher.daemon.server.SynchronizedDispatchConnection] thread 988: dispatching BuildEvent[event=org.gradle.internal.build.event.types.DefaultStatusEvent@19938fe7]
2026-03-27T23:42:05.413-0500 [DEBUG] [org.gradle.launcher.daemon.server.SynchronizedDispatchConnection] thread 988: dispatching BuildEvent[event=org.gradle.internal.build.event.types.DefaultStatusEvent@2a4c918e]
2026-03-27T23:42:05.413-0500 [DEBUG] [org.gradle.launcher.daemon.server.SynchronizedDispatchConnection] thread 988: dispatching BuildEvent[event=org.gradle.internal.build.event.types.DefaultStatusEvent@1edbb76f]
2026-03-27T23:42:05.413-0500 [DEBUG] [org.gradle.launcher.daemon.server.SynchronizedDispatchConnection] thread 988: dispatching BuildEvent[event=org.gradle.internal.build.event.types.DefaultStatusEvent@1f19490b]
2026-03-27T23:42:05.414-0500 [DEBUG] [org.gradle.launcher.daemon.server.SynchronizedDispatchConnection] thread 988: dispatching BuildEvent[event=org.gradle.internal.build.event.types.DefaultStatusEvent@1af011b8]
2026-03-27T23:42:05.414-0500 [DEBUG] [org.gradle.launcher.daemon.server.SynchronizedDispatchConnection] thread 988: dispatching BuildEvent[event=org.gradle.internal.build.event.types.DefaultStatusEvent@547e3389]
2026-03-27T23:42:05.414-0500 [DEBUG] [org.gradle.launcher.daemon.server.SynchronizedDispatchConnection] thread 988: dispatching BuildEvent[event=org.gradle.internal.build.event.types.DefaultStatusEvent@17dd96a6]
2026-03-27T23:42:05.414-0500 [DEBUG] [org.gradle.launcher.daemon.server.SynchronizedDispatchConnection] thread 988: dispatching BuildEvent[event=org.gradle.internal.build.event.types.DefaultStatusEvent@4259c447]
2026-03-27T23:42:05.414-0500 [DEBUG] [org.gradle.launcher.daemon.server.SynchronizedDispatchConnection] thread 988: dispatching BuildEvent[event=org.gradle.internal.build.event.types.DefaultStatusEvent@58be6065]
2026-03-27T23:42:05.415-0500 [DEBUG] [org.gradle.launcher.daemon.server.SynchronizedDispatchConnection] thread 988: dispatching BuildEvent[event=org.gradle.internal.build.event.types.DefaultStatusEvent@7df9e280]
2026-03-27T23:42:05.415-0500 [DEBUG] [org.gradle.launcher.daemon.server.SynchronizedDispatchConnection] thread 988: dispatching BuildEvent[event=org.gradle.internal.build.event.types.DefaultStatusEvent@6ea233f]
2026-03-27T23:42:05.415-0500 [DEBUG] [org.gradle.launcher.daemon.server.SynchronizedDispatchConnection] thread 988: dispatching BuildEvent[event=org.gradle.internal.build.event.types.DefaultStatusEvent@a1da459]
2026-03-27T23:42:05.416-0500 [DEBUG] [org.gradle.launcher.daemon.server.SynchronizedDispatchConnection] thread 988: dispatching BuildEvent[event=org.gradle.internal.build.event.types.DefaultStatusEvent@218b4037]
2026-03-27T23:42:05.416-0500 [DEBUG] [org.gradle.launcher.daemon.server.SynchronizedDispatchConnection] thread 988: dispatching BuildEvent[event=org.gradle.internal.build.event.types.DefaultStatusEvent@13d45b64]
2026-03-27T23:42:05.416-0500 [DEBUG] [org.gradle.launcher.daemon.server.SynchronizedDispatchConnection] thread 988: dispatching BuildEvent[event=org.gradle.internal.build.event.types.DefaultStatusEvent@447071fa]
2026-03-27T23:42:05.416-0500 [DEBUG] [org.gradle.launcher.daemon.server.SynchronizedDispatchConnection] thread 988: dispatching BuildEvent[event=org.gradle.internal.build.event.types.DefaultStatusEvent@23282a41]
2026-03-27T23:42:05.416-0500 [DEBUG] [org.gradle.launcher.daemon.server.SynchronizedDispatchConnection] thread 988: dispatching BuildEvent[event=org.gradle.internal.build.event.types.DefaultStatusEvent@58595ceb]
2026-03-27T23:42:05.417-0500 [DEBUG] [org.gradle.launcher.daemon.server.SynchronizedDispatchConnection] thread 988: dispatching BuildEvent[event=org.gradle.internal.build.event.types.DefaultStatusEvent@69e733ff]
2026-03-27T23:42:05.417-0500 [DEBUG] [org.gradle.launcher.daemon.server.SynchronizedDispatchConnection] thread 988: dispatching BuildEvent[event=org.gradle.internal.build.event.types.DefaultStatusEvent@2edf6098]
2026-03-27T23:42:05.417-0500 [DEBUG] [org.gradle.launcher.daemon.server.SynchronizedDispatchConnection] thread 988: dispatching BuildEvent[event=org.gradle.internal.build.event.types.DefaultStatusEvent@4cc72d20]
2026-03-27T23:42:05.417-0500 [DEBUG] [org.gradle.launcher.daemon.server.SynchronizedDispatchConnection] thread 988: dispatching BuildEvent[event=org.gradle.internal.build.event.types.DefaultStatusEvent@5e6b8e57]
2026-03-27T23:42:05.417-0500 [DEBUG] [org.gradle.launcher.daemon.server.SynchronizedDispatchConnection] thread 988: dispatching BuildEvent[event=org.gradle.internal.build.event.types.DefaultStatusEvent@e4326ae]
2026-03-27T23:42:05.417-0500 [DEBUG] [org.gradle.launcher.daemon.server.SynchronizedDispatchConnection] thread 988: dispatching BuildEvent[event=org.gradle.internal.build.event.types.DefaultStatusEvent@5bcd4c5e]
2026-03-27T23:42:05.418-0500 [DEBUG] [org.gradle.launcher.daemon.server.SynchronizedDispatchConnection] thread 988: dispatching BuildEvent[event=org.gradle.internal.build.event.types.DefaultStatusEvent@2e96d42a]
2026-03-27T23:42:05.418-0500 [DEBUG] [org.gradle.launcher.daemon.server.SynchronizedDispatchConnection] thread 988: dispatching BuildEvent[event=org.gradle.internal.build.event.types.DefaultStatusEvent@2c0dfe99]
2026-03-27T23:42:05.419-0500 [DEBUG] [org.gradle.launcher.daemon.server.SynchronizedDispatchConnection] thread 988: dispatching BuildEvent[event=org.gradle.internal.build.event.types.DefaultStatusEvent@3beccbe0]
2026-03-27T23:42:05.419-0500 [DEBUG] [org.gradle.launcher.daemon.server.SynchronizedDispatchConnection] thread 988: dispatching BuildEvent[event=org.gradle.internal.build.event.types.DefaultStatusEvent@af2df7f]
2026-03-27T23:42:05.419-0500 [DEBUG] [org.gradle.launcher.daemon.server.SynchronizedDispatchConnection] thread 988: dispatching BuildEvent[event=org.gradle.internal.build.event.types.DefaultStatusEvent@125d7d8f]
2026-03-27T23:42:05.420-0500 [DEBUG] [org.gradle.launcher.daemon.server.SynchronizedDispatchConnection] thread 988: dispatching BuildEvent[event=org.gradle.internal.build.event.types.DefaultStatusEvent@5167b06b]
2026-03-27T23:42:05.420-0500 [DEBUG] [org.gradle.launcher.daemon.server.SynchronizedDispatchConnection] thread 988: dispatching BuildEvent[event=org.gradle.internal.build.event.types.DefaultStatusEvent@c89d26c]
2026-03-27T23:42:05.420-0500 [DEBUG] [org.gradle.launcher.daemon.server.SynchronizedDispatchConnection] thread 988: dispatching BuildEvent[event=org.gradle.internal.build.event.types.DefaultStatusEvent@109ceda5]
2026-03-27T23:42:05.420-0500 [DEBUG] [org.gradle.launcher.daemon.server.SynchronizedDispatchConnection] thread 988: dispatching BuildEvent[event=org.gradle.internal.build.event.types.DefaultStatusEvent@69d44b3c]
2026-03-27T23:42:05.420-0500 [DEBUG] [org.gradle.launcher.daemon.server.SynchronizedDispatchConnection] thread 988: dispatching BuildEvent[event=org.gradle.internal.build.event.types.DefaultStatusEvent@5dc4a85]
2026-03-27T23:42:05.420-0500 [DEBUG] [org.gradle.launcher.daemon.server.SynchronizedDispatchConnection] thread 988: dispatching BuildEvent[event=org.gradle.internal.build.event.types.DefaultStatusEvent@4704f2e0]
2026-03-27T23:42:05.421-0500 [DEBUG] [org.gradle.launcher.daemon.server.SynchronizedDispatchConnection] thread 988: dispatching BuildEvent[event=org.gradle.internal.build.event.types.DefaultStatusEvent@3082ce60]
2026-03-27T23:42:05.463-0500 [DEBUG] [org.gradle.launcher.daemon.server.SynchronizedDispatchConnection] thread 988: dispatching BuildEvent[event=org.gradle.internal.build.event.types.DefaultStatusEvent@1c2b1b78]
2026-03-27T23:42:05.463-0500 [DEBUG] [org.gradle.launcher.daemon.server.SynchronizedDispatchConnection] thread 988: dispatching BuildEvent[event=org.gradle.internal.build.event.types.DefaultStatusEvent@7cd869ef]
2026-03-27T23:42:05.463-0500 [DEBUG] [org.gradle.launcher.daemon.server.SynchronizedDispatchConnection] thread 988: dispatching BuildEvent[event=org.gradle.internal.build.event.types.DefaultStatusEvent@5a0f49da]
2026-03-27T23:42:05.463-0500 [DEBUG] [org.gradle.launcher.daemon.server.SynchronizedDispatchConnection] thread 988: dispatching BuildEvent[event=org.gradle.internal.build.event.types.DefaultStatusEvent@66037aa]
2026-03-27T23:42:05.463-0500 [DEBUG] [org.gradle.launcher.daemon.server.SynchronizedDispatchConnection] thread 988: dispatching BuildEvent[event=org.gradle.internal.build.event.types.DefaultStatusEvent@42541cc5]
2026-03-27T23:42:05.463-0500 [DEBUG] [org.gradle.launcher.daemon.server.SynchronizedDispatchConnection] thread 988: dispatching BuildEvent[event=org.gradle.internal.build.event.types.DefaultStatusEvent@7dfc8271]
2026-03-27T23:42:05.463-0500 [DEBUG] [org.gradle.launcher.daemon.server.SynchronizedDispatchConnection] thread 988: dispatching BuildEvent[event=org.gradle.internal.build.event.types.DefaultStatusEvent@5d1d458d]
2026-03-27T23:42:05.464-0500 [DEBUG] [org.gradle.launcher.daemon.server.SynchronizedDispatchConnection] thread 988: dispatching BuildEvent[event=org.gradle.internal.build.event.types.DefaultStatusEvent@5ac7f4e3]
2026-03-27T23:42:05.464-0500 [DEBUG] [org.gradle.launcher.daemon.server.SynchronizedDispatchConnection] thread 988: dispatching BuildEvent[event=org.gradle.internal.build.event.types.DefaultStatusEvent@3817794a]
2026-03-27T23:42:05.464-0500 [DEBUG] [org.gradle.launcher.daemon.server.SynchronizedDispatchConnection] thread 988: dispatching BuildEvent[event=org.gradle.internal.build.event.types.DefaultStatusEvent@21e19b33]
2026-03-27T23:42:05.464-0500 [DEBUG] [org.gradle.launcher.daemon.server.SynchronizedDispatchConnection] thread 988: dispatching BuildEvent[event=org.gradle.internal.build.event.types.DefaultStatusEvent@166783af]
2026-03-27T23:42:05.464-0500 [DEBUG] [org.gradle.launcher.daemon.server.SynchronizedDispatchConnection] thread 988: dispatching BuildEvent[event=org.gradle.internal.build.event.types.DefaultStatusEvent@73621d6c]
2026-03-27T23:42:05.464-0500 [DEBUG] [org.gradle.launcher.daemon.server.SynchronizedDispatchConnection] thread 988: dispatching BuildEvent[event=org.gradle.internal.build.event.types.DefaultStatusEvent@703cf763]
2026-03-27T23:42:05.465-0500 [DEBUG] [org.gradle.launcher.daemon.server.SynchronizedDispatchConnection] thread 988: dispatching BuildEvent[event=org.gradle.internal.build.event.types.DefaultStatusEvent@5d29c254]
2026-03-27T23:42:05.465-0500 [DEBUG] [org.gradle.launcher.daemon.server.SynchronizedDispatchConnection] thread 988: dispatching BuildEvent[event=org.gradle.internal.build.event.types.DefaultStatusEvent@77f948a5]
2026-03-27T23:42:05.465-0500 [DEBUG] [org.gradle.launcher.daemon.server.SynchronizedDispatchConnection] thread 988: dispatching BuildEvent[event=org.gradle.internal.build.event.types.DefaultStatusEvent@1493a24b]
2026-03-27T23:42:05.465-0500 [DEBUG] [org.gradle.launcher.daemon.server.SynchronizedDispatchConnection] thread 988: dispatching BuildEvent[event=org.gradle.internal.build.event.types.DefaultStatusEvent@383c855]
2026-03-27T23:42:05.465-0500 [DEBUG] [org.gradle.launcher.daemon.server.SynchronizedDispatchConnection] thread 988: dispatching BuildEvent[event=org.gradle.internal.build.event.types.DefaultStatusEvent@10ab8113]
2026-03-27T23:42:05.465-0500 [DEBUG] [org.gradle.launcher.daemon.server.SynchronizedDispatchConnection] thread 988: dispatching BuildEvent[event=org.gradle.internal.build.event.types.DefaultStatusEvent@2d2a4fc3]
2026-03-27T23:42:05.465-0500 [DEBUG] [org.gradle.launcher.daemon.server.SynchronizedDispatchConnection] thread 988: dispatching BuildEvent[event=org.gradle.internal.build.event.types.DefaultStatusEvent@242221d7]
2026-03-27T23:42:05.465-0500 [DEBUG] [org.gradle.launcher.daemon.server.SynchronizedDispatchConnection] thread 988: dispatching BuildEvent[event=org.gradle.internal.build.event.types.DefaultStatusEvent@397e8466]
2026-03-27T23:42:05.466-0500 [DEBUG] [org.gradle.launcher.daemon.server.SynchronizedDispatchConnection] thread 988: dispatching BuildEvent[event=org.gradle.internal.build.event.types.DefaultStatusEvent@75112943]
2026-03-27T23:42:05.466-0500 [DEBUG] [org.gradle.launcher.daemon.server.SynchronizedDispatchConnection] thread 988: dispatching BuildEvent[event=org.gradle.internal.build.event.types.DefaultStatusEvent@aba2475]
2026-03-27T23:42:05.466-0500 [DEBUG] [org.gradle.launcher.daemon.server.SynchronizedDispatchConnection] thread 988: dispatching BuildEvent[event=org.gradle.internal.build.event.types.DefaultStatusEvent@3fa3806c]
2026-03-27T23:42:05.466-0500 [DEBUG] [org.gradle.launcher.daemon.server.SynchronizedDispatchConnection] thread 988: dispatching BuildEvent[event=org.gradle.internal.build.event.types.DefaultStatusEvent@72b37e4a]
2026-03-27T23:42:05.466-0500 [DEBUG] [org.gradle.launcher.daemon.server.SynchronizedDispatchConnection] thread 988: dispatching BuildEvent[event=org.gradle.internal.build.event.types.DefaultStatusEvent@e140a6e]
2026-03-27T23:42:05.466-0500 [DEBUG] [org.gradle.launcher.daemon.server.SynchronizedDispatchConnection] thread 988: dispatching BuildEvent[event=org.gradle.internal.build.event.types.DefaultStatusEvent@55d61e55]
2026-03-27T23:42:05.466-0500 [DEBUG] [org.gradle.launcher.daemon.server.SynchronizedDispatchConnection] thread 988: dispatching BuildEvent[event=org.gradle.internal.build.event.types.DefaultStatusEvent@76d55463]
2026-03-27T23:42:05.466-0500 [DEBUG] [org.gradle.launcher.daemon.server.SynchronizedDispatchConnection] thread 988: dispatching BuildEvent[event=org.gradle.internal.build.event.types.DefaultStatusEvent@1ffd25dd]
2026-03-27T23:42:05.467-0500 [DEBUG] [org.gradle.launcher.daemon.server.SynchronizedDispatchConnection] thread 988: dispatching BuildEvent[event=org.gradle.internal.build.event.types.DefaultStatusEvent@31140b36]
2026-03-27T23:42:05.467-0500 [DEBUG] [org.gradle.launcher.daemon.server.SynchronizedDispatchConnection] thread 988: dispatching BuildEvent[event=org.gradle.internal.build.event.types.DefaultStatusEvent@54d59ff7]
2026-03-27T23:42:05.467-0500 [DEBUG] [org.gradle.launcher.daemon.server.SynchronizedDispatchConnection] thread 988: dispatching BuildEvent[event=org.gradle.internal.build.event.types.DefaultStatusEvent@8ffbf42]
2026-03-27T23:42:05.467-0500 [DEBUG] [org.gradle.launcher.daemon.server.SynchronizedDispatchConnection] thread 988: dispatching BuildEvent[event=org.gradle.internal.build.event.types.DefaultStatusEvent@7e5ab04d]
2026-03-27T23:42:05.467-0500 [DEBUG] [org.gradle.launcher.daemon.server.SynchronizedDispatchConnection] thread 988: dispatching BuildEvent[event=org.gradle.internal.build.event.types.DefaultStatusEvent@6f86590b]
2026-03-27T23:42:05.467-0500 [DEBUG] [org.gradle.launcher.daemon.server.SynchronizedDispatchConnection] thread 988: dispatching BuildEvent[event=org.gradle.internal.build.event.types.DefaultStatusEvent@17d4592b]
2026-03-27T23:42:05.467-0500 [DEBUG] [org.gradle.launcher.daemon.server.SynchronizedDispatchConnection] thread 988: dispatching BuildEvent[event=org.gradle.internal.build.event.types.DefaultStatusEvent@62a4f13c]
2026-03-27T23:42:05.468-0500 [DEBUG] [org.gradle.launcher.daemon.server.SynchronizedDispatchConnection] thread 988: dispatching BuildEvent[event=org.gradle.internal.build.event.types.DefaultStatusEvent@4957fdfd]
2026-03-27T23:42:05.468-0500 [DEBUG] [org.gradle.launcher.daemon.server.SynchronizedDispatchConnection] thread 988: dispatching BuildEvent[event=org.gradle.internal.build.event.types.DefaultStatusEvent@1444bbdd]
2026-03-27T23:42:05.468-0500 [DEBUG] [org.gradle.launcher.daemon.server.SynchronizedDispatchConnection] thread 988: dispatching BuildEvent[event=org.gradle.internal.build.event.types.DefaultStatusEvent@21eca57f]
2026-03-27T23:42:05.468-0500 [DEBUG] [org.gradle.launcher.daemon.server.SynchronizedDispatchConnection] thread 988: dispatching BuildEvent[event=org.gradle.internal.build.event.types.DefaultStatusEvent@64848d6f]
2026-03-27T23:42:05.469-0500 [DEBUG] [org.gradle.launcher.daemon.server.SynchronizedDispatchConnection] thread 988: dispatching BuildEvent[event=org.gradle.internal.build.event.types.DefaultStatusEvent@12ca3c17]
2026-03-27T23:42:05.469-0500 [DEBUG] [org.gradle.launcher.daemon.server.SynchronizedDispatchConnection] thread 988: dispatching BuildEvent[event=org.gradle.internal.build.event.types.DefaultStatusEvent@2361f7c0]
2026-03-27T23:42:05.469-0500 [DEBUG] [org.gradle.launcher.daemon.server.SynchronizedDispatchConnection] thread 988: dispatching BuildEvent[event=org.gradle.internal.build.event.types.DefaultStatusEvent@6762698e]
2026-03-27T23:42:05.469-0500 [DEBUG] [org.gradle.launcher.daemon.server.SynchronizedDispatchConnection] thread 988: dispatching BuildEvent[event=org.gradle.internal.build.event.types.DefaultStatusEvent@274d6ff8]
2026-03-27T23:42:05.469-0500 [DEBUG] [org.gradle.launcher.daemon.server.SynchronizedDispatchConnection] thread 988: dispatching BuildEvent[event=org.gradle.internal.build.event.types.DefaultStatusEvent@6424c582]
2026-03-27T23:42:05.469-0500 [DEBUG] [org.gradle.launcher.daemon.server.SynchronizedDispatchConnection] thread 988: dispatching BuildEvent[event=org.gradle.internal.build.event.types.DefaultStatusEvent@48d7e131]
2026-03-27T23:42:05.469-0500 [DEBUG] [org.gradle.launcher.daemon.server.SynchronizedDispatchConnection] thread 988: dispatching BuildEvent[event=org.gradle.internal.build.event.types.DefaultStatusEvent@3c0ddfbc]
2026-03-27T23:42:05.469-0500 [DEBUG] [org.gradle.launcher.daemon.server.SynchronizedDispatchConnection] thread 988: dispatching BuildEvent[event=org.gradle.internal.build.event.types.DefaultStatusEvent@7073556a]
2026-03-27T23:42:05.470-0500 [DEBUG] [org.gradle.launcher.daemon.server.SynchronizedDispatchConnection] thread 988: dispatching BuildEvent[event=org.gradle.internal.build.event.types.DefaultStatusEvent@32399633]
2026-03-27T23:42:05.470-0500 [DEBUG] [org.gradle.launcher.daemon.server.SynchronizedDispatchConnection] thread 988: dispatching BuildEvent[event=org.gradle.internal.build.event.types.DefaultStatusEvent@4510372c]
2026-03-27T23:42:05.471-0500 [DEBUG] [org.gradle.launcher.daemon.server.SynchronizedDispatchConnection] thread 988: dispatching BuildEvent[event=org.gradle.internal.build.event.types.DefaultStatusEvent@1732f00d]
2026-03-27T23:42:05.471-0500 [DEBUG] [org.gradle.launcher.daemon.server.SynchronizedDispatchConnection] thread 988: dispatching BuildEvent[event=org.gradle.internal.build.event.types.DefaultStatusEvent@7d803f84]
2026-03-27T23:42:05.471-0500 [DEBUG] [org.gradle.launcher.daemon.server.SynchronizedDispatchConnection] thread 988: dispatching BuildEvent[event=org.gradle.internal.build.event.types.DefaultStatusEvent@376a609]
2026-03-27T23:42:05.471-0500 [DEBUG] [org.gradle.launcher.daemon.server.SynchronizedDispatchConnection] thread 988: dispatching BuildEvent[event=org.gradle.internal.build.event.types.DefaultStatusEvent@471b481c]
2026-03-27T23:42:05.471-0500 [DEBUG] [org.gradle.launcher.daemon.server.SynchronizedDispatchConnection] thread 988: dispatching BuildEvent[event=org.gradle.internal.build.event.types.DefaultStatusEvent@47a96a6a]
2026-03-27T23:42:05.471-0500 [DEBUG] [org.gradle.launcher.daemon.server.SynchronizedDispatchConnection] thread 988: dispatching BuildEvent[event=org.gradle.internal.build.event.types.DefaultStatusEvent@3b290104]
2026-03-27T23:42:05.471-0500 [DEBUG] [org.gradle.launcher.daemon.server.SynchronizedDispatchConnection] thread 988: dispatching BuildEvent[event=org.gradle.internal.build.event.types.DefaultStatusEvent@d59be86]
2026-03-27T23:42:05.472-0500 [DEBUG] [org.gradle.launcher.daemon.server.SynchronizedDispatchConnection] thread 988: dispatching BuildEvent[event=org.gradle.internal.build.event.types.DefaultStatusEvent@109f5c99]
2026-03-27T23:42:05.472-0500 [DEBUG] [org.gradle.launcher.daemon.server.SynchronizedDispatchConnection] thread 988: dispatching BuildEvent[event=org.gradle.internal.build.event.types.DefaultStatusEvent@1c699eda]
2026-03-27T23:42:05.472-0500 [DEBUG] [org.gradle.launcher.daemon.server.SynchronizedDispatchConnection] thread 988: dispatching BuildEvent[event=org.gradle.internal.build.event.types.DefaultStatusEvent@6fbb9d72]
2026-03-27T23:42:05.472-0500 [DEBUG] [org.gradle.launcher.daemon.server.SynchronizedDispatchConnection] thread 988: dispatching BuildEvent[event=org.gradle.internal.build.event.types.DefaultStatusEvent@2f56a38d]
2026-03-27T23:42:05.472-0500 [DEBUG] [org.gradle.launcher.daemon.server.SynchronizedDispatchConnection] thread 988: dispatching BuildEvent[event=org.gradle.internal.build.event.types.DefaultStatusEvent@45c7596a]
2026-03-27T23:42:05.472-0500 [DEBUG] [org.gradle.launcher.daemon.server.SynchronizedDispatchConnection] thread 988: dispatching BuildEvent[event=org.gradle.internal.build.event.types.DefaultStatusEvent@15088046]
2026-03-27T23:42:05.472-0500 [DEBUG] [org.gradle.launcher.daemon.server.SynchronizedDispatchConnection] thread 988: dispatching BuildEvent[event=org.gradle.internal.build.event.types.DefaultStatusEvent@266bdf98]
2026-03-27T23:42:05.472-0500 [DEBUG] [org.gradle.launcher.daemon.server.SynchronizedDispatchConnection] thread 988: dispatching BuildEvent[event=org.gradle.internal.build.event.types.DefaultStatusEvent@3c3b5a13]
2026-03-27T23:42:05.472-0500 [DEBUG] [org.gradle.launcher.daemon.server.SynchronizedDispatchConnection] thread 988: dispatching BuildEvent[event=org.gradle.internal.build.event.types.DefaultStatusEvent@434858f7]
2026-03-27T23:42:05.505-0500 [DEBUG] [org.gradle.launcher.daemon.server.SynchronizedDispatchConnection] thread 988: dispatching BuildEvent[event=org.gradle.internal.build.event.types.DefaultStatusEvent@6afc60ad]
2026-03-27T23:42:05.505-0500 [DEBUG] [org.gradle.launcher.daemon.server.SynchronizedDispatchConnection] thread 988: dispatching BuildEvent[event=org.gradle.internal.build.event.types.DefaultStatusEvent@cf14423]
2026-03-27T23:42:05.505-0500 [DEBUG] [org.gradle.launcher.daemon.server.SynchronizedDispatchConnection] thread 988: dispatching BuildEvent[event=org.gradle.internal.build.event.types.DefaultStatusEvent@d7f3aaa]
2026-03-27T23:42:05.506-0500 [DEBUG] [org.gradle.launcher.daemon.server.SynchronizedDispatchConnection] thread 988: dispatching BuildEvent[event=org.gradle.internal.build.event.types.DefaultStatusEvent@b2c1c7]
2026-03-27T23:42:05.506-0500 [DEBUG] [org.gradle.launcher.daemon.server.SynchronizedDispatchConnection] thread 988: dispatching BuildEvent[event=org.gradle.internal.build.event.types.DefaultStatusEvent@9c23074]
2026-03-27T23:42:05.506-0500 [DEBUG] [org.gradle.launcher.daemon.server.SynchronizedDispatchConnection] thread 988: dispatching BuildEvent[event=org.gradle.internal.build.event.types.DefaultStatusEvent@f14ad33]
2026-03-27T23:42:05.506-0500 [DEBUG] [org.gradle.launcher.daemon.server.SynchronizedDispatchConnection] thread 988: dispatching BuildEvent[event=org.gradle.internal.build.event.types.DefaultStatusEvent@7bca7c11]
2026-03-27T23:42:05.506-0500 [DEBUG] [org.gradle.launcher.daemon.server.SynchronizedDispatchConnection] thread 988: dispatching BuildEvent[event=org.gradle.internal.build.event.types.DefaultStatusEvent@6de02656]
2026-03-27T23:42:05.506-0500 [DEBUG] [org.gradle.launcher.daemon.server.SynchronizedDispatchConnection] thread 988: dispatching BuildEvent[event=org.gradle.internal.build.event.types.DefaultStatusEvent@7539fa0e]
2026-03-27T23:42:05.506-0500 [DEBUG] [org.gradle.launcher.daemon.server.SynchronizedDispatchConnection] thread 988: dispatching BuildEvent[event=org.gradle.internal.build.event.types.DefaultStatusEvent@5f6eacaf]
2026-03-27T23:42:05.506-0500 [DEBUG] [org.gradle.launcher.daemon.server.SynchronizedDispatchConnection] thread 988: dispatching BuildEvent[event=org.gradle.internal.build.event.types.DefaultStatusEvent@77ec69a7]
2026-03-27T23:42:05.507-0500 [DEBUG] [org.gradle.launcher.daemon.server.SynchronizedDispatchConnection] thread 988: dispatching BuildEvent[event=org.gradle.internal.build.event.types.DefaultStatusEvent@1b52239a]
2026-03-27T23:42:05.507-0500 [DEBUG] [org.gradle.launcher.daemon.server.SynchronizedDispatchConnection] thread 988: dispatching BuildEvent[event=org.gradle.internal.build.event.types.DefaultStatusEvent@21814374]
2026-03-27T23:42:05.507-0500 [DEBUG] [org.gradle.launcher.daemon.server.SynchronizedDispatchConnection] thread 988: dispatching BuildEvent[event=org.gradle.internal.build.event.types.DefaultStatusEvent@b20983f]
2026-03-27T23:42:05.507-0500 [DEBUG] [org.gradle.launcher.daemon.server.SynchronizedDispatchConnection] thread 988: dispatching BuildEvent[event=org.gradle.internal.build.event.types.DefaultStatusEvent@1f9579ad]
2026-03-27T23:42:05.507-0500 [DEBUG] [org.gradle.launcher.daemon.server.SynchronizedDispatchConnection] thread 988: dispatching BuildEvent[event=org.gradle.internal.build.event.types.DefaultStatusEvent@1551d736]
2026-03-27T23:42:05.507-0500 [DEBUG] [org.gradle.launcher.daemon.server.SynchronizedDispatchConnection] thread 988: dispatching BuildEvent[event=org.gradle.internal.build.event.types.DefaultStatusEvent@3ee0ac0b]
2026-03-27T23:42:05.507-0500 [DEBUG] [org.gradle.launcher.daemon.server.SynchronizedDispatchConnection] thread 988: dispatching BuildEvent[event=org.gradle.internal.build.event.types.DefaultStatusEvent@318e2a88]
2026-03-27T23:42:05.508-0500 [DEBUG] [org.gradle.launcher.daemon.server.SynchronizedDispatchConnection] thread 988: dispatching BuildEvent[event=org.gradle.internal.build.event.types.DefaultStatusEvent@5e27505]
2026-03-27T23:42:05.508-0500 [DEBUG] [org.gradle.launcher.daemon.server.SynchronizedDispatchConnection] thread 988: dispatching BuildEvent[event=org.gradle.internal.build.event.types.DefaultStatusEvent@1e91eae8]
2026-03-27T23:42:05.508-0500 [DEBUG] [org.gradle.launcher.daemon.server.SynchronizedDispatchConnection] thread 988: dispatching BuildEvent[event=org.gradle.internal.build.event.types.DefaultStatusEvent@252a9dc5]
2026-03-27T23:42:05.508-0500 [DEBUG] [org.gradle.launcher.daemon.server.SynchronizedDispatchConnection] thread 988: dispatching BuildEvent[event=org.gradle.internal.build.event.types.DefaultStatusEvent@65302982]
2026-03-27T23:42:05.508-0500 [DEBUG] [org.gradle.launcher.daemon.server.SynchronizedDispatchConnection] thread 988: dispatching BuildEvent[event=org.gradle.internal.build.event.types.DefaultStatusEvent@73ec227c]
2026-03-27T23:42:05.508-0500 [DEBUG] [org.gradle.launcher.daemon.server.SynchronizedDispatchConnection] thread 988: dispatching BuildEvent[event=org.gradle.internal.build.event.types.DefaultStatusEvent@62bb4043]
2026-03-27T23:42:05.508-0500 [DEBUG] [org.gradle.launcher.daemon.server.SynchronizedDispatchConnection] thread 988: dispatching BuildEvent[event=org.gradle.internal.build.event.types.DefaultStatusEvent@130e2d64]
2026-03-27T23:42:05.509-0500 [DEBUG] [org.gradle.launcher.daemon.server.SynchronizedDispatchConnection] thread 988: dispatching BuildEvent[event=org.gradle.internal.build.event.types.DefaultStatusEvent@77167abe]
2026-03-27T23:42:05.509-0500 [DEBUG] [org.gradle.launcher.daemon.server.SynchronizedDispatchConnection] thread 988: dispatching BuildEvent[event=org.gradle.internal.build.event.types.DefaultStatusEvent@65fb59e2]
2026-03-27T23:42:05.509-0500 [DEBUG] [org.gradle.launcher.daemon.server.SynchronizedDispatchConnection] thread 988: dispatching BuildEvent[event=org.gradle.internal.build.event.types.DefaultStatusEvent@5d7aa446]
2026-03-27T23:42:05.509-0500 [DEBUG] [org.gradle.launcher.daemon.server.SynchronizedDispatchConnection] thread 988: dispatching BuildEvent[event=org.gradle.internal.build.event.types.DefaultStatusEvent@3ffdd780]
2026-03-27T23:42:05.509-0500 [DEBUG] [org.gradle.launcher.daemon.server.SynchronizedDispatchConnection] thread 988: dispatching BuildEvent[event=org.gradle.internal.build.event.types.DefaultStatusEvent@7b7a994b]
2026-03-27T23:42:05.509-0500 [DEBUG] [org.gradle.launcher.daemon.server.SynchronizedDispatchConnection] thread 988: dispatching BuildEvent[event=org.gradle.internal.build.event.types.DefaultStatusEvent@4471eb8f]
2026-03-27T23:42:05.510-0500 [DEBUG] [org.gradle.launcher.daemon.server.SynchronizedDispatchConnection] thread 988: dispatching BuildEvent[event=org.gradle.internal.build.event.types.DefaultStatusEvent@4c212fd3]
2026-03-27T23:42:05.510-0500 [DEBUG] [org.gradle.launcher.daemon.server.SynchronizedDispatchConnection] thread 988: dispatching BuildEvent[event=org.gradle.internal.build.event.types.DefaultStatusEvent@1db1b000]
2026-03-27T23:42:05.510-0500 [DEBUG] [org.gradle.launcher.daemon.server.SynchronizedDispatchConnection] thread 988: dispatching BuildEvent[event=org.gradle.internal.build.event.types.DefaultStatusEvent@32aed23c]
2026-03-27T23:42:05.510-0500 [DEBUG] [org.gradle.launcher.daemon.server.SynchronizedDispatchConnection] thread 988: dispatching BuildEvent[event=org.gradle.internal.build.event.types.DefaultStatusEvent@79486a75]
2026-03-27T23:42:05.510-0500 [DEBUG] [org.gradle.launcher.daemon.server.SynchronizedDispatchConnection] thread 988: dispatching BuildEvent[event=org.gradle.internal.build.event.types.DefaultStatusEvent@3c529d38]
2026-03-27T23:42:05.510-0500 [DEBUG] [org.gradle.launcher.daemon.server.SynchronizedDispatchConnection] thread 988: dispatching BuildEvent[event=org.gradle.internal.build.event.types.DefaultStatusEvent@2c730b02]
2026-03-27T23:42:05.510-0500 [DEBUG] [org.gradle.launcher.daemon.server.SynchronizedDispatchConnection] thread 988: dispatching BuildEvent[event=org.gradle.internal.build.event.types.DefaultStatusEvent@68081382]
2026-03-27T23:42:05.511-0500 [DEBUG] [org.gradle.launcher.daemon.server.SynchronizedDispatchConnection] thread 988: dispatching BuildEvent[event=org.gradle.internal.build.event.types.DefaultStatusEvent@52a9d734]
2026-03-27T23:42:05.511-0500 [DEBUG] [org.gradle.launcher.daemon.server.SynchronizedDispatchConnection] thread 988: dispatching BuildEvent[event=org.gradle.internal.build.event.types.DefaultStatusEvent@7a3a3b04]
2026-03-27T23:42:05.511-0500 [DEBUG] [org.gradle.launcher.daemon.server.SynchronizedDispatchConnection] thread 988: dispatching BuildEvent[event=org.gradle.internal.build.event.types.DefaultStatusEvent@4e25045a]
2026-03-27T23:42:05.511-0500 [DEBUG] [org.gradle.launcher.daemon.server.SynchronizedDispatchConnection] thread 988: dispatching BuildEvent[event=org.gradle.internal.build.event.types.DefaultStatusEvent@66199a1f]
2026-03-27T23:42:05.511-0500 [DEBUG] [org.gradle.launcher.daemon.server.SynchronizedDispatchConnection] thread 988: dispatching BuildEvent[event=org.gradle.internal.build.event.types.DefaultStatusEvent@7a15e19f]
2026-03-27T23:42:05.511-0500 [DEBUG] [org.gradle.launcher.daemon.server.SynchronizedDispatchConnection] thread 988: dispatching BuildEvent[event=org.gradle.internal.build.event.types.DefaultStatusEvent@515c07c2]
2026-03-27T23:42:05.512-0500 [DEBUG] [org.gradle.launcher.daemon.server.SynchronizedDispatchConnection] thread 988: dispatching BuildEvent[event=org.gradle.internal.build.event.types.DefaultStatusEvent@373dde67]
2026-03-27T23:42:05.512-0500 [DEBUG] [org.gradle.launcher.daemon.server.SynchronizedDispatchConnection] thread 988: dispatching BuildEvent[event=org.gradle.internal.build.event.types.DefaultStatusEvent@1dde73fd]
2026-03-27T23:42:05.512-0500 [DEBUG] [org.gradle.launcher.daemon.server.SynchronizedDispatchConnection] thread 988: dispatching BuildEvent[event=org.gradle.internal.build.event.types.DefaultStatusEvent@489270c0]
2026-03-27T23:42:05.512-0500 [DEBUG] [org.gradle.launcher.daemon.server.SynchronizedDispatchConnection] thread 988: dispatching BuildEvent[event=org.gradle.internal.build.event.types.DefaultStatusEvent@79410c07]
2026-03-27T23:42:05.512-0500 [DEBUG] [org.gradle.launcher.daemon.server.SynchronizedDispatchConnection] thread 988: dispatching BuildEvent[event=org.gradle.internal.build.event.types.DefaultStatusEvent@20563bae]
2026-03-27T23:42:05.512-0500 [DEBUG] [org.gradle.launcher.daemon.server.SynchronizedDispatchConnection] thread 988: dispatching BuildEvent[event=org.gradle.internal.build.event.types.DefaultStatusEvent@4ef9e5c2]
2026-03-27T23:42:05.512-0500 [DEBUG] [org.gradle.launcher.daemon.server.SynchronizedDispatchConnection] thread 988: dispatching BuildEvent[event=org.gradle.internal.build.event.types.DefaultStatusEvent@153698ad]
2026-03-27T23:42:05.512-0500 [DEBUG] [org.gradle.launcher.daemon.server.SynchronizedDispatchConnection] thread 988: dispatching BuildEvent[event=org.gradle.internal.build.event.types.DefaultStatusEvent@64e68f38]
2026-03-27T23:42:05.513-0500 [DEBUG] [org.gradle.launcher.daemon.server.SynchronizedDispatchConnection] thread 988: dispatching BuildEvent[event=org.gradle.internal.build.event.types.DefaultStatusEvent@75fc5341]
2026-03-27T23:42:05.513-0500 [DEBUG] [org.gradle.launcher.daemon.server.SynchronizedDispatchConnection] thread 988: dispatching BuildEvent[event=org.gradle.internal.build.event.types.DefaultStatusEvent@742a7fc9]
2026-03-27T23:42:05.513-0500 [DEBUG] [org.gradle.launcher.daemon.server.SynchronizedDispatchConnection] thread 988: dispatching BuildEvent[event=org.gradle.internal.build.event.types.DefaultStatusEvent@55787211]
2026-03-27T23:42:05.513-0500 [DEBUG] [org.gradle.launcher.daemon.server.SynchronizedDispatchConnection] thread 988: dispatching BuildEvent[event=org.gradle.internal.build.event.types.DefaultStatusEvent@537b8c9]
2026-03-27T23:42:05.513-0500 [DEBUG] [org.gradle.launcher.daemon.server.SynchronizedDispatchConnection] thread 988: dispatching BuildEvent[event=org.gradle.internal.build.event.types.DefaultStatusEvent@12c68575]
2026-03-27T23:42:05.514-0500 [DEBUG] [org.gradle.launcher.daemon.server.SynchronizedDispatchConnection] thread 988: dispatching BuildEvent[event=org.gradle.internal.build.event.types.DefaultStatusEvent@353574d3]
2026-03-27T23:42:05.514-0500 [DEBUG] [org.gradle.launcher.daemon.server.SynchronizedDispatchConnection] thread 988: dispatching BuildEvent[event=org.gradle.internal.build.event.types.DefaultStatusEvent@23cb709e]
2026-03-27T23:42:05.514-0500 [DEBUG] [org.gradle.launcher.daemon.server.SynchronizedDispatchConnection] thread 988: dispatching BuildEvent[event=org.gradle.internal.build.event.types.DefaultStatusEvent@1b8265de]
2026-03-27T23:42:05.514-0500 [DEBUG] [org.gradle.launcher.daemon.server.SynchronizedDispatchConnection] thread 988: dispatching BuildEvent[event=org.gradle.internal.build.event.types.DefaultStatusEvent@3dc9a6f6]
2026-03-27T23:42:05.514-0500 [DEBUG] [org.gradle.launcher.daemon.server.SynchronizedDispatchConnection] thread 988: dispatching BuildEvent[event=org.gradle.internal.build.event.types.DefaultStatusEvent@2344ce70]
2026-03-27T23:42:05.514-0500 [DEBUG] [org.gradle.launcher.daemon.server.SynchronizedDispatchConnection] thread 988: dispatching BuildEvent[event=org.gradle.internal.build.event.types.DefaultStatusEvent@5bf31506]
2026-03-27T23:42:05.515-0500 [DEBUG] [org.gradle.launcher.daemon.server.SynchronizedDispatchConnection] thread 988: dispatching BuildEvent[event=org.gradle.internal.build.event.types.DefaultStatusEvent@53572733]
2026-03-27T23:42:05.544-0500 [DEBUG] [org.gradle.launcher.daemon.server.SynchronizedDispatchConnection] thread 988: dispatching BuildEvent[event=org.gradle.internal.build.event.types.DefaultStatusEvent@26eba8ec]
2026-03-27T23:42:05.544-0500 [DEBUG] [org.gradle.launcher.daemon.server.SynchronizedDispatchConnection] thread 988: dispatching BuildEvent[event=org.gradle.internal.build.event.types.DefaultStatusEvent@6573d212]
2026-03-27T23:42:05.544-0500 [DEBUG] [org.gradle.launcher.daemon.server.SynchronizedDispatchConnection] thread 988: dispatching BuildEvent[event=org.gradle.internal.build.event.types.DefaultStatusEvent@ff71f30]
2026-03-27T23:42:05.544-0500 [DEBUG] [org.gradle.launcher.daemon.server.SynchronizedDispatchConnection] thread 988: dispatching BuildEvent[event=org.gradle.internal.build.event.types.DefaultStatusEvent@62ee677a]
2026-03-27T23:42:05.545-0500 [DEBUG] [org.gradle.launcher.daemon.server.SynchronizedDispatchConnection] thread 988: dispatching BuildEvent[event=org.gradle.internal.build.event.types.DefaultStatusEvent@19390f03]
2026-03-27T23:42:05.545-0500 [DEBUG] [org.gradle.launcher.daemon.server.SynchronizedDispatchConnection] thread 988: dispatching BuildEvent[event=org.gradle.internal.build.event.types.DefaultStatusEvent@62a1ad74]
2026-03-27T23:42:05.545-0500 [DEBUG] [org.gradle.launcher.daemon.server.SynchronizedDispatchConnection] thread 988: dispatching BuildEvent[event=org.gradle.internal.build.event.types.DefaultStatusEvent@5518308f]
2026-03-27T23:42:05.545-0500 [DEBUG] [org.gradle.launcher.daemon.server.SynchronizedDispatchConnection] thread 988: dispatching BuildEvent[event=org.gradle.internal.build.event.types.DefaultStatusEvent@44dc48e1]
2026-03-27T23:42:05.545-0500 [DEBUG] [org.gradle.launcher.daemon.server.SynchronizedDispatchConnection] thread 988: dispatching BuildEvent[event=org.gradle.internal.build.event.types.DefaultStatusEvent@154c066e]
2026-03-27T23:42:05.545-0500 [DEBUG] [org.gradle.launcher.daemon.server.SynchronizedDispatchConnection] thread 988: dispatching BuildEvent[event=org.gradle.internal.build.event.types.DefaultStatusEvent@7ae9c3be]
2026-03-27T23:42:05.545-0500 [DEBUG] [org.gradle.launcher.daemon.server.SynchronizedDispatchConnection] thread 988: dispatching BuildEvent[event=org.gradle.internal.build.event.types.DefaultStatusEvent@6e611824]
2026-03-27T23:42:05.545-0500 [DEBUG] [org.gradle.launcher.daemon.server.SynchronizedDispatchConnection] thread 988: dispatching BuildEvent[event=org.gradle.internal.build.event.types.DefaultStatusEvent@48dcce49]
2026-03-27T23:42:05.546-0500 [DEBUG] [org.gradle.launcher.daemon.server.SynchronizedDispatchConnection] thread 988: dispatching BuildEvent[event=org.gradle.internal.build.event.types.DefaultStatusEvent@3dd6ce4a]
2026-03-27T23:42:05.546-0500 [DEBUG] [org.gradle.launcher.daemon.server.SynchronizedDispatchConnection] thread 988: dispatching BuildEvent[event=org.gradle.internal.build.event.types.DefaultStatusEvent@9160e7d]
2026-03-27T23:42:05.546-0500 [DEBUG] [org.gradle.launcher.daemon.server.SynchronizedDispatchConnection] thread 988: dispatching BuildEvent[event=org.gradle.internal.build.event.types.DefaultStatusEvent@6fd09743]
2026-03-27T23:42:05.546-0500 [DEBUG] [org.gradle.launcher.daemon.server.SynchronizedDispatchConnection] thread 988: dispatching BuildEvent[event=org.gradle.internal.build.event.types.DefaultStatusEvent@41d0b276]
2026-03-27T23:42:05.546-0500 [DEBUG] [org.gradle.launcher.daemon.server.SynchronizedDispatchConnection] thread 988: dispatching BuildEvent[event=org.gradle.internal.build.event.types.DefaultStatusEvent@4aff9098]
2026-03-27T23:42:05.546-0500 [DEBUG] [org.gradle.launcher.daemon.server.SynchronizedDispatchConnection] thread 988: dispatching BuildEvent[event=org.gradle.internal.build.event.types.DefaultStatusEvent@73231a5c]
2026-03-27T23:42:05.546-0500 [DEBUG] [org.gradle.launcher.daemon.server.SynchronizedDispatchConnection] thread 988: dispatching BuildEvent[event=org.gradle.internal.build.event.types.DefaultStatusEvent@18a2e1f4]
2026-03-27T23:42:05.547-0500 [DEBUG] [org.gradle.launcher.daemon.server.SynchronizedDispatchConnection] thread 988: dispatching BuildEvent[event=org.gradle.internal.build.event.types.DefaultStatusEvent@5ca5a394]
2026-03-27T23:42:05.547-0500 [DEBUG] [org.gradle.launcher.daemon.server.SynchronizedDispatchConnection] thread 988: dispatching BuildEvent[event=org.gradle.internal.build.event.types.DefaultStatusEvent@6a6883c8]
2026-03-27T23:42:05.547-0500 [DEBUG] [org.gradle.launcher.daemon.server.SynchronizedDispatchConnection] thread 988: dispatching BuildEvent[event=org.gradle.internal.build.event.types.DefaultStatusEvent@1729523]
2026-03-27T23:42:05.547-0500 [DEBUG] [org.gradle.launcher.daemon.server.SynchronizedDispatchConnection] thread 988: dispatching BuildEvent[event=org.gradle.internal.build.event.types.DefaultStatusEvent@ed079b8]
2026-03-27T23:42:05.547-0500 [DEBUG] [org.gradle.launcher.daemon.server.SynchronizedDispatchConnection] thread 988: dispatching BuildEvent[event=org.gradle.internal.build.event.types.DefaultStatusEvent@7f18c2f5]
2026-03-27T23:42:05.547-0500 [DEBUG] [org.gradle.launcher.daemon.server.SynchronizedDispatchConnection] thread 988: dispatching BuildEvent[event=org.gradle.internal.build.event.types.DefaultStatusEvent@51c0781d]
2026-03-27T23:42:05.547-0500 [DEBUG] [org.gradle.launcher.daemon.server.SynchronizedDispatchConnection] thread 988: dispatching BuildEvent[event=org.gradle.internal.build.event.types.DefaultStatusEvent@448e348b]
2026-03-27T23:42:05.547-0500 [DEBUG] [org.gradle.launcher.daemon.server.SynchronizedDispatchConnection] thread 988: dispatching BuildEvent[event=org.gradle.internal.build.event.types.DefaultStatusEvent@491e981b]
2026-03-27T23:42:05.548-0500 [DEBUG] [org.gradle.launcher.daemon.server.SynchronizedDispatchConnection] thread 988: dispatching BuildEvent[event=org.gradle.internal.build.event.types.DefaultStatusEvent@70a8e4a7]
2026-03-27T23:42:05.548-0500 [DEBUG] [org.gradle.launcher.daemon.server.SynchronizedDispatchConnection] thread 988: dispatching BuildEvent[event=org.gradle.internal.build.event.types.DefaultStatusEvent@227a7a3f]
2026-03-27T23:42:05.548-0500 [DEBUG] [org.gradle.launcher.daemon.server.SynchronizedDispatchConnection] thread 988: dispatching BuildEvent[event=org.gradle.internal.build.event.types.DefaultStatusEvent@17652897]
2026-03-27T23:42:05.549-0500 [DEBUG] [org.gradle.launcher.daemon.server.SynchronizedDispatchConnection] thread 988: dispatching BuildEvent[event=org.gradle.internal.build.event.types.DefaultStatusEvent@2a86a420]
2026-03-27T23:42:05.549-0500 [DEBUG] [org.gradle.launcher.daemon.server.SynchronizedDispatchConnection] thread 988: dispatching BuildEvent[event=org.gradle.internal.build.event.types.DefaultStatusEvent@1d3ce00b]
2026-03-27T23:42:05.549-0500 [DEBUG] [org.gradle.launcher.daemon.server.SynchronizedDispatchConnection] thread 988: dispatching BuildEvent[event=org.gradle.internal.build.event.types.DefaultStatusEvent@6ce6da11]
2026-03-27T23:42:05.549-0500 [DEBUG] [org.gradle.launcher.daemon.server.SynchronizedDispatchConnection] thread 988: dispatching BuildEvent[event=org.gradle.internal.build.event.types.DefaultStatusEvent@5279768a]
2026-03-27T23:42:05.549-0500 [DEBUG] [org.gradle.launcher.daemon.server.SynchronizedDispatchConnection] thread 988: dispatching BuildEvent[event=org.gradle.internal.build.event.types.DefaultStatusEvent@4d417f41]
2026-03-27T23:42:05.549-0500 [DEBUG] [org.gradle.launcher.daemon.server.SynchronizedDispatchConnection] thread 988: dispatching BuildEvent[event=org.gradle.internal.build.event.types.DefaultStatusEvent@3707e25a]
2026-03-27T23:42:05.549-0500 [DEBUG] [org.gradle.launcher.daemon.server.SynchronizedDispatchConnection] thread 988: dispatching BuildEvent[event=org.gradle.internal.build.event.types.DefaultStatusEvent@6deb90f9]
2026-03-27T23:42:05.549-0500 [DEBUG] [org.gradle.launcher.daemon.server.SynchronizedDispatchConnection] thread 988: dispatching BuildEvent[event=org.gradle.internal.build.event.types.DefaultStatusEvent@74bf76e8]
2026-03-27T23:42:05.549-0500 [DEBUG] [org.gradle.launcher.daemon.server.SynchronizedDispatchConnection] thread 988: dispatching BuildEvent[event=org.gradle.internal.build.event.types.DefaultStatusEvent@32c2a449]
2026-03-27T23:42:05.549-0500 [DEBUG] [org.gradle.launcher.daemon.server.SynchronizedDispatchConnection] thread 988: dispatching BuildEvent[event=org.gradle.internal.build.event.types.DefaultStatusEvent@3a5f8579]
2026-03-27T23:42:05.549-0500 [DEBUG] [org.gradle.launcher.daemon.server.SynchronizedDispatchConnection] thread 988: dispatching BuildEvent[event=org.gradle.internal.build.event.types.DefaultStatusEvent@b02a693]
2026-03-27T23:42:05.549-0500 [DEBUG] [org.gradle.launcher.daemon.server.SynchronizedDispatchConnection] thread 988: dispatching BuildEvent[event=org.gradle.internal.build.event.types.DefaultStatusEvent@405892d]
2026-03-27T23:42:05.550-0500 [DEBUG] [org.gradle.launcher.daemon.server.SynchronizedDispatchConnection] thread 988: dispatching BuildEvent[event=org.gradle.internal.build.event.types.DefaultStatusEvent@23c29508]
2026-03-27T23:42:05.550-0500 [DEBUG] [org.gradle.launcher.daemon.server.SynchronizedDispatchConnection] thread 988: dispatching BuildEvent[event=org.gradle.internal.build.event.types.DefaultStatusEvent@65f0b844]
2026-03-27T23:42:05.550-0500 [DEBUG] [org.gradle.launcher.daemon.server.SynchronizedDispatchConnection] thread 988: dispatching BuildEvent[event=org.gradle.internal.build.event.types.DefaultStatusEvent@7b58ac57]
2026-03-27T23:42:05.550-0500 [DEBUG] [org.gradle.launcher.daemon.server.SynchronizedDispatchConnection] thread 988: dispatching BuildEvent[event=org.gradle.internal.build.event.types.DefaultStatusEvent@53bc0ef0]
2026-03-27T23:42:05.550-0500 [DEBUG] [org.gradle.launcher.daemon.server.SynchronizedDispatchConnection] thread 988: dispatching BuildEvent[event=org.gradle.internal.build.event.types.DefaultStatusEvent@6461ab5a]
2026-03-27T23:42:05.550-0500 [DEBUG] [org.gradle.launcher.daemon.server.SynchronizedDispatchConnection] thread 988: dispatching BuildEvent[event=org.gradle.internal.build.event.types.DefaultStatusEvent@4330d0a]
2026-03-27T23:42:05.550-0500 [DEBUG] [org.gradle.launcher.daemon.server.SynchronizedDispatchConnection] thread 988: dispatching BuildEvent[event=org.gradle.internal.build.event.types.DefaultStatusEvent@3ab723cf]
2026-03-27T23:42:05.550-0500 [DEBUG] [org.gradle.launcher.daemon.server.SynchronizedDispatchConnection] thread 988: dispatching BuildEvent[event=org.gradle.internal.build.event.types.DefaultStatusEvent@94f71e7]
2026-03-27T23:42:05.550-0500 [DEBUG] [org.gradle.launcher.daemon.server.SynchronizedDispatchConnection] thread 988: dispatching BuildEvent[event=org.gradle.internal.build.event.types.DefaultStatusEvent@601d20ef]
2026-03-27T23:42:05.550-0500 [DEBUG] [org.gradle.launcher.daemon.server.SynchronizedDispatchConnection] thread 988: dispatching BuildEvent[event=org.gradle.internal.build.event.types.DefaultStatusEvent@7cda3abb]
2026-03-27T23:42:05.550-0500 [DEBUG] [org.gradle.launcher.daemon.server.SynchronizedDispatchConnection] thread 988: dispatching BuildEvent[event=org.gradle.internal.build.event.types.DefaultStatusEvent@7f70c7b4]
2026-03-27T23:42:05.550-0500 [DEBUG] [org.gradle.launcher.daemon.server.SynchronizedDispatchConnection] thread 988: dispatching BuildEvent[event=org.gradle.internal.build.event.types.DefaultStatusEvent@d4241f4]
2026-03-27T23:42:05.551-0500 [DEBUG] [org.gradle.launcher.daemon.server.SynchronizedDispatchConnection] thread 988: dispatching BuildEvent[event=org.gradle.internal.build.event.types.DefaultStatusEvent@45112eb]
2026-03-27T23:42:05.551-0500 [DEBUG] [org.gradle.launcher.daemon.server.SynchronizedDispatchConnection] thread 988: dispatching BuildEvent[event=org.gradle.internal.build.event.types.DefaultStatusEvent@29f3ef38]
2026-03-27T23:42:05.551-0500 [DEBUG] [org.gradle.launcher.daemon.server.SynchronizedDispatchConnection] thread 988: dispatching BuildEvent[event=org.gradle.internal.build.event.types.DefaultStatusEvent@5047c0d5]
2026-03-27T23:42:05.551-0500 [DEBUG] [org.gradle.launcher.daemon.server.SynchronizedDispatchConnection] thread 988: dispatching BuildEvent[event=org.gradle.internal.build.event.types.DefaultStatusEvent@4f9576c8]
2026-03-27T23:42:05.552-0500 [DEBUG] [org.gradle.launcher.daemon.server.SynchronizedDispatchConnection] thread 988: dispatching BuildEvent[event=org.gradle.internal.build.event.types.DefaultStatusEvent@435ff39b]
2026-03-27T23:42:05.552-0500 [DEBUG] [org.gradle.launcher.daemon.server.SynchronizedDispatchConnection] thread 988: dispatching BuildEvent[event=org.gradle.internal.build.event.types.DefaultStatusEvent@75635ee7]
2026-03-27T23:42:05.552-0500 [DEBUG] [org.gradle.launcher.daemon.server.SynchronizedDispatchConnection] thread 988: dispatching BuildEvent[event=org.gradle.internal.build.event.types.DefaultStatusEvent@1bcc69f6]
2026-03-27T23:42:05.552-0500 [DEBUG] [org.gradle.launcher.daemon.server.SynchronizedDispatchConnection] thread 988: dispatching BuildEvent[event=org.gradle.internal.build.event.types.DefaultStatusEvent@7f0b7f71]
2026-03-27T23:42:05.553-0500 [DEBUG] [org.gradle.launcher.daemon.server.SynchronizedDispatchConnection] thread 988: dispatching BuildEvent[event=org.gradle.internal.build.event.types.DefaultStatusEvent@43748820]
2026-03-27T23:42:05.553-0500 [DEBUG] [org.gradle.launcher.daemon.server.SynchronizedDispatchConnection] thread 988: dispatching BuildEvent[event=org.gradle.internal.build.event.types.DefaultStatusEvent@2c0f72cf]
2026-03-27T23:42:05.553-0500 [DEBUG] [org.gradle.launcher.daemon.server.SynchronizedDispatchConnection] thread 988: dispatching BuildEvent[event=org.gradle.internal.build.event.types.DefaultStatusEvent@54f43d61]
2026-03-27T23:42:05.671-0500 [DEBUG] [org.gradle.launcher.daemon.server.SynchronizedDispatchConnection] thread 988: dispatching BuildEvent[event=org.gradle.internal.build.event.types.DefaultStatusEvent@177293c5]
2026-03-27T23:42:05.672-0500 [DEBUG] [org.gradle.launcher.daemon.server.SynchronizedDispatchConnection] thread 988: dispatching BuildEvent[event=org.gradle.internal.build.event.types.DefaultStatusEvent@403c12ee]
2026-03-27T23:42:05.672-0500 [DEBUG] [org.gradle.launcher.daemon.server.SynchronizedDispatchConnection] thread 988: dispatching BuildEvent[event=org.gradle.internal.build.event.types.DefaultStatusEvent@355630bd]
2026-03-27T23:42:05.672-0500 [DEBUG] [org.gradle.launcher.daemon.server.SynchronizedDispatchConnection] thread 988: dispatching BuildEvent[event=org.gradle.internal.build.event.types.DefaultStatusEvent@44847d86]
2026-03-27T23:42:05.672-0500 [DEBUG] [org.gradle.launcher.daemon.server.SynchronizedDispatchConnection] thread 988: dispatching BuildEvent[event=org.gradle.internal.build.event.types.DefaultStatusEvent@476b2268]
2026-03-27T23:42:05.672-0500 [DEBUG] [org.gradle.launcher.daemon.server.SynchronizedDispatchConnection] thread 988: dispatching BuildEvent[event=org.gradle.internal.build.event.types.DefaultStatusEvent@6760e309]
2026-03-27T23:42:05.673-0500 [DEBUG] [org.gradle.launcher.daemon.server.SynchronizedDispatchConnection] thread 988: dispatching BuildEvent[event=org.gradle.internal.build.event.types.DefaultStatusEvent@6337f480]
2026-03-27T23:42:05.673-0500 [DEBUG] [org.gradle.launcher.daemon.server.SynchronizedDispatchConnection] thread 988: dispatching BuildEvent[event=org.gradle.internal.build.event.types.DefaultStatusEvent@438dd2d]
2026-03-27T23:42:05.673-0500 [DEBUG] [org.gradle.launcher.daemon.server.SynchronizedDispatchConnection] thread 988: dispatching BuildEvent[event=org.gradle.internal.build.event.types.DefaultStatusEvent@1a5ec7a0]
2026-03-27T23:42:05.673-0500 [DEBUG] [org.gradle.launcher.daemon.server.SynchronizedDispatchConnection] thread 988: dispatching BuildEvent[event=org.gradle.internal.build.event.types.DefaultStatusEvent@7ac61749]
2026-03-27T23:42:05.673-0500 [DEBUG] [org.gradle.launcher.daemon.server.SynchronizedDispatchConnection] thread 988: dispatching BuildEvent[event=org.gradle.internal.build.event.types.DefaultStatusEvent@26896f65]
2026-03-27T23:42:05.673-0500 [DEBUG] [org.gradle.launcher.daemon.server.SynchronizedDispatchConnection] thread 988: dispatching BuildEvent[event=org.gradle.internal.build.event.types.DefaultStatusEvent@649a0f2c]
2026-03-27T23:42:05.673-0500 [DEBUG] [org.gradle.launcher.daemon.server.SynchronizedDispatchConnection] thread 988: dispatching BuildEvent[event=org.gradle.internal.build.event.types.DefaultStatusEvent@815b7d8]
2026-03-27T23:42:05.673-0500 [DEBUG] [org.gradle.launcher.daemon.server.SynchronizedDispatchConnection] thread 988: dispatching BuildEvent[event=org.gradle.internal.build.event.types.DefaultStatusEvent@42a395cc]
2026-03-27T23:42:05.674-0500 [DEBUG] [org.gradle.launcher.daemon.server.SynchronizedDispatchConnection] thread 988: dispatching BuildEvent[event=org.gradle.internal.build.event.types.DefaultStatusEvent@2f3c38ba]
2026-03-27T23:42:05.674-0500 [DEBUG] [org.gradle.launcher.daemon.server.SynchronizedDispatchConnection] thread 988: dispatching BuildEvent[event=org.gradle.internal.build.event.types.DefaultStatusEvent@1beba11e]
2026-03-27T23:42:05.674-0500 [DEBUG] [org.gradle.launcher.daemon.server.SynchronizedDispatchConnection] thread 988: dispatching BuildEvent[event=org.gradle.internal.build.event.types.DefaultStatusEvent@3ee56ecc]
2026-03-27T23:42:05.674-0500 [DEBUG] [org.gradle.launcher.daemon.server.SynchronizedDispatchConnection] thread 988: dispatching BuildEvent[event=org.gradle.internal.build.event.types.DefaultStatusEvent@60369129]
2026-03-27T23:42:05.674-0500 [DEBUG] [org.gradle.launcher.daemon.server.SynchronizedDispatchConnection] thread 988: dispatching BuildEvent[event=org.gradle.internal.build.event.types.DefaultStatusEvent@2e819c7d]
2026-03-27T23:42:05.674-0500 [DEBUG] [org.gradle.launcher.daemon.server.SynchronizedDispatchConnection] thread 988: dispatching BuildEvent[event=org.gradle.internal.build.event.types.DefaultStatusEvent@68a43be2]
2026-03-27T23:42:05.675-0500 [DEBUG] [org.gradle.launcher.daemon.server.SynchronizedDispatchConnection] thread 988: dispatching BuildEvent[event=org.gradle.internal.build.event.types.DefaultStatusEvent@7d22ab34]
2026-03-27T23:42:05.675-0500 [DEBUG] [org.gradle.launcher.daemon.server.SynchronizedDispatchConnection] thread 988: dispatching BuildEvent[event=org.gradle.internal.build.event.types.DefaultStatusEvent@29c9c260]
2026-03-27T23:42:05.675-0500 [DEBUG] [org.gradle.launcher.daemon.server.SynchronizedDispatchConnection] thread 988: dispatching BuildEvent[event=org.gradle.internal.build.event.types.DefaultStatusEvent@b09d150]
2026-03-27T23:42:05.675-0500 [DEBUG] [org.gradle.launcher.daemon.server.SynchronizedDispatchConnection] thread 988: dispatching BuildEvent[event=org.gradle.internal.build.event.types.DefaultStatusEvent@423b90f8]
2026-03-27T23:42:05.675-0500 [DEBUG] [org.gradle.launcher.daemon.server.SynchronizedDispatchConnection] thread 988: dispatching BuildEvent[event=org.gradle.internal.build.event.types.DefaultStatusEvent@2a28f880]
2026-03-27T23:42:05.675-0500 [DEBUG] [org.gradle.launcher.daemon.server.SynchronizedDispatchConnection] thread 988: dispatching BuildEvent[event=org.gradle.internal.build.event.types.DefaultStatusEvent@4d95f567]
2026-03-27T23:42:05.675-0500 [DEBUG] [org.gradle.launcher.daemon.server.SynchronizedDispatchConnection] thread 988: dispatching BuildEvent[event=org.gradle.internal.build.event.types.DefaultStatusEvent@8d33ed4]
2026-03-27T23:42:05.675-0500 [DEBUG] [org.gradle.launcher.daemon.server.SynchronizedDispatchConnection] thread 988: dispatching BuildEvent[event=org.gradle.internal.build.event.types.DefaultStatusEvent@1671d366]
2026-03-27T23:42:05.676-0500 [DEBUG] [org.gradle.launcher.daemon.server.SynchronizedDispatchConnection] thread 988: dispatching BuildEvent[event=org.gradle.internal.build.event.types.DefaultStatusEvent@7b70c5d0]
2026-03-27T23:42:05.676-0500 [DEBUG] [org.gradle.launcher.daemon.server.SynchronizedDispatchConnection] thread 988: dispatching BuildEvent[event=org.gradle.internal.build.event.types.DefaultStatusEvent@192c2914]
2026-03-27T23:42:05.676-0500 [DEBUG] [org.gradle.launcher.daemon.server.SynchronizedDispatchConnection] thread 988: dispatching BuildEvent[event=org.gradle.internal.build.event.types.DefaultStatusEvent@898817b]
2026-03-27T23:42:05.676-0500 [DEBUG] [org.gradle.launcher.daemon.server.SynchronizedDispatchConnection] thread 988: dispatching BuildEvent[event=org.gradle.internal.build.event.types.DefaultStatusEvent@10ea89ed]
2026-03-27T23:42:05.676-0500 [DEBUG] [org.gradle.launcher.daemon.server.SynchronizedDispatchConnection] thread 988: dispatching BuildEvent[event=org.gradle.internal.build.event.types.DefaultStatusEvent@6dc98065]
2026-03-27T23:42:05.676-0500 [DEBUG] [org.gradle.launcher.daemon.server.SynchronizedDispatchConnection] thread 988: dispatching BuildEvent[event=org.gradle.internal.build.event.types.DefaultStatusEvent@15557041]
2026-03-27T23:42:05.676-0500 [DEBUG] [org.gradle.launcher.daemon.server.SynchronizedDispatchConnection] thread 988: dispatching BuildEvent[event=org.gradle.internal.build.event.types.DefaultStatusEvent@590ab8c9]
2026-03-27T23:42:05.676-0500 [DEBUG] [org.gradle.launcher.daemon.server.SynchronizedDispatchConnection] thread 988: dispatching BuildEvent[event=org.gradle.internal.build.event.types.DefaultStatusEvent@1d6be7e4]
2026-03-27T23:42:05.677-0500 [DEBUG] [org.gradle.launcher.daemon.server.SynchronizedDispatchConnection] thread 988: dispatching BuildEvent[event=org.gradle.internal.build.event.types.DefaultStatusEvent@3c008684]
2026-03-27T23:42:05.677-0500 [DEBUG] [org.gradle.launcher.daemon.server.SynchronizedDispatchConnection] thread 988: dispatching BuildEvent[event=org.gradle.internal.build.event.types.DefaultStatusEvent@2693e3d]
2026-03-27T23:42:05.677-0500 [DEBUG] [org.gradle.launcher.daemon.server.SynchronizedDispatchConnection] thread 988: dispatching BuildEvent[event=org.gradle.internal.build.event.types.DefaultStatusEvent@e290249]
2026-03-27T23:42:05.677-0500 [DEBUG] [org.gradle.launcher.daemon.server.SynchronizedDispatchConnection] thread 988: dispatching BuildEvent[event=org.gradle.internal.build.event.types.DefaultStatusEvent@4c3f80af]
2026-03-27T23:42:05.677-0500 [DEBUG] [org.gradle.launcher.daemon.server.SynchronizedDispatchConnection] thread 988: dispatching BuildEvent[event=org.gradle.internal.build.event.types.DefaultStatusEvent@74b30b0a]
2026-03-27T23:42:05.677-0500 [DEBUG] [org.gradle.launcher.daemon.server.SynchronizedDispatchConnection] thread 988: dispatching BuildEvent[event=org.gradle.internal.build.event.types.DefaultStatusEvent@3f604b77]
2026-03-27T23:42:05.678-0500 [DEBUG] [org.gradle.launcher.daemon.server.SynchronizedDispatchConnection] thread 988: dispatching BuildEvent[event=org.gradle.internal.build.event.types.DefaultStatusEvent@799d3d98]
2026-03-27T23:42:05.678-0500 [DEBUG] [org.gradle.launcher.daemon.server.SynchronizedDispatchConnection] thread 988: dispatching BuildEvent[event=org.gradle.internal.build.event.types.DefaultStatusEvent@4997e0fc]
2026-03-27T23:42:05.678-0500 [DEBUG] [org.gradle.launcher.daemon.server.SynchronizedDispatchConnection] thread 988: dispatching BuildEvent[event=org.gradle.internal.build.event.types.DefaultStatusEvent@2590499f]
2026-03-27T23:42:05.678-0500 [DEBUG] [org.gradle.launcher.daemon.server.SynchronizedDispatchConnection] thread 988: dispatching BuildEvent[event=org.gradle.internal.build.event.types.DefaultStatusEvent@189685a9]
2026-03-27T23:42:05.678-0500 [DEBUG] [org.gradle.launcher.daemon.server.SynchronizedDispatchConnection] thread 988: dispatching BuildEvent[event=org.gradle.internal.build.event.types.DefaultStatusEvent@8f70ade]
2026-03-27T23:42:05.678-0500 [DEBUG] [org.gradle.launcher.daemon.server.SynchronizedDispatchConnection] thread 988: dispatching BuildEvent[event=org.gradle.internal.build.event.types.DefaultStatusEvent@7e119b3c]
2026-03-27T23:42:05.679-0500 [DEBUG] [org.gradle.launcher.daemon.server.SynchronizedDispatchConnection] thread 988: dispatching BuildEvent[event=org.gradle.internal.build.event.types.DefaultStatusEvent@596af9d0]
2026-03-27T23:42:05.679-0500 [DEBUG] [org.gradle.launcher.daemon.server.SynchronizedDispatchConnection] thread 988: dispatching BuildEvent[event=org.gradle.internal.build.event.types.DefaultStatusEvent@757d9499]
2026-03-27T23:42:05.679-0500 [DEBUG] [org.gradle.launcher.daemon.server.SynchronizedDispatchConnection] thread 988: dispatching BuildEvent[event=org.gradle.internal.build.event.types.DefaultStatusEvent@456cc112]
2026-03-27T23:42:05.679-0500 [DEBUG] [org.gradle.launcher.daemon.server.SynchronizedDispatchConnection] thread 988: dispatching BuildEvent[event=org.gradle.internal.build.event.types.DefaultStatusEvent@37566af8]
2026-03-27T23:42:05.680-0500 [DEBUG] [org.gradle.launcher.daemon.server.SynchronizedDispatchConnection] thread 988: dispatching BuildEvent[event=org.gradle.internal.build.event.types.DefaultStatusEvent@397cb1bb]
2026-03-27T23:42:05.680-0500 [DEBUG] [org.gradle.launcher.daemon.server.SynchronizedDispatchConnection] thread 988: dispatching BuildEvent[event=org.gradle.internal.build.event.types.DefaultStatusEvent@203c2351]
2026-03-27T23:42:05.680-0500 [DEBUG] [org.gradle.launcher.daemon.server.SynchronizedDispatchConnection] thread 988: dispatching BuildEvent[event=org.gradle.internal.build.event.types.DefaultStatusEvent@3fb1215]
2026-03-27T23:42:05.680-0500 [DEBUG] [org.gradle.launcher.daemon.server.SynchronizedDispatchConnection] thread 988: dispatching BuildEvent[event=org.gradle.internal.build.event.types.DefaultStatusEvent@77ea938]
2026-03-27T23:42:05.680-0500 [DEBUG] [org.gradle.launcher.daemon.server.SynchronizedDispatchConnection] thread 988: dispatching BuildEvent[event=org.gradle.internal.build.event.types.DefaultStatusEvent@5bd33105]
2026-03-27T23:42:05.680-0500 [DEBUG] [org.gradle.launcher.daemon.server.SynchronizedDispatchConnection] thread 988: dispatching BuildEvent[event=org.gradle.internal.build.event.types.DefaultStatusEvent@1a34b785]
2026-03-27T23:42:05.680-0500 [DEBUG] [org.gradle.launcher.daemon.server.SynchronizedDispatchConnection] thread 988: dispatching BuildEvent[event=org.gradle.internal.build.event.types.DefaultStatusEvent@4104756c]
2026-03-27T23:42:05.680-0500 [DEBUG] [org.gradle.launcher.daemon.server.SynchronizedDispatchConnection] thread 988: dispatching BuildEvent[event=org.gradle.internal.build.event.types.DefaultStatusEvent@33c1331d]
2026-03-27T23:42:05.680-0500 [DEBUG] [org.gradle.launcher.daemon.server.SynchronizedDispatchConnection] thread 988: dispatching BuildEvent[event=org.gradle.internal.build.event.types.DefaultStatusEvent@71587779]
2026-03-27T23:42:05.681-0500 [DEBUG] [org.gradle.launcher.daemon.server.SynchronizedDispatchConnection] thread 988: dispatching BuildEvent[event=org.gradle.internal.build.event.types.DefaultStatusEvent@4eef7e48]
2026-03-27T23:42:05.681-0500 [DEBUG] [org.gradle.launcher.daemon.server.SynchronizedDispatchConnection] thread 988: dispatching BuildEvent[event=org.gradle.internal.build.event.types.DefaultStatusEvent@2ca2ddec]
2026-03-27T23:42:05.681-0500 [DEBUG] [org.gradle.launcher.daemon.server.SynchronizedDispatchConnection] thread 988: dispatching BuildEvent[event=org.gradle.internal.build.event.types.DefaultStatusEvent@16c15abe]
2026-03-27T23:42:05.681-0500 [DEBUG] [org.gradle.launcher.daemon.server.SynchronizedDispatchConnection] thread 988: dispatching BuildEvent[event=org.gradle.internal.build.event.types.DefaultStatusEvent@241004a0]
2026-03-27T23:42:05.728-0500 [DEBUG] [org.gradle.launcher.daemon.server.SynchronizedDispatchConnection] thread 988: dispatching BuildEvent[event=org.gradle.internal.build.event.types.DefaultStatusEvent@2bcfc132]
2026-03-27T23:42:05.728-0500 [DEBUG] [org.gradle.launcher.daemon.server.SynchronizedDispatchConnection] thread 988: dispatching BuildEvent[event=org.gradle.internal.build.event.types.DefaultStatusEvent@37c76a5f]
2026-03-27T23:42:05.728-0500 [DEBUG] [org.gradle.launcher.daemon.server.SynchronizedDispatchConnection] thread 988: dispatching BuildEvent[event=org.gradle.internal.build.event.types.DefaultStatusEvent@13564d03]
2026-03-27T23:42:05.728-0500 [DEBUG] [org.gradle.launcher.daemon.server.SynchronizedDispatchConnection] thread 988: dispatching BuildEvent[event=org.gradle.internal.build.event.types.DefaultStatusEvent@43a46ebe]
2026-03-27T23:42:05.728-0500 [DEBUG] [org.gradle.launcher.daemon.server.SynchronizedDispatchConnection] thread 988: dispatching BuildEvent[event=org.gradle.internal.build.event.types.DefaultStatusEvent@16b7f1a9]
2026-03-27T23:42:05.728-0500 [DEBUG] [org.gradle.launcher.daemon.server.SynchronizedDispatchConnection] thread 988: dispatching BuildEvent[event=org.gradle.internal.build.event.types.DefaultStatusEvent@1aaee4b2]
2026-03-27T23:42:05.728-0500 [DEBUG] [org.gradle.launcher.daemon.server.SynchronizedDispatchConnection] thread 988: dispatching BuildEvent[event=org.gradle.internal.build.event.types.DefaultStatusEvent@3b318cb1]
2026-03-27T23:42:05.729-0500 [DEBUG] [org.gradle.launcher.daemon.server.SynchronizedDispatchConnection] thread 988: dispatching BuildEvent[event=org.gradle.internal.build.event.types.DefaultStatusEvent@5b80d4f7]
2026-03-27T23:42:05.729-0500 [DEBUG] [org.gradle.launcher.daemon.server.SynchronizedDispatchConnection] thread 988: dispatching BuildEvent[event=org.gradle.internal.build.event.types.DefaultStatusEvent@72934c97]
2026-03-27T23:42:05.729-0500 [DEBUG] [org.gradle.launcher.daemon.server.SynchronizedDispatchConnection] thread 988: dispatching BuildEvent[event=org.gradle.internal.build.event.types.DefaultStatusEvent@1f75ad03]
2026-03-27T23:42:05.729-0500 [DEBUG] [org.gradle.launcher.daemon.server.SynchronizedDispatchConnection] thread 988: dispatching BuildEvent[event=org.gradle.internal.build.event.types.DefaultStatusEvent@2816ee58]
2026-03-27T23:42:05.729-0500 [DEBUG] [org.gradle.launcher.daemon.server.SynchronizedDispatchConnection] thread 988: dispatching BuildEvent[event=org.gradle.internal.build.event.types.DefaultStatusEvent@75ecb0c1]
2026-03-27T23:42:05.729-0500 [DEBUG] [org.gradle.launcher.daemon.server.SynchronizedDispatchConnection] thread 988: dispatching BuildEvent[event=org.gradle.internal.build.event.types.DefaultStatusEvent@1d73bd1f]
2026-03-27T23:42:05.729-0500 [DEBUG] [org.gradle.launcher.daemon.server.SynchronizedDispatchConnection] thread 988: dispatching BuildEvent[event=org.gradle.internal.build.event.types.DefaultStatusEvent@2f5c1607]
2026-03-27T23:42:05.729-0500 [DEBUG] [org.gradle.launcher.daemon.server.SynchronizedDispatchConnection] thread 988: dispatching BuildEvent[event=org.gradle.internal.build.event.types.DefaultStatusEvent@3027599a]
2026-03-27T23:42:05.730-0500 [DEBUG] [org.gradle.launcher.daemon.server.SynchronizedDispatchConnection] thread 988: dispatching BuildEvent[event=org.gradle.internal.build.event.types.DefaultStatusEvent@205d8de7]
2026-03-27T23:42:05.730-0500 [DEBUG] [org.gradle.launcher.daemon.server.SynchronizedDispatchConnection] thread 988: dispatching BuildEvent[event=org.gradle.internal.build.event.types.DefaultStatusEvent@204657b6]
2026-03-27T23:42:05.730-0500 [DEBUG] [org.gradle.launcher.daemon.server.SynchronizedDispatchConnection] thread 988: dispatching BuildEvent[event=org.gradle.internal.build.event.types.DefaultStatusEvent@6f658197]
2026-03-27T23:42:05.730-0500 [DEBUG] [org.gradle.launcher.daemon.server.SynchronizedDispatchConnection] thread 988: dispatching BuildEvent[event=org.gradle.internal.build.event.types.DefaultStatusEvent@6584ee68]
2026-03-27T23:42:05.731-0500 [DEBUG] [org.gradle.launcher.daemon.server.SynchronizedDispatchConnection] thread 988: dispatching BuildEvent[event=org.gradle.internal.build.event.types.DefaultStatusEvent@297a658a]
2026-03-27T23:42:05.731-0500 [DEBUG] [org.gradle.launcher.daemon.server.SynchronizedDispatchConnection] thread 988: dispatching BuildEvent[event=org.gradle.internal.build.event.types.DefaultStatusEvent@3b136cf4]
2026-03-27T23:42:05.731-0500 [DEBUG] [org.gradle.launcher.daemon.server.SynchronizedDispatchConnection] thread 988: dispatching BuildEvent[event=org.gradle.internal.build.event.types.DefaultStatusEvent@78393b38]
2026-03-27T23:42:05.731-0500 [DEBUG] [org.gradle.launcher.daemon.server.SynchronizedDispatchConnection] thread 988: dispatching BuildEvent[event=org.gradle.internal.build.event.types.DefaultStatusEvent@3a8c6df9]
2026-03-27T23:42:05.731-0500 [DEBUG] [org.gradle.launcher.daemon.server.SynchronizedDispatchConnection] thread 988: dispatching BuildEvent[event=org.gradle.internal.build.event.types.DefaultStatusEvent@40a00917]
2026-03-27T23:42:05.731-0500 [DEBUG] [org.gradle.launcher.daemon.server.SynchronizedDispatchConnection] thread 988: dispatching BuildEvent[event=org.gradle.internal.build.event.types.DefaultStatusEvent@6074b93b]
2026-03-27T23:42:05.731-0500 [DEBUG] [org.gradle.launcher.daemon.server.SynchronizedDispatchConnection] thread 988: dispatching BuildEvent[event=org.gradle.internal.build.event.types.DefaultStatusEvent@5125bef6]
2026-03-27T23:42:05.731-0500 [DEBUG] [org.gradle.launcher.daemon.server.SynchronizedDispatchConnection] thread 988: dispatching BuildEvent[event=org.gradle.internal.build.event.types.DefaultStatusEvent@89ff28e]
2026-03-27T23:42:05.732-0500 [DEBUG] [org.gradle.launcher.daemon.server.SynchronizedDispatchConnection] thread 988: dispatching BuildEvent[event=org.gradle.internal.build.event.types.DefaultStatusEvent@4837aa3b]
2026-03-27T23:42:05.732-0500 [DEBUG] [org.gradle.launcher.daemon.server.SynchronizedDispatchConnection] thread 988: dispatching BuildEvent[event=org.gradle.internal.build.event.types.DefaultStatusEvent@dcf7f67]
2026-03-27T23:42:05.732-0500 [DEBUG] [org.gradle.launcher.daemon.server.SynchronizedDispatchConnection] thread 988: dispatching BuildEvent[event=org.gradle.internal.build.event.types.DefaultStatusEvent@7161a226]
2026-03-27T23:42:05.732-0500 [DEBUG] [org.gradle.launcher.daemon.server.SynchronizedDispatchConnection] thread 988: dispatching BuildEvent[event=org.gradle.internal.build.event.types.DefaultStatusEvent@69d2506]
2026-03-27T23:42:05.732-0500 [DEBUG] [org.gradle.launcher.daemon.server.SynchronizedDispatchConnection] thread 988: dispatching BuildEvent[event=org.gradle.internal.build.event.types.DefaultStatusEvent@730e219c]
2026-03-27T23:42:05.732-0500 [DEBUG] [org.gradle.launcher.daemon.server.SynchronizedDispatchConnection] thread 988: dispatching BuildEvent[event=org.gradle.internal.build.event.types.DefaultStatusEvent@54c5cdd]
2026-03-27T23:42:05.733-0500 [DEBUG] [org.gradle.launcher.daemon.server.SynchronizedDispatchConnection] thread 988: dispatching BuildEvent[event=org.gradle.internal.build.event.types.DefaultStatusEvent@7940bec0]
2026-03-27T23:42:05.733-0500 [DEBUG] [org.gradle.launcher.daemon.server.SynchronizedDispatchConnection] thread 988: dispatching BuildEvent[event=org.gradle.internal.build.event.types.DefaultStatusEvent@169a11fb]
2026-03-27T23:42:05.733-0500 [DEBUG] [org.gradle.launcher.daemon.server.SynchronizedDispatchConnection] thread 988: dispatching BuildEvent[event=org.gradle.internal.build.event.types.DefaultStatusEvent@149ad075]
2026-03-27T23:42:05.733-0500 [DEBUG] [org.gradle.launcher.daemon.server.SynchronizedDispatchConnection] thread 988: dispatching BuildEvent[event=org.gradle.internal.build.event.types.DefaultStatusEvent@7357cc8f]
2026-03-27T23:42:05.733-0500 [DEBUG] [org.gradle.launcher.daemon.server.SynchronizedDispatchConnection] thread 988: dispatching BuildEvent[event=org.gradle.internal.build.event.types.DefaultStatusEvent@f9dca9b]
2026-03-27T23:42:05.733-0500 [DEBUG] [org.gradle.launcher.daemon.server.SynchronizedDispatchConnection] thread 988: dispatching BuildEvent[event=org.gradle.internal.build.event.types.DefaultStatusEvent@494e175a]
2026-03-27T23:42:05.733-0500 [DEBUG] [org.gradle.launcher.daemon.server.SynchronizedDispatchConnection] thread 988: dispatching BuildEvent[event=org.gradle.internal.build.event.types.DefaultStatusEvent@b956f7e]
2026-03-27T23:42:05.734-0500 [DEBUG] [org.gradle.launcher.daemon.server.SynchronizedDispatchConnection] thread 988: dispatching BuildEvent[event=org.gradle.internal.build.event.types.DefaultStatusEvent@466be937]
2026-03-27T23:42:05.734-0500 [DEBUG] [org.gradle.launcher.daemon.server.SynchronizedDispatchConnection] thread 988: dispatching BuildEvent[event=org.gradle.internal.build.event.types.DefaultStatusEvent@27432a73]
2026-03-27T23:42:05.734-0500 [DEBUG] [org.gradle.launcher.daemon.server.SynchronizedDispatchConnection] thread 988: dispatching BuildEvent[event=org.gradle.internal.build.event.types.DefaultStatusEvent@1e0e1d06]
2026-03-27T23:42:05.734-0500 [DEBUG] [org.gradle.launcher.daemon.server.SynchronizedDispatchConnection] thread 988: dispatching BuildEvent[event=org.gradle.internal.build.event.types.DefaultStatusEvent@3e407f26]
2026-03-27T23:42:05.734-0500 [DEBUG] [org.gradle.launcher.daemon.server.SynchronizedDispatchConnection] thread 988: dispatching BuildEvent[event=org.gradle.internal.build.event.types.DefaultStatusEvent@27fb0b88]
2026-03-27T23:42:05.735-0500 [DEBUG] [org.gradle.launcher.daemon.server.SynchronizedDispatchConnection] thread 988: dispatching BuildEvent[event=org.gradle.internal.build.event.types.DefaultStatusEvent@19d5bdb6]
2026-03-27T23:42:05.735-0500 [DEBUG] [org.gradle.launcher.daemon.server.SynchronizedDispatchConnection] thread 988: dispatching BuildEvent[event=org.gradle.internal.build.event.types.DefaultStatusEvent@77dd65a7]
2026-03-27T23:42:05.735-0500 [DEBUG] [org.gradle.launcher.daemon.server.SynchronizedDispatchConnection] thread 988: dispatching BuildEvent[event=org.gradle.internal.build.event.types.DefaultStatusEvent@4a599d35]
2026-03-27T23:42:05.735-0500 [DEBUG] [org.gradle.launcher.daemon.server.SynchronizedDispatchConnection] thread 988: dispatching BuildEvent[event=org.gradle.internal.build.event.types.DefaultStatusEvent@358178bd]
2026-03-27T23:42:05.735-0500 [DEBUG] [org.gradle.launcher.daemon.server.SynchronizedDispatchConnection] thread 988: dispatching BuildEvent[event=org.gradle.internal.build.event.types.DefaultStatusEvent@18d4bb6]
2026-03-27T23:42:05.735-0500 [DEBUG] [org.gradle.launcher.daemon.server.SynchronizedDispatchConnection] thread 988: dispatching BuildEvent[event=org.gradle.internal.build.event.types.DefaultStatusEvent@1de1e67d]
2026-03-27T23:42:05.735-0500 [DEBUG] [org.gradle.launcher.daemon.server.SynchronizedDispatchConnection] thread 988: dispatching BuildEvent[event=org.gradle.internal.build.event.types.DefaultStatusEvent@1bd770c1]
2026-03-27T23:42:05.735-0500 [DEBUG] [org.gradle.launcher.daemon.server.SynchronizedDispatchConnection] thread 988: dispatching BuildEvent[event=org.gradle.internal.build.event.types.DefaultStatusEvent@25ada796]
2026-03-27T23:42:05.736-0500 [DEBUG] [org.gradle.launcher.daemon.server.SynchronizedDispatchConnection] thread 988: dispatching BuildEvent[event=org.gradle.internal.build.event.types.DefaultStatusEvent@4e16886e]
2026-03-27T23:42:05.736-0500 [DEBUG] [org.gradle.launcher.daemon.server.SynchronizedDispatchConnection] thread 988: dispatching BuildEvent[event=org.gradle.internal.build.event.types.DefaultOperationFinishedProgressEvent@5c565ddf]
2026-03-27T23:42:05.739-0500 [DEBUG] [org.gradle.launcher.daemon.server.SynchronizedDispatchConnection] thread 988: dispatching BuildEvent[event=org.gradle.internal.build.event.types.DefaultTaskFinishedProgressEvent@7a3f0ebc]
2026-03-27T23:42:05.739-0500 [DEBUG] [org.gradle.launcher.daemon.server.exec.ExecuteBuild] The daemon has finished executing the build.
2026-03-27T23:42:05.750-0500 [DEBUG] [org.gradle.launcher.daemon.server.DaemonStateCoordinator] Command execution: finished waiting for DaemonCommandExecution[command = Build{id=7cf67dd0-cb1a-4f07-9983-43354a9f28f7, currentDir=C:\Users\sebgo\AndroidStudioProjects\mytaxitravel\app}, connection = DefaultDaemonConnection: socket connection from /127.0.0.1:17309 to /127.0.0.1:3850]. Result org.gradle.launcher.daemon.server.DaemonStateCoordinator@4c3ad2a7 with state Busy
2026-03-27T23:42:05.753-0500 [DEBUG] [org.gradle.launcher.daemon.server.DaemonStateCoordinator] Command execution: completed DaemonCommandExecution[command = Build{id=7cf67dd0-cb1a-4f07-9983-43354a9f28f7, currentDir=C:\Users\sebgo\AndroidStudioProjects\mytaxitravel\app}, connection = DefaultDaemonConnection: socket connection from /127.0.0.1:17309 to /127.0.0.1:3850]
2026-03-27T23:42:05.753-0500 [DEBUG] [org.gradle.launcher.daemon.server.DaemonStateCoordinator] resetting idle timer
2026-03-27T23:42:05.753-0500 [INFO] [org.gradle.launcher.daemon.server.DaemonRegistryUpdater] Marking the daemon as idle, address: [997172e4-0228-42fa-b2cc-c9582f8c896e port:17309, addresses:[localhost/127.0.0.1]]
2026-03-27T23:42:05.754-0500 [DEBUG] [org.gradle.launcher.daemon.registry.PersistentDaemonRegistry] Marking busy by address: [997172e4-0228-42fa-b2cc-c9582f8c896e port:17309, addresses:[localhost/127.0.0.1]]
2026-03-27T23:42:05.757-0500 [DEBUG] [org.gradle.cache.internal.DefaultFileLockManager] Waiting to acquire exclusive lock on daemon addresses registry.
2026-03-27T23:42:05.757-0500 [DEBUG] [org.gradle.cache.internal.DefaultFileLockManager] Lock acquired on daemon addresses registry.
2026-03-27T23:42:05.761-0500 [DEBUG] [org.gradle.cache.internal.DefaultFileLockManager] Releasing lock on daemon addresses registry.
2026-03-27T23:42:05.762-0500 [DEBUG] [org.gradle.launcher.daemon.server.DaemonStateCoordinator] daemon is running. Sleeping until state changes.
2026-03-27T23:42:05.762-0500 [DEBUG] [org.gradle.launcher.daemon.server.exec.ReturnResult] Daemon is dispatching the build result: Success[value=org.gradle.launcher.exec.BuildActionResult@c21900c]
2026-03-27T23:42:05.762-0500 [DEBUG] [org.gradle.launcher.daemon.server.SynchronizedDispatchConnection] thread 887: dispatching Success[value=org.gradle.launcher.exec.BuildActionResult@c21900c]
2026-03-27T23:42:05.763-0500 [DEBUG] [org.gradle.launcher.daemon.server.exec.CleanUpVirtualFileSystemAfterBuild] Cleaning virtual file system after build finished
2026-03-27T23:42:05.763-0500 [DEBUG] [org.gradle.launcher.daemon.server.DefaultIncomingConnectionHandler] Finishing executing command: Build{id=7cf67dd0-cb1a-4f07-9983-43354a9f28f7, currentDir=C:\Users\sebgo\AndroidStudioProjects\mytaxitravel\app}
2026-03-27T23:42:06.043-0500 [DEBUG] [org.gradle.launcher.daemon.server.SynchronizedDispatchConnection] thread 984: received class org.gradle.launcher.daemon.protocol.CloseInput
2026-03-27T23:42:06.043-0500 [DEBUG] [org.gradle.launcher.daemon.server.DefaultDaemonConnection] thread 984: Received IO message from client: org.gradle.launcher.daemon.protocol.CloseInput@4207d069
2026-03-27T23:42:06.044-0500 [DEBUG] [org.gradle.launcher.daemon.server.SynchronizedDispatchConnection] thread 984: received class org.gradle.launcher.daemon.protocol.Finished
2026-03-27T23:42:06.044-0500 [DEBUG] [org.gradle.launcher.daemon.server.DefaultDaemonConnection] thread 984: Received non-IO message from client: org.gradle.launcher.daemon.protocol.Finished@4cc03659
2026-03-27T23:42:06.044-0500 [DEBUG] [org.gradle.launcher.daemon.server.DefaultIncomingConnectionHandler] Received finished message: org.gradle.launcher.daemon.protocol.Finished@4cc03659
2026-03-27T23:42:06.044-0500 [DEBUG] [org.gradle.launcher.daemon.server.SynchronizedDispatchConnection] thread 887: stopping connection
2026-03-27T23:42:06.045-0500 [DEBUG] [org.gradle.internal.remote.internal.inet.SocketConnection] Discarding EOFException: java.io.EOFException
2026-03-27T23:42:06.045-0500 [DEBUG] [org.gradle.launcher.daemon.server.SynchronizedDispatchConnection] thread 984: received null
2026-03-27T23:42:06.045-0500 [DEBUG] [org.gradle.launcher.daemon.server.DefaultDaemonConnection] thread 984: Received end-of-input from client.
2026-03-27T23:42:06.045-0500 [DEBUG] [org.gradle.launcher.daemon.server.SynchronizedDispatchConnection] thread 887: stopping connection
2026-03-27T23:42:06.657-0500 [DEBUG] [org.gradle.cache.internal.DefaultFileLockManager] Waiting to acquire shared lock on daemon addresses registry.
2026-03-27T23:42:06.657-0500 [DEBUG] [org.gradle.cache.internal.DefaultFileLockManager] Lock acquired on daemon addresses registry.
2026-03-27T23:42:06.676-0500 [DEBUG] [org.gradle.cache.internal.DefaultFileLockManager] Releasing lock on daemon addresses registry.
2026-03-27T23:42:06.682-0500 [DEBUG] [org.gradle.cache.internal.DefaultFileLockManager] Waiting to acquire shared lock on daemon addresses registry.
2026-03-27T23:42:06.682-0500 [DEBUG] [org.gradle.cache.internal.DefaultFileLockManager] Lock acquired on daemon addresses registry.
2026-03-27T23:42:06.683-0500 [DEBUG] [org.gradle.cache.internal.DefaultFileLockManager] Releasing lock on daemon addresses registry.
2026-03-27T23:42:09.555-0500 [DEBUG] [org.gradle.process.internal.health.memory.DefaultMemoryManager] 841566208 physical memory requested, 236449792 free
2026-03-27T23:42:09.556-0500 [DEBUG] [org.gradle.workers.internal.WorkerDaemonExpiration] Will attempt to release 802 of memory
2026-03-27T23:42:09.557-0500 [DEBUG] [org.gradle.process.internal.health.memory.DefaultMemoryManager] 841566208 physical memory requested, 0 released, 236449792 free
2026-03-27T23:42:14.541-0500 [DEBUG] [org.gradle.process.internal.health.memory.DefaultMemoryManager] 841566208 physical memory requested, 294809600 free
2026-03-27T23:42:14.542-0500 [DEBUG] [org.gradle.workers.internal.WorkerDaemonExpiration] Will attempt to release 802 of memory
2026-03-27T23:42:14.542-0500 [DEBUG] [org.gradle.process.internal.health.memory.DefaultMemoryManager] 841566208 physical memory requested, 0 released, 294809600 free
2026-03-27T23:42:16.667-0500 [DEBUG] [org.gradle.cache.internal.DefaultFileLockManager] Waiting to acquire shared lock on daemon addresses registry.
2026-03-27T23:42:16.668-0500 [DEBUG] [org.gradle.cache.internal.DefaultFileLockManager] Lock acquired on daemon addresses registry.
2026-03-27T23:42:16.669-0500 [DEBUG] [org.gradle.cache.internal.DefaultFileLockManager] Releasing lock on daemon addresses registry.
2026-03-27T23:42:16.685-0500 [DEBUG] [org.gradle.cache.internal.DefaultFileLockManager] Waiting to acquire shared lock on daemon addresses registry.
2026-03-27T23:42:16.685-0500 [DEBUG] [org.gradle.cache.internal.DefaultFileLockManager] Lock acquired on daemon addresses registry.
2026-03-27T23:42:16.686-0500 [DEBUG] [org.gradle.cache.internal.DefaultFileLockManager] Releasing lock on daemon addresses registry.
2026-03-27T23:42:16.690-0500 [DEBUG] [org.gradle.cache.internal.DefaultFileLockManager] Waiting to acquire shared lock on daemon addresses registry.
2026-03-27T23:42:16.690-0500 [DEBUG] [org.gradle.cache.internal.DefaultFileLockManager] Lock acquired on daemon addresses registry.
2026-03-27T23:42:16.691-0500 [DEBUG] [org.gradle.cache.internal.DefaultFileLockManager] Releasing lock on daemon addresses registry.
2026-03-27T23:42:19.540-0500 [DEBUG] [org.gradle.process.internal.health.memory.DefaultMemoryManager] 841566208 physical memory requested, 430178304 free
2026-03-27T23:42:19.540-0500 [DEBUG] [org.gradle.workers.internal.WorkerDaemonExpiration] Will attempt to release 802 of memory
2026-03-27T23:42:19.540-0500 [DEBUG] [org.gradle.process.internal.health.memory.DefaultMemoryManager] 841566208 physical memory requested, 0 released, 430178304 free
2026-03-27T23:42:24.539-0500 [DEBUG] [org.gradle.process.internal.health.memory.DefaultMemoryManager] 841566208 physical memory requested, 668913664 free
2026-03-27T23:42:24.539-0500 [DEBUG] [org.gradle.workers.internal.WorkerDaemonExpiration] Will attempt to release 802 of memory
2026-03-27T23:42:24.539-0500 [DEBUG] [org.gradle.process.internal.health.memory.DefaultMemoryManager] 841566208 physical memory requested, 0 released, 668913664 free
2026-03-27T23:42:26.646-0500 [DEBUG] [org.gradle.cache.internal.DefaultFileLockManager] Waiting to acquire shared lock on daemon addresses registry.
2026-03-27T23:42:26.646-0500 [DEBUG] [org.gradle.cache.internal.DefaultFileLockManager] Lock acquired on daemon addresses registry.
2026-03-27T23:42:26.646-0500 [DEBUG] [org.gradle.cache.internal.DefaultFileLockManager] Releasing lock on daemon addresses registry.
2026-03-27T23:42:26.648-0500 [DEBUG] [org.gradle.cache.internal.DefaultFileLockManager] Waiting to acquire shared lock on daemon addresses registry.
2026-03-27T23:42:26.648-0500 [DEBUG] [org.gradle.cache.internal.DefaultFileLockManager] Lock acquired on daemon addresses registry.
2026-03-27T23:42:26.648-0500 [DEBUG] [org.gradle.cache.internal.DefaultFileLockManager] Releasing lock on daemon addresses registry.
2026-03-27T23:42:26.650-0500 [DEBUG] [org.gradle.cache.internal.DefaultFileLockManager] Waiting to acquire shared lock on daemon addresses registry.
2026-03-27T23:42:26.650-0500 [DEBUG] [org.gradle.cache.internal.DefaultFileLockManager] Lock acquired on daemon addresses registry.
2026-03-27T23:42:26.651-0500 [DEBUG] [org.gradle.cache.internal.DefaultFileLockManager] Releasing lock on daemon addresses registry.
2026-03-27T23:42:34.539-0500 [DEBUG] [org.gradle.process.internal.health.memory.DefaultMemoryManager] 841566208 physical memory requested, 599404544 free
2026-03-27T23:42:34.540-0500 [DEBUG] [org.gradle.workers.internal.WorkerDaemonExpiration] Will attempt to release 802 of memory
2026-03-27T23:42:34.541-0500 [DEBUG] [org.gradle.process.internal.health.memory.DefaultMemoryManager] 841566208 physical memory requested, 0 released, 599404544 free
2026-03-27T23:42:36.712-0500 [DEBUG] [org.gradle.cache.internal.DefaultFileLockManager] Waiting to acquire shared lock on daemon addresses registry.
2026-03-27T23:42:36.713-0500 [DEBUG] [org.gradle.cache.internal.DefaultFileLockManager] Lock acquired on daemon addresses registry.
2026-03-27T23:42:36.715-0500 [DEBUG] [org.gradle.cache.internal.DefaultFileLockManager] Releasing lock on daemon addresses registry.
2026-03-27T23:42:36.719-0500 [DEBUG] [org.gradle.cache.internal.DefaultFileLockManager] Waiting to acquire shared lock on daemon addresses registry.
2026-03-27T23:42:36.720-0500 [DEBUG] [org.gradle.cache.internal.DefaultFileLockManager] Lock acquired on daemon addresses registry.
2026-03-27T23:42:36.721-0500 [DEBUG] [org.gradle.cache.internal.DefaultFileLockManager] Releasing lock on daemon addresses registry.
2026-03-27T23:42:36.728-0500 [DEBUG] [org.gradle.cache.internal.DefaultFileLockManager] Waiting to acquire shared lock on daemon addresses registry.
2026-03-27T23:42:36.728-0500 [DEBUG] [org.gradle.cache.internal.DefaultFileLockManager] Lock acquired on daemon addresses registry.
2026-03-27T23:42:36.729-0500 [DEBUG] [org.gradle.cache.internal.DefaultFileLockManager] Releasing lock on daemon addresses registry.
2026-03-27T23:42:39.549-0500 [DEBUG] [org.gradle.process.internal.health.memory.DefaultMemoryManager] 841566208 physical memory requested, 309477376 free
2026-03-27T23:42:39.549-0500 [DEBUG] [org.gradle.workers.internal.WorkerDaemonExpiration] Will attempt to release 802 of memory
2026-03-27T23:42:39.550-0500 [DEBUG] [org.gradle.process.internal.health.memory.DefaultMemoryManager] 841566208 physical memory requested, 0 released, 309477376 free
2026-03-27T23:42:44.547-0500 [DEBUG] [org.gradle.process.internal.health.memory.DefaultMemoryManager] 841566208 physical memory requested, 326623232 free
2026-03-27T23:42:44.547-0500 [DEBUG] [org.gradle.workers.internal.WorkerDaemonExpiration] Will attempt to release 802 of memory
2026-03-27T23:42:44.548-0500 [DEBUG] [org.gradle.process.internal.health.memory.DefaultMemoryManager] 841566208 physical memory requested, 0 released, 326623232 free
2026-03-27T23:42:46.652-0500 [DEBUG] [org.gradle.cache.internal.DefaultFileLockManager] Waiting to acquire shared lock on daemon addresses registry.
2026-03-27T23:42:46.652-0500 [DEBUG] [org.gradle.cache.internal.DefaultFileLockManager] Lock acquired on daemon addresses registry.
2026-03-27T23:42:46.654-0500 [DEBUG] [org.gradle.cache.internal.DefaultFileLockManager] Releasing lock on daemon addresses registry.
2026-03-27T23:42:46.658-0500 [DEBUG] [org.gradle.cache.internal.DefaultFileLockManager] Waiting to acquire shared lock on daemon addresses registry.
2026-03-27T23:42:46.658-0500 [DEBUG] [org.gradle.cache.internal.DefaultFileLockManager] Lock acquired on daemon addresses registry.
2026-03-27T23:42:46.660-0500 [DEBUG] [org.gradle.cache.internal.DefaultFileLockManager] Releasing lock on daemon addresses registry.
2026-03-27T23:42:46.663-0500 [DEBUG] [org.gradle.cache.internal.DefaultFileLockManager] Waiting to acquire shared lock on daemon addresses registry.
2026-03-27T23:42:46.663-0500 [DEBUG] [org.gradle.cache.internal.DefaultFileLockManager] Lock acquired on daemon addresses registry.
2026-03-27T23:42:46.663-0500 [DEBUG] [org.gradle.cache.internal.DefaultFileLockManager] Releasing lock on daemon addresses registry.
2026-03-27T23:42:49.542-0500 [DEBUG] [org.gradle.process.internal.health.memory.DefaultMemoryManager] 841566208 physical memory requested, 353636352 free
2026-03-27T23:42:49.542-0500 [DEBUG] [org.gradle.workers.internal.WorkerDaemonExpiration] Will attempt to release 802 of memory
2026-03-27T23:42:49.542-0500 [DEBUG] [org.gradle.process.internal.health.memory.DefaultMemoryManager] 841566208 physical memory requested, 0 released, 353636352 free
2026-03-27T23:42:54.539-0500 [DEBUG] [org.gradle.process.internal.health.memory.DefaultMemoryManager] 841566208 physical memory requested, 564563968 free
2026-03-27T23:42:54.540-0500 [DEBUG] [org.gradle.workers.internal.WorkerDaemonExpiration] Will attempt to release 802 of memory
2026-03-27T23:42:54.540-0500 [DEBUG] [org.gradle.process.internal.health.memory.DefaultMemoryManager] 841566208 physical memory requested, 0 released, 564563968 free
2026-03-27T23:42:56.649-0500 [DEBUG] [org.gradle.cache.internal.DefaultFileLockManager] Waiting to acquire shared lock on daemon addresses registry.
2026-03-27T23:42:56.649-0500 [DEBUG] [org.gradle.cache.internal.DefaultFileLockManager] Lock acquired on daemon addresses registry.
2026-03-27T23:42:56.650-0500 [DEBUG] [org.gradle.cache.internal.DefaultFileLockManager] Releasing lock on daemon addresses registry.
2026-03-27T23:42:56.689-0500 [DEBUG] [org.gradle.cache.internal.DefaultFileLockManager] Waiting to acquire shared lock on daemon addresses registry.
2026-03-27T23:42:56.689-0500 [DEBUG] [org.gradle.cache.internal.DefaultFileLockManager] Lock acquired on daemon addresses registry.
2026-03-27T23:42:56.689-0500 [DEBUG] [org.gradle.cache.internal.DefaultFileLockManager] Releasing lock on daemon addresses registry.
2026-03-27T23:42:56.733-0500 [DEBUG] [org.gradle.cache.internal.DefaultFileLockManager] Waiting to acquire shared lock on daemon addresses registry.
2026-03-27T23:42:56.734-0500 [DEBUG] [org.gradle.cache.internal.DefaultFileLockManager] Lock acquired on daemon addresses registry.
2026-03-27T23:42:56.735-0500 [DEBUG] [org.gradle.cache.internal.DefaultFileLockManager] Releasing lock on daemon addresses registry.
2026-03-27T23:43:06.640-0500 [DEBUG] [org.gradle.cache.internal.DefaultFileLockManager] Waiting to acquire shared lock on daemon addresses registry.
2026-03-27T23:43:06.640-0500 [DEBUG] [org.gradle.cache.internal.DefaultFileLockManager] Lock acquired on daemon addresses registry.
2026-03-27T23:43:06.641-0500 [DEBUG] [org.gradle.cache.internal.DefaultFileLockManager] Releasing lock on daemon addresses registry.
2026-03-27T23:43:06.643-0500 [DEBUG] [org.gradle.cache.internal.DefaultFileLockManager] Waiting to acquire shared lock on daemon addresses registry.
2026-03-27T23:43:06.644-0500 [DEBUG] [org.gradle.cache.internal.DefaultFileLockManager] Lock acquired on daemon addresses registry.
2026-03-27T23:43:06.645-0500 [DEBUG] [org.gradle.cache.internal.DefaultFileLockManager] Releasing lock on daemon addresses registry.
2026-03-27T23:43:06.647-0500 [DEBUG] [org.gradle.cache.internal.DefaultFileLockManager] Waiting to acquire shared lock on daemon addresses registry.
2026-03-27T23:43:06.648-0500 [DEBUG] [org.gradle.cache.internal.DefaultFileLockManager] Lock acquired on daemon addresses registry.
2026-03-27T23:43:06.648-0500 [DEBUG] [org.gradle.cache.internal.DefaultFileLockManager] Releasing lock on daemon addresses registry.
2026-03-27T23:43:16.638-0500 [DEBUG] [org.gradle.cache.internal.DefaultFileLockManager] Waiting to acquire shared lock on daemon addresses registry.
2026-03-27T23:43:16.638-0500 [DEBUG] [org.gradle.cache.internal.DefaultFileLockManager] Lock acquired on daemon addresses registry.
2026-03-27T23:43:16.639-0500 [DEBUG] [org.gradle.cache.internal.DefaultFileLockManager] Releasing lock on daemon addresses registry.
2026-03-27T23:43:16.641-0500 [DEBUG] [org.gradle.cache.internal.DefaultFileLockManager] Waiting to acquire shared lock on daemon addresses registry.
2026-03-27T23:43:16.643-0500 [DEBUG] [org.gradle.cache.internal.DefaultFileLockManager] Lock acquired on daemon addresses registry.
2026-03-27T23:43:16.644-0500 [DEBUG] [org.gradle.cache.internal.DefaultFileLockManager] Releasing lock on daemon addresses registry.
2026-03-27T23:43:16.646-0500 [DEBUG] [org.gradle.cache.internal.DefaultFileLockManager] Waiting to acquire shared lock on daemon addresses registry.
2026-03-27T23:43:16.646-0500 [DEBUG] [org.gradle.cache.internal.DefaultFileLockManager] Lock acquired on daemon addresses registry.
2026-03-27T23:43:16.647-0500 [DEBUG] [org.gradle.cache.internal.DefaultFileLockManager] Releasing lock on daemon addresses registry.
2026-03-27T23:43:19.539-0500 [DEBUG] [org.gradle.process.internal.health.memory.DefaultMemoryManager] 841566208 physical memory requested, 578273280 free
2026-03-27T23:43:19.540-0500 [DEBUG] [org.gradle.workers.internal.WorkerDaemonExpiration] Will attempt to release 802 of memory
2026-03-27T23:43:19.540-0500 [DEBUG] [org.gradle.process.internal.health.memory.DefaultMemoryManager] 841566208 physical memory requested, 0 released, 578273280 free
2026-03-27T23:43:24.539-0500 [DEBUG] [org.gradle.process.internal.health.memory.DefaultMemoryManager] 841566208 physical memory requested, 586391552 free
2026-03-27T23:43:24.539-0500 [DEBUG] [org.gradle.workers.internal.WorkerDaemonExpiration] Will attempt to release 802 of memory
2026-03-27T23:43:24.539-0500 [DEBUG] [org.gradle.process.internal.health.memory.DefaultMemoryManager] 841566208 physical memory requested, 0 released, 586391552 free
2026-03-27T23:43:26.391-0500 [DEBUG] [sun.rmi.transport.tcp] RMI TCP Connection(24)-127.0.0.1: accepted socket from [127.0.0.1:19233]
2026-03-27T23:43:26.442-0500 [DEBUG] [sun.rmi.transport.tcp] RMI TCP Connection(24)-127.0.0.1: (port 27155) op = 80
2026-03-27T23:43:26.495-0500 [DEBUG] [sun.rmi.loader] RMI TCP Connection(24)-127.0.0.1: name = "[Ljava.rmi.server.ObjID;", codebase = "", defaultLoader = jdk.internal.loader.ClassLoaders$PlatformClassLoader@65311715
2026-03-27T23:43:26.516-0500 [DEBUG] [sun.rmi.loader] RMI TCP Connection(24)-127.0.0.1: name = "java.rmi.dgc.Lease", codebase = "", defaultLoader = jdk.internal.loader.ClassLoaders$PlatformClassLoader@65311715
2026-03-27T23:43:26.523-0500 [DEBUG] [sun.rmi.loader] RMI TCP Connection(24)-127.0.0.1: name = "java.rmi.dgc.VMID", codebase = "", defaultLoader = jdk.internal.loader.ClassLoaders$PlatformClassLoader@65311715
2026-03-27T23:43:26.526-0500 [DEBUG] [sun.rmi.loader] RMI TCP Connection(24)-127.0.0.1: name = "[B", codebase = "", defaultLoader = jdk.internal.loader.ClassLoaders$PlatformClassLoader@65311715
2026-03-27T23:43:26.536-0500 [DEBUG] [sun.rmi.loader] RMI TCP Connection(24)-127.0.0.1: name = "java.rmi.server.UID", codebase = "", defaultLoader = jdk.internal.loader.ClassLoaders$PlatformClassLoader@65311715
2026-03-27T23:43:26.643-0500 [DEBUG] [org.gradle.cache.internal.DefaultFileLockManager] Waiting to acquire shared lock on daemon addresses registry.
2026-03-27T23:43:26.643-0500 [DEBUG] [org.gradle.cache.internal.DefaultFileLockManager] Lock acquired on daemon addresses registry.
2026-03-27T23:43:26.644-0500 [DEBUG] [org.gradle.cache.internal.DefaultFileLockManager] Releasing lock on daemon addresses registry.
2026-03-27T23:43:26.652-0500 [DEBUG] [org.gradle.cache.internal.DefaultFileLockManager] Waiting to acquire shared lock on daemon addresses registry.
2026-03-27T23:43:26.652-0500 [DEBUG] [org.gradle.cache.internal.DefaultFileLockManager] Lock acquired on daemon addresses registry.
2026-03-27T23:43:26.653-0500 [DEBUG] [org.gradle.cache.internal.DefaultFileLockManager] Releasing lock on daemon addresses registry.
2026-03-27T23:43:26.661-0500 [DEBUG] [org.gradle.cache.internal.DefaultFileLockManager] Waiting to acquire shared lock on daemon addresses registry.
2026-03-27T23:43:26.662-0500 [DEBUG] [org.gradle.cache.internal.DefaultFileLockManager] Lock acquired on daemon addresses registry.
2026-03-27T23:43:26.663-0500 [DEBUG] [org.gradle.cache.internal.DefaultFileLockManager] Releasing lock on daemon addresses registry.
2026-03-27T23:43:29.541-0500 [DEBUG] [org.gradle.process.internal.health.memory.DefaultMemoryManager] 841566208 physical memory requested, 465240064 free
2026-03-27T23:43:29.541-0500 [DEBUG] [org.gradle.workers.internal.WorkerDaemonExpiration] Will attempt to release 802 of memory
2026-03-27T23:43:29.541-0500 [DEBUG] [org.gradle.process.internal.health.memory.DefaultMemoryManager] 841566208 physical memory requested, 0 released, 465240064 free
2026-03-27T23:43:34.553-0500 [DEBUG] [org.gradle.process.internal.health.memory.DefaultMemoryManager] 841566208 physical memory requested, 491872256 free
2026-03-27T23:43:34.553-0500 [DEBUG] [org.gradle.workers.internal.WorkerDaemonExpiration] Will attempt to release 802 of memory
2026-03-27T23:43:34.554-0500 [DEBUG] [org.gradle.process.internal.health.memory.DefaultMemoryManager] 841566208 physical memory requested, 0 released, 491872256 free
2026-03-27T23:43:36.639-0500 [DEBUG] [org.gradle.cache.internal.DefaultFileLockManager] Waiting to acquire shared lock on daemon addresses registry.
2026-03-27T23:43:36.639-0500 [DEBUG] [org.gradle.cache.internal.DefaultFileLockManager] Lock acquired on daemon addresses registry.
2026-03-27T23:43:36.639-0500 [DEBUG] [org.gradle.cache.internal.DefaultFileLockManager] Releasing lock on daemon addresses registry.
2026-03-27T23:43:36.642-0500 [DEBUG] [org.gradle.cache.internal.DefaultFileLockManager] Waiting to acquire shared lock on daemon addresses registry.
2026-03-27T23:43:36.642-0500 [DEBUG] [org.gradle.cache.internal.DefaultFileLockManager] Lock acquired on daemon addresses registry.
2026-03-27T23:43:36.642-0500 [DEBUG] [org.gradle.cache.internal.DefaultFileLockManager] Releasing lock on daemon addresses registry.
2026-03-27T23:43:36.645-0500 [DEBUG] [org.gradle.cache.internal.DefaultFileLockManager] Waiting to acquire shared lock on daemon addresses registry.
2026-03-27T23:43:36.645-0500 [DEBUG] [org.gradle.cache.internal.DefaultFileLockManager] Lock acquired on daemon addresses registry.
2026-03-27T23:43:36.645-0500 [DEBUG] [org.gradle.cache.internal.DefaultFileLockManager] Releasing lock on daemon addresses registry.
2026-03-27T23:43:41.612-0500 [DEBUG] [sun.rmi.transport.tcp] RMI TCP Connection(24)-127.0.0.1: (port 27155) connection closed
2026-03-27T23:43:41.619-0500 [DEBUG] [sun.rmi.transport.tcp] RMI TCP Connection(24)-127.0.0.1: close connection, socket: Socket[addr=/127.0.0.1,port=19233,localport=27155]
2026-03-27T23:43:41.626-0500 [DEBUG] [sun.rmi.transport.tcp] RMI TCP Connection(24)-127.0.0.1: socket close: Socket[addr=/127.0.0.1,port=19233,localport=27155]
2026-03-27T23:43:46.639-0500 [DEBUG] [org.gradle.cache.internal.DefaultFileLockManager] Waiting to acquire shared lock on daemon addresses registry.
2026-03-27T23:43:46.640-0500 [DEBUG] [org.gradle.cache.internal.DefaultFileLockManager] Lock acquired on daemon addresses registry.
2026-03-27T23:43:46.641-0500 [DEBUG] [org.gradle.cache.internal.DefaultFileLockManager] Releasing lock on daemon addresses registry.
2026-03-27T23:43:46.644-0500 [DEBUG] [org.gradle.cache.internal.DefaultFileLockManager] Waiting to acquire shared lock on daemon addresses registry.
2026-03-27T23:43:46.644-0500 [DEBUG] [org.gradle.cache.internal.DefaultFileLockManager] Lock acquired on daemon addresses registry.
2026-03-27T23:43:46.644-0500 [DEBUG] [org.gradle.cache.internal.DefaultFileLockManager] Releasing lock on daemon addresses registry.
2026-03-27T23:43:46.646-0500 [DEBUG] [org.gradle.cache.internal.DefaultFileLockManager] Waiting to acquire shared lock on daemon addresses registry.
2026-03-27T23:43:46.646-0500 [DEBUG] [org.gradle.cache.internal.DefaultFileLockManager] Lock acquired on daemon addresses registry.
2026-03-27T23:43:46.647-0500 [DEBUG] [org.gradle.cache.internal.DefaultFileLockManager] Releasing lock on daemon addresses registry.
2026-03-27T23:43:49.547-0500 [DEBUG] [org.gradle.process.internal.health.memory.DefaultMemoryManager] 841566208 physical memory requested, 466509824 free
2026-03-27T23:43:49.612-0500 [DEBUG] [org.gradle.workers.internal.WorkerDaemonExpiration] Will attempt to release 802 of memory
2026-03-27T23:43:49.612-0500 [DEBUG] [org.gradle.process.internal.health.memory.DefaultMemoryManager] 841566208 physical memory requested, 0 released, 466509824 free
2026-03-27T23:43:54.559-0500 [DEBUG] [org.gradle.process.internal.health.memory.DefaultMemoryManager] 841566208 physical memory requested, 527990784 free
2026-03-27T23:43:54.560-0500 [DEBUG] [org.gradle.workers.internal.WorkerDaemonExpiration] Will attempt to release 802 of memory
2026-03-27T23:43:54.560-0500 [DEBUG] [org.gradle.process.internal.health.memory.DefaultMemoryManager] 841566208 physical memory requested, 0 released, 527990784 free
2026-03-27T23:43:56.222-0500 [DEBUG] [org.gradle.internal.watch.vfs.impl.WatchingVirtualFileSystem] Handling VFS change REMOVED C:\Users\sebgo\AndroidStudioProjects\mytaxitravel\app\src\main\res\menu\bottom_nav_menu2.xml
2026-03-27T23:43:56.661-0500 [DEBUG] [org.gradle.cache.internal.DefaultFileLockManager] Waiting to acquire shared lock on daemon addresses registry.
2026-03-27T23:43:56.661-0500 [DEBUG] [org.gradle.cache.internal.DefaultFileLockManager] Lock acquired on daemon addresses registry.
2026-03-27T23:43:56.663-0500 [DEBUG] [org.gradle.cache.internal.DefaultFileLockManager] Releasing lock on daemon addresses registry.
2026-03-27T23:43:56.685-0500 [DEBUG] [org.gradle.cache.internal.DefaultFileLockManager] Waiting to acquire shared lock on daemon addresses registry.
2026-03-27T23:43:56.689-0500 [DEBUG] [org.gradle.cache.internal.DefaultFileLockManager] Lock acquired on daemon addresses registry.
2026-03-27T23:43:56.692-0500 [DEBUG] [org.gradle.cache.internal.DefaultFileLockManager] Releasing lock on daemon addresses registry.
2026-03-27T23:43:56.696-0500 [DEBUG] [org.gradle.cache.internal.DefaultFileLockManager] Waiting to acquire shared lock on daemon addresses registry.
2026-03-27T23:43:56.696-0500 [DEBUG] [org.gradle.cache.internal.DefaultFileLockManager] Lock acquired on daemon addresses registry.
2026-03-27T23:43:56.697-0500 [DEBUG] [org.gradle.cache.internal.DefaultFileLockManager] Releasing lock on daemon addresses registry.
2026-03-27T23:43:59.538-0500 [DEBUG] [org.gradle.process.internal.health.memory.DefaultMemoryManager] 841566208 physical memory requested, 556462080 free
2026-03-27T23:43:59.605-0500 [DEBUG] [org.gradle.workers.internal.WorkerDaemonExpiration] Will attempt to release 802 of memory
2026-03-27T23:43:59.605-0500 [DEBUG] [org.gradle.process.internal.health.memory.DefaultMemoryManager] 841566208 physical memory requested, 0 released, 556462080 free
2026-03-27T23:44:02.295-0500 [DEBUG] [org.gradle.internal.watch.vfs.impl.WatchingVirtualFileSystem] Handling VFS change REMOVED C:\Users\sebgo\AndroidStudioProjects\mytaxitravel\app\src\main\res\menu\bottom_nav_menu3.xml
2026-03-27T23:44:04.540-0500 [DEBUG] [org.gradle.process.internal.health.memory.DefaultMemoryManager] 841566208 physical memory requested, 798744576 free
2026-03-27T23:44:04.540-0500 [DEBUG] [org.gradle.workers.internal.WorkerDaemonExpiration] Will attempt to release 802 of memory
2026-03-27T23:44:04.540-0500 [DEBUG] [org.gradle.process.internal.health.memory.DefaultMemoryManager] 841566208 physical memory requested, 0 released, 798744576 free
2026-03-27T23:44:06.646-0500 [DEBUG] [org.gradle.cache.internal.DefaultFileLockManager] Waiting to acquire shared lock on daemon addresses registry.
2026-03-27T23:44:06.646-0500 [DEBUG] [org.gradle.cache.internal.DefaultFileLockManager] Lock acquired on daemon addresses registry.
2026-03-27T23:44:06.647-0500 [DEBUG] [org.gradle.cache.internal.DefaultFileLockManager] Releasing lock on daemon addresses registry.
2026-03-27T23:44:06.649-0500 [DEBUG] [org.gradle.cache.internal.DefaultFileLockManager] Waiting to acquire shared lock on daemon addresses registry.
2026-03-27T23:44:06.649-0500 [DEBUG] [org.gradle.cache.internal.DefaultFileLockManager] Lock acquired on daemon addresses registry.
2026-03-27T23:44:06.650-0500 [DEBUG] [org.gradle.cache.internal.DefaultFileLockManager] Releasing lock on daemon addresses registry.
2026-03-27T23:44:06.661-0500 [DEBUG] [org.gradle.cache.internal.DefaultFileLockManager] Waiting to acquire shared lock on daemon addresses registry.
2026-03-27T23:44:06.662-0500 [DEBUG] [org.gradle.cache.internal.DefaultFileLockManager] Lock acquired on daemon addresses registry.
2026-03-27T23:44:06.662-0500 [DEBUG] [org.gradle.cache.internal.DefaultFileLockManager] Releasing lock on daemon addresses registry.
2026-03-27T23:44:09.540-0500 [DEBUG] [org.gradle.process.internal.health.memory.DefaultMemoryManager] 841566208 physical memory requested, 585691136 free
2026-03-27T23:44:09.540-0500 [DEBUG] [org.gradle.workers.internal.WorkerDaemonExpiration] Will attempt to release 802 of memory
2026-03-27T23:44:09.540-0500 [DEBUG] [org.gradle.process.internal.health.memory.DefaultMemoryManager] 841566208 physical memory requested, 0 released, 585691136 free
2026-03-27T23:44:14.539-0500 [DEBUG] [org.gradle.process.internal.health.memory.DefaultMemoryManager] 841566208 physical memory requested, 619536384 free
2026-03-27T23:44:14.540-0500 [DEBUG] [org.gradle.workers.internal.WorkerDaemonExpiration] Will attempt to release 802 of memory
2026-03-27T23:44:14.540-0500 [DEBUG] [org.gradle.process.internal.health.memory.DefaultMemoryManager] 841566208 physical memory requested, 0 released, 619536384 free
2026-03-27T23:44:15.389-0500 [DEBUG] [org.gradle.internal.watch.vfs.impl.WatchingVirtualFileSystem] Handling VFS change CREATED C:\Users\sebgo\AndroidStudioProjects\mytaxitravel\app\src\main\res\layout\activity_usuario.xml~
2026-03-27T23:44:15.390-0500 [DEBUG] [org.gradle.internal.watch.vfs.impl.WatchingVirtualFileSystem] Handling VFS change MODIFIED C:\Users\sebgo\AndroidStudioProjects\mytaxitravel\app\src\main\res\layout\activity_usuario.xml
2026-03-27T23:44:15.408-0500 [DEBUG] [org.gradle.internal.watch.vfs.impl.WatchingVirtualFileSystem] Handling VFS change MODIFIED C:\Users\sebgo\AndroidStudioProjects\mytaxitravel\app\src\main\res\layout\activity_calificacion_viaje.xml
2026-03-27T23:44:15.421-0500 [DEBUG] [org.gradle.internal.watch.vfs.impl.WatchingVirtualFileSystem] Handling VFS change MODIFIED C:\Users\sebgo\AndroidStudioProjects\mytaxitravel\app\src\main\res\layout\activity_viajes.xml
2026-03-27T23:44:16.647-0500 [DEBUG] [org.gradle.cache.internal.DefaultFileLockManager] Waiting to acquire shared lock on daemon addresses registry.
2026-03-27T23:44:16.648-0500 [DEBUG] [org.gradle.cache.internal.DefaultFileLockManager] Lock acquired on daemon addresses registry.
2026-03-27T23:44:16.651-0500 [DEBUG] [org.gradle.cache.internal.DefaultFileLockManager] Releasing lock on daemon addresses registry.
2026-03-27T23:44:16.661-0500 [DEBUG] [org.gradle.cache.internal.DefaultFileLockManager] Waiting to acquire shared lock on daemon addresses registry.
2026-03-27T23:44:16.662-0500 [DEBUG] [org.gradle.cache.internal.DefaultFileLockManager] Lock acquired on daemon addresses registry.
2026-03-27T23:44:16.662-0500 [DEBUG] [org.gradle.cache.internal.DefaultFileLockManager] Releasing lock on daemon addresses registry.
2026-03-27T23:44:16.665-0500 [DEBUG] [org.gradle.cache.internal.DefaultFileLockManager] Waiting to acquire shared lock on daemon addresses registry.
2026-03-27T23:44:16.666-0500 [DEBUG] [org.gradle.cache.internal.DefaultFileLockManager] Lock acquired on daemon addresses registry.
2026-03-27T23:44:16.666-0500 [DEBUG] [org.gradle.cache.internal.DefaultFileLockManager] Releasing lock on daemon addresses registry.
2026-03-27T23:44:19.539-0500 [DEBUG] [org.gradle.process.internal.health.memory.DefaultMemoryManager] 841566208 physical memory requested, 510406656 free
2026-03-27T23:44:19.540-0500 [DEBUG] [org.gradle.workers.internal.WorkerDaemonExpiration] Will attempt to release 802 of memory
2026-03-27T23:44:19.540-0500 [DEBUG] [org.gradle.process.internal.health.memory.DefaultMemoryManager] 841566208 physical memory requested, 0 released, 510406656 free
2026-03-27T23:44:24.539-0500 [DEBUG] [org.gradle.process.internal.health.memory.DefaultMemoryManager] 841566208 physical memory requested, 799752192 free
2026-03-27T23:44:24.539-0500 [DEBUG] [org.gradle.workers.internal.WorkerDaemonExpiration] Will attempt to release 802 of memory
2026-03-27T23:44:24.539-0500 [DEBUG] [org.gradle.process.internal.health.memory.DefaultMemoryManager] 841566208 physical memory requested, 0 released, 799752192 free
2026-03-27T23:44:26.638-0500 [DEBUG] [org.gradle.cache.internal.DefaultFileLockManager] Waiting to acquire shared lock on daemon addresses registry.
2026-03-27T23:44:26.638-0500 [DEBUG] [org.gradle.cache.internal.DefaultFileLockManager] Lock acquired on daemon addresses registry.
2026-03-27T23:44:26.638-0500 [DEBUG] [org.gradle.cache.internal.DefaultFileLockManager] Releasing lock on daemon addresses registry.
2026-03-27T23:44:26.640-0500 [DEBUG] [org.gradle.cache.internal.DefaultFileLockManager] Waiting to acquire shared lock on daemon addresses registry.
2026-03-27T23:44:26.640-0500 [DEBUG] [org.gradle.cache.internal.DefaultFileLockManager] Lock acquired on daemon addresses registry.
2026-03-27T23:44:26.640-0500 [DEBUG] [org.gradle.cache.internal.DefaultFileLockManager] Releasing lock on daemon addresses registry.
2026-03-27T23:44:26.641-0500 [DEBUG] [org.gradle.cache.internal.DefaultFileLockManager] Waiting to acquire shared lock on daemon addresses registry.
2026-03-27T23:44:26.642-0500 [DEBUG] [org.gradle.cache.internal.DefaultFileLockManager] Lock acquired on daemon addresses registry.
2026-03-27T23:44:26.642-0500 [DEBUG] [org.gradle.cache.internal.DefaultFileLockManager] Releasing lock on daemon addresses registry.
2026-03-27T23:44:29.539-0500 [DEBUG] [org.gradle.process.internal.health.memory.DefaultMemoryManager] 841566208 physical memory requested, 840216576 free
2026-03-27T23:44:29.539-0500 [DEBUG] [org.gradle.workers.internal.WorkerDaemonExpiration] Will attempt to release 802 of memory
2026-03-27T23:44:29.539-0500 [DEBUG] [org.gradle.process.internal.health.memory.DefaultMemoryManager] 841566208 physical memory requested, 0 released, 840216576 free
2026-03-27T23:44:34.540-0500 [DEBUG] [org.gradle.process.internal.health.memory.DefaultMemoryManager] 841566208 physical memory requested, 679305216 free
2026-03-27T23:44:34.554-0500 [DEBUG] [org.gradle.workers.internal.WorkerDaemonExpiration] Will attempt to release 802 of memory
2026-03-27T23:44:34.554-0500 [DEBUG] [org.gradle.process.internal.health.memory.DefaultMemoryManager] 841566208 physical memory requested, 0 released, 679305216 free
2026-03-27T23:44:36.639-0500 [DEBUG] [org.gradle.cache.internal.DefaultFileLockManager] Waiting to acquire shared lock on daemon addresses registry.
2026-03-27T23:44:36.639-0500 [DEBUG] [org.gradle.cache.internal.DefaultFileLockManager] Lock acquired on daemon addresses registry.
2026-03-27T23:44:36.641-0500 [DEBUG] [org.gradle.cache.internal.DefaultFileLockManager] Releasing lock on daemon addresses registry.
2026-03-27T23:44:36.643-0500 [DEBUG] [org.gradle.cache.internal.DefaultFileLockManager] Waiting to acquire shared lock on daemon addresses registry.
2026-03-27T23:44:36.643-0500 [DEBUG] [org.gradle.cache.internal.DefaultFileLockManager] Lock acquired on daemon addresses registry.
2026-03-27T23:44:36.644-0500 [DEBUG] [org.gradle.cache.internal.DefaultFileLockManager] Releasing lock on daemon addresses registry.
2026-03-27T23:44:36.646-0500 [DEBUG] [org.gradle.cache.internal.DefaultFileLockManager] Waiting to acquire shared lock on daemon addresses registry.
2026-03-27T23:44:36.646-0500 [DEBUG] [org.gradle.cache.internal.DefaultFileLockManager] Lock acquired on daemon addresses registry.
2026-03-27T23:44:36.647-0500 [DEBUG] [org.gradle.cache.internal.DefaultFileLockManager] Releasing lock on daemon addresses registry.
2026-03-27T23:44:39.552-0500 [DEBUG] [org.gradle.process.internal.health.memory.DefaultMemoryManager] 841566208 physical memory requested, 735363072 free
2026-03-27T23:44:39.552-0500 [DEBUG] [org.gradle.workers.internal.WorkerDaemonExpiration] Will attempt to release 802 of memory
2026-03-27T23:44:39.553-0500 [DEBUG] [org.gradle.process.internal.health.memory.DefaultMemoryManager] 841566208 physical memory requested, 0 released, 735363072 free
2026-03-27T23:44:41.939-0500 [DEBUG] [sun.rmi.transport.tcp] RMI TCP Connection(25)-127.0.0.1: accepted socket from [127.0.0.1:55138]
2026-03-27T23:44:41.946-0500 [DEBUG] [sun.rmi.transport.tcp] RMI TCP Connection(25)-127.0.0.1: (port 27155) op = 80
2026-03-27T23:44:41.951-0500 [DEBUG] [sun.rmi.loader] RMI TCP Connection(25)-127.0.0.1: name = "[Ljava.rmi.server.ObjID;", codebase = "", defaultLoader = jdk.internal.loader.ClassLoaders$PlatformClassLoader@65311715
2026-03-27T23:44:41.954-0500 [DEBUG] [sun.rmi.loader] RMI TCP Connection(25)-127.0.0.1: name = "java.rmi.dgc.Lease", codebase = "", defaultLoader = jdk.internal.loader.ClassLoaders$PlatformClassLoader@65311715
2026-03-27T23:44:41.955-0500 [DEBUG] [sun.rmi.loader] RMI TCP Connection(25)-127.0.0.1: name = "java.rmi.dgc.VMID", codebase = "", defaultLoader = jdk.internal.loader.ClassLoaders$PlatformClassLoader@65311715
2026-03-27T23:44:41.955-0500 [DEBUG] [sun.rmi.loader] RMI TCP Connection(25)-127.0.0.1: name = "[B", codebase = "", defaultLoader = jdk.internal.loader.ClassLoaders$PlatformClassLoader@65311715
2026-03-27T23:44:41.956-0500 [DEBUG] [sun.rmi.loader] RMI TCP Connection(25)-127.0.0.1: name = "java.rmi.server.UID", codebase = "", defaultLoader = jdk.internal.loader.ClassLoaders$PlatformClassLoader@65311715
2026-03-27T23:44:44.540-0500 [DEBUG] [org.gradle.process.internal.health.memory.DefaultMemoryManager] 841566208 physical memory requested, 759693312 free
2026-03-27T23:44:44.541-0500 [DEBUG] [org.gradle.workers.internal.WorkerDaemonExpiration] Will attempt to release 802 of memory
2026-03-27T23:44:44.541-0500 [DEBUG] [org.gradle.process.internal.health.memory.DefaultMemoryManager] 841566208 physical memory requested, 0 released, 759693312 free
2026-03-27T23:44:46.647-0500 [DEBUG] [org.gradle.cache.internal.DefaultFileLockManager] Waiting to acquire shared lock on daemon addresses registry.
2026-03-27T23:44:46.647-0500 [DEBUG] [org.gradle.cache.internal.DefaultFileLockManager] Lock acquired on daemon addresses registry.
2026-03-27T23:44:46.647-0500 [DEBUG] [org.gradle.cache.internal.DefaultFileLockManager] Releasing lock on daemon addresses registry.
2026-03-27T23:44:46.649-0500 [DEBUG] [org.gradle.cache.internal.DefaultFileLockManager] Waiting to acquire shared lock on daemon addresses registry.
2026-03-27T23:44:46.649-0500 [DEBUG] [org.gradle.cache.internal.DefaultFileLockManager] Lock acquired on daemon addresses registry.
2026-03-27T23:44:46.650-0500 [DEBUG] [org.gradle.cache.internal.DefaultFileLockManager] Releasing lock on daemon addresses registry.
2026-03-27T23:44:46.654-0500 [DEBUG] [org.gradle.cache.internal.DefaultFileLockManager] Waiting to acquire shared lock on daemon addresses registry.
2026-03-27T23:44:46.654-0500 [DEBUG] [org.gradle.cache.internal.DefaultFileLockManager] Lock acquired on daemon addresses registry.
2026-03-27T23:44:46.655-0500 [DEBUG] [org.gradle.cache.internal.DefaultFileLockManager] Releasing lock on daemon addresses registry.
2026-03-27T23:44:49.546-0500 [DEBUG] [org.gradle.process.internal.health.memory.DefaultMemoryManager] 841566208 physical memory requested, 706891776 free
2026-03-27T23:44:49.547-0500 [DEBUG] [org.gradle.workers.internal.WorkerDaemonExpiration] Will attempt to release 802 of memory
2026-03-27T23:44:49.547-0500 [DEBUG] [org.gradle.process.internal.health.memory.DefaultMemoryManager] 841566208 physical memory requested, 0 released, 706891776 free
2026-03-27T23:44:54.550-0500 [DEBUG] [org.gradle.process.internal.health.memory.DefaultMemoryManager] 841566208 physical memory requested, 549240832 free
2026-03-27T23:44:54.551-0500 [DEBUG] [org.gradle.workers.internal.WorkerDaemonExpiration] Will attempt to release 802 of memory
2026-03-27T23:44:54.551-0500 [DEBUG] [org.gradle.process.internal.health.memory.DefaultMemoryManager] 841566208 physical memory requested, 0 released, 549240832 free
2026-03-27T23:44:56.651-0500 [DEBUG] [org.gradle.cache.internal.DefaultFileLockManager] Waiting to acquire shared lock on daemon addresses registry.
2026-03-27T23:44:56.651-0500 [DEBUG] [org.gradle.cache.internal.DefaultFileLockManager] Lock acquired on daemon addresses registry.
2026-03-27T23:44:56.651-0500 [DEBUG] [org.gradle.cache.internal.DefaultFileLockManager] Releasing lock on daemon addresses registry.
2026-03-27T23:44:56.654-0500 [DEBUG] [org.gradle.cache.internal.DefaultFileLockManager] Waiting to acquire shared lock on daemon addresses registry.
2026-03-27T23:44:56.654-0500 [DEBUG] [org.gradle.cache.internal.DefaultFileLockManager] Lock acquired on daemon addresses registry.
2026-03-27T23:44:56.654-0500 [DEBUG] [org.gradle.cache.internal.DefaultFileLockManager] Releasing lock on daemon addresses registry.
2026-03-27T23:44:56.658-0500 [DEBUG] [org.gradle.cache.internal.DefaultFileLockManager] Waiting to acquire shared lock on daemon addresses registry.
2026-03-27T23:44:56.658-0500 [DEBUG] [org.gradle.cache.internal.DefaultFileLockManager] Lock acquired on daemon addresses registry.
2026-03-27T23:44:56.658-0500 [DEBUG] [org.gradle.cache.internal.DefaultFileLockManager] Releasing lock on daemon addresses registry.
2026-03-27T23:44:56.981-0500 [DEBUG] [sun.rmi.transport.tcp] RMI TCP Connection(25)-127.0.0.1: (port 27155) connection closed
2026-03-27T23:44:56.987-0500 [DEBUG] [sun.rmi.transport.tcp] RMI TCP Connection(25)-127.0.0.1: close connection, socket: Socket[addr=/127.0.0.1,port=55138,localport=27155]
2026-03-27T23:44:56.989-0500 [DEBUG] [sun.rmi.transport.tcp] RMI TCP Connection(25)-127.0.0.1: socket close: Socket[addr=/127.0.0.1,port=55138,localport=27155]
2026-03-27T23:44:59.539-0500 [DEBUG] [org.gradle.process.internal.health.memory.DefaultMemoryManager] 841566208 physical memory requested, 654082048 free
2026-03-27T23:44:59.540-0500 [DEBUG] [org.gradle.workers.internal.WorkerDaemonExpiration] Will attempt to release 802 of memory
2026-03-27T23:44:59.540-0500 [DEBUG] [org.gradle.process.internal.health.memory.DefaultMemoryManager] 841566208 physical memory requested, 0 released, 654082048 free
2026-03-27T23:45:04.553-0500 [DEBUG] [org.gradle.process.internal.health.memory.DefaultMemoryManager] 841566208 physical memory requested, 838385664 free
2026-03-27T23:45:04.553-0500 [DEBUG] [org.gradle.workers.internal.WorkerDaemonExpiration] Will attempt to release 802 of memory
2026-03-27T23:45:04.553-0500 [DEBUG] [org.gradle.process.internal.health.memory.DefaultMemoryManager] 841566208 physical memory requested, 0 released, 838385664 free
2026-03-27T23:45:06.638-0500 [DEBUG] [org.gradle.cache.internal.DefaultFileLockManager] Waiting to acquire shared lock on daemon addresses registry.
2026-03-27T23:45:06.638-0500 [DEBUG] [org.gradle.cache.internal.DefaultFileLockManager] Lock acquired on daemon addresses registry.
2026-03-27T23:45:06.638-0500 [DEBUG] [org.gradle.cache.internal.DefaultFileLockManager] Releasing lock on daemon addresses registry.
2026-03-27T23:45:06.640-0500 [DEBUG] [org.gradle.cache.internal.DefaultFileLockManager] Waiting to acquire shared lock on daemon addresses registry.
2026-03-27T23:45:06.641-0500 [DEBUG] [org.gradle.cache.internal.DefaultFileLockManager] Lock acquired on daemon addresses registry.
2026-03-27T23:45:06.641-0500 [DEBUG] [org.gradle.cache.internal.DefaultFileLockManager] Releasing lock on daemon addresses registry.
2026-03-27T23:45:06.643-0500 [DEBUG] [org.gradle.cache.internal.DefaultFileLockManager] Waiting to acquire shared lock on daemon addresses registry.
2026-03-27T23:45:06.643-0500 [DEBUG] [org.gradle.cache.internal.DefaultFileLockManager] Lock acquired on daemon addresses registry.
2026-03-27T23:45:06.643-0500 [DEBUG] [org.gradle.cache.internal.DefaultFileLockManager] Releasing lock on daemon addresses registry.
2026-03-27T23:45:09.547-0500 [DEBUG] [org.gradle.process.internal.health.memory.DefaultMemoryManager] 841566208 physical memory requested, 785719296 free
2026-03-27T23:45:09.549-0500 [DEBUG] [org.gradle.workers.internal.WorkerDaemonExpiration] Will attempt to release 802 of memory
2026-03-27T23:45:09.550-0500 [DEBUG] [org.gradle.process.internal.health.memory.DefaultMemoryManager] 841566208 physical memory requested, 0 released, 785719296 free
2026-03-27T23:45:14.539-0500 [DEBUG] [org.gradle.process.internal.health.memory.DefaultMemoryManager] 841566208 physical memory requested, 749682688 free
2026-03-27T23:45:14.540-0500 [DEBUG] [org.gradle.workers.internal.WorkerDaemonExpiration] Will attempt to release 802 of memory
2026-03-27T23:45:14.540-0500 [DEBUG] [org.gradle.process.internal.health.memory.DefaultMemoryManager] 841566208 physical memory requested, 0 released, 749682688 free
2026-03-27T23:45:16.646-0500 [DEBUG] [org.gradle.cache.internal.DefaultFileLockManager] Waiting to acquire shared lock on daemon addresses registry.
2026-03-27T23:45:16.647-0500 [DEBUG] [org.gradle.cache.internal.DefaultFileLockManager] Lock acquired on daemon addresses registry.
2026-03-27T23:45:16.647-0500 [DEBUG] [org.gradle.cache.internal.DefaultFileLockManager] Releasing lock on daemon addresses registry.
2026-03-27T23:45:16.648-0500 [DEBUG] [org.gradle.cache.internal.DefaultFileLockManager] Waiting to acquire shared lock on daemon addresses registry.
2026-03-27T23:45:16.649-0500 [DEBUG] [org.gradle.cache.internal.DefaultFileLockManager] Lock acquired on daemon addresses registry.
2026-03-27T23:45:16.650-0500 [DEBUG] [org.gradle.cache.internal.DefaultFileLockManager] Releasing lock on daemon addresses registry.
2026-03-27T23:45:16.651-0500 [DEBUG] [org.gradle.cache.internal.DefaultFileLockManager] Waiting to acquire shared lock on daemon addresses registry.
2026-03-27T23:45:16.652-0500 [DEBUG] [org.gradle.cache.internal.DefaultFileLockManager] Lock acquired on daemon addresses registry.
2026-03-27T23:45:16.652-0500 [DEBUG] [org.gradle.cache.internal.DefaultFileLockManager] Releasing lock on daemon addresses registry.
2026-03-27T23:45:19.541-0500 [DEBUG] [org.gradle.process.internal.health.memory.DefaultMemoryManager] 841566208 physical memory requested, 693911552 free
2026-03-27T23:45:19.541-0500 [DEBUG] [org.gradle.workers.internal.WorkerDaemonExpiration] Will attempt to release 802 of memory
2026-03-27T23:45:19.541-0500 [DEBUG] [org.gradle.process.internal.health.memory.DefaultMemoryManager] 841566208 physical memory requested, 0 released, 693911552 free
2026-03-27T23:45:24.544-0500 [DEBUG] [org.gradle.process.internal.health.memory.DefaultMemoryManager] 841566208 physical memory requested, 626147328 free
2026-03-27T23:45:24.545-0500 [DEBUG] [org.gradle.workers.internal.WorkerDaemonExpiration] Will attempt to release 802 of memory
2026-03-27T23:45:24.545-0500 [DEBUG] [org.gradle.process.internal.health.memory.DefaultMemoryManager] 841566208 physical memory requested, 0 released, 626147328 free
2026-03-27T23:45:26.652-0500 [DEBUG] [org.gradle.cache.internal.DefaultFileLockManager] Waiting to acquire shared lock on daemon addresses registry.
2026-03-27T23:45:26.653-0500 [DEBUG] [org.gradle.cache.internal.DefaultFileLockManager] Lock acquired on daemon addresses registry.
2026-03-27T23:45:26.653-0500 [DEBUG] [org.gradle.cache.internal.DefaultFileLockManager] Releasing lock on daemon addresses registry.
2026-03-27T23:45:26.656-0500 [DEBUG] [org.gradle.cache.internal.DefaultFileLockManager] Waiting to acquire shared lock on daemon addresses registry.
2026-03-27T23:45:26.656-0500 [DEBUG] [org.gradle.cache.internal.DefaultFileLockManager] Lock acquired on daemon addresses registry.
2026-03-27T23:45:26.657-0500 [DEBUG] [org.gradle.cache.internal.DefaultFileLockManager] Releasing lock on daemon addresses registry.
2026-03-27T23:45:26.659-0500 [DEBUG] [org.gradle.cache.internal.DefaultFileLockManager] Waiting to acquire shared lock on daemon addresses registry.
2026-03-27T23:45:26.659-0500 [DEBUG] [org.gradle.cache.internal.DefaultFileLockManager] Lock acquired on daemon addresses registry.
2026-03-27T23:45:26.660-0500 [DEBUG] [org.gradle.cache.internal.DefaultFileLockManager] Releasing lock on daemon addresses registry.
2026-03-27T23:45:29.549-0500 [DEBUG] [org.gradle.process.internal.health.memory.DefaultMemoryManager] 841566208 physical memory requested, 599961600 free
2026-03-27T23:45:29.565-0500 [DEBUG] [org.gradle.workers.internal.WorkerDaemonExpiration] Will attempt to release 802 of memory
2026-03-27T23:45:29.565-0500 [DEBUG] [org.gradle.process.internal.health.memory.DefaultMemoryManager] 841566208 physical memory requested, 0 released, 599961600 free
2026-03-27T23:45:34.541-0500 [DEBUG] [org.gradle.process.internal.health.memory.DefaultMemoryManager] 841566208 physical memory requested, 643248128 free
2026-03-27T23:45:34.541-0500 [DEBUG] [org.gradle.workers.internal.WorkerDaemonExpiration] Will attempt to release 802 of memory
2026-03-27T23:45:34.541-0500 [DEBUG] [org.gradle.process.internal.health.memory.DefaultMemoryManager] 841566208 physical memory requested, 0 released, 643248128 free
2026-03-27T23:45:36.644-0500 [DEBUG] [org.gradle.cache.internal.DefaultFileLockManager] Waiting to acquire shared lock on daemon addresses registry.
2026-03-27T23:45:36.644-0500 [DEBUG] [org.gradle.cache.internal.DefaultFileLockManager] Lock acquired on daemon addresses registry.
2026-03-27T23:45:36.645-0500 [DEBUG] [org.gradle.cache.internal.DefaultFileLockManager] Releasing lock on daemon addresses registry.
2026-03-27T23:45:36.646-0500 [DEBUG] [org.gradle.cache.internal.DefaultFileLockManager] Waiting to acquire shared lock on daemon addresses registry.
2026-03-27T23:45:36.646-0500 [DEBUG] [org.gradle.cache.internal.DefaultFileLockManager] Lock acquired on daemon addresses registry.
2026-03-27T23:45:36.647-0500 [DEBUG] [org.gradle.cache.internal.DefaultFileLockManager] Releasing lock on daemon addresses registry.
2026-03-27T23:45:36.649-0500 [DEBUG] [org.gradle.cache.internal.DefaultFileLockManager] Waiting to acquire shared lock on daemon addresses registry.
2026-03-27T23:45:36.649-0500 [DEBUG] [org.gradle.cache.internal.DefaultFileLockManager] Lock acquired on daemon addresses registry.
2026-03-27T23:45:36.650-0500 [DEBUG] [org.gradle.cache.internal.DefaultFileLockManager] Releasing lock on daemon addresses registry.
2026-03-27T23:45:39.539-0500 [DEBUG] [org.gradle.process.internal.health.memory.DefaultMemoryManager] 841566208 physical memory requested, 444018688 free
2026-03-27T23:45:39.539-0500 [DEBUG] [org.gradle.workers.internal.WorkerDaemonExpiration] Will attempt to release 802 of memory
2026-03-27T23:45:39.539-0500 [DEBUG] [org.gradle.process.internal.health.memory.DefaultMemoryManager] 841566208 physical memory requested, 0 released, 444018688 free
2026-03-27T23:45:46.649-0500 [DEBUG] [org.gradle.cache.internal.DefaultFileLockManager] Waiting to acquire shared lock on daemon addresses registry.
2026-03-27T23:45:46.649-0500 [DEBUG] [org.gradle.cache.internal.DefaultFileLockManager] Lock acquired on daemon addresses registry.
2026-03-27T23:45:46.649-0500 [DEBUG] [org.gradle.cache.internal.DefaultFileLockManager] Releasing lock on daemon addresses registry.
2026-03-27T23:45:46.653-0500 [DEBUG] [org.gradle.cache.internal.DefaultFileLockManager] Waiting to acquire shared lock on daemon addresses registry.
2026-03-27T23:45:46.654-0500 [DEBUG] [org.gradle.cache.internal.DefaultFileLockManager] Lock acquired on daemon addresses registry.
2026-03-27T23:45:46.654-0500 [DEBUG] [org.gradle.cache.internal.DefaultFileLockManager] Releasing lock on daemon addresses registry.
2026-03-27T23:45:46.656-0500 [DEBUG] [org.gradle.cache.internal.DefaultFileLockManager] Waiting to acquire shared lock on daemon addresses registry.
2026-03-27T23:45:46.656-0500 [DEBUG] [org.gradle.cache.internal.DefaultFileLockManager] Lock acquired on daemon addresses registry.
2026-03-27T23:45:46.656-0500 [DEBUG] [org.gradle.cache.internal.DefaultFileLockManager] Releasing lock on daemon addresses registry.
2026-03-27T23:45:49.538-0500 [DEBUG] [org.gradle.process.internal.health.memory.DefaultMemoryManager] 841566208 physical memory requested, 780783616 free
2026-03-27T23:45:49.612-0500 [DEBUG] [org.gradle.workers.internal.WorkerDaemonExpiration] Will attempt to release 802 of memory
2026-03-27T23:45:49.624-0500 [DEBUG] [org.gradle.process.internal.health.memory.DefaultMemoryManager] 841566208 physical memory requested, 0 released, 780783616 free
2026-03-27T23:45:56.642-0500 [DEBUG] [org.gradle.cache.internal.DefaultFileLockManager] Waiting to acquire shared lock on daemon addresses registry.
2026-03-27T23:45:56.643-0500 [DEBUG] [org.gradle.cache.internal.DefaultFileLockManager] Lock acquired on daemon addresses registry.
2026-03-27T23:45:56.643-0500 [DEBUG] [org.gradle.cache.internal.DefaultFileLockManager] Releasing lock on daemon addresses registry.
2026-03-27T23:45:56.647-0500 [DEBUG] [org.gradle.cache.internal.DefaultFileLockManager] Waiting to acquire shared lock on daemon addresses registry.
2026-03-27T23:45:56.647-0500 [DEBUG] [org.gradle.cache.internal.DefaultFileLockManager] Lock acquired on daemon addresses registry.
2026-03-27T23:45:56.648-0500 [DEBUG] [org.gradle.cache.internal.DefaultFileLockManager] Releasing lock on daemon addresses registry.
2026-03-27T23:45:56.654-0500 [DEBUG] [org.gradle.cache.internal.DefaultFileLockManager] Waiting to acquire shared lock on daemon addresses registry.
2026-03-27T23:45:56.654-0500 [DEBUG] [org.gradle.cache.internal.DefaultFileLockManager] Lock acquired on daemon addresses registry.
2026-03-27T23:45:56.671-0500 [DEBUG] [org.gradle.cache.internal.DefaultFileLockManager] Releasing lock on daemon addresses registry.
2026-03-27T23:46:06.668-0500 [DEBUG] [org.gradle.cache.internal.DefaultFileLockManager] Waiting to acquire shared lock on daemon addresses registry.
2026-03-27T23:46:06.669-0500 [DEBUG] [org.gradle.cache.internal.DefaultFileLockManager] Lock acquired on daemon addresses registry.
2026-03-27T23:46:06.670-0500 [DEBUG] [org.gradle.cache.internal.DefaultFileLockManager] Releasing lock on daemon addresses registry.
2026-03-27T23:46:06.689-0500 [DEBUG] [org.gradle.cache.internal.DefaultFileLockManager] Waiting to acquire shared lock on daemon addresses registry.
2026-03-27T23:46:06.689-0500 [DEBUG] [org.gradle.cache.internal.DefaultFileLockManager] Lock acquired on daemon addresses registry.
2026-03-27T23:46:06.691-0500 [DEBUG] [org.gradle.cache.internal.DefaultFileLockManager] Releasing lock on daemon addresses registry.
2026-03-27T23:46:06.696-0500 [DEBUG] [org.gradle.cache.internal.DefaultFileLockManager] Waiting to acquire shared lock on daemon addresses registry.
2026-03-27T23:46:06.697-0500 [DEBUG] [org.gradle.cache.internal.DefaultFileLockManager] Lock acquired on daemon addresses registry.
2026-03-27T23:46:06.698-0500 [DEBUG] [org.gradle.cache.internal.DefaultFileLockManager] Releasing lock on daemon addresses registry.
2026-03-27T23:46:16.639-0500 [DEBUG] [org.gradle.cache.internal.DefaultFileLockManager] Waiting to acquire shared lock on daemon addresses registry.
2026-03-27T23:46:16.639-0500 [DEBUG] [org.gradle.cache.internal.DefaultFileLockManager] Lock acquired on daemon addresses registry.
2026-03-27T23:46:16.640-0500 [DEBUG] [org.gradle.cache.internal.DefaultFileLockManager] Releasing lock on daemon addresses registry.
2026-03-27T23:46:16.642-0500 [DEBUG] [org.gradle.cache.internal.DefaultFileLockManager] Waiting to acquire shared lock on daemon addresses registry.
2026-03-27T23:46:16.642-0500 [DEBUG] [org.gradle.cache.internal.DefaultFileLockManager] Lock acquired on daemon addresses registry.
2026-03-27T23:46:16.642-0500 [DEBUG] [org.gradle.cache.internal.DefaultFileLockManager] Releasing lock on daemon addresses registry.
2026-03-27T23:46:16.644-0500 [DEBUG] [org.gradle.cache.internal.DefaultFileLockManager] Waiting to acquire shared lock on daemon addresses registry.
2026-03-27T23:46:16.644-0500 [DEBUG] [org.gradle.cache.internal.DefaultFileLockManager] Lock acquired on daemon addresses registry.
2026-03-27T23:46:16.644-0500 [DEBUG] [org.gradle.cache.internal.DefaultFileLockManager] Releasing lock on daemon addresses registry.
2026-03-27T23:46:17.575-0500 [DEBUG] [sun.rmi.transport.tcp] RMI TCP Connection(26)-127.0.0.1: accepted socket from [127.0.0.1:55162]
2026-03-27T23:46:17.639-0500 [DEBUG] [sun.rmi.transport.tcp] RMI TCP Connection(26)-127.0.0.1: (port 27155) op = 80
2026-03-27T23:46:17.643-0500 [DEBUG] [sun.rmi.loader] RMI TCP Connection(26)-127.0.0.1: name = "[Ljava.rmi.server.ObjID;", codebase = "", defaultLoader = jdk.internal.loader.ClassLoaders$PlatformClassLoader@65311715
2026-03-27T23:46:17.645-0500 [DEBUG] [sun.rmi.loader] RMI TCP Connection(26)-127.0.0.1: name = "java.rmi.dgc.Lease", codebase = "", defaultLoader = jdk.internal.loader.ClassLoaders$PlatformClassLoader@65311715
2026-03-27T23:46:17.646-0500 [DEBUG] [sun.rmi.loader] RMI TCP Connection(26)-127.0.0.1: name = "java.rmi.dgc.VMID", codebase = "", defaultLoader = jdk.internal.loader.ClassLoaders$PlatformClassLoader@65311715
2026-03-27T23:46:17.661-0500 [DEBUG] [sun.rmi.loader] RMI TCP Connection(26)-127.0.0.1: name = "[B", codebase = "", defaultLoader = jdk.internal.loader.ClassLoaders$PlatformClassLoader@65311715
2026-03-27T23:46:17.662-0500 [DEBUG] [sun.rmi.loader] RMI TCP Connection(26)-127.0.0.1: name = "java.rmi.server.UID", codebase = "", defaultLoader = jdk.internal.loader.ClassLoaders$PlatformClassLoader@65311715
2026-03-27T23:46:26.639-0500 [DEBUG] [org.gradle.cache.internal.DefaultFileLockManager] Waiting to acquire shared lock on daemon addresses registry.
2026-03-27T23:46:26.639-0500 [DEBUG] [org.gradle.cache.internal.DefaultFileLockManager] Lock acquired on daemon addresses registry.
2026-03-27T23:46:26.640-0500 [DEBUG] [org.gradle.cache.internal.DefaultFileLockManager] Releasing lock on daemon addresses registry.
2026-03-27T23:46:26.642-0500 [DEBUG] [org.gradle.cache.internal.DefaultFileLockManager] Waiting to acquire shared lock on daemon addresses registry.
2026-03-27T23:46:26.642-0500 [DEBUG] [org.gradle.cache.internal.DefaultFileLockManager] Lock acquired on daemon addresses registry.
2026-03-27T23:46:26.642-0500 [DEBUG] [org.gradle.cache.internal.DefaultFileLockManager] Releasing lock on daemon addresses registry.
2026-03-27T23:46:26.644-0500 [DEBUG] [org.gradle.cache.internal.DefaultFileLockManager] Waiting to acquire shared lock on daemon addresses registry.
2026-03-27T23:46:26.644-0500 [DEBUG] [org.gradle.cache.internal.DefaultFileLockManager] Lock acquired on daemon addresses registry.
2026-03-27T23:46:26.645-0500 [DEBUG] [org.gradle.cache.internal.DefaultFileLockManager] Releasing lock on daemon addresses registry.
2026-03-27T23:46:32.678-0500 [DEBUG] [sun.rmi.transport.tcp] RMI TCP Connection(26)-127.0.0.1: (port 27155) connection closed
2026-03-27T23:46:32.678-0500 [DEBUG] [sun.rmi.transport.tcp] RMI TCP Connection(26)-127.0.0.1: close connection, socket: Socket[addr=/127.0.0.1,port=55162,localport=27155]
2026-03-27T23:46:32.680-0500 [DEBUG] [sun.rmi.transport.tcp] RMI TCP Connection(26)-127.0.0.1: socket close: Socket[addr=/127.0.0.1,port=55162,localport=27155]
2026-03-27T23:46:36.639-0500 [DEBUG] [org.gradle.cache.internal.DefaultFileLockManager] Waiting to acquire shared lock on daemon addresses registry.
2026-03-27T23:46:36.639-0500 [DEBUG] [org.gradle.cache.internal.DefaultFileLockManager] Lock acquired on daemon addresses registry.
2026-03-27T23:46:36.639-0500 [DEBUG] [org.gradle.cache.internal.DefaultFileLockManager] Releasing lock on daemon addresses registry.
2026-03-27T23:46:36.641-0500 [DEBUG] [org.gradle.cache.internal.DefaultFileLockManager] Waiting to acquire shared lock on daemon addresses registry.
2026-03-27T23:46:36.641-0500 [DEBUG] [org.gradle.cache.internal.DefaultFileLockManager] Lock acquired on daemon addresses registry.
2026-03-27T23:46:36.641-0500 [DEBUG] [org.gradle.cache.internal.DefaultFileLockManager] Releasing lock on daemon addresses registry.
2026-03-27T23:46:36.642-0500 [DEBUG] [org.gradle.cache.internal.DefaultFileLockManager] Waiting to acquire shared lock on daemon addresses registry.
2026-03-27T23:46:36.643-0500 [DEBUG] [org.gradle.cache.internal.DefaultFileLockManager] Lock acquired on daemon addresses registry.
2026-03-27T23:46:36.643-0500 [DEBUG] [org.gradle.cache.internal.DefaultFileLockManager] Releasing lock on daemon addresses registry.
2026-03-27T23:46:46.638-0500 [DEBUG] [org.gradle.cache.internal.DefaultFileLockManager] Waiting to acquire shared lock on daemon addresses registry.
2026-03-27T23:46:46.638-0500 [DEBUG] [org.gradle.cache.internal.DefaultFileLockManager] Lock acquired on daemon addresses registry.
2026-03-27T23:46:46.639-0500 [DEBUG] [org.gradle.cache.internal.DefaultFileLockManager] Releasing lock on daemon addresses registry.
2026-03-27T23:46:46.641-0500 [DEBUG] [org.gradle.cache.internal.DefaultFileLockManager] Waiting to acquire shared lock on daemon addresses registry.
2026-03-27T23:46:46.641-0500 [DEBUG] [org.gradle.cache.internal.DefaultFileLockManager] Lock acquired on daemon addresses registry.
2026-03-27T23:46:46.642-0500 [DEBUG] [org.gradle.cache.internal.DefaultFileLockManager] Releasing lock on daemon addresses registry.
2026-03-27T23:46:46.643-0500 [DEBUG] [org.gradle.cache.internal.DefaultFileLockManager] Waiting to acquire shared lock on daemon addresses registry.
2026-03-27T23:46:46.643-0500 [DEBUG] [org.gradle.cache.internal.DefaultFileLockManager] Lock acquired on daemon addresses registry.
2026-03-27T23:46:46.644-0500 [DEBUG] [org.gradle.cache.internal.DefaultFileLockManager] Releasing lock on daemon addresses registry.
2026-03-27T23:46:56.639-0500 [DEBUG] [org.gradle.cache.internal.DefaultFileLockManager] Waiting to acquire shared lock on daemon addresses registry.
2026-03-27T23:46:56.639-0500 [DEBUG] [org.gradle.cache.internal.DefaultFileLockManager] Lock acquired on daemon addresses registry.
2026-03-27T23:46:56.640-0500 [DEBUG] [org.gradle.cache.internal.DefaultFileLockManager] Releasing lock on daemon addresses registry.
2026-03-27T23:46:56.643-0500 [DEBUG] [org.gradle.cache.internal.DefaultFileLockManager] Waiting to acquire shared lock on daemon addresses registry.
2026-03-27T23:46:56.643-0500 [DEBUG] [org.gradle.cache.internal.DefaultFileLockManager] Lock acquired on daemon addresses registry.
2026-03-27T23:46:56.643-0500 [DEBUG] [org.gradle.cache.internal.DefaultFileLockManager] Releasing lock on daemon addresses registry.
2026-03-27T23:46:56.644-0500 [DEBUG] [org.gradle.cache.internal.DefaultFileLockManager] Waiting to acquire shared lock on daemon addresses registry.
2026-03-27T23:46:56.645-0500 [DEBUG] [org.gradle.cache.internal.DefaultFileLockManager] Lock acquired on daemon addresses registry.
2026-03-27T23:46:56.645-0500 [DEBUG] [org.gradle.cache.internal.DefaultFileLockManager] Releasing lock on daemon addresses registry.
2026-03-27T23:47:06.637-0500 [DEBUG] [org.gradle.cache.internal.DefaultFileLockManager] Waiting to acquire shared lock on daemon addresses registry.
2026-03-27T23:47:06.638-0500 [DEBUG] [org.gradle.cache.internal.DefaultFileLockManager] Lock acquired on daemon addresses registry.
2026-03-27T23:47:06.638-0500 [DEBUG] [org.gradle.cache.internal.DefaultFileLockManager] Releasing lock on daemon addresses registry.
2026-03-27T23:47:06.640-0500 [DEBUG] [org.gradle.cache.internal.DefaultFileLockManager] Waiting to acquire shared lock on daemon addresses registry.
2026-03-27T23:47:06.640-0500 [DEBUG] [org.gradle.cache.internal.DefaultFileLockManager] Lock acquired on daemon addresses registry.
2026-03-27T23:47:06.641-0500 [DEBUG] [org.gradle.cache.internal.DefaultFileLockManager] Releasing lock on daemon addresses registry.
2026-03-27T23:47:06.643-0500 [DEBUG] [org.gradle.cache.internal.DefaultFileLockManager] Waiting to acquire shared lock on daemon addresses registry.
2026-03-27T23:47:06.643-0500 [DEBUG] [org.gradle.cache.internal.DefaultFileLockManager] Lock acquired on daemon addresses registry.
2026-03-27T23:47:06.643-0500 [DEBUG] [org.gradle.cache.internal.DefaultFileLockManager] Releasing lock on daemon addresses registry.
2026-03-27T23:47:16.639-0500 [DEBUG] [org.gradle.cache.internal.DefaultFileLockManager] Waiting to acquire shared lock on daemon addresses registry.
2026-03-27T23:47:16.639-0500 [DEBUG] [org.gradle.cache.internal.DefaultFileLockManager] Lock acquired on daemon addresses registry.
2026-03-27T23:47:16.641-0500 [DEBUG] [org.gradle.cache.internal.DefaultFileLockManager] Releasing lock on daemon addresses registry.
2026-03-27T23:47:16.643-0500 [DEBUG] [org.gradle.cache.internal.DefaultFileLockManager] Waiting to acquire shared lock on daemon addresses registry.
2026-03-27T23:47:16.644-0500 [DEBUG] [org.gradle.cache.internal.DefaultFileLockManager] Lock acquired on daemon addresses registry.
2026-03-27T23:47:16.645-0500 [DEBUG] [org.gradle.cache.internal.DefaultFileLockManager] Releasing lock on daemon addresses registry.
2026-03-27T23:47:16.648-0500 [DEBUG] [org.gradle.cache.internal.DefaultFileLockManager] Waiting to acquire shared lock on daemon addresses registry.
2026-03-27T23:47:16.648-0500 [DEBUG] [org.gradle.cache.internal.DefaultFileLockManager] Lock acquired on daemon addresses registry.
2026-03-27T23:47:16.649-0500 [DEBUG] [org.gradle.cache.internal.DefaultFileLockManager] Releasing lock on daemon addresses registry.
2026-03-27T23:47:26.637-0500 [DEBUG] [org.gradle.cache.internal.DefaultFileLockManager] Waiting to acquire shared lock on daemon addresses registry.
2026-03-27T23:47:26.637-0500 [DEBUG] [org.gradle.cache.internal.DefaultFileLockManager] Lock acquired on daemon addresses registry.
2026-03-27T23:47:26.638-0500 [DEBUG] [org.gradle.cache.internal.DefaultFileLockManager] Releasing lock on daemon addresses registry.
2026-03-27T23:47:26.639-0500 [DEBUG] [org.gradle.cache.internal.DefaultFileLockManager] Waiting to acquire shared lock on daemon addresses registry.
2026-03-27T23:47:26.640-0500 [DEBUG] [org.gradle.cache.internal.DefaultFileLockManager] Lock acquired on daemon addresses registry.
2026-03-27T23:47:26.640-0500 [DEBUG] [org.gradle.cache.internal.DefaultFileLockManager] Releasing lock on daemon addresses registry.
2026-03-27T23:47:26.641-0500 [DEBUG] [org.gradle.cache.internal.DefaultFileLockManager] Waiting to acquire shared lock on daemon addresses registry.
2026-03-27T23:47:26.641-0500 [DEBUG] [org.gradle.cache.internal.DefaultFileLockManager] Lock acquired on daemon addresses registry.
2026-03-27T23:47:26.641-0500 [DEBUG] [org.gradle.cache.internal.DefaultFileLockManager] Releasing lock on daemon addresses registry.
2026-03-27T23:47:36.638-0500 [DEBUG] [org.gradle.cache.internal.DefaultFileLockManager] Waiting to acquire shared lock on daemon addresses registry.
2026-03-27T23:47:36.638-0500 [DEBUG] [org.gradle.cache.internal.DefaultFileLockManager] Lock acquired on daemon addresses registry.
2026-03-27T23:47:36.638-0500 [DEBUG] [org.gradle.cache.internal.DefaultFileLockManager] Releasing lock on daemon addresses registry.
2026-03-27T23:47:36.639-0500 [DEBUG] [org.gradle.cache.internal.DefaultFileLockManager] Waiting to acquire shared lock on daemon addresses registry.
2026-03-27T23:47:36.639-0500 [DEBUG] [org.gradle.cache.internal.DefaultFileLockManager] Lock acquired on daemon addresses registry.
2026-03-27T23:47:36.640-0500 [DEBUG] [org.gradle.cache.internal.DefaultFileLockManager] Releasing lock on daemon addresses registry.
2026-03-27T23:47:36.641-0500 [DEBUG] [org.gradle.cache.internal.DefaultFileLockManager] Waiting to acquire shared lock on daemon addresses registry.
2026-03-27T23:47:36.641-0500 [DEBUG] [org.gradle.cache.internal.DefaultFileLockManager] Lock acquired on daemon addresses registry.
2026-03-27T23:47:36.641-0500 [DEBUG] [org.gradle.cache.internal.DefaultFileLockManager] Releasing lock on daemon addresses registry.
2026-03-27T23:47:38.888-0500 [DEBUG] [org.gradle.internal.watch.vfs.impl.WatchingVirtualFileSystem] Handling VFS change MODIFIED C:\Users\sebgo\AndroidStudioProjects\mytaxitravel\app\src\main\java\com\workpro\mytaxitravel\Home.kt
2026-03-27T23:47:44.540-0500 [DEBUG] [org.gradle.process.internal.health.memory.DefaultMemoryManager] 841566208 physical memory requested, 836386816 free
2026-03-27T23:47:44.540-0500 [DEBUG] [org.gradle.workers.internal.WorkerDaemonExpiration] Will attempt to release 802 of memory
2026-03-27T23:47:44.540-0500 [DEBUG] [org.gradle.process.internal.health.memory.DefaultMemoryManager] 841566208 physical memory requested, 0 released, 836386816 free
2026-03-27T23:47:46.638-0500 [DEBUG] [org.gradle.cache.internal.DefaultFileLockManager] Waiting to acquire shared lock on daemon addresses registry.
2026-03-27T23:47:46.638-0500 [DEBUG] [org.gradle.cache.internal.DefaultFileLockManager] Lock acquired on daemon addresses registry.
2026-03-27T23:47:46.638-0500 [DEBUG] [org.gradle.cache.internal.DefaultFileLockManager] Releasing lock on daemon addresses registry.
2026-03-27T23:47:46.640-0500 [DEBUG] [org.gradle.cache.internal.DefaultFileLockManager] Waiting to acquire shared lock on daemon addresses registry.
2026-03-27T23:47:46.640-0500 [DEBUG] [org.gradle.cache.internal.DefaultFileLockManager] Lock acquired on daemon addresses registry.
2026-03-27T23:47:46.640-0500 [DEBUG] [org.gradle.cache.internal.DefaultFileLockManager] Releasing lock on daemon addresses registry.
2026-03-27T23:47:46.641-0500 [DEBUG] [org.gradle.cache.internal.DefaultFileLockManager] Waiting to acquire shared lock on daemon addresses registry.
2026-03-27T23:47:46.641-0500 [DEBUG] [org.gradle.cache.internal.DefaultFileLockManager] Lock acquired on daemon addresses registry.
2026-03-27T23:47:46.642-0500 [DEBUG] [org.gradle.cache.internal.DefaultFileLockManager] Releasing lock on daemon addresses registry.
2026-03-27T23:47:49.539-0500 [DEBUG] [org.gradle.process.internal.health.memory.DefaultMemoryManager] 841566208 physical memory requested, 822669312 free
2026-03-27T23:47:49.539-0500 [DEBUG] [org.gradle.workers.internal.WorkerDaemonExpiration] Will attempt to release 802 of memory
2026-03-27T23:47:49.539-0500 [DEBUG] [org.gradle.process.internal.health.memory.DefaultMemoryManager] 841566208 physical memory requested, 0 released, 822669312 free
2026-03-27T23:47:54.539-0500 [DEBUG] [org.gradle.process.internal.health.memory.DefaultMemoryManager] 841566208 physical memory requested, 751853568 free
2026-03-27T23:47:54.539-0500 [DEBUG] [org.gradle.workers.internal.WorkerDaemonExpiration] Will attempt to release 802 of memory
2026-03-27T23:47:54.539-0500 [DEBUG] [org.gradle.process.internal.health.memory.DefaultMemoryManager] 841566208 physical memory requested, 0 released, 751853568 free
2026-03-27T23:47:56.640-0500 [DEBUG] [org.gradle.cache.internal.DefaultFileLockManager] Waiting to acquire shared lock on daemon addresses registry.
2026-03-27T23:47:56.642-0500 [DEBUG] [org.gradle.cache.internal.DefaultFileLockManager] Lock acquired on daemon addresses registry.
2026-03-27T23:47:56.642-0500 [DEBUG] [org.gradle.cache.internal.DefaultFileLockManager] Releasing lock on daemon addresses registry.
2026-03-27T23:47:56.644-0500 [DEBUG] [org.gradle.cache.internal.DefaultFileLockManager] Waiting to acquire shared lock on daemon addresses registry.
2026-03-27T23:47:56.644-0500 [DEBUG] [org.gradle.cache.internal.DefaultFileLockManager] Lock acquired on daemon addresses registry.
2026-03-27T23:47:56.645-0500 [DEBUG] [org.gradle.cache.internal.DefaultFileLockManager] Releasing lock on daemon addresses registry.
2026-03-27T23:47:56.647-0500 [DEBUG] [org.gradle.cache.internal.DefaultFileLockManager] Waiting to acquire shared lock on daemon addresses registry.
2026-03-27T23:47:56.647-0500 [DEBUG] [org.gradle.cache.internal.DefaultFileLockManager] Lock acquired on daemon addresses registry.
2026-03-27T23:47:56.648-0500 [DEBUG] [org.gradle.cache.internal.DefaultFileLockManager] Releasing lock on daemon addresses registry.
2026-03-27T23:47:59.539-0500 [DEBUG] [org.gradle.process.internal.health.memory.DefaultMemoryManager] 841566208 physical memory requested, 578170880 free
2026-03-27T23:47:59.539-0500 [DEBUG] [org.gradle.workers.internal.WorkerDaemonExpiration] Will attempt to release 802 of memory
2026-03-27T23:47:59.539-0500 [DEBUG] [org.gradle.process.internal.health.memory.DefaultMemoryManager] 841566208 physical memory requested, 0 released, 578170880 free
2026-03-27T23:48:04.540-0500 [DEBUG] [org.gradle.process.internal.health.memory.DefaultMemoryManager] 841566208 physical memory requested, 562098176 free
2026-03-27T23:48:04.540-0500 [DEBUG] [org.gradle.workers.internal.WorkerDaemonExpiration] Will attempt to release 802 of memory
2026-03-27T23:48:04.540-0500 [DEBUG] [org.gradle.process.internal.health.memory.DefaultMemoryManager] 841566208 physical memory requested, 0 released, 562098176 free
2026-03-27T23:48:06.639-0500 [DEBUG] [org.gradle.cache.internal.DefaultFileLockManager] Waiting to acquire shared lock on daemon addresses registry.
2026-03-27T23:48:06.639-0500 [DEBUG] [org.gradle.cache.internal.DefaultFileLockManager] Lock acquired on daemon addresses registry.
2026-03-27T23:48:06.639-0500 [DEBUG] [org.gradle.cache.internal.DefaultFileLockManager] Releasing lock on daemon addresses registry.
2026-03-27T23:48:06.640-0500 [DEBUG] [org.gradle.cache.internal.DefaultFileLockManager] Waiting to acquire shared lock on daemon addresses registry.
2026-03-27T23:48:06.640-0500 [DEBUG] [org.gradle.cache.internal.DefaultFileLockManager] Lock acquired on daemon addresses registry.
2026-03-27T23:48:06.641-0500 [DEBUG] [org.gradle.cache.internal.DefaultFileLockManager] Releasing lock on daemon addresses registry.
2026-03-27T23:48:06.642-0500 [DEBUG] [org.gradle.cache.internal.DefaultFileLockManager] Waiting to acquire shared lock on daemon addresses registry.
2026-03-27T23:48:06.642-0500 [DEBUG] [org.gradle.cache.internal.DefaultFileLockManager] Lock acquired on daemon addresses registry.
2026-03-27T23:48:06.642-0500 [DEBUG] [org.gradle.cache.internal.DefaultFileLockManager] Releasing lock on daemon addresses registry.
2026-03-27T23:48:09.539-0500 [DEBUG] [org.gradle.process.internal.health.memory.DefaultMemoryManager] 841566208 physical memory requested, 534327296 free
2026-03-27T23:48:09.539-0500 [DEBUG] [org.gradle.workers.internal.WorkerDaemonExpiration] Will attempt to release 802 of memory
2026-03-27T23:48:09.540-0500 [DEBUG] [org.gradle.process.internal.health.memory.DefaultMemoryManager] 841566208 physical memory requested, 0 released, 534327296 free
2026-03-27T23:48:14.539-0500 [DEBUG] [org.gradle.process.internal.health.memory.DefaultMemoryManager] 841566208 physical memory requested, 550608896 free
2026-03-27T23:48:14.539-0500 [DEBUG] [org.gradle.workers.internal.WorkerDaemonExpiration] Will attempt to release 802 of memory
2026-03-27T23:48:14.539-0500 [DEBUG] [org.gradle.process.internal.health.memory.DefaultMemoryManager] 841566208 physical memory requested, 0 released, 550608896 free
2026-03-27T23:48:16.652-0500 [DEBUG] [org.gradle.cache.internal.DefaultFileLockManager] Waiting to acquire shared lock on daemon addresses registry.
2026-03-27T23:48:16.652-0500 [DEBUG] [org.gradle.cache.internal.DefaultFileLockManager] Lock acquired on daemon addresses registry.
2026-03-27T23:48:16.653-0500 [DEBUG] [org.gradle.cache.internal.DefaultFileLockManager] Releasing lock on daemon addresses registry.
2026-03-27T23:48:16.655-0500 [DEBUG] [org.gradle.cache.internal.DefaultFileLockManager] Waiting to acquire shared lock on daemon addresses registry.
2026-03-27T23:48:16.655-0500 [DEBUG] [org.gradle.cache.internal.DefaultFileLockManager] Lock acquired on daemon addresses registry.
2026-03-27T23:48:16.655-0500 [DEBUG] [org.gradle.cache.internal.DefaultFileLockManager] Releasing lock on daemon addresses registry.
2026-03-27T23:48:16.656-0500 [DEBUG] [org.gradle.cache.internal.DefaultFileLockManager] Waiting to acquire shared lock on daemon addresses registry.
2026-03-27T23:48:16.656-0500 [DEBUG] [org.gradle.cache.internal.DefaultFileLockManager] Lock acquired on daemon addresses registry.
2026-03-27T23:48:16.657-0500 [DEBUG] [org.gradle.cache.internal.DefaultFileLockManager] Releasing lock on daemon addresses registry.
2026-03-27T23:48:26.108-0500 [DEBUG] [sun.rmi.transport.tcp] RMI TCP Connection(27)-127.0.0.1: accepted socket from [127.0.0.1:20103]
2026-03-27T23:48:26.111-0500 [DEBUG] [sun.rmi.transport.tcp] RMI TCP Connection(27)-127.0.0.1: (port 27155) op = 80
2026-03-27T23:48:26.112-0500 [DEBUG] [sun.rmi.loader] RMI TCP Connection(27)-127.0.0.1: name = "[Ljava.rmi.server.ObjID;", codebase = "", defaultLoader = jdk.internal.loader.ClassLoaders$PlatformClassLoader@65311715
2026-03-27T23:48:26.113-0500 [DEBUG] [sun.rmi.loader] RMI TCP Connection(27)-127.0.0.1: name = "java.rmi.dgc.Lease", codebase = "", defaultLoader = jdk.internal.loader.ClassLoaders$PlatformClassLoader@65311715
2026-03-27T23:48:26.113-0500 [DEBUG] [sun.rmi.loader] RMI TCP Connection(27)-127.0.0.1: name = "java.rmi.dgc.VMID", codebase = "", defaultLoader = jdk.internal.loader.ClassLoaders$PlatformClassLoader@65311715
2026-03-27T23:48:26.114-0500 [DEBUG] [sun.rmi.loader] RMI TCP Connection(27)-127.0.0.1: name = "[B", codebase = "", defaultLoader = jdk.internal.loader.ClassLoaders$PlatformClassLoader@65311715
2026-03-27T23:48:26.114-0500 [DEBUG] [sun.rmi.loader] RMI TCP Connection(27)-127.0.0.1: name = "java.rmi.server.UID", codebase = "", defaultLoader = jdk.internal.loader.ClassLoaders$PlatformClassLoader@65311715
2026-03-27T23:48:26.641-0500 [DEBUG] [org.gradle.cache.internal.DefaultFileLockManager] Waiting to acquire shared lock on daemon addresses registry.
2026-03-27T23:48:26.642-0500 [DEBUG] [org.gradle.cache.internal.DefaultFileLockManager] Lock acquired on daemon addresses registry.
2026-03-27T23:48:26.642-0500 [DEBUG] [org.gradle.cache.internal.DefaultFileLockManager] Releasing lock on daemon addresses registry.
2026-03-27T23:48:26.644-0500 [DEBUG] [org.gradle.cache.internal.DefaultFileLockManager] Waiting to acquire shared lock on daemon addresses registry.
2026-03-27T23:48:26.644-0500 [DEBUG] [org.gradle.cache.internal.DefaultFileLockManager] Lock acquired on daemon addresses registry.
2026-03-27T23:48:26.644-0500 [DEBUG] [org.gradle.cache.internal.DefaultFileLockManager] Releasing lock on daemon addresses registry.
2026-03-27T23:48:26.645-0500 [DEBUG] [org.gradle.cache.internal.DefaultFileLockManager] Waiting to acquire shared lock on daemon addresses registry.
2026-03-27T23:48:26.645-0500 [DEBUG] [org.gradle.cache.internal.DefaultFileLockManager] Lock acquired on daemon addresses registry.
2026-03-27T23:48:26.646-0500 [DEBUG] [org.gradle.cache.internal.DefaultFileLockManager] Releasing lock on daemon addresses registry.
2026-03-27T23:48:33.715-0500 [DEBUG] [org.gradle.internal.watch.vfs.impl.WatchingVirtualFileSystem] Handling VFS change MODIFIED C:\Users\sebgo\AndroidStudioProjects\mytaxitravel\app\src\main\res\menu\bottom_nav_menu.xml
2026-03-27T23:48:36.639-0500 [DEBUG] [org.gradle.cache.internal.DefaultFileLockManager] Waiting to acquire shared lock on daemon addresses registry.
2026-03-27T23:48:36.639-0500 [DEBUG] [org.gradle.cache.internal.DefaultFileLockManager] Lock acquired on daemon addresses registry.
2026-03-27T23:48:36.639-0500 [DEBUG] [org.gradle.cache.internal.DefaultFileLockManager] Releasing lock on daemon addresses registry.
2026-03-27T23:48:36.641-0500 [DEBUG] [org.gradle.cache.internal.DefaultFileLockManager] Waiting to acquire shared lock on daemon addresses registry.
2026-03-27T23:48:36.641-0500 [DEBUG] [org.gradle.cache.internal.DefaultFileLockManager] Lock acquired on daemon addresses registry.
2026-03-27T23:48:36.641-0500 [DEBUG] [org.gradle.cache.internal.DefaultFileLockManager] Releasing lock on daemon addresses registry.
2026-03-27T23:48:36.642-0500 [DEBUG] [org.gradle.cache.internal.DefaultFileLockManager] Waiting to acquire shared lock on daemon addresses registry.
2026-03-27T23:48:36.642-0500 [DEBUG] [org.gradle.cache.internal.DefaultFileLockManager] Lock acquired on daemon addresses registry.
2026-03-27T23:48:36.643-0500 [DEBUG] [org.gradle.cache.internal.DefaultFileLockManager] Releasing lock on daemon addresses registry.
2026-03-27T23:48:38.338-0500 [DEBUG] [org.gradle.internal.remote.internal.inet.TcpIncomingConnector] Accepted connection from /127.0.0.1:29330 to /127.0.0.1:17309.
2026-03-27T23:48:38.434-0500 [DEBUG] [org.gradle.launcher.daemon.server.SynchronizedDispatchConnection] thread 1034: received class org.gradle.launcher.daemon.protocol.Build
2026-03-27T23:48:38.437-0500 [DEBUG] [org.gradle.launcher.daemon.server.DefaultDaemonConnection] thread 1034: Received non-IO message from client: Build{id=e972eaed-9266-4b32-8f6c-9a65e3d71a64, currentDir=C:\Users\sebgo\AndroidStudioProjects\mytaxitravel}
2026-03-27T23:48:38.439-0500 [INFO] [org.gradle.launcher.daemon.server.DefaultIncomingConnectionHandler] Received command: Build{id=e972eaed-9266-4b32-8f6c-9a65e3d71a64, currentDir=C:\Users\sebgo\AndroidStudioProjects\mytaxitravel}.
2026-03-27T23:48:38.439-0500 [DEBUG] [org.gradle.launcher.daemon.server.DefaultIncomingConnectionHandler] Starting executing command: Build{id=e972eaed-9266-4b32-8f6c-9a65e3d71a64, currentDir=C:\Users\sebgo\AndroidStudioProjects\mytaxitravel} with connection: socket connection from /127.0.0.1:17309 to /127.0.0.1:29330.
2026-03-27T23:48:38.448-0500 [DEBUG] [org.gradle.launcher.daemon.server.DaemonStateCoordinator] Command execution: started DaemonCommandExecution[command = Build{id=e972eaed-9266-4b32-8f6c-9a65e3d71a64, currentDir=C:\Users\sebgo\AndroidStudioProjects\mytaxitravel}, connection = DefaultDaemonConnection: socket connection from /127.0.0.1:17309 to /127.0.0.1:29330] after 6.544833333333333 minutes of idle
2026-03-27T23:48:38.448-0500 [INFO] [org.gradle.launcher.daemon.server.DaemonRegistryUpdater] Marking the daemon as busy, address: [997172e4-0228-42fa-b2cc-c9582f8c896e port:17309, addresses:[localhost/127.0.0.1]]
2026-03-27T23:48:38.449-0500 [DEBUG] [org.gradle.launcher.daemon.registry.PersistentDaemonRegistry] Marking busy by address: [997172e4-0228-42fa-b2cc-c9582f8c896e port:17309, addresses:[localhost/127.0.0.1]]
2026-03-27T23:48:38.451-0500 [DEBUG] [org.gradle.cache.internal.DefaultFileLockManager] Waiting to acquire exclusive lock on daemon addresses registry.
2026-03-27T23:48:38.453-0500 [DEBUG] [org.gradle.cache.internal.DefaultFileLockManager] Lock acquired on daemon addresses registry.
2026-03-27T23:48:38.460-0500 [DEBUG] [org.gradle.cache.internal.DefaultFileLockManager] Releasing lock on daemon addresses registry.
2026-03-27T23:48:38.460-0500 [DEBUG] [org.gradle.launcher.daemon.server.DaemonStateCoordinator] resetting idle timer
2026-03-27T23:48:38.461-0500 [DEBUG] [org.gradle.launcher.daemon.server.DaemonStateCoordinator] daemon is running. Sleeping until state changes.
2026-03-27T23:48:38.462-0500 [INFO] [org.gradle.launcher.daemon.server.exec.StartBuildOrRespondWithBusy] Daemon is about to start building Build{id=e972eaed-9266-4b32-8f6c-9a65e3d71a64, currentDir=C:\Users\sebgo\AndroidStudioProjects\mytaxitravel}. Dispatching build started information...
2026-03-27T23:48:38.462-0500 [DEBUG] [org.gradle.launcher.daemon.server.SynchronizedDispatchConnection] thread 1036: dispatching org.gradle.launcher.daemon.protocol.BuildStarted@63af11c2
2026-03-27T23:48:38.473-0500 [DEBUG] [org.gradle.launcher.daemon.server.exec.EstablishBuildEnvironment] Configuring env variables: [USERDOMAIN_ROAMINGPROFILE, Maven, EFC_5368_2283032206, EFC_5368_2775293581, PROCESSOR_LEVEL, SESSIONNAME, ALLUSERSPROFILE, PROCESSOR_ARCHITECTURE, PSModulePath, SystemDrive, EFC_5368_1592913036, USERNAME, ProgramFiles(x86), FPS_BROWSER_USER_PROFILE_STRING, PATHEXT, DriverData, OneDriveConsumer, IntelliJ IDEA Community Edition, PyCharm Community Edition, ProgramData, ProgramW6432, EFC_5368_3789132940, HOMEPATH, PROCESSOR_IDENTIFIER, ProgramFiles, PUBLIC, windir, =::, ZES_ENABLE_SYSMAN, LOCALAPPDATA, ChocolateyLastPathUpdate, USERDOMAIN, LOGONSERVER, FPS_BROWSER_APP_PROFILE_STRING, JAVA_HOME, OneDrive, APPDATA, ChocolateyInstall, CommonProgramFiles, Path, OS, COMPUTERNAME, PROCESSOR_REVISION, CommonProgramW6432, ComSpec, TEMP, SystemRoot, HOMEDRIVE, USERPROFILE, TMP, EFC_5368_1262719628, CommonProgramFiles(x86), NUMBER_OF_PROCESSORS]
2026-03-27T23:48:38.490-0500 [DEBUG] [org.gradle.launcher.daemon.server.exec.LogToClient] About to start relaying all logs to the client via the connection.
2026-03-27T23:48:38.495-0500 [INFO] [org.gradle.launcher.daemon.server.exec.LogToClient] The client will now receive all logging from the daemon (pid: 13440). The daemon log file: C:\Users\sebgo\AndroidStudioProjects\mytaxitravel\gradle\daemon\8.13\daemon-13440.out.log
2026-03-27T23:48:38.520-0500 [INFO] [org.gradle.launcher.daemon.server.exec.LogAndCheckHealth] Starting 11th build in daemon [uptime: 45 mins 42.906 secs, performance: 98%, GC rate: 0.00/s, heap usage: 0% of 2 GiB]
2026-03-27T23:48:38.526-0500 [DEBUG] [org.gradle.launcher.daemon.server.exec.ExecuteBuild] The daemon has started executing the build.
2026-03-27T23:48:38.527-0500 [DEBUG] [org.gradle.launcher.daemon.server.exec.ExecuteBuild] Executing build with daemon context: DefaultDaemonContext[uid=b7364696-86c9-4c24-bb56-8cdc5351f417,javaHome=F:\Android Studio\jbr,javaVersion=21,javaVendor=JetBrains s.r.o.,daemonRegistryDir=C:\Users\sebgo\AndroidStudioProjects\mytaxitravel\gradle\daemon,pid=13440,idleTimeout=10800000,priority=NORMAL,applyInstrumentationAgent=true,nativeServicesMode=ENABLED,daemonOpts=-Xmx2048m,-Dfile.encoding=UTF-8,-Duser.country=CO,-Duser.language=es,-Duser.variant]

FAILURE: Build failed with an exception.

* What went wrong:
Execution failed for task ':app:processDebugResources'.
> A failure occurred while executing com.android.build.gradle.internal.res.LinkApplicationAndroidResourcesTask$TaskAction
   > Android resource linking failed
     com.workpro.mytaxitravel.app-mergeDebugResources-3:/layout/activity_configuracion_perfil.xml:202: error: resource menu/bottom_nav_menu3 (aka com.workpro.mytaxitravel:menu/bottom_nav_menu3) not found.
     com.workpro.mytaxitravel.app-mergeDebugResources-3:/layout/activity_historial_viajes.xml:298: error: resource menu/bottom_nav_menu3 (aka com.workpro.mytaxitravel:menu/bottom_nav_menu3) not found.
     com.workpro.mytaxitravel.app-mergeDebugResources-3:/layout/activity_preguntas_frecuentes.xml:260: error: resource menu/bottom_nav_menu3 (aka com.workpro.mytaxitravel:menu/bottom_nav_menu3) not found.
     com.workpro.mytaxitravel.app-mergeDebugResources-3:/layout/activity_soporte_usuario.xml:268: error: resource menu/bottom_nav_menu3 (aka com.workpro.mytaxitravel:menu/bottom_nav_menu3) not found.
     com.workpro.mytaxitravel.app-mergeDebugResources-3:/layout/activity_viaje_realizado.xml:174: error: resource menu/bottom_nav_menu2 (aka com.workpro.mytaxitravel:menu/bottom_nav_menu2) not found.
     error: failed linking file resources.


* Try:
> Run with --info or --debug option to get more log output.
> Run with --scan to get full insights.
> Get more help at https://help.gradle.org.

* Exception is:
org.gradle.api.tasks.TaskExecutionException: Execution failed for task ':app:processDebugResources'.
	at org.gradle.api.internal.tasks.execution.ExecuteActionsTaskExecuter.lambda$executeIfValid$1(ExecuteActionsTaskExecuter.java:130)
	at org.gradle.internal.Try$Failure.ifSuccessfulOrElse(Try.java:293)
	at org.gradle.api.internal.tasks.execution.ExecuteActionsTaskExecuter.executeIfValid(ExecuteActionsTaskExecuter.java:128)
	at org.gradle.api.internal.tasks.execution.ExecuteActionsTaskExecuter.execute(ExecuteActionsTaskExecuter.java:116)
	at org.gradle.api.internal.tasks.execution.ProblemsTaskPathTrackingTaskExecuter.execute(ProblemsTaskPathTrackingTaskExecuter.java:40)
	at org.gradle.api.internal.tasks.execution.FinalizePropertiesTaskExecuter.execute(FinalizePropertiesTaskExecuter.java:46)
	at org.gradle.api.internal.tasks.execution.ResolveTaskExecutionModeExecuter.execute(ResolveTaskExecutionModeExecuter.java:51)
	at org.gradle.api.internal.tasks.execution.SkipTaskWithNoActionsExecuter.execute(SkipTaskWithNoActionsExecuter.java:57)
	at org.gradle.api.internal.tasks.execution.SkipOnlyIfTaskExecuter.execute(SkipOnlyIfTaskExecuter.java:74)
	at org.gradle.api.internal.tasks.execution.CatchExceptionTaskExecuter.execute(CatchExceptionTaskExecuter.java:36)
	at org.gradle.api.internal.tasks.execution.EventFiringTaskExecuter$1.executeTask(EventFiringTaskExecuter.java:77)
	at org.gradle.api.internal.tasks.execution.EventFiringTaskExecuter$1.call(EventFiringTaskExecuter.java:55)
	at org.gradle.api.internal.tasks.execution.EventFiringTaskExecuter$1.call(EventFiringTaskExecuter.java:52)
	at org.gradle.internal.operations.DefaultBuildOperationRunner$CallableBuildOperationWorker.execute(DefaultBuildOperationRunner.java:210)
	at org.gradle.internal.operations.DefaultBuildOperationRunner$CallableBuildOperationWorker.execute(DefaultBuildOperationRunner.java:205)
	at org.gradle.internal.operations.DefaultBuildOperationRunner$2.execute(DefaultBuildOperationRunner.java:67)
	at org.gradle.internal.operations.DefaultBuildOperationRunner$2.execute(DefaultBuildOperationRunner.java:60)
	at org.gradle.internal.operations.DefaultBuildOperationRunner.execute(DefaultBuildOperationRunner.java:167)
	at org.gradle.internal.operations.DefaultBuildOperationRunner.execute(DefaultBuildOperationRunner.java:60)
	at org.gradle.internal.operations.DefaultBuildOperationRunner.call(DefaultBuildOperationRunner.java:54)
	at org.gradle.api.internal.tasks.execution.EventFiringTaskExecuter.execute(EventFiringTaskExecuter.java:52)
	at org.gradle.execution.plan.LocalTaskNodeExecutor.execute(LocalTaskNodeExecutor.java:42)
	at org.gradle.execution.taskgraph.DefaultTaskExecutionGraph$InvokeNodeExecutorsAction.execute(DefaultTaskExecutionGraph.java:331)
	at org.gradle.execution.taskgraph.DefaultTaskExecutionGraph$InvokeNodeExecutorsAction.execute(DefaultTaskExecutionGraph.java:318)
	at org.gradle.execution.taskgraph.DefaultTaskExecutionGraph$BuildOperationAwareExecutionAction.lambda$execute$0(DefaultTaskExecutionGraph.java:314)
	at org.gradle.internal.operations.CurrentBuildOperationRef.with(CurrentBuildOperationRef.java:85)
	at org.gradle.execution.taskgraph.DefaultTaskExecutionGraph$BuildOperationAwareExecutionAction.execute(DefaultTaskExecutionGraph.java:314)
	at org.gradle.execution.taskgraph.DefaultTaskExecutionGraph$BuildOperationAwareExecutionAction.execute(DefaultTaskExecutionGraph.java:303)
	at org.gradle.execution.plan.DefaultPlanExecutor$ExecutorWorker.execute(DefaultPlanExecutor.java:459)
	at org.gradle.execution.plan.DefaultPlanExecutor$ExecutorWorker.run(DefaultPlanExecutor.java:376)
	at org.gradle.internal.concurrent.ExecutorPolicy$CatchAndRecordFailures.onExecute(ExecutorPolicy.java:64)
	at org.gradle.internal.concurrent.AbstractManagedExecutor$1.run(AbstractManagedExecutor.java:48)
Caused by: org.gradle.workers.internal.DefaultWorkerExecutor$WorkExecutionException: A failure occurred while executing com.android.build.gradle.internal.res.LinkApplicationAndroidResourcesTask$TaskAction
	at org.gradle.workers.internal.DefaultWorkerExecutor$WorkItemExecution.waitForCompletion(DefaultWorkerExecutor.java:287)
	at org.gradle.internal.work.DefaultAsyncWorkTracker.lambda$waitForItemsAndGatherFailures$2(DefaultAsyncWorkTracker.java:130)
	at org.gradle.internal.Factories$1.create(Factories.java:31)
	at org.gradle.internal.work.DefaultWorkerLeaseService.withoutLocks(DefaultWorkerLeaseService.java:335)
	at org.gradle.internal.work.DefaultWorkerLeaseService.withoutLocks(DefaultWorkerLeaseService.java:318)
	at org.gradle.internal.work.DefaultWorkerLeaseService.withoutLock(DefaultWorkerLeaseService.java:323)
	at org.gradle.internal.work.DefaultAsyncWorkTracker.waitForItemsAndGatherFailures(DefaultAsyncWorkTracker.java:126)
	at org.gradle.internal.work.DefaultAsyncWorkTracker.waitForItemsAndGatherFailures(DefaultAsyncWorkTracker.java:92)
	at org.gradle.internal.work.DefaultAsyncWorkTracker.waitForAll(DefaultAsyncWorkTracker.java:78)
	at org.gradle.internal.work.DefaultAsyncWorkTracker.waitForCompletion(DefaultAsyncWorkTracker.java:66)
	at org.gradle.api.internal.tasks.execution.TaskExecution$3.run(TaskExecution.java:252)
	at org.gradle.internal.operations.DefaultBuildOperationRunner$1.execute(DefaultBuildOperationRunner.java:30)
	at org.gradle.internal.operations.DefaultBuildOperationRunner$1.execute(DefaultBuildOperationRunner.java:27)
	at org.gradle.internal.operations.DefaultBuildOperationRunner$2.execute(DefaultBuildOperationRunner.java:67)
	at org.gradle.internal.operations.DefaultBuildOperationRunner$2.execute(DefaultBuildOperationRunner.java:60)
	at org.gradle.internal.operations.DefaultBuildOperationRunner.execute(DefaultBuildOperationRunner.java:167)
	at org.gradle.internal.operations.DefaultBuildOperationRunner.execute(DefaultBuildOperationRunner.java:60)
	at org.gradle.internal.operations.DefaultBuildOperationRunner.run(DefaultBuildOperationRunner.java:48)
	at org.gradle.api.internal.tasks.execution.TaskExecution.executeAction(TaskExecution.java:229)
	at org.gradle.api.internal.tasks.execution.TaskExecution.executeActions(TaskExecution.java:212)
	at org.gradle.api.internal.tasks.execution.TaskExecution.executeWithPreviousOutputFiles(TaskExecution.java:195)
	at org.gradle.api.internal.tasks.execution.TaskExecution.execute(TaskExecution.java:162)
	at org.gradle.internal.execution.steps.ExecuteStep.executeInternal(ExecuteStep.java:105)
	at org.gradle.internal.execution.steps.ExecuteStep.access$000(ExecuteStep.java:44)
	at org.gradle.internal.execution.steps.ExecuteStep$1.call(ExecuteStep.java:59)
	at org.gradle.internal.execution.steps.ExecuteStep$1.call(ExecuteStep.java:56)
	at org.gradle.internal.operations.DefaultBuildOperationRunner$CallableBuildOperationWorker.execute(DefaultBuildOperationRunner.java:210)
	at org.gradle.internal.operations.DefaultBuildOperationRunner$CallableBuildOperationWorker.execute(DefaultBuildOperationRunner.java:205)
	at org.gradle.internal.operations.DefaultBuildOperationRunner$2.execute(DefaultBuildOperationRunner.java:67)
	at org.gradle.internal.operations.DefaultBuildOperationRunner$2.execute(DefaultBuildOperationRunner.java:60)
	at org.gradle.internal.operations.DefaultBuildOperationRunner.execute(DefaultBuildOperationRunner.java:167)
	at org.gradle.internal.operations.DefaultBuildOperationRunner.execute(DefaultBuildOperationRunner.java:60)
	at org.gradle.internal.operations.DefaultBuildOperationRunner.call(DefaultBuildOperationRunner.java:54)
	at org.gradle.internal.execution.steps.ExecuteStep.execute(ExecuteStep.java:56)
	at org.gradle.internal.execution.steps.ExecuteStep.execute(ExecuteStep.java:44)
	at org.gradle.internal.execution.steps.CancelExecutionStep.execute(CancelExecutionStep.java:42)
	at org.gradle.internal.execution.steps.TimeoutStep.executeWithoutTimeout(TimeoutStep.java:75)
	at org.gradle.internal.execution.steps.TimeoutStep.execute(TimeoutStep.java:55)
	at org.gradle.internal.execution.steps.PreCreateOutputParentsStep.execute(PreCreateOutputParentsStep.java:50)
	at org.gradle.internal.execution.steps.PreCreateOutputParentsStep.execute(PreCreateOutputParentsStep.java:28)
	at org.gradle.internal.execution.steps.RemovePreviousOutputsStep.execute(RemovePreviousOutputsStep.java:67)
	at org.gradle.internal.execution.steps.RemovePreviousOutputsStep.execute(RemovePreviousOutputsStep.java:37)
	at org.gradle.internal.execution.steps.BroadcastChangingOutputsStep.execute(BroadcastChangingOutputsStep.java:61)
	at org.gradle.internal.execution.steps.BroadcastChangingOutputsStep.execute(BroadcastChangingOutputsStep.java:26)
	at org.gradle.internal.execution.steps.CaptureOutputsAfterExecutionStep.execute(CaptureOutputsAfterExecutionStep.java:69)
	at org.gradle.internal.execution.steps.CaptureOutputsAfterExecutionStep.execute(CaptureOutputsAfterExecutionStep.java:46)
	at org.gradle.internal.execution.steps.ResolveInputChangesStep.execute(ResolveInputChangesStep.java:40)
	at org.gradle.internal.execution.steps.ResolveInputChangesStep.execute(ResolveInputChangesStep.java:29)
	at org.gradle.internal.execution.steps.BuildCacheStep.executeWithoutCache(BuildCacheStep.java:189)
	at org.gradle.internal.execution.steps.BuildCacheStep.lambda$execute$1(BuildCacheStep.java:75)
	at org.gradle.internal.Either$Right.fold(Either.java:175)
	at org.gradle.internal.execution.caching.CachingState.fold(CachingState.java:62)
	at org.gradle.internal.execution.steps.BuildCacheStep.execute(BuildCacheStep.java:73)
	at org.gradle.internal.execution.steps.BuildCacheStep.execute(BuildCacheStep.java:48)
	at org.gradle.internal.execution.steps.StoreExecutionStateStep.execute(StoreExecutionStateStep.java:46)
	at org.gradle.internal.execution.steps.StoreExecutionStateStep.execute(StoreExecutionStateStep.java:35)
	at org.gradle.internal.execution.steps.SkipUpToDateStep.executeBecause(SkipUpToDateStep.java:75)
	at org.gradle.internal.execution.steps.SkipUpToDateStep.lambda$execute$2(SkipUpToDateStep.java:53)
	at org.gradle.internal.execution.steps.SkipUpToDateStep.execute(SkipUpToDateStep.java:53)
	at org.gradle.internal.execution.steps.SkipUpToDateStep.execute(SkipUpToDateStep.java:35)
	at org.gradle.internal.execution.steps.legacy.MarkSnapshottingInputsFinishedStep.execute(MarkSnapshottingInputsFinishedStep.java:37)
	at org.gradle.internal.execution.steps.legacy.MarkSnapshottingInputsFinishedStep.execute(MarkSnapshottingInputsFinishedStep.java:27)
	at org.gradle.internal.execution.steps.ResolveIncrementalCachingStateStep.executeDelegate(ResolveIncrementalCachingStateStep.java:49)
	at org.gradle.internal.execution.steps.ResolveIncrementalCachingStateStep.executeDelegate(ResolveIncrementalCachingStateStep.java:27)
	at org.gradle.internal.execution.steps.AbstractResolveCachingStateStep.execute(AbstractResolveCachingStateStep.java:71)
	at org.gradle.internal.execution.steps.AbstractResolveCachingStateStep.execute(AbstractResolveCachingStateStep.java:39)
	at org.gradle.internal.execution.steps.ResolveChangesStep.execute(ResolveChangesStep.java:65)
	at org.gradle.internal.execution.steps.ResolveChangesStep.execute(ResolveChangesStep.java:36)
	at org.gradle.internal.execution.steps.ValidateStep.execute(ValidateStep.java:107)
	at org.gradle.internal.execution.steps.ValidateStep.execute(ValidateStep.java:56)
	at org.gradle.internal.execution.steps.AbstractCaptureStateBeforeExecutionStep.execute(AbstractCaptureStateBeforeExecutionStep.java:64)
	at org.gradle.internal.execution.steps.AbstractCaptureStateBeforeExecutionStep.execute(AbstractCaptureStateBeforeExecutionStep.java:43)
	at org.gradle.internal.execution.steps.AbstractSkipEmptyWorkStep.executeWithNonEmptySources(AbstractSkipEmptyWorkStep.java:125)
	at org.gradle.internal.execution.steps.AbstractSkipEmptyWorkStep.execute(AbstractSkipEmptyWorkStep.java:56)
	at org.gradle.internal.execution.steps.AbstractSkipEmptyWorkStep.execute(AbstractSkipEmptyWorkStep.java:36)
	at org.gradle.internal.execution.steps.legacy.MarkSnapshottingInputsStartedStep.execute(MarkSnapshottingInputsStartedStep.java:38)
	at org.gradle.internal.execution.steps.LoadPreviousExecutionStateStep.execute(LoadPreviousExecutionStateStep.java:36)
	at org.gradle.internal.execution.steps.LoadPreviousExecutionStateStep.execute(LoadPreviousExecutionStateStep.java:23)
	at org.gradle.internal.execution.steps.HandleStaleOutputsStep.execute(HandleStaleOutputsStep.java:75)
	at org.gradle.internal.execution.steps.HandleStaleOutputsStep.execute(HandleStaleOutputsStep.java:41)
	at org.gradle.internal.execution.steps.AssignMutableWorkspaceStep.lambda$execute$0(AssignMutableWorkspaceStep.java:35)
	at org.gradle.api.internal.tasks.execution.TaskExecution$4.withWorkspace(TaskExecution.java:289)
	at org.gradle.internal.execution.steps.AssignMutableWorkspaceStep.execute(AssignMutableWorkspaceStep.java:31)
	at org.gradle.internal.execution.steps.AssignMutableWorkspaceStep.execute(AssignMutableWorkspaceStep.java:22)
	at org.gradle.internal.execution.steps.ChoosePipelineStep.execute(ChoosePipelineStep.java:40)
	at org.gradle.internal.execution.steps.ChoosePipelineStep.execute(ChoosePipelineStep.java:23)
	at org.gradle.internal.execution.steps.ExecuteWorkBuildOperationFiringStep.lambda$execute$2(ExecuteWorkBuildOperationFiringStep.java:67)
	at org.gradle.internal.execution.steps.ExecuteWorkBuildOperationFiringStep.execute(ExecuteWorkBuildOperationFiringStep.java:67)
	at org.gradle.internal.execution.steps.ExecuteWorkBuildOperationFiringStep.execute(ExecuteWorkBuildOperationFiringStep.java:39)
	at org.gradle.internal.execution.steps.IdentityCacheStep.execute(IdentityCacheStep.java:46)
	at org.gradle.internal.execution.steps.IdentityCacheStep.execute(IdentityCacheStep.java:34)
	at org.gradle.internal.execution.steps.IdentifyStep.execute(IdentifyStep.java:48)
	at org.gradle.internal.execution.steps.IdentifyStep.execute(IdentifyStep.java:35)
	at org.gradle.internal.execution.impl.DefaultExecutionEngine$1.execute(DefaultExecutionEngine.java:61)
	at org.gradle.api.internal.tasks.execution.ExecuteActionsTaskExecuter.executeIfValid(ExecuteActionsTaskExecuter.java:127)
	at org.gradle.api.internal.tasks.execution.ExecuteActionsTaskExecuter.execute(ExecuteActionsTaskExecuter.java:116)
	at org.gradle.api.internal.tasks.execution.ProblemsTaskPathTrackingTaskExecuter.execute(ProblemsTaskPathTrackingTaskExecuter.java:40)
	at org.gradle.api.internal.tasks.execution.FinalizePropertiesTaskExecuter.execute(FinalizePropertiesTaskExecuter.java:46)
	at org.gradle.api.internal.tasks.execution.ResolveTaskExecutionModeExecuter.execute(ResolveTaskExecutionModeExecuter.java:51)
	at org.gradle.api.internal.tasks.execution.SkipTaskWithNoActionsExecuter.execute(SkipTaskWithNoActionsExecuter.java:57)
	at org.gradle.api.internal.tasks.execution.SkipOnlyIfTaskExecuter.execute(SkipOnlyIfTaskExecuter.java:74)
	at org.gradle.api.internal.tasks.execution.CatchExceptionTaskExecuter.execute(CatchExceptionTaskExecuter.java:36)
	at org.gradle.api.internal.tasks.execution.EventFiringTaskExecuter$1.executeTask(EventFiringTaskExecuter.java:77)
	at org.gradle.api.internal.tasks.execution.EventFiringTaskExecuter$1.call(EventFiringTaskExecuter.java:55)
	at org.gradle.api.internal.tasks.execution.EventFiringTaskExecuter$1.call(EventFiringTaskExecuter.java:52)
	at org.gradle.internal.operations.DefaultBuildOperationRunner$CallableBuildOperationWorker.execute(DefaultBuildOperationRunner.java:210)
	at org.gradle.internal.operations.DefaultBuildOperationRunner$CallableBuildOperationWorker.execute(DefaultBuildOperationRunner.java:205)
	at org.gradle.internal.operations.DefaultBuildOperationRunner$2.execute(DefaultBuildOperationRunner.java:67)
	at org.gradle.internal.operations.DefaultBuildOperationRunner$2.execute(DefaultBuildOperationRunner.java:60)
	at org.gradle.internal.operations.DefaultBuildOperationRunner.execute(DefaultBuildOperationRunner.java:167)
	at org.gradle.internal.operations.DefaultBuildOperationRunner.execute(DefaultBuildOperationRunner.java:60)
	at org.gradle.internal.operations.DefaultBuildOperationRunner.call(DefaultBuildOperationRunner.java:54)
	at org.gradle.api.internal.tasks.execution.EventFiringTaskExecuter.execute(EventFiringTaskExecuter.java:52)
	at org.gradle.execution.plan.LocalTaskNodeExecutor.execute(LocalTaskNodeExecutor.java:42)
	at org.gradle.execution.taskgraph.DefaultTaskExecutionGraph$InvokeNodeExecutorsAction.execute(DefaultTaskExecutionGraph.java:331)
	at org.gradle.execution.taskgraph.DefaultTaskExecutionGraph$InvokeNodeExecutorsAction.execute(DefaultTaskExecutionGraph.java:318)
	at org.gradle.execution.taskgraph.DefaultTaskExecutionGraph$BuildOperationAwareExecutionAction.lambda$execute$0(DefaultTaskExecutionGraph.java:314)
	at org.gradle.internal.operations.CurrentBuildOperationRef.with(CurrentBuildOperationRef.java:85)
	at org.gradle.execution.taskgraph.DefaultTaskExecutionGraph$BuildOperationAwareExecutionAction.execute(DefaultTaskExecutionGraph.java:314)
	at org.gradle.execution.taskgraph.DefaultTaskExecutionGraph$BuildOperationAwareExecutionAction.execute(DefaultTaskExecutionGraph.java:303)
	at org.gradle.execution.plan.DefaultPlanExecutor$ExecutorWorker.execute(DefaultPlanExecutor.java:459)
	at org.gradle.execution.plan.DefaultPlanExecutor$ExecutorWorker.run(DefaultPlanExecutor.java:376)
	at org.gradle.internal.concurrent.ExecutorPolicy$CatchAndRecordFailures.onExecute(ExecutorPolicy.java:64)
	at org.gradle.internal.concurrent.AbstractManagedExecutor$1.run(AbstractManagedExecutor.java:48)
Caused by: com.android.builder.internal.aapt.v2.Aapt2Exception: Android resource linking failed
com.workpro.mytaxitravel.app-mergeDebugResources-3:/layout/activity_configuracion_perfil.xml:202: error: resource menu/bottom_nav_menu3 (aka com.workpro.mytaxitravel:menu/bottom_nav_menu3) not found.
com.workpro.mytaxitravel.app-mergeDebugResources-3:/layout/activity_historial_viajes.xml:298: error: resource menu/bottom_nav_menu3 (aka com.workpro.mytaxitravel:menu/bottom_nav_menu3) not found.
com.workpro.mytaxitravel.app-mergeDebugResources-3:/layout/activity_preguntas_frecuentes.xml:260: error: resource menu/bottom_nav_menu3 (aka com.workpro.mytaxitravel:menu/bottom_nav_menu3) not found.
com.workpro.mytaxitravel.app-mergeDebugResources-3:/layout/activity_soporte_usuario.xml:268: error: resource menu/bottom_nav_menu3 (aka com.workpro.mytaxitravel:menu/bottom_nav_menu3) not found.
com.workpro.mytaxitravel.app-mergeDebugResources-3:/layout/activity_viaje_realizado.xml:174: error: resource menu/bottom_nav_menu2 (aka com.workpro.mytaxitravel:menu/bottom_nav_menu2) not found.
error: failed linking file resources.

	at com.android.builder.internal.aapt.v2.Aapt2Exception$Companion.create(Aapt2Exception.kt:45)
	at com.android.builder.internal.aapt.v2.Aapt2Exception$Companion.create$default(Aapt2Exception.kt:31)
	at com.android.builder.internal.aapt.v2.Aapt2DaemonImpl.doLink(Aapt2DaemonImpl.kt:191)
	at com.android.builder.internal.aapt.v2.Aapt2Daemon.link(Aapt2Daemon.kt:124)
	at com.android.builder.internal.aapt.v2.Aapt2DaemonManager$LeasedAaptDaemon.link(Aapt2DaemonManager.kt:176)
	at com.android.builder.internal.aapt.v2.Aapt2DaemonManager$leasingAapt2Daemon$1.link(Aapt2DaemonManager.kt:199)
	at com.android.build.gradle.internal.services.PartialInProcessResourceProcessor.link(PartialInProcessResourceProcessor.kt:51)
	at com.android.build.gradle.internal.res.Aapt2ProcessResourcesRunnableKt.processResources(Aapt2ProcessResourcesRunnable.kt:74)
	at com.android.build.gradle.internal.res.LinkApplicationAndroidResourcesTask$Companion.invokeAaptForSplit(LinkApplicationAndroidResourcesTask.kt:1060)
	at com.android.build.gradle.internal.res.LinkApplicationAndroidResourcesTask$Companion.access$invokeAaptForSplit(LinkApplicationAndroidResourcesTask.kt:886)
	at com.android.build.gradle.internal.res.LinkApplicationAndroidResourcesTask$TaskAction.run(LinkApplicationAndroidResourcesTask.kt:463)
	at com.android.build.gradle.internal.profile.ProfileAwareWorkAction.execute(ProfileAwareWorkAction.kt:74)
	at org.gradle.workers.internal.DefaultWorkerServer.execute(DefaultWorkerServer.java:63)
	at org.gradle.workers.internal.NoIsolationWorkerFactory$1$1.create(NoIsolationWorkerFactory.java:66)
	at org.gradle.workers.internal.NoIsolationWorkerFactory$1$1.create(NoIsolationWorkerFactory.java:62)
	at org.gradle.internal.classloader.ClassLoaderUtils.executeInClassloader(ClassLoaderUtils.java:100)
	at org.gradle.workers.internal.NoIsolationWorkerFactory$1.lambda$execute$0(NoIsolationWorkerFactory.java:62)
	at org.gradle.workers.internal.AbstractWorker$1.call(AbstractWorker.java:44)
	at org.gradle.workers.internal.AbstractWorker$1.call(AbstractWorker.java:41)
	at org.gradle.internal.operations.DefaultBuildOperationRunner$CallableBuildOperationWorker.execute(DefaultBuildOperationRunner.java:210)
	at org.gradle.internal.operations.DefaultBuildOperationRunner$CallableBuildOperationWorker.execute(DefaultBuildOperationRunner.java:205)
	at org.gradle.internal.operations.DefaultBuildOperationRunner$2.execute(DefaultBuildOperationRunner.java:67)
	at org.gradle.internal.operations.DefaultBuildOperationRunner$2.execute(DefaultBuildOperationRunner.java:60)
	at org.gradle.internal.operations.DefaultBuildOperationRunner.execute(DefaultBuildOperationRunner.java:167)
	at org.gradle.internal.operations.DefaultBuildOperationRunner.execute(DefaultBuildOperationRunner.java:60)
	at org.gradle.internal.operations.DefaultBuildOperationRunner.call(DefaultBuildOperationRunner.java:54)
	at org.gradle.workers.internal.AbstractWorker.executeWrappedInBuildOperation(AbstractWorker.java:41)
	at org.gradle.workers.internal.NoIsolationWorkerFactory$1.execute(NoIsolationWorkerFactory.java:59)
	at org.gradle.workers.internal.DefaultWorkerExecutor.lambda$submitWork$0(DefaultWorkerExecutor.java:174)
	at org.gradle.internal.work.DefaultConditionalExecutionQueue$ExecutionRunner.runExecution(DefaultConditionalExecutionQueue.java:194)
	at org.gradle.internal.work.DefaultConditionalExecutionQueue$ExecutionRunner.access$700(DefaultConditionalExecutionQueue.java:127)
	at org.gradle.internal.work.DefaultConditionalExecutionQueue$ExecutionRunner$1.run(DefaultConditionalExecutionQueue.java:169)
	at org.gradle.internal.Factories$1.create(Factories.java:31)
	at org.gradle.internal.work.DefaultWorkerLeaseService.withLocks(DefaultWorkerLeaseService.java:263)
	at org.gradle.internal.work.DefaultWorkerLeaseService.runAsWorkerThread(DefaultWorkerLeaseService.java:127)
	at org.gradle.internal.work.DefaultWorkerLeaseService.runAsWorkerThread(DefaultWorkerLeaseService.java:132)
	at org.gradle.internal.work.DefaultConditionalExecutionQueue$ExecutionRunner.runBatch(DefaultConditionalExecutionQueue.java:164)
	at org.gradle.internal.work.DefaultConditionalExecutionQueue$ExecutionRunner.run(DefaultConditionalExecutionQueue.java:133)
	... 2 more
	Suppressed: java.util.NoSuchElementException: Unable to get absolute path from com.workpro.mytaxitravel.app-mergeDebugResources-3:/layout/activity_configuracion_perfil.xml
                       because com.workpro.mytaxitravel.app-mergeDebugResources-3 is not key in sourceSetPathMap.
		at com.android.ide.common.resources.RelativeResourceUtils$relativeResourcePathToAbsolutePath$1.invoke(RelativeResourceUtils.kt:91)
		at com.android.ide.common.resources.RelativeResourceUtils$relativeResourcePathToAbsolutePath$1.invoke(RelativeResourceUtils.kt:68)
		at com.android.ide.common.resources.RelativeResourceUtils.relativeResourcePathToAbsolutePath(RelativeResourceUtils.kt:61)
		at com.android.ide.common.blame.parser.aapt.Aapt2ErrorParser$MessageParser.parse(Aapt2ErrorParser.kt:124)
		at com.android.ide.common.blame.parser.aapt.Aapt2ErrorParser.parse(Aapt2ErrorParser.kt:99)
		at com.android.ide.common.blame.parser.aapt.Aapt2OutputParser.parse(Aapt2OutputParser.java:56)
		at com.android.ide.common.blame.parser.ToolOutputParser.parseToolOutput(ToolOutputParser.java:84)
		at com.android.build.gradle.internal.res.Aapt2ErrorUtils.rewriteException(Aapt2ErrorUtils.kt:219)
		at com.android.build.gradle.internal.res.Aapt2ErrorUtils.rewriteLinkException(Aapt2ErrorUtils.kt:133)
		at com.android.build.gradle.internal.res.Aapt2ProcessResourcesRunnableKt.processResources(Aapt2ProcessResourcesRunnable.kt:76)
		at com.android.build.gradle.internal.res.LinkApplicationAndroidResourcesTask$Companion.invokeAaptForSplit(LinkApplicationAndroidResourcesTask.kt:1060)
		at com.android.build.gradle.internal.res.LinkApplicationAndroidResourcesTask$Companion.access$invokeAaptForSplit(LinkApplicationAndroidResourcesTask.kt:886)
		at com.android.build.gradle.internal.res.LinkApplicationAndroidResourcesTask$TaskAction.run(LinkApplicationAndroidResourcesTask.kt:463)
		at com.android.build.gradle.internal.profile.ProfileAwareWorkAction.execute(ProfileAwareWorkAction.kt:74)
		at org.gradle.workers.internal.DefaultWorkerServer.execute(DefaultWorkerServer.java:63)
		at org.gradle.workers.internal.NoIsolationWorkerFactory$1$1.create(NoIsolationWorkerFactory.java:66)
		at org.gradle.workers.internal.NoIsolationWorkerFactory$1$1.create(NoIsolationWorkerFactory.java:62)
		at org.gradle.internal.classloader.ClassLoaderUtils.executeInClassloader(ClassLoaderUtils.java:100)
		at org.gradle.workers.internal.NoIsolationWorkerFactory$1.lambda$execute$0(NoIsolationWorkerFactory.java:62)
		at org.gradle.workers.internal.AbstractWorker$1.call(AbstractWorker.java:44)
		at org.gradle.workers.internal.AbstractWorker$1.call(AbstractWorker.java:41)
		at org.gradle.internal.operations.DefaultBuildOperationRunner$CallableBuildOperationWorker.execute(DefaultBuildOperationRunner.java:210)
		at org.gradle.internal.operations.DefaultBuildOperationRunner$CallableBuildOperationWorker.execute(DefaultBuildOperationRunner.java:205)
		at org.gradle.internal.operations.DefaultBuildOperationRunner$2.execute(DefaultBuildOperationRunner.java:67)
		at org.gradle.internal.operations.DefaultBuildOperationRunner$2.execute(DefaultBuildOperationRunner.java:60)
		at org.gradle.internal.operations.DefaultBuildOperationRunner.execute(DefaultBuildOperationRunner.java:167)
		at org.gradle.internal.operations.DefaultBuildOperationRunner.execute(DefaultBuildOperationRunner.java:60)
		at org.gradle.internal.operations.DefaultBuildOperationRunner.call(DefaultBuildOperationRunner.java:54)
		at org.gradle.workers.internal.AbstractWorker.executeWrappedInBuildOperation(AbstractWorker.java:41)
		at org.gradle.workers.internal.NoIsolationWorkerFactory$1.execute(NoIsolationWorkerFactory.java:59)
		at org.gradle.workers.internal.DefaultWorkerExecutor.lambda$submitWork$0(DefaultWorkerExecutor.java:174)
		at java.base/java.util.concurrent.FutureTask.run(Unknown Source)
		at org.gradle.internal.work.DefaultConditionalExecutionQueue$ExecutionRunner.runExecution(DefaultConditionalExecutionQueue.java:194)
		at org.gradle.internal.work.DefaultConditionalExecutionQueue$ExecutionRunner.access$700(DefaultConditionalExecutionQueue.java:127)
		at org.gradle.internal.work.DefaultConditionalExecutionQueue$ExecutionRunner$1.run(DefaultConditionalExecutionQueue.java:169)
		at org.gradle.internal.Factories$1.create(Factories.java:31)
		at org.gradle.internal.work.DefaultWorkerLeaseService.withLocks(DefaultWorkerLeaseService.java:263)
		at org.gradle.internal.work.DefaultWorkerLeaseService.runAsWorkerThread(DefaultWorkerLeaseService.java:127)
		at org.gradle.internal.work.DefaultWorkerLeaseService.runAsWorkerThread(DefaultWorkerLeaseService.java:132)
		at org.gradle.internal.work.DefaultConditionalExecutionQueue$ExecutionRunner.runBatch(DefaultConditionalExecutionQueue.java:164)
		at org.gradle.internal.work.DefaultConditionalExecutionQueue$ExecutionRunner.run(DefaultConditionalExecutionQueue.java:133)
		at java.base/java.util.concurrent.Executors$RunnableAdapter.call(Unknown Source)
		at java.base/java.util.concurrent.FutureTask.run(Unknown Source)
		at org.gradle.internal.concurrent.ExecutorPolicy$CatchAndRecordFailures.onExecute(ExecutorPolicy.java:64)
		at org.gradle.internal.concurrent.AbstractManagedExecutor$1.run(AbstractManagedExecutor.java:48)
		at java.base/java.util.concurrent.ThreadPoolExecutor.runWorker(Unknown Source)
		at java.base/java.util.concurrent.ThreadPoolExecutor$Worker.run(Unknown Source)
		at java.base/java.lang.Thread.run(Unknown Source)


BUILD FAILED in 15s
31 actionable tasks: 8 executed, 23 up-to-date
2026-03-27T23:48:53.976-0500 [DEBUG] [org.gradle.launcher.daemon.server.exec.ExecuteBuild] The daemon has finished executing the build.
2026-03-27T23:48:53.992-0500 [DEBUG] [org.gradle.launcher.daemon.server.DaemonStateCoordinator] daemon is running. Sleeping until state changes.
2026-03-27T23:48:53.993-0500 [DEBUG] [org.gradle.launcher.daemon.server.DaemonStateCoordinator] Command execution: finished waiting for DaemonCommandExecution[command = Build{id=e972eaed-9266-4b32-8f6c-9a65e3d71a64, currentDir=C:\Users\sebgo\AndroidStudioProjects\mytaxitravel}, connection = DefaultDaemonConnection: socket connection from /127.0.0.1:17309 to /127.0.0.1:29330]. Result org.gradle.launcher.daemon.server.DaemonStateCoordinator@4c3ad2a7 with state Busy
2026-03-27T23:48:53.993-0500 [DEBUG] [org.gradle.launcher.daemon.server.DaemonStateCoordinator] Command execution: completed DaemonCommandExecution[command = Build{id=e972eaed-9266-4b32-8f6c-9a65e3d71a64, currentDir=C:\Users\sebgo\AndroidStudioProjects\mytaxitravel}, connection = DefaultDaemonConnection: socket connection from /127.0.0.1:17309 to /127.0.0.1:29330]
2026-03-27T23:48:53.993-0500 [DEBUG] [org.gradle.launcher.daemon.server.DaemonStateCoordinator] resetting idle timer
2026-03-27T23:48:53.993-0500 [INFO] [org.gradle.launcher.daemon.server.DaemonRegistryUpdater] Marking the daemon as idle, address: [997172e4-0228-42fa-b2cc-c9582f8c896e port:17309, addresses:[localhost/127.0.0.1]]
2026-03-27T23:48:53.993-0500 [DEBUG] [org.gradle.launcher.daemon.registry.PersistentDaemonRegistry] Marking busy by address: [997172e4-0228-42fa-b2cc-c9582f8c896e port:17309, addresses:[localhost/127.0.0.1]]
2026-03-27T23:48:53.995-0500 [DEBUG] [org.gradle.cache.internal.DefaultFileLockManager] Waiting to acquire exclusive lock on daemon addresses registry.
2026-03-27T23:48:53.995-0500 [DEBUG] [org.gradle.cache.internal.DefaultFileLockManager] Lock acquired on daemon addresses registry.
2026-03-27T23:48:53.997-0500 [DEBUG] [org.gradle.cache.internal.DefaultFileLockManager] Releasing lock on daemon addresses registry.
2026-03-27T23:48:53.997-0500 [DEBUG] [org.gradle.launcher.daemon.server.exec.ReturnResult] Daemon is dispatching the build result: Success[value=org.gradle.launcher.exec.BuildActionResult@2bc4208b]
2026-03-27T23:48:53.997-0500 [DEBUG] [org.gradle.launcher.daemon.server.SynchronizedDispatchConnection] thread 1033: dispatching Success[value=org.gradle.launcher.exec.BuildActionResult@2bc4208b]
2026-03-27T23:48:53.997-0500 [DEBUG] [org.gradle.launcher.daemon.server.DaemonStateCoordinator] daemon is running. Sleeping until state changes.
2026-03-27T23:48:54.028-0500 [DEBUG] [org.gradle.launcher.daemon.server.DefaultIncomingConnectionHandler] Finishing executing command: Build{id=e972eaed-9266-4b32-8f6c-9a65e3d71a64, currentDir=C:\Users\sebgo\AndroidStudioProjects\mytaxitravel}
2026-03-27T23:48:54.028-0500 [DEBUG] [org.gradle.launcher.daemon.server.exec.CleanUpVirtualFileSystemAfterBuild] Cleaning virtual file system after build finished
2026-03-27T23:48:54.057-0500 [DEBUG] [org.gradle.launcher.daemon.server.SynchronizedDispatchConnection] thread 1034: received class org.gradle.launcher.daemon.protocol.CloseInput
2026-03-27T23:48:54.058-0500 [DEBUG] [org.gradle.launcher.daemon.server.DefaultDaemonConnection] thread 1034: Received IO message from client: org.gradle.launcher.daemon.protocol.CloseInput@1f41183f
2026-03-27T23:48:54.058-0500 [DEBUG] [org.gradle.launcher.daemon.server.SynchronizedDispatchConnection] thread 1034: received class org.gradle.launcher.daemon.protocol.Finished
2026-03-27T23:48:54.058-0500 [DEBUG] [org.gradle.launcher.daemon.server.DefaultDaemonConnection] thread 1034: Received non-IO message from client: org.gradle.launcher.daemon.protocol.Finished@1186f5a7
2026-03-27T23:48:54.058-0500 [DEBUG] [org.gradle.launcher.daemon.server.DefaultIncomingConnectionHandler] Received finished message: org.gradle.launcher.daemon.protocol.Finished@1186f5a7
2026-03-27T23:48:54.058-0500 [DEBUG] [org.gradle.launcher.daemon.server.SynchronizedDispatchConnection] thread 1033: stopping connection
2026-03-27T23:48:54.059-0500 [DEBUG] [org.gradle.internal.remote.internal.inet.SocketConnection] Discarding EOFException: java.io.EOFException
2026-03-27T23:48:54.059-0500 [DEBUG] [org.gradle.launcher.daemon.server.SynchronizedDispatchConnection] thread 1034: received null
2026-03-27T23:48:54.059-0500 [DEBUG] [org.gradle.launcher.daemon.server.DefaultDaemonConnection] thread 1034: Received end-of-input from client.
2026-03-27T23:48:54.059-0500 [DEBUG] [org.gradle.launcher.daemon.server.SynchronizedDispatchConnection] thread 1033: stopping connection
2026-03-27T23:48:54.553-0500 [DEBUG] [org.gradle.process.internal.health.memory.DefaultMemoryManager] 841566208 physical memory requested, 518086656 free
2026-03-27T23:48:54.555-0500 [DEBUG] [org.gradle.workers.internal.WorkerDaemonExpiration] Will attempt to release 802 of memory
2026-03-27T23:48:54.555-0500 [DEBUG] [org.gradle.process.internal.health.memory.DefaultMemoryManager] 841566208 physical memory requested, 0 released, 518086656 free
2026-03-27T23:48:56.673-0500 [DEBUG] [org.gradle.cache.internal.DefaultFileLockManager] Waiting to acquire shared lock on daemon addresses registry.
2026-03-27T23:48:56.675-0500 [DEBUG] [org.gradle.cache.internal.DefaultFileLockManager] Lock acquired on daemon addresses registry.
2026-03-27T23:48:56.692-0500 [DEBUG] [org.gradle.cache.internal.DefaultFileLockManager] Releasing lock on daemon addresses registry.
2026-03-27T23:48:56.723-0500 [DEBUG] [org.gradle.cache.internal.DefaultFileLockManager] Waiting to acquire shared lock on daemon addresses registry.
2026-03-27T23:48:56.723-0500 [DEBUG] [org.gradle.cache.internal.DefaultFileLockManager] Lock acquired on daemon addresses registry.
2026-03-27T23:48:56.726-0500 [DEBUG] [org.gradle.cache.internal.DefaultFileLockManager] Releasing lock on daemon addresses registry.
2026-03-27T23:48:59.760-0500 [DEBUG] [org.gradle.process.internal.health.memory.DefaultMemoryManager] 841566208 physical memory requested, 306315264 free
2026-03-27T23:48:59.761-0500 [DEBUG] [org.gradle.workers.internal.WorkerDaemonExpiration] Will attempt to release 802 of memory
2026-03-27T23:48:59.866-0500 [DEBUG] [org.gradle.process.internal.health.memory.DefaultMemoryManager] 841566208 physical memory requested, 0 released, 306315264 free
2026-03-27T23:49:04.540-0500 [DEBUG] [org.gradle.process.internal.health.memory.DefaultMemoryManager] 841566208 physical memory requested, 508448768 free
2026-03-27T23:49:04.540-0500 [DEBUG] [org.gradle.workers.internal.WorkerDaemonExpiration] Will attempt to release 802 of memory
2026-03-27T23:49:04.540-0500 [DEBUG] [org.gradle.process.internal.health.memory.DefaultMemoryManager] 841566208 physical memory requested, 0 released, 508448768 free
2026-03-27T23:49:06.652-0500 [DEBUG] [org.gradle.cache.internal.DefaultFileLockManager] Waiting to acquire shared lock on daemon addresses registry.
2026-03-27T23:49:06.653-0500 [DEBUG] [org.gradle.cache.internal.DefaultFileLockManager] Lock acquired on daemon addresses registry.
2026-03-27T23:49:06.654-0500 [DEBUG] [org.gradle.cache.internal.DefaultFileLockManager] Releasing lock on daemon addresses registry.
2026-03-27T23:49:06.656-0500 [DEBUG] [org.gradle.cache.internal.DefaultFileLockManager] Waiting to acquire shared lock on daemon addresses registry.
2026-03-27T23:49:06.657-0500 [DEBUG] [org.gradle.cache.internal.DefaultFileLockManager] Lock acquired on daemon addresses registry.
2026-03-27T23:49:06.657-0500 [DEBUG] [org.gradle.cache.internal.DefaultFileLockManager] Releasing lock on daemon addresses registry.
2026-03-27T23:49:06.659-0500 [DEBUG] [org.gradle.cache.internal.DefaultFileLockManager] Waiting to acquire shared lock on daemon addresses registry.
2026-03-27T23:49:06.659-0500 [DEBUG] [org.gradle.cache.internal.DefaultFileLockManager] Lock acquired on daemon addresses registry.
2026-03-27T23:49:06.659-0500 [DEBUG] [org.gradle.cache.internal.DefaultFileLockManager] Releasing lock on daemon addresses registry.
2026-03-27T23:49:16.641-0500 [DEBUG] [org.gradle.cache.internal.DefaultFileLockManager] Waiting to acquire shared lock on daemon addresses registry.
2026-03-27T23:49:16.641-0500 [DEBUG] [org.gradle.cache.internal.DefaultFileLockManager] Lock acquired on daemon addresses registry.
2026-03-27T23:49:16.642-0500 [DEBUG] [org.gradle.cache.internal.DefaultFileLockManager] Releasing lock on daemon addresses registry.
2026-03-27T23:49:16.645-0500 [DEBUG] [org.gradle.cache.internal.DefaultFileLockManager] Waiting to acquire shared lock on daemon addresses registry.
2026-03-27T23:49:16.646-0500 [DEBUG] [org.gradle.cache.internal.DefaultFileLockManager] Lock acquired on daemon addresses registry.
2026-03-27T23:49:16.646-0500 [DEBUG] [org.gradle.cache.internal.DefaultFileLockManager] Releasing lock on daemon addresses registry.
2026-03-27T23:49:16.650-0500 [DEBUG] [org.gradle.cache.internal.DefaultFileLockManager] Waiting to acquire shared lock on daemon addresses registry.
2026-03-27T23:49:16.650-0500 [DEBUG] [org.gradle.cache.internal.DefaultFileLockManager] Lock acquired on daemon addresses registry.
2026-03-27T23:49:16.651-0500 [DEBUG] [org.gradle.cache.internal.DefaultFileLockManager] Releasing lock on daemon addresses registry.
2026-03-27T23:49:24.140-0500 [DEBUG] [org.gradle.internal.watch.vfs.impl.WatchingVirtualFileSystem] Handling VFS change CREATED C:\Users\sebgo\AndroidStudioProjects\mytaxitravel\app\src\main\res\layout\activity_configuracion_perfil.xml~
2026-03-27T23:49:24.148-0500 [DEBUG] [org.gradle.internal.watch.vfs.impl.WatchingVirtualFileSystem] Handling VFS change MODIFIED C:\Users\sebgo\AndroidStudioProjects\mytaxitravel\app\src\main\res\layout\activity_configuracion_perfil.xml
2026-03-27T23:49:24.539-0500 [DEBUG] [org.gradle.process.internal.health.memory.DefaultMemoryManager] 841566208 physical memory requested, 524115968 free
2026-03-27T23:49:24.540-0500 [DEBUG] [org.gradle.workers.internal.WorkerDaemonExpiration] Will attempt to release 802 of memory
2026-03-27T23:49:24.540-0500 [DEBUG] [org.gradle.process.internal.health.memory.DefaultMemoryManager] 841566208 physical memory requested, 0 released, 524115968 free
2026-03-27T23:49:26.640-0500 [DEBUG] [org.gradle.cache.internal.DefaultFileLockManager] Waiting to acquire shared lock on daemon addresses registry.
2026-03-27T23:49:26.641-0500 [DEBUG] [org.gradle.cache.internal.DefaultFileLockManager] Lock acquired on daemon addresses registry.
2026-03-27T23:49:26.642-0500 [DEBUG] [org.gradle.cache.internal.DefaultFileLockManager] Releasing lock on daemon addresses registry.
2026-03-27T23:49:26.648-0500 [DEBUG] [org.gradle.cache.internal.DefaultFileLockManager] Waiting to acquire shared lock on daemon addresses registry.
2026-03-27T23:49:26.650-0500 [DEBUG] [org.gradle.cache.internal.DefaultFileLockManager] Lock acquired on daemon addresses registry.
2026-03-27T23:49:26.651-0500 [DEBUG] [org.gradle.cache.internal.DefaultFileLockManager] Releasing lock on daemon addresses registry.
2026-03-27T23:49:26.654-0500 [DEBUG] [org.gradle.cache.internal.DefaultFileLockManager] Waiting to acquire shared lock on daemon addresses registry.
2026-03-27T23:49:26.655-0500 [DEBUG] [org.gradle.cache.internal.DefaultFileLockManager] Lock acquired on daemon addresses registry.
2026-03-27T23:49:26.656-0500 [DEBUG] [org.gradle.cache.internal.DefaultFileLockManager] Releasing lock on daemon addresses registry.
2026-03-27T23:49:36.640-0500 [DEBUG] [org.gradle.cache.internal.DefaultFileLockManager] Waiting to acquire shared lock on daemon addresses registry.
2026-03-27T23:49:36.641-0500 [DEBUG] [org.gradle.cache.internal.DefaultFileLockManager] Lock acquired on daemon addresses registry.
2026-03-27T23:49:36.642-0500 [DEBUG] [org.gradle.cache.internal.DefaultFileLockManager] Releasing lock on daemon addresses registry.
2026-03-27T23:49:36.646-0500 [DEBUG] [org.gradle.cache.internal.DefaultFileLockManager] Waiting to acquire shared lock on daemon addresses registry.
2026-03-27T23:49:36.646-0500 [DEBUG] [org.gradle.cache.internal.DefaultFileLockManager] Lock acquired on daemon addresses registry.
2026-03-27T23:49:36.647-0500 [DEBUG] [org.gradle.cache.internal.DefaultFileLockManager] Releasing lock on daemon addresses registry.
2026-03-27T23:49:36.649-0500 [DEBUG] [org.gradle.cache.internal.DefaultFileLockManager] Waiting to acquire shared lock on daemon addresses registry.
2026-03-27T23:49:36.650-0500 [DEBUG] [org.gradle.cache.internal.DefaultFileLockManager] Lock acquired on daemon addresses registry.
2026-03-27T23:49:36.650-0500 [DEBUG] [org.gradle.cache.internal.DefaultFileLockManager] Releasing lock on daemon addresses registry.
2026-03-27T23:49:38.460-0500 [DEBUG] [org.gradle.internal.watch.vfs.impl.WatchingVirtualFileSystem] Handling VFS change MODIFIED C:\Users\sebgo\AndroidStudioProjects\mytaxitravel\app\src\main\res\layout\activity_historial_viajes.xml
2026-03-27T23:49:41.939-0500 [DEBUG] [sun.rmi.transport.tcp] RMI TCP Connection(28)-127.0.0.1: accepted socket from [127.0.0.1:35514]
2026-03-27T23:49:41.946-0500 [DEBUG] [sun.rmi.transport.tcp] RMI TCP Connection(28)-127.0.0.1: (port 27155) op = 80
2026-03-27T23:49:41.952-0500 [DEBUG] [sun.rmi.loader] RMI TCP Connection(28)-127.0.0.1: name = "[Ljava.rmi.server.ObjID;", codebase = "", defaultLoader = jdk.internal.loader.ClassLoaders$PlatformClassLoader@65311715
2026-03-27T23:49:41.953-0500 [DEBUG] [sun.rmi.loader] RMI TCP Connection(28)-127.0.0.1: name = "java.rmi.dgc.Lease", codebase = "", defaultLoader = jdk.internal.loader.ClassLoaders$PlatformClassLoader@65311715
2026-03-27T23:49:41.954-0500 [DEBUG] [sun.rmi.loader] RMI TCP Connection(28)-127.0.0.1: name = "java.rmi.dgc.VMID", codebase = "", defaultLoader = jdk.internal.loader.ClassLoaders$PlatformClassLoader@65311715
2026-03-27T23:49:41.955-0500 [DEBUG] [sun.rmi.loader] RMI TCP Connection(28)-127.0.0.1: name = "[B", codebase = "", defaultLoader = jdk.internal.loader.ClassLoaders$PlatformClassLoader@65311715
2026-03-27T23:49:41.955-0500 [DEBUG] [sun.rmi.loader] RMI TCP Connection(28)-127.0.0.1: name = "java.rmi.server.UID", codebase = "", defaultLoader = jdk.internal.loader.ClassLoaders$PlatformClassLoader@65311715
2026-03-27T23:49:46.640-0500 [DEBUG] [org.gradle.cache.internal.DefaultFileLockManager] Waiting to acquire shared lock on daemon addresses registry.
2026-03-27T23:49:46.640-0500 [DEBUG] [org.gradle.cache.internal.DefaultFileLockManager] Lock acquired on daemon addresses registry.
2026-03-27T23:49:46.641-0500 [DEBUG] [org.gradle.cache.internal.DefaultFileLockManager] Releasing lock on daemon addresses registry.
2026-03-27T23:49:46.642-0500 [DEBUG] [org.gradle.cache.internal.DefaultFileLockManager] Waiting to acquire shared lock on daemon addresses registry.
2026-03-27T23:49:46.643-0500 [DEBUG] [org.gradle.cache.internal.DefaultFileLockManager] Lock acquired on daemon addresses registry.
2026-03-27T23:49:46.643-0500 [DEBUG] [org.gradle.cache.internal.DefaultFileLockManager] Releasing lock on daemon addresses registry.
2026-03-27T23:49:46.645-0500 [DEBUG] [org.gradle.cache.internal.DefaultFileLockManager] Waiting to acquire shared lock on daemon addresses registry.
2026-03-27T23:49:46.645-0500 [DEBUG] [org.gradle.cache.internal.DefaultFileLockManager] Lock acquired on daemon addresses registry.
2026-03-27T23:49:46.645-0500 [DEBUG] [org.gradle.cache.internal.DefaultFileLockManager] Releasing lock on daemon addresses registry.
2026-03-27T23:49:56.639-0500 [DEBUG] [org.gradle.cache.internal.DefaultFileLockManager] Waiting to acquire shared lock on daemon addresses registry.
2026-03-27T23:49:56.639-0500 [DEBUG] [org.gradle.cache.internal.DefaultFileLockManager] Lock acquired on daemon addresses registry.
2026-03-27T23:49:56.639-0500 [DEBUG] [org.gradle.cache.internal.DefaultFileLockManager] Releasing lock on daemon addresses registry.
2026-03-27T23:49:56.642-0500 [DEBUG] [org.gradle.cache.internal.DefaultFileLockManager] Waiting to acquire shared lock on daemon addresses registry.
2026-03-27T23:49:56.642-0500 [DEBUG] [org.gradle.cache.internal.DefaultFileLockManager] Lock acquired on daemon addresses registry.
2026-03-27T23:49:56.643-0500 [DEBUG] [org.gradle.cache.internal.DefaultFileLockManager] Releasing lock on daemon addresses registry.
2026-03-27T23:49:56.645-0500 [DEBUG] [org.gradle.cache.internal.DefaultFileLockManager] Waiting to acquire shared lock on daemon addresses registry.
2026-03-27T23:49:56.646-0500 [DEBUG] [org.gradle.cache.internal.DefaultFileLockManager] Lock acquired on daemon addresses registry.
2026-03-27T23:49:56.646-0500 [DEBUG] [org.gradle.cache.internal.DefaultFileLockManager] Releasing lock on daemon addresses registry.
2026-03-27T23:49:56.743-0500 [DEBUG] [org.gradle.internal.watch.vfs.impl.WatchingVirtualFileSystem] Handling VFS change MODIFIED C:\Users\sebgo\AndroidStudioProjects\mytaxitravel\app\src\main\res\layout\activity_soporte_usuario.xml
2026-03-27T23:49:56.776-0500 [DEBUG] [org.gradle.internal.watch.vfs.impl.WatchingVirtualFileSystem] Handling VFS change MODIFIED C:\Users\sebgo\AndroidStudioProjects\mytaxitravel\app\src\main\res\layout\activity_preguntas_frecuentes.xml
2026-03-27T23:49:56.968-0500 [DEBUG] [sun.rmi.transport.tcp] RMI TCP Connection(28)-127.0.0.1: (port 27155) connection closed
2026-03-27T23:49:56.969-0500 [DEBUG] [sun.rmi.transport.tcp] RMI TCP Connection(28)-127.0.0.1: close connection, socket: Socket[addr=/127.0.0.1,port=35514,localport=27155]
2026-03-27T23:49:56.971-0500 [DEBUG] [sun.rmi.transport.tcp] RMI TCP Connection(28)-127.0.0.1: socket close: Socket[addr=/127.0.0.1,port=35514,localport=27155]
2026-03-27T23:50:03.904-0500 [DEBUG] [org.gradle.internal.watch.vfs.impl.WatchingVirtualFileSystem] Handling VFS change MODIFIED C:\Users\sebgo\AndroidStudioProjects\mytaxitravel\app\src\main\res\layout\activity_viaje_realizado.xml
2026-03-27T23:50:06.684-0500 [DEBUG] [org.gradle.cache.internal.DefaultFileLockManager] Waiting to acquire shared lock on daemon addresses registry.
2026-03-27T23:50:06.685-0500 [DEBUG] [org.gradle.cache.internal.DefaultFileLockManager] Lock acquired on daemon addresses registry.
2026-03-27T23:50:06.686-0500 [DEBUG] [org.gradle.cache.internal.DefaultFileLockManager] Releasing lock on daemon addresses registry.
2026-03-27T23:50:06.692-0500 [DEBUG] [org.gradle.cache.internal.DefaultFileLockManager] Waiting to acquire shared lock on daemon addresses registry.
2026-03-27T23:50:06.742-0500 [DEBUG] [org.gradle.cache.internal.DefaultFileLockManager] Lock acquired on daemon addresses registry.
2026-03-27T23:50:06.744-0500 [DEBUG] [org.gradle.cache.internal.DefaultFileLockManager] Releasing lock on daemon addresses registry.
2026-03-27T23:50:06.751-0500 [DEBUG] [org.gradle.cache.internal.DefaultFileLockManager] Waiting to acquire shared lock on daemon addresses registry.
2026-03-27T23:50:06.751-0500 [DEBUG] [org.gradle.cache.internal.DefaultFileLockManager] Lock acquired on daemon addresses registry.
2026-03-27T23:50:06.752-0500 [DEBUG] [org.gradle.cache.internal.DefaultFileLockManager] Releasing lock on daemon addresses registry.
2026-03-27T23:50:10.376-0500 [DEBUG] [org.gradle.internal.remote.internal.inet.TcpIncomingConnector] Accepted connection from /127.0.0.1:35521 to /127.0.0.1:17309.
2026-03-27T23:50:10.454-0500 [DEBUG] [org.gradle.launcher.daemon.server.SynchronizedDispatchConnection] thread 1113: received class org.gradle.launcher.daemon.protocol.Build
2026-03-27T23:50:10.455-0500 [DEBUG] [org.gradle.launcher.daemon.server.DefaultDaemonConnection] thread 1113: Received non-IO message from client: Build{id=1984e551-41e8-46f5-9cf5-16a411a44a7a, currentDir=C:\Users\sebgo\AndroidStudioProjects\mytaxitravel}
2026-03-27T23:50:10.457-0500 [INFO] [org.gradle.launcher.daemon.server.DefaultIncomingConnectionHandler] Received command: Build{id=1984e551-41e8-46f5-9cf5-16a411a44a7a, currentDir=C:\Users\sebgo\AndroidStudioProjects\mytaxitravel}.
2026-03-27T23:50:10.457-0500 [DEBUG] [org.gradle.launcher.daemon.server.DefaultIncomingConnectionHandler] Starting executing command: Build{id=1984e551-41e8-46f5-9cf5-16a411a44a7a, currentDir=C:\Users\sebgo\AndroidStudioProjects\mytaxitravel} with connection: socket connection from /127.0.0.1:17309 to /127.0.0.1:35521.
2026-03-27T23:50:10.465-0500 [DEBUG] [org.gradle.launcher.daemon.server.DaemonStateCoordinator] Command execution: started DaemonCommandExecution[command = Build{id=1984e551-41e8-46f5-9cf5-16a411a44a7a, currentDir=C:\Users\sebgo\AndroidStudioProjects\mytaxitravel}, connection = DefaultDaemonConnection: socket connection from /127.0.0.1:17309 to /127.0.0.1:35521] after 1.2744833333333332 minutes of idle
2026-03-27T23:50:10.466-0500 [INFO] [org.gradle.launcher.daemon.server.DaemonRegistryUpdater] Marking the daemon as busy, address: [997172e4-0228-42fa-b2cc-c9582f8c896e port:17309, addresses:[localhost/127.0.0.1]]
2026-03-27T23:50:10.466-0500 [DEBUG] [org.gradle.launcher.daemon.registry.PersistentDaemonRegistry] Marking busy by address: [997172e4-0228-42fa-b2cc-c9582f8c896e port:17309, addresses:[localhost/127.0.0.1]]
2026-03-27T23:50:10.468-0500 [DEBUG] [org.gradle.cache.internal.DefaultFileLockManager] Waiting to acquire exclusive lock on daemon addresses registry.
2026-03-27T23:50:10.471-0500 [DEBUG] [org.gradle.cache.internal.DefaultFileLockManager] Lock acquired on daemon addresses registry.
2026-03-27T23:50:10.475-0500 [DEBUG] [org.gradle.cache.internal.DefaultFileLockManager] Releasing lock on daemon addresses registry.
2026-03-27T23:50:10.476-0500 [DEBUG] [org.gradle.launcher.daemon.server.DaemonStateCoordinator] resetting idle timer
2026-03-27T23:50:10.476-0500 [DEBUG] [org.gradle.launcher.daemon.server.DaemonStateCoordinator] daemon is running. Sleeping until state changes.
2026-03-27T23:50:10.477-0500 [INFO] [org.gradle.launcher.daemon.server.exec.StartBuildOrRespondWithBusy] Daemon is about to start building Build{id=1984e551-41e8-46f5-9cf5-16a411a44a7a, currentDir=C:\Users\sebgo\AndroidStudioProjects\mytaxitravel}. Dispatching build started information...
2026-03-27T23:50:10.477-0500 [DEBUG] [org.gradle.launcher.daemon.server.SynchronizedDispatchConnection] thread 1115: dispatching org.gradle.launcher.daemon.protocol.BuildStarted@3c57fa8d
2026-03-27T23:50:10.485-0500 [DEBUG] [org.gradle.launcher.daemon.server.exec.EstablishBuildEnvironment] Configuring env variables: [USERDOMAIN_ROAMINGPROFILE, Maven, EFC_5368_2283032206, EFC_5368_2775293581, PROCESSOR_LEVEL, SESSIONNAME, ALLUSERSPROFILE, PROCESSOR_ARCHITECTURE, PSModulePath, SystemDrive, EFC_5368_1592913036, USERNAME, ProgramFiles(x86), FPS_BROWSER_USER_PROFILE_STRING, PATHEXT, DriverData, OneDriveConsumer, IntelliJ IDEA Community Edition, PyCharm Community Edition, ProgramData, ProgramW6432, EFC_5368_3789132940, HOMEPATH, PROCESSOR_IDENTIFIER, ProgramFiles, PUBLIC, windir, =::, ZES_ENABLE_SYSMAN, LOCALAPPDATA, ChocolateyLastPathUpdate, USERDOMAIN, LOGONSERVER, FPS_BROWSER_APP_PROFILE_STRING, JAVA_HOME, OneDrive, APPDATA, ChocolateyInstall, CommonProgramFiles, Path, OS, COMPUTERNAME, PROCESSOR_REVISION, CommonProgramW6432, ComSpec, TEMP, SystemRoot, HOMEDRIVE, USERPROFILE, TMP, EFC_5368_1262719628, CommonProgramFiles(x86), NUMBER_OF_PROCESSORS]
2026-03-27T23:50:10.499-0500 [DEBUG] [org.gradle.launcher.daemon.server.exec.LogToClient] About to start relaying all logs to the client via the connection.
2026-03-27T23:50:10.501-0500 [INFO] [org.gradle.launcher.daemon.server.exec.LogToClient] The client will now receive all logging from the daemon (pid: 13440). The daemon log file: C:\Users\sebgo\AndroidStudioProjects\mytaxitravel\gradle\daemon\8.13\daemon-13440.out.log
2026-03-27T23:50:10.512-0500 [INFO] [org.gradle.launcher.daemon.server.exec.LogAndCheckHealth] Starting 12th build in daemon [uptime: 47 mins 14.91 secs, performance: 98%, GC rate: 0.00/s, heap usage: 0% of 2 GiB]
2026-03-27T23:50:10.517-0500 [DEBUG] [org.gradle.launcher.daemon.server.exec.ExecuteBuild] The daemon has started executing the build.
2026-03-27T23:50:10.518-0500 [DEBUG] [org.gradle.launcher.daemon.server.exec.ExecuteBuild] Executing build with daemon context: DefaultDaemonContext[uid=b7364696-86c9-4c24-bb56-8cdc5351f417,javaHome=F:\Android Studio\jbr,javaVersion=21,javaVendor=JetBrains s.r.o.,daemonRegistryDir=C:\Users\sebgo\AndroidStudioProjects\mytaxitravel\gradle\daemon,pid=13440,idleTimeout=10800000,priority=NORMAL,applyInstrumentationAgent=true,nativeServicesMode=ENABLED,daemonOpts=-Xmx2048m,-Dfile.encoding=UTF-8,-Duser.country=CO,-Duser.language=es,-Duser.variant]

BUILD SUCCESSFUL in 21s
39 actionable tasks: 13 executed, 26 up-to-date
2026-03-27T23:50:31.914-0500 [DEBUG] [org.gradle.launcher.daemon.server.exec.ExecuteBuild] The daemon has finished executing the build.
2026-03-27T23:50:31.924-0500 [DEBUG] [org.gradle.launcher.daemon.server.DaemonStateCoordinator] daemon is running. Sleeping until state changes.
2026-03-27T23:50:31.926-0500 [DEBUG] [org.gradle.launcher.daemon.server.DaemonStateCoordinator] Command execution: finished waiting for DaemonCommandExecution[command = Build{id=1984e551-41e8-46f5-9cf5-16a411a44a7a, currentDir=C:\Users\sebgo\AndroidStudioProjects\mytaxitravel}, connection = DefaultDaemonConnection: socket connection from /127.0.0.1:17309 to /127.0.0.1:35521]. Result org.gradle.launcher.daemon.server.DaemonStateCoordinator@4c3ad2a7 with state Busy
2026-03-27T23:50:31.926-0500 [DEBUG] [org.gradle.launcher.daemon.server.DaemonStateCoordinator] Command execution: completed DaemonCommandExecution[command = Build{id=1984e551-41e8-46f5-9cf5-16a411a44a7a, currentDir=C:\Users\sebgo\AndroidStudioProjects\mytaxitravel}, connection = DefaultDaemonConnection: socket connection from /127.0.0.1:17309 to /127.0.0.1:35521]
2026-03-27T23:50:31.926-0500 [DEBUG] [org.gradle.launcher.daemon.server.DaemonStateCoordinator] resetting idle timer
2026-03-27T23:50:31.926-0500 [INFO] [org.gradle.launcher.daemon.server.DaemonRegistryUpdater] Marking the daemon as idle, address: [997172e4-0228-42fa-b2cc-c9582f8c896e port:17309, addresses:[localhost/127.0.0.1]]
2026-03-27T23:50:31.927-0500 [DEBUG] [org.gradle.launcher.daemon.registry.PersistentDaemonRegistry] Marking busy by address: [997172e4-0228-42fa-b2cc-c9582f8c896e port:17309, addresses:[localhost/127.0.0.1]]
2026-03-27T23:50:31.929-0500 [DEBUG] [org.gradle.cache.internal.DefaultFileLockManager] Waiting to acquire exclusive lock on daemon addresses registry.
2026-03-27T23:50:31.929-0500 [DEBUG] [org.gradle.cache.internal.DefaultFileLockManager] Lock acquired on daemon addresses registry.
2026-03-27T23:50:31.932-0500 [DEBUG] [org.gradle.cache.internal.DefaultFileLockManager] Releasing lock on daemon addresses registry.
2026-03-27T23:50:31.932-0500 [DEBUG] [org.gradle.launcher.daemon.server.DaemonStateCoordinator] daemon is running. Sleeping until state changes.
2026-03-27T23:50:31.932-0500 [DEBUG] [org.gradle.launcher.daemon.server.exec.ReturnResult] Daemon is dispatching the build result: Success[value=org.gradle.launcher.exec.BuildActionResult@311f4627]
2026-03-27T23:50:31.932-0500 [DEBUG] [org.gradle.launcher.daemon.server.SynchronizedDispatchConnection] thread 1112: dispatching Success[value=org.gradle.launcher.exec.BuildActionResult@311f4627]
2026-03-27T23:50:31.933-0500 [DEBUG] [org.gradle.launcher.daemon.server.exec.CleanUpVirtualFileSystemAfterBuild] Cleaning virtual file system after build finished
2026-03-27T23:50:31.933-0500 [DEBUG] [org.gradle.launcher.daemon.server.DefaultIncomingConnectionHandler] Finishing executing command: Build{id=1984e551-41e8-46f5-9cf5-16a411a44a7a, currentDir=C:\Users\sebgo\AndroidStudioProjects\mytaxitravel}
2026-03-27T23:50:31.934-0500 [DEBUG] [org.gradle.launcher.daemon.server.SynchronizedDispatchConnection] thread 1113: received class org.gradle.launcher.daemon.protocol.CloseInput
2026-03-27T23:50:31.934-0500 [DEBUG] [org.gradle.launcher.daemon.server.DefaultDaemonConnection] thread 1113: Received IO message from client: org.gradle.launcher.daemon.protocol.CloseInput@22414d61
2026-03-27T23:50:31.934-0500 [DEBUG] [org.gradle.launcher.daemon.server.SynchronizedDispatchConnection] thread 1113: received class org.gradle.launcher.daemon.protocol.Finished
2026-03-27T23:50:31.934-0500 [DEBUG] [org.gradle.launcher.daemon.server.DefaultDaemonConnection] thread 1113: Received non-IO message from client: org.gradle.launcher.daemon.protocol.Finished@2c86b759
2026-03-27T23:50:31.935-0500 [DEBUG] [org.gradle.launcher.daemon.server.DefaultIncomingConnectionHandler] Received finished message: org.gradle.launcher.daemon.protocol.Finished@2c86b759
2026-03-27T23:50:31.935-0500 [DEBUG] [org.gradle.launcher.daemon.server.SynchronizedDispatchConnection] thread 1112: stopping connection
2026-03-27T23:50:31.935-0500 [DEBUG] [org.gradle.internal.remote.internal.inet.SocketConnection] Discarding EOFException: java.io.EOFException
2026-03-27T23:50:31.935-0500 [DEBUG] [org.gradle.launcher.daemon.server.SynchronizedDispatchConnection] thread 1113: received null
2026-03-27T23:50:31.935-0500 [DEBUG] [org.gradle.launcher.daemon.server.DefaultDaemonConnection] thread 1113: Received end-of-input from client.
2026-03-27T23:50:31.936-0500 [DEBUG] [org.gradle.launcher.daemon.server.SynchronizedDispatchConnection] thread 1112: stopping connection
2026-03-27T23:50:34.542-0500 [DEBUG] [org.gradle.process.internal.health.memory.DefaultMemoryManager] 841566208 physical memory requested, 516263936 free
2026-03-27T23:50:34.542-0500 [DEBUG] [org.gradle.workers.internal.WorkerDaemonExpiration] Will attempt to release 802 of memory
2026-03-27T23:50:34.542-0500 [DEBUG] [org.gradle.process.internal.health.memory.DefaultMemoryManager] 841566208 physical memory requested, 0 released, 516263936 free
2026-03-27T23:50:36.655-0500 [DEBUG] [org.gradle.cache.internal.DefaultFileLockManager] Waiting to acquire shared lock on daemon addresses registry.
2026-03-27T23:50:36.655-0500 [DEBUG] [org.gradle.cache.internal.DefaultFileLockManager] Lock acquired on daemon addresses registry.
2026-03-27T23:50:36.667-0500 [DEBUG] [org.gradle.cache.internal.DefaultFileLockManager] Releasing lock on daemon addresses registry.
2026-03-27T23:50:36.672-0500 [DEBUG] [org.gradle.cache.internal.DefaultFileLockManager] Waiting to acquire shared lock on daemon addresses registry.
2026-03-27T23:50:36.672-0500 [DEBUG] [org.gradle.cache.internal.DefaultFileLockManager] Lock acquired on daemon addresses registry.
2026-03-27T23:50:36.672-0500 [DEBUG] [org.gradle.cache.internal.DefaultFileLockManager] Releasing lock on daemon addresses registry.
2026-03-27T23:50:46.638-0500 [DEBUG] [org.gradle.cache.internal.DefaultFileLockManager] Waiting to acquire shared lock on daemon addresses registry.
2026-03-27T23:50:46.639-0500 [DEBUG] [org.gradle.cache.internal.DefaultFileLockManager] Lock acquired on daemon addresses registry.
2026-03-27T23:50:46.639-0500 [DEBUG] [org.gradle.cache.internal.DefaultFileLockManager] Releasing lock on daemon addresses registry.
2026-03-27T23:50:46.640-0500 [DEBUG] [org.gradle.cache.internal.DefaultFileLockManager] Waiting to acquire shared lock on daemon addresses registry.
2026-03-27T23:50:46.640-0500 [DEBUG] [org.gradle.cache.internal.DefaultFileLockManager] Lock acquired on daemon addresses registry.
2026-03-27T23:50:46.641-0500 [DEBUG] [org.gradle.cache.internal.DefaultFileLockManager] Releasing lock on daemon addresses registry.
2026-03-27T23:50:46.642-0500 [DEBUG] [org.gradle.cache.internal.DefaultFileLockManager] Waiting to acquire shared lock on daemon addresses registry.
2026-03-27T23:50:46.642-0500 [DEBUG] [org.gradle.cache.internal.DefaultFileLockManager] Lock acquired on daemon addresses registry.
2026-03-27T23:50:46.642-0500 [DEBUG] [org.gradle.cache.internal.DefaultFileLockManager] Releasing lock on daemon addresses registry.
2026-03-27T23:50:52.559-0500 [DEBUG] [sun.rmi.transport.tcp] RMI Scheduler(0): close connection, socket: Socket[addr=localhost/127.0.0.1,port=17738,localport=35524]
2026-03-27T23:50:52.573-0500 [DEBUG] [sun.rmi.transport.tcp] RMI Scheduler(0): close connection, socket: Socket[addr=localhost/127.0.0.1,port=17738,localport=35525]
2026-03-27T23:50:52.684-0500 [DEBUG] [sun.rmi.transport.tcp] RMI TCP Connection(29)-127.0.0.1: (port 27155) connection closed
2026-03-27T23:50:52.685-0500 [DEBUG] [sun.rmi.transport.tcp] RMI TCP Connection(29)-127.0.0.1: close connection, socket: Socket[addr=/127.0.0.1,port=35526,localport=27155]
2026-03-27T23:50:52.685-0500 [DEBUG] [sun.rmi.transport.tcp] RMI TCP Connection(29)-127.0.0.1: socket close: Socket[addr=/127.0.0.1,port=35526,localport=27155]
2026-03-27T23:50:56.653-0500 [DEBUG] [org.gradle.cache.internal.DefaultFileLockManager] Waiting to acquire shared lock on daemon addresses registry.
2026-03-27T23:50:56.653-0500 [DEBUG] [org.gradle.cache.internal.DefaultFileLockManager] Lock acquired on daemon addresses registry.
2026-03-27T23:50:56.653-0500 [DEBUG] [org.gradle.cache.internal.DefaultFileLockManager] Releasing lock on daemon addresses registry.
2026-03-27T23:50:56.654-0500 [DEBUG] [org.gradle.cache.internal.DefaultFileLockManager] Waiting to acquire shared lock on daemon addresses registry.
2026-03-27T23:50:56.655-0500 [DEBUG] [org.gradle.cache.internal.DefaultFileLockManager] Lock acquired on daemon addresses registry.
2026-03-27T23:50:56.655-0500 [DEBUG] [org.gradle.cache.internal.DefaultFileLockManager] Releasing lock on daemon addresses registry.
2026-03-27T23:50:56.656-0500 [DEBUG] [org.gradle.cache.internal.DefaultFileLockManager] Waiting to acquire shared lock on daemon addresses registry.
2026-03-27T23:50:56.656-0500 [DEBUG] [org.gradle.cache.internal.DefaultFileLockManager] Lock acquired on daemon addresses registry.
2026-03-27T23:50:56.657-0500 [DEBUG] [org.gradle.cache.internal.DefaultFileLockManager] Releasing lock on daemon addresses registry.
2026-03-27T23:51:06.647-0500 [DEBUG] [org.gradle.cache.internal.DefaultFileLockManager] Waiting to acquire shared lock on daemon addresses registry.
2026-03-27T23:51:06.647-0500 [DEBUG] [org.gradle.cache.internal.DefaultFileLockManager] Lock acquired on daemon addresses registry.
2026-03-27T23:51:06.648-0500 [DEBUG] [org.gradle.cache.internal.DefaultFileLockManager] Releasing lock on daemon addresses registry.
2026-03-27T23:51:06.652-0500 [DEBUG] [org.gradle.cache.internal.DefaultFileLockManager] Waiting to acquire shared lock on daemon addresses registry.
2026-03-27T23:51:06.652-0500 [DEBUG] [org.gradle.cache.internal.DefaultFileLockManager] Lock acquired on daemon addresses registry.
2026-03-27T23:51:06.652-0500 [DEBUG] [org.gradle.cache.internal.DefaultFileLockManager] Releasing lock on daemon addresses registry.
2026-03-27T23:51:06.655-0500 [DEBUG] [org.gradle.cache.internal.DefaultFileLockManager] Waiting to acquire shared lock on daemon addresses registry.
2026-03-27T23:51:06.655-0500 [DEBUG] [org.gradle.cache.internal.DefaultFileLockManager] Lock acquired on daemon addresses registry.
2026-03-27T23:51:06.655-0500 [DEBUG] [org.gradle.cache.internal.DefaultFileLockManager] Releasing lock on daemon addresses registry.
2026-03-27T23:51:09.546-0500 [DEBUG] [org.gradle.process.internal.health.memory.DefaultMemoryManager] 841566208 physical memory requested, 640221184 free
2026-03-27T23:51:09.547-0500 [DEBUG] [org.gradle.workers.internal.WorkerDaemonExpiration] Will attempt to release 802 of memory
2026-03-27T23:51:09.547-0500 [DEBUG] [org.gradle.process.internal.health.memory.DefaultMemoryManager] 841566208 physical memory requested, 0 released, 640221184 free
2026-03-27T23:51:14.545-0500 [DEBUG] [org.gradle.process.internal.health.memory.DefaultMemoryManager] 841566208 physical memory requested, 689831936 free
2026-03-27T23:51:14.545-0500 [DEBUG] [org.gradle.workers.internal.WorkerDaemonExpiration] Will attempt to release 802 of memory
2026-03-27T23:51:14.545-0500 [DEBUG] [org.gradle.process.internal.health.memory.DefaultMemoryManager] 841566208 physical memory requested, 0 released, 689831936 free
2026-03-27T23:51:16.645-0500 [DEBUG] [org.gradle.cache.internal.DefaultFileLockManager] Waiting to acquire shared lock on daemon addresses registry.
2026-03-27T23:51:16.645-0500 [DEBUG] [org.gradle.cache.internal.DefaultFileLockManager] Lock acquired on daemon addresses registry.
2026-03-27T23:51:16.646-0500 [DEBUG] [org.gradle.cache.internal.DefaultFileLockManager] Releasing lock on daemon addresses registry.
2026-03-27T23:51:16.649-0500 [DEBUG] [org.gradle.cache.internal.DefaultFileLockManager] Waiting to acquire shared lock on daemon addresses registry.
2026-03-27T23:51:16.649-0500 [DEBUG] [org.gradle.cache.internal.DefaultFileLockManager] Lock acquired on daemon addresses registry.
2026-03-27T23:51:16.649-0500 [DEBUG] [org.gradle.cache.internal.DefaultFileLockManager] Releasing lock on daemon addresses registry.
2026-03-27T23:51:16.651-0500 [DEBUG] [org.gradle.cache.internal.DefaultFileLockManager] Waiting to acquire shared lock on daemon addresses registry.
2026-03-27T23:51:16.651-0500 [DEBUG] [org.gradle.cache.internal.DefaultFileLockManager] Lock acquired on daemon addresses registry.
2026-03-27T23:51:16.652-0500 [DEBUG] [org.gradle.cache.internal.DefaultFileLockManager] Releasing lock on daemon addresses registry.
2026-03-27T23:51:17.706-0500 [DEBUG] [sun.rmi.transport.tcp] RMI TCP Connection(30)-127.0.0.1: accepted socket from [127.0.0.1:35553]
2026-03-27T23:51:17.791-0500 [DEBUG] [sun.rmi.transport.tcp] RMI TCP Connection(30)-127.0.0.1: (port 27155) op = 80
2026-03-27T23:51:17.866-0500 [DEBUG] [sun.rmi.loader] RMI TCP Connection(30)-127.0.0.1: name = "[Ljava.rmi.server.ObjID;", codebase = "", defaultLoader = jdk.internal.loader.ClassLoaders$PlatformClassLoader@65311715
2026-03-27T23:51:17.882-0500 [DEBUG] [sun.rmi.loader] RMI TCP Connection(30)-127.0.0.1: name = "java.rmi.dgc.Lease", codebase = "", defaultLoader = jdk.internal.loader.ClassLoaders$PlatformClassLoader@65311715
2026-03-27T23:51:17.889-0500 [DEBUG] [sun.rmi.loader] RMI TCP Connection(30)-127.0.0.1: name = "java.rmi.dgc.VMID", codebase = "", defaultLoader = jdk.internal.loader.ClassLoaders$PlatformClassLoader@65311715
2026-03-27T23:51:17.900-0500 [DEBUG] [sun.rmi.loader] RMI TCP Connection(30)-127.0.0.1: name = "[B", codebase = "", defaultLoader = jdk.internal.loader.ClassLoaders$PlatformClassLoader@65311715
2026-03-27T23:51:17.907-0500 [DEBUG] [sun.rmi.loader] RMI TCP Connection(30)-127.0.0.1: name = "java.rmi.server.UID", codebase = "", defaultLoader = jdk.internal.loader.ClassLoaders$PlatformClassLoader@65311715
2026-03-27T23:51:19.551-0500 [DEBUG] [org.gradle.process.internal.health.memory.DefaultMemoryManager] 841566208 physical memory requested, 777601024 free
2026-03-27T23:51:19.552-0500 [DEBUG] [org.gradle.workers.internal.WorkerDaemonExpiration] Will attempt to release 802 of memory
2026-03-27T23:51:19.553-0500 [DEBUG] [org.gradle.process.internal.health.memory.DefaultMemoryManager] 841566208 physical memory requested, 0 released, 777601024 free
2026-03-27T23:51:24.564-0500 [DEBUG] [org.gradle.process.internal.health.memory.DefaultMemoryManager] 841566208 physical memory requested, 552779776 free
2026-03-27T23:51:24.675-0500 [DEBUG] [org.gradle.workers.internal.WorkerDaemonExpiration] Will attempt to release 802 of memory
2026-03-27T23:51:24.696-0500 [DEBUG] [org.gradle.process.internal.health.memory.DefaultMemoryManager] 841566208 physical memory requested, 0 released, 552779776 free
2026-03-27T23:51:26.677-0500 [DEBUG] [org.gradle.cache.internal.DefaultFileLockManager] Waiting to acquire shared lock on daemon addresses registry.
2026-03-27T23:51:26.678-0500 [DEBUG] [org.gradle.cache.internal.DefaultFileLockManager] Lock acquired on daemon addresses registry.
2026-03-27T23:51:26.678-0500 [DEBUG] [org.gradle.cache.internal.DefaultFileLockManager] Releasing lock on daemon addresses registry.
2026-03-27T23:51:26.705-0500 [DEBUG] [org.gradle.cache.internal.DefaultFileLockManager] Waiting to acquire shared lock on daemon addresses registry.
2026-03-27T23:51:26.705-0500 [DEBUG] [org.gradle.cache.internal.DefaultFileLockManager] Lock acquired on daemon addresses registry.
2026-03-27T23:51:26.705-0500 [DEBUG] [org.gradle.cache.internal.DefaultFileLockManager] Releasing lock on daemon addresses registry.
2026-03-27T23:51:26.706-0500 [DEBUG] [org.gradle.cache.internal.DefaultFileLockManager] Waiting to acquire shared lock on daemon addresses registry.
2026-03-27T23:51:26.706-0500 [DEBUG] [org.gradle.cache.internal.DefaultFileLockManager] Lock acquired on daemon addresses registry.
2026-03-27T23:51:26.706-0500 [DEBUG] [org.gradle.cache.internal.DefaultFileLockManager] Releasing lock on daemon addresses registry.
2026-03-27T23:51:29.543-0500 [DEBUG] [org.gradle.process.internal.health.memory.DefaultMemoryManager] 841566208 physical memory requested, 805560320 free
2026-03-27T23:51:29.543-0500 [DEBUG] [org.gradle.workers.internal.WorkerDaemonExpiration] Will attempt to release 802 of memory
2026-03-27T23:51:29.543-0500 [DEBUG] [org.gradle.process.internal.health.memory.DefaultMemoryManager] 841566208 physical memory requested, 0 released, 805560320 free
2026-03-27T23:51:33.194-0500 [DEBUG] [sun.rmi.transport.tcp] RMI TCP Connection(30)-127.0.0.1: (port 27155) connection closed
2026-03-27T23:51:33.196-0500 [DEBUG] [sun.rmi.transport.tcp] RMI TCP Connection(30)-127.0.0.1: close connection, socket: Socket[addr=/127.0.0.1,port=35553,localport=27155]
2026-03-27T23:51:33.198-0500 [DEBUG] [sun.rmi.transport.tcp] RMI TCP Connection(30)-127.0.0.1: socket close: Socket[addr=/127.0.0.1,port=35553,localport=27155]
2026-03-27T23:51:34.539-0500 [DEBUG] [org.gradle.process.internal.health.memory.DefaultMemoryManager] 841566208 physical memory requested, 782352384 free
2026-03-27T23:51:34.539-0500 [DEBUG] [org.gradle.workers.internal.WorkerDaemonExpiration] Will attempt to release 802 of memory
2026-03-27T23:51:34.539-0500 [DEBUG] [org.gradle.process.internal.health.memory.DefaultMemoryManager] 841566208 physical memory requested, 0 released, 782352384 free
2026-03-27T23:51:36.690-0500 [DEBUG] [org.gradle.cache.internal.DefaultFileLockManager] Waiting to acquire shared lock on daemon addresses registry.
2026-03-27T23:51:36.691-0500 [DEBUG] [org.gradle.cache.internal.DefaultFileLockManager] Lock acquired on daemon addresses registry.
2026-03-27T23:51:36.691-0500 [DEBUG] [org.gradle.cache.internal.DefaultFileLockManager] Releasing lock on daemon addresses registry.
2026-03-27T23:51:36.743-0500 [DEBUG] [org.gradle.cache.internal.DefaultFileLockManager] Waiting to acquire shared lock on daemon addresses registry.
2026-03-27T23:51:36.743-0500 [DEBUG] [org.gradle.cache.internal.DefaultFileLockManager] Lock acquired on daemon addresses registry.
2026-03-27T23:51:36.743-0500 [DEBUG] [org.gradle.cache.internal.DefaultFileLockManager] Releasing lock on daemon addresses registry.
2026-03-27T23:51:36.745-0500 [DEBUG] [org.gradle.cache.internal.DefaultFileLockManager] Waiting to acquire shared lock on daemon addresses registry.
2026-03-27T23:51:36.745-0500 [DEBUG] [org.gradle.cache.internal.DefaultFileLockManager] Lock acquired on daemon addresses registry.
2026-03-27T23:51:36.746-0500 [DEBUG] [org.gradle.cache.internal.DefaultFileLockManager] Releasing lock on daemon addresses registry.
2026-03-27T23:51:46.639-0500 [DEBUG] [org.gradle.cache.internal.DefaultFileLockManager] Waiting to acquire shared lock on daemon addresses registry.
2026-03-27T23:51:46.639-0500 [DEBUG] [org.gradle.cache.internal.DefaultFileLockManager] Lock acquired on daemon addresses registry.
2026-03-27T23:51:46.639-0500 [DEBUG] [org.gradle.cache.internal.DefaultFileLockManager] Releasing lock on daemon addresses registry.
2026-03-27T23:51:46.641-0500 [DEBUG] [org.gradle.cache.internal.DefaultFileLockManager] Waiting to acquire shared lock on daemon addresses registry.
2026-03-27T23:51:46.641-0500 [DEBUG] [org.gradle.cache.internal.DefaultFileLockManager] Lock acquired on daemon addresses registry.
2026-03-27T23:51:46.641-0500 [DEBUG] [org.gradle.cache.internal.DefaultFileLockManager] Releasing lock on daemon addresses registry.
2026-03-27T23:51:46.642-0500 [DEBUG] [org.gradle.cache.internal.DefaultFileLockManager] Waiting to acquire shared lock on daemon addresses registry.
2026-03-27T23:51:46.642-0500 [DEBUG] [org.gradle.cache.internal.DefaultFileLockManager] Lock acquired on daemon addresses registry.
2026-03-27T23:51:46.643-0500 [DEBUG] [org.gradle.cache.internal.DefaultFileLockManager] Releasing lock on daemon addresses registry.
2026-03-27T23:51:56.638-0500 [DEBUG] [org.gradle.cache.internal.DefaultFileLockManager] Waiting to acquire shared lock on daemon addresses registry.
2026-03-27T23:51:56.639-0500 [DEBUG] [org.gradle.cache.internal.DefaultFileLockManager] Lock acquired on daemon addresses registry.
2026-03-27T23:51:56.639-0500 [DEBUG] [org.gradle.cache.internal.DefaultFileLockManager] Releasing lock on daemon addresses registry.
2026-03-27T23:51:56.640-0500 [DEBUG] [org.gradle.cache.internal.DefaultFileLockManager] Waiting to acquire shared lock on daemon addresses registry.
2026-03-27T23:51:56.640-0500 [DEBUG] [org.gradle.cache.internal.DefaultFileLockManager] Lock acquired on daemon addresses registry.
2026-03-27T23:51:56.641-0500 [DEBUG] [org.gradle.cache.internal.DefaultFileLockManager] Releasing lock on daemon addresses registry.
2026-03-27T23:51:56.642-0500 [DEBUG] [org.gradle.cache.internal.DefaultFileLockManager] Waiting to acquire shared lock on daemon addresses registry.
2026-03-27T23:51:56.642-0500 [DEBUG] [org.gradle.cache.internal.DefaultFileLockManager] Lock acquired on daemon addresses registry.
2026-03-27T23:51:56.643-0500 [DEBUG] [org.gradle.cache.internal.DefaultFileLockManager] Releasing lock on daemon addresses registry.
2026-03-27T23:52:06.638-0500 [DEBUG] [org.gradle.cache.internal.DefaultFileLockManager] Waiting to acquire shared lock on daemon addresses registry.
2026-03-27T23:52:06.638-0500 [DEBUG] [org.gradle.cache.internal.DefaultFileLockManager] Lock acquired on daemon addresses registry.
2026-03-27T23:52:06.638-0500 [DEBUG] [org.gradle.cache.internal.DefaultFileLockManager] Releasing lock on daemon addresses registry.
2026-03-27T23:52:06.641-0500 [DEBUG] [org.gradle.cache.internal.DefaultFileLockManager] Waiting to acquire shared lock on daemon addresses registry.
2026-03-27T23:52:06.641-0500 [DEBUG] [org.gradle.cache.internal.DefaultFileLockManager] Lock acquired on daemon addresses registry.
2026-03-27T23:52:06.642-0500 [DEBUG] [org.gradle.cache.internal.DefaultFileLockManager] Releasing lock on daemon addresses registry.
2026-03-27T23:52:06.643-0500 [DEBUG] [org.gradle.cache.internal.DefaultFileLockManager] Waiting to acquire shared lock on daemon addresses registry.
2026-03-27T23:52:06.643-0500 [DEBUG] [org.gradle.cache.internal.DefaultFileLockManager] Lock acquired on daemon addresses registry.
2026-03-27T23:52:06.643-0500 [DEBUG] [org.gradle.cache.internal.DefaultFileLockManager] Releasing lock on daemon addresses registry.
2026-03-27T23:52:16.639-0500 [DEBUG] [org.gradle.cache.internal.DefaultFileLockManager] Waiting to acquire shared lock on daemon addresses registry.
2026-03-27T23:52:16.639-0500 [DEBUG] [org.gradle.cache.internal.DefaultFileLockManager] Lock acquired on daemon addresses registry.
2026-03-27T23:52:16.641-0500 [DEBUG] [org.gradle.cache.internal.DefaultFileLockManager] Releasing lock on daemon addresses registry.
2026-03-27T23:52:16.646-0500 [DEBUG] [org.gradle.cache.internal.DefaultFileLockManager] Waiting to acquire shared lock on daemon addresses registry.
2026-03-27T23:52:16.646-0500 [DEBUG] [org.gradle.cache.internal.DefaultFileLockManager] Lock acquired on daemon addresses registry.
2026-03-27T23:52:16.647-0500 [DEBUG] [org.gradle.cache.internal.DefaultFileLockManager] Releasing lock on daemon addresses registry.
2026-03-27T23:52:16.648-0500 [DEBUG] [org.gradle.cache.internal.DefaultFileLockManager] Waiting to acquire shared lock on daemon addresses registry.
2026-03-27T23:52:16.649-0500 [DEBUG] [org.gradle.cache.internal.DefaultFileLockManager] Lock acquired on daemon addresses registry.
2026-03-27T23:52:16.649-0500 [DEBUG] [org.gradle.cache.internal.DefaultFileLockManager] Releasing lock on daemon addresses registry.
2026-03-27T23:52:26.638-0500 [DEBUG] [org.gradle.cache.internal.DefaultFileLockManager] Waiting to acquire shared lock on daemon addresses registry.
2026-03-27T23:52:26.639-0500 [DEBUG] [org.gradle.cache.internal.DefaultFileLockManager] Lock acquired on daemon addresses registry.
2026-03-27T23:52:26.639-0500 [DEBUG] [org.gradle.cache.internal.DefaultFileLockManager] Releasing lock on daemon addresses registry.
2026-03-27T23:52:26.640-0500 [DEBUG] [org.gradle.cache.internal.DefaultFileLockManager] Waiting to acquire shared lock on daemon addresses registry.
2026-03-27T23:52:26.640-0500 [DEBUG] [org.gradle.cache.internal.DefaultFileLockManager] Lock acquired on daemon addresses registry.
2026-03-27T23:52:26.641-0500 [DEBUG] [org.gradle.cache.internal.DefaultFileLockManager] Releasing lock on daemon addresses registry.
2026-03-27T23:52:26.642-0500 [DEBUG] [org.gradle.cache.internal.DefaultFileLockManager] Waiting to acquire shared lock on daemon addresses registry.
2026-03-27T23:52:26.642-0500 [DEBUG] [org.gradle.cache.internal.DefaultFileLockManager] Lock acquired on daemon addresses registry.
2026-03-27T23:52:26.642-0500 [DEBUG] [org.gradle.cache.internal.DefaultFileLockManager] Releasing lock on daemon addresses registry.
2026-03-27T23:52:36.641-0500 [DEBUG] [org.gradle.cache.internal.DefaultFileLockManager] Waiting to acquire shared lock on daemon addresses registry.
2026-03-27T23:52:36.642-0500 [DEBUG] [org.gradle.cache.internal.DefaultFileLockManager] Lock acquired on daemon addresses registry.
2026-03-27T23:52:36.643-0500 [DEBUG] [org.gradle.cache.internal.DefaultFileLockManager] Releasing lock on daemon addresses registry.
2026-03-27T23:52:36.647-0500 [DEBUG] [org.gradle.cache.internal.DefaultFileLockManager] Waiting to acquire shared lock on daemon addresses registry.
2026-03-27T23:52:36.647-0500 [DEBUG] [org.gradle.cache.internal.DefaultFileLockManager] Lock acquired on daemon addresses registry.
2026-03-27T23:52:36.648-0500 [DEBUG] [org.gradle.cache.internal.DefaultFileLockManager] Releasing lock on daemon addresses registry.
2026-03-27T23:52:36.652-0500 [DEBUG] [org.gradle.cache.internal.DefaultFileLockManager] Waiting to acquire shared lock on daemon addresses registry.
2026-03-27T23:52:36.652-0500 [DEBUG] [org.gradle.cache.internal.DefaultFileLockManager] Lock acquired on daemon addresses registry.
2026-03-27T23:52:36.653-0500 [DEBUG] [org.gradle.cache.internal.DefaultFileLockManager] Releasing lock on daemon addresses registry.
2026-03-27T23:52:46.640-0500 [DEBUG] [org.gradle.cache.internal.DefaultFileLockManager] Waiting to acquire shared lock on daemon addresses registry.
2026-03-27T23:52:46.641-0500 [DEBUG] [org.gradle.cache.internal.DefaultFileLockManager] Lock acquired on daemon addresses registry.
2026-03-27T23:52:46.642-0500 [DEBUG] [org.gradle.cache.internal.DefaultFileLockManager] Releasing lock on daemon addresses registry.
2026-03-27T23:52:46.645-0500 [DEBUG] [org.gradle.cache.internal.DefaultFileLockManager] Waiting to acquire shared lock on daemon addresses registry.
2026-03-27T23:52:46.645-0500 [DEBUG] [org.gradle.cache.internal.DefaultFileLockManager] Lock acquired on daemon addresses registry.
2026-03-27T23:52:46.645-0500 [DEBUG] [org.gradle.cache.internal.DefaultFileLockManager] Releasing lock on daemon addresses registry.
2026-03-27T23:52:46.648-0500 [DEBUG] [org.gradle.cache.internal.DefaultFileLockManager] Waiting to acquire shared lock on daemon addresses registry.
2026-03-27T23:52:46.648-0500 [DEBUG] [org.gradle.cache.internal.DefaultFileLockManager] Lock acquired on daemon addresses registry.
2026-03-27T23:52:46.649-0500 [DEBUG] [org.gradle.cache.internal.DefaultFileLockManager] Releasing lock on daemon addresses registry.
2026-03-27T23:52:54.539-0500 [DEBUG] [org.gradle.process.internal.health.memory.DefaultMemoryManager] 841566208 physical memory requested, 677253120 free
2026-03-27T23:52:54.540-0500 [DEBUG] [org.gradle.workers.internal.WorkerDaemonExpiration] Will attempt to release 802 of memory
2026-03-27T23:52:54.540-0500 [DEBUG] [org.gradle.process.internal.health.memory.DefaultMemoryManager] 841566208 physical memory requested, 0 released, 677253120 free
2026-03-27T23:52:56.639-0500 [DEBUG] [org.gradle.cache.internal.DefaultFileLockManager] Waiting to acquire shared lock on daemon addresses registry.
2026-03-27T23:52:56.639-0500 [DEBUG] [org.gradle.cache.internal.DefaultFileLockManager] Lock acquired on daemon addresses registry.
2026-03-27T23:52:56.640-0500 [DEBUG] [org.gradle.cache.internal.DefaultFileLockManager] Releasing lock on daemon addresses registry.
2026-03-27T23:52:56.642-0500 [DEBUG] [org.gradle.cache.internal.DefaultFileLockManager] Waiting to acquire shared lock on daemon addresses registry.
2026-03-27T23:52:56.642-0500 [DEBUG] [org.gradle.cache.internal.DefaultFileLockManager] Lock acquired on daemon addresses registry.
2026-03-27T23:52:56.642-0500 [DEBUG] [org.gradle.cache.internal.DefaultFileLockManager] Releasing lock on daemon addresses registry.
2026-03-27T23:52:56.644-0500 [DEBUG] [org.gradle.cache.internal.DefaultFileLockManager] Waiting to acquire shared lock on daemon addresses registry.
2026-03-27T23:52:56.644-0500 [DEBUG] [org.gradle.cache.internal.DefaultFileLockManager] Lock acquired on daemon addresses registry.
2026-03-27T23:52:56.644-0500 [DEBUG] [org.gradle.cache.internal.DefaultFileLockManager] Releasing lock on daemon addresses registry.
2026-03-27T23:52:59.539-0500 [DEBUG] [org.gradle.process.internal.health.memory.DefaultMemoryManager] 841566208 physical memory requested, 783970304 free
2026-03-27T23:52:59.539-0500 [DEBUG] [org.gradle.workers.internal.WorkerDaemonExpiration] Will attempt to release 802 of memory
2026-03-27T23:52:59.539-0500 [DEBUG] [org.gradle.process.internal.health.memory.DefaultMemoryManager] 841566208 physical memory requested, 0 released, 783970304 free
2026-03-27T23:53:04.539-0500 [DEBUG] [org.gradle.process.internal.health.memory.DefaultMemoryManager] 841566208 physical memory requested, 710651904 free
2026-03-27T23:53:04.539-0500 [DEBUG] [org.gradle.workers.internal.WorkerDaemonExpiration] Will attempt to release 802 of memory
2026-03-27T23:53:04.539-0500 [DEBUG] [org.gradle.process.internal.health.memory.DefaultMemoryManager] 841566208 physical memory requested, 0 released, 710651904 free
2026-03-27T23:53:06.640-0500 [DEBUG] [org.gradle.cache.internal.DefaultFileLockManager] Waiting to acquire shared lock on daemon addresses registry.
2026-03-27T23:53:06.640-0500 [DEBUG] [org.gradle.cache.internal.DefaultFileLockManager] Lock acquired on daemon addresses registry.
2026-03-27T23:53:06.640-0500 [DEBUG] [org.gradle.cache.internal.DefaultFileLockManager] Releasing lock on daemon addresses registry.
2026-03-27T23:53:06.642-0500 [DEBUG] [org.gradle.cache.internal.DefaultFileLockManager] Waiting to acquire shared lock on daemon addresses registry.
2026-03-27T23:53:06.642-0500 [DEBUG] [org.gradle.cache.internal.DefaultFileLockManager] Lock acquired on daemon addresses registry.
2026-03-27T23:53:06.642-0500 [DEBUG] [org.gradle.cache.internal.DefaultFileLockManager] Releasing lock on daemon addresses registry.
2026-03-27T23:53:06.650-0500 [DEBUG] [org.gradle.cache.internal.DefaultFileLockManager] Waiting to acquire shared lock on daemon addresses registry.
2026-03-27T23:53:06.650-0500 [DEBUG] [org.gradle.cache.internal.DefaultFileLockManager] Lock acquired on daemon addresses registry.
2026-03-27T23:53:06.650-0500 [DEBUG] [org.gradle.cache.internal.DefaultFileLockManager] Releasing lock on daemon addresses registry.
2026-03-27T23:53:14.539-0500 [DEBUG] [org.gradle.process.internal.health.memory.DefaultMemoryManager] 841566208 physical memory requested, 649818112 free
2026-03-27T23:53:14.541-0500 [DEBUG] [org.gradle.workers.internal.WorkerDaemonExpiration] Will attempt to release 802 of memory
2026-03-27T23:53:14.541-0500 [DEBUG] [org.gradle.process.internal.health.memory.DefaultMemoryManager] 841566208 physical memory requested, 0 released, 649818112 free
2026-03-27T23:53:16.637-0500 [DEBUG] [org.gradle.cache.internal.DefaultFileLockManager] Waiting to acquire shared lock on daemon addresses registry.
2026-03-27T23:53:16.638-0500 [DEBUG] [org.gradle.cache.internal.DefaultFileLockManager] Lock acquired on daemon addresses registry.
2026-03-27T23:53:16.640-0500 [DEBUG] [org.gradle.cache.internal.DefaultFileLockManager] Releasing lock on daemon addresses registry.
2026-03-27T23:53:16.641-0500 [DEBUG] [org.gradle.cache.internal.DefaultFileLockManager] Waiting to acquire shared lock on daemon addresses registry.
2026-03-27T23:53:16.641-0500 [DEBUG] [org.gradle.cache.internal.DefaultFileLockManager] Lock acquired on daemon addresses registry.
2026-03-27T23:53:16.642-0500 [DEBUG] [org.gradle.cache.internal.DefaultFileLockManager] Releasing lock on daemon addresses registry.
2026-03-27T23:53:16.643-0500 [DEBUG] [org.gradle.cache.internal.DefaultFileLockManager] Waiting to acquire shared lock on daemon addresses registry.
2026-03-27T23:53:16.644-0500 [DEBUG] [org.gradle.cache.internal.DefaultFileLockManager] Lock acquired on daemon addresses registry.
2026-03-27T23:53:16.644-0500 [DEBUG] [org.gradle.cache.internal.DefaultFileLockManager] Releasing lock on daemon addresses registry.
2026-03-27T23:53:19.538-0500 [DEBUG] [org.gradle.process.internal.health.memory.DefaultMemoryManager] 841566208 physical memory requested, 573890560 free
2026-03-27T23:53:19.538-0500 [DEBUG] [org.gradle.workers.internal.WorkerDaemonExpiration] Will attempt to release 802 of memory
2026-03-27T23:53:19.538-0500 [DEBUG] [org.gradle.process.internal.health.memory.DefaultMemoryManager] 841566208 physical memory requested, 0 released, 573890560 free
2026-03-27T23:53:24.560-0500 [DEBUG] [org.gradle.process.internal.health.memory.DefaultMemoryManager] 841566208 physical memory requested, 607080448 free
2026-03-27T23:53:24.592-0500 [DEBUG] [org.gradle.workers.internal.WorkerDaemonExpiration] Will attempt to release 802 of memory
2026-03-27T23:53:24.592-0500 [DEBUG] [org.gradle.process.internal.health.memory.DefaultMemoryManager] 841566208 physical memory requested, 0 released, 607080448 free
2026-03-27T23:53:24.593-0500 [DEBUG] [org.gradle.process.internal.health.memory.DefaultMemoryManager] 1828075520 virtual memory requested, 1777238016 free
2026-03-27T23:53:24.593-0500 [DEBUG] [org.gradle.workers.internal.WorkerDaemonExpiration] Will attempt to release 1743 of memory
2026-03-27T23:53:24.593-0500 [DEBUG] [org.gradle.process.internal.health.memory.DefaultMemoryManager] 1828075520 virtual memory requested, 0 released, 1777238016 free
2026-03-27T23:53:26.484-0500 [DEBUG] [sun.rmi.transport.tcp] RMI TCP Connection(31)-127.0.0.1: accepted socket from [127.0.0.1:30826]
2026-03-27T23:53:26.496-0500 [DEBUG] [sun.rmi.transport.tcp] RMI TCP Connection(31)-127.0.0.1: (port 27155) op = 80
2026-03-27T23:53:26.519-0500 [DEBUG] [sun.rmi.loader] RMI TCP Connection(31)-127.0.0.1: name = "[Ljava.rmi.server.ObjID;", codebase = "", defaultLoader = jdk.internal.loader.ClassLoaders$PlatformClassLoader@65311715
2026-03-27T23:53:26.521-0500 [DEBUG] [sun.rmi.loader] RMI TCP Connection(31)-127.0.0.1: name = "java.rmi.dgc.Lease", codebase = "", defaultLoader = jdk.internal.loader.ClassLoaders$PlatformClassLoader@65311715
2026-03-27T23:53:26.523-0500 [DEBUG] [sun.rmi.loader] RMI TCP Connection(31)-127.0.0.1: name = "java.rmi.dgc.VMID", codebase = "", defaultLoader = jdk.internal.loader.ClassLoaders$PlatformClassLoader@65311715
2026-03-27T23:53:26.523-0500 [DEBUG] [sun.rmi.loader] RMI TCP Connection(31)-127.0.0.1: name = "[B", codebase = "", defaultLoader = jdk.internal.loader.ClassLoaders$PlatformClassLoader@65311715
2026-03-27T23:53:26.524-0500 [DEBUG] [sun.rmi.loader] RMI TCP Connection(31)-127.0.0.1: name = "java.rmi.server.UID", codebase = "", defaultLoader = jdk.internal.loader.ClassLoaders$PlatformClassLoader@65311715
2026-03-27T23:53:26.638-0500 [DEBUG] [org.gradle.cache.internal.DefaultFileLockManager] Waiting to acquire shared lock on daemon addresses registry.
2026-03-27T23:53:26.638-0500 [DEBUG] [org.gradle.cache.internal.DefaultFileLockManager] Lock acquired on daemon addresses registry.
2026-03-27T23:53:26.639-0500 [DEBUG] [org.gradle.cache.internal.DefaultFileLockManager] Releasing lock on daemon addresses registry.
2026-03-27T23:53:26.640-0500 [DEBUG] [org.gradle.cache.internal.DefaultFileLockManager] Waiting to acquire shared lock on daemon addresses registry.
2026-03-27T23:53:26.640-0500 [DEBUG] [org.gradle.cache.internal.DefaultFileLockManager] Lock acquired on daemon addresses registry.
2026-03-27T23:53:26.641-0500 [DEBUG] [org.gradle.cache.internal.DefaultFileLockManager] Releasing lock on daemon addresses registry.
2026-03-27T23:53:26.642-0500 [DEBUG] [org.gradle.cache.internal.DefaultFileLockManager] Waiting to acquire shared lock on daemon addresses registry.
2026-03-27T23:53:26.642-0500 [DEBUG] [org.gradle.cache.internal.DefaultFileLockManager] Lock acquired on daemon addresses registry.
2026-03-27T23:53:26.643-0500 [DEBUG] [org.gradle.cache.internal.DefaultFileLockManager] Releasing lock on daemon addresses registry.
2026-03-27T23:53:29.539-0500 [DEBUG] [org.gradle.process.internal.health.memory.DefaultMemoryManager] 841566208 physical memory requested, 743772160 free
2026-03-27T23:53:29.539-0500 [DEBUG] [org.gradle.workers.internal.WorkerDaemonExpiration] Will attempt to release 802 of memory
2026-03-27T23:53:29.539-0500 [DEBUG] [org.gradle.process.internal.health.memory.DefaultMemoryManager] 841566208 physical memory requested, 0 released, 743772160 free
2026-03-27T23:53:29.539-0500 [DEBUG] [org.gradle.process.internal.health.memory.DefaultMemoryManager] 1828075520 virtual memory requested, 1536724992 free
2026-03-27T23:53:29.539-0500 [DEBUG] [org.gradle.workers.internal.WorkerDaemonExpiration] Will attempt to release 1743 of memory
2026-03-27T23:53:29.539-0500 [DEBUG] [org.gradle.process.internal.health.memory.DefaultMemoryManager] 1828075520 virtual memory requested, 0 released, 1536724992 free
2026-03-27T23:53:34.539-0500 [DEBUG] [org.gradle.process.internal.health.memory.DefaultMemoryManager] 841566208 physical memory requested, 693182464 free
2026-03-27T23:53:34.540-0500 [DEBUG] [org.gradle.workers.internal.WorkerDaemonExpiration] Will attempt to release 802 of memory
2026-03-27T23:53:34.540-0500 [DEBUG] [org.gradle.process.internal.health.memory.DefaultMemoryManager] 841566208 physical memory requested, 0 released, 693182464 free
2026-03-27T23:53:34.540-0500 [DEBUG] [org.gradle.process.internal.health.memory.DefaultMemoryManager] 1828075520 virtual memory requested, 1754947584 free
2026-03-27T23:53:34.541-0500 [DEBUG] [org.gradle.workers.internal.WorkerDaemonExpiration] Will attempt to release 1743 of memory
2026-03-27T23:53:34.541-0500 [DEBUG] [org.gradle.process.internal.health.memory.DefaultMemoryManager] 1828075520 virtual memory requested, 0 released, 1754947584 free
2026-03-27T23:53:36.648-0500 [DEBUG] [org.gradle.cache.internal.DefaultFileLockManager] Waiting to acquire shared lock on daemon addresses registry.
2026-03-27T23:53:36.648-0500 [DEBUG] [org.gradle.cache.internal.DefaultFileLockManager] Lock acquired on daemon addresses registry.
2026-03-27T23:53:36.649-0500 [DEBUG] [org.gradle.cache.internal.DefaultFileLockManager] Releasing lock on daemon addresses registry.
2026-03-27T23:53:36.651-0500 [DEBUG] [org.gradle.cache.internal.DefaultFileLockManager] Waiting to acquire shared lock on daemon addresses registry.
2026-03-27T23:53:36.651-0500 [DEBUG] [org.gradle.cache.internal.DefaultFileLockManager] Lock acquired on daemon addresses registry.
2026-03-27T23:53:36.651-0500 [DEBUG] [org.gradle.cache.internal.DefaultFileLockManager] Releasing lock on daemon addresses registry.
2026-03-27T23:53:36.653-0500 [DEBUG] [org.gradle.cache.internal.DefaultFileLockManager] Waiting to acquire shared lock on daemon addresses registry.
2026-03-27T23:53:36.653-0500 [DEBUG] [org.gradle.cache.internal.DefaultFileLockManager] Lock acquired on daemon addresses registry.
2026-03-27T23:53:36.653-0500 [DEBUG] [org.gradle.cache.internal.DefaultFileLockManager] Releasing lock on daemon addresses registry.
2026-03-27T23:53:39.624-0500 [DEBUG] [org.gradle.process.internal.health.memory.DefaultMemoryManager] 841566208 physical memory requested, 324898816 free
2026-03-27T23:53:39.625-0500 [DEBUG] [org.gradle.workers.internal.WorkerDaemonExpiration] Will attempt to release 802 of memory
2026-03-27T23:53:39.630-0500 [DEBUG] [org.gradle.process.internal.health.memory.DefaultMemoryManager] 841566208 physical memory requested, 0 released, 324898816 free
2026-03-27T23:53:39.631-0500 [DEBUG] [org.gradle.process.internal.health.memory.DefaultMemoryManager] 1828075520 virtual memory requested, 1552314368 free
2026-03-27T23:53:39.631-0500 [DEBUG] [org.gradle.workers.internal.WorkerDaemonExpiration] Will attempt to release 1743 of memory
2026-03-27T23:53:39.632-0500 [DEBUG] [org.gradle.process.internal.health.memory.DefaultMemoryManager] 1828075520 virtual memory requested, 0 released, 1552314368 free
2026-03-27T23:53:41.547-0500 [DEBUG] [sun.rmi.transport.tcp] RMI TCP Connection(31)-127.0.0.1: (port 27155) connection closed
2026-03-27T23:53:41.551-0500 [DEBUG] [sun.rmi.transport.tcp] RMI TCP Connection(31)-127.0.0.1: close connection, socket: Socket[addr=/127.0.0.1,port=30826,localport=27155]
2026-03-27T23:53:41.556-0500 [DEBUG] [sun.rmi.transport.tcp] RMI TCP Connection(31)-127.0.0.1: socket close: Socket[addr=/127.0.0.1,port=30826,localport=27155]
2026-03-27T23:53:44.545-0500 [DEBUG] [org.gradle.process.internal.health.memory.DefaultMemoryManager] 841566208 physical memory requested, 765149184 free
2026-03-27T23:53:44.545-0500 [DEBUG] [org.gradle.workers.internal.WorkerDaemonExpiration] Will attempt to release 802 of memory
2026-03-27T23:53:44.546-0500 [DEBUG] [org.gradle.process.internal.health.memory.DefaultMemoryManager] 841566208 physical memory requested, 0 released, 765149184 free
2026-03-27T23:53:44.548-0500 [DEBUG] [org.gradle.process.internal.health.memory.DefaultMemoryManager] 1828075520 virtual memory requested, 1545052160 free
2026-03-27T23:53:44.548-0500 [DEBUG] [org.gradle.workers.internal.WorkerDaemonExpiration] Will attempt to release 1743 of memory
2026-03-27T23:53:44.548-0500 [DEBUG] [org.gradle.process.internal.health.memory.DefaultMemoryManager] 1828075520 virtual memory requested, 0 released, 1545052160 free
2026-03-27T23:53:46.694-0500 [DEBUG] [org.gradle.cache.internal.DefaultFileLockManager] Waiting to acquire shared lock on daemon addresses registry.
2026-03-27T23:53:46.696-0500 [DEBUG] [org.gradle.cache.internal.DefaultFileLockManager] Lock acquired on daemon addresses registry.
2026-03-27T23:53:46.697-0500 [DEBUG] [org.gradle.cache.internal.DefaultFileLockManager] Releasing lock on daemon addresses registry.
2026-03-27T23:53:46.757-0500 [DEBUG] [org.gradle.cache.internal.DefaultFileLockManager] Waiting to acquire shared lock on daemon addresses registry.
2026-03-27T23:53:46.757-0500 [DEBUG] [org.gradle.cache.internal.DefaultFileLockManager] Lock acquired on daemon addresses registry.
2026-03-27T23:53:46.758-0500 [DEBUG] [org.gradle.cache.internal.DefaultFileLockManager] Releasing lock on daemon addresses registry.
2026-03-27T23:53:46.787-0500 [DEBUG] [org.gradle.cache.internal.DefaultFileLockManager] Waiting to acquire shared lock on daemon addresses registry.
2026-03-27T23:53:46.787-0500 [DEBUG] [org.gradle.cache.internal.DefaultFileLockManager] Lock acquired on daemon addresses registry.
2026-03-27T23:53:46.788-0500 [DEBUG] [org.gradle.cache.internal.DefaultFileLockManager] Releasing lock on daemon addresses registry.
2026-03-27T23:53:49.552-0500 [DEBUG] [org.gradle.process.internal.health.memory.DefaultMemoryManager] 1828075520 virtual memory requested, 1269637120 free
2026-03-27T23:53:49.552-0500 [DEBUG] [org.gradle.workers.internal.WorkerDaemonExpiration] Will attempt to release 1743 of memory
2026-03-27T23:53:49.552-0500 [DEBUG] [org.gradle.process.internal.health.memory.DefaultMemoryManager] 1828075520 virtual memory requested, 0 released, 1269637120 free
2026-03-27T23:53:54.538-0500 [DEBUG] [org.gradle.process.internal.health.memory.DefaultMemoryManager] 1828075520 virtual memory requested, 1093152768 free
2026-03-27T23:53:54.539-0500 [DEBUG] [org.gradle.workers.internal.WorkerDaemonExpiration] Will attempt to release 1743 of memory
2026-03-27T23:53:54.539-0500 [DEBUG] [org.gradle.process.internal.health.memory.DefaultMemoryManager] 1828075520 virtual memory requested, 0 released, 1093152768 free
2026-03-27T23:53:56.653-0500 [DEBUG] [org.gradle.cache.internal.DefaultFileLockManager] Waiting to acquire shared lock on daemon addresses registry.
2026-03-27T23:53:56.653-0500 [DEBUG] [org.gradle.cache.internal.DefaultFileLockManager] Lock acquired on daemon addresses registry.
2026-03-27T23:53:56.653-0500 [DEBUG] [org.gradle.cache.internal.DefaultFileLockManager] Releasing lock on daemon addresses registry.
2026-03-27T23:53:56.654-0500 [DEBUG] [org.gradle.cache.internal.DefaultFileLockManager] Waiting to acquire shared lock on daemon addresses registry.
2026-03-27T23:53:56.654-0500 [DEBUG] [org.gradle.cache.internal.DefaultFileLockManager] Lock acquired on daemon addresses registry.
2026-03-27T23:53:56.655-0500 [DEBUG] [org.gradle.cache.internal.DefaultFileLockManager] Releasing lock on daemon addresses registry.
2026-03-27T23:53:56.656-0500 [DEBUG] [org.gradle.cache.internal.DefaultFileLockManager] Waiting to acquire shared lock on daemon addresses registry.
2026-03-27T23:53:56.656-0500 [DEBUG] [org.gradle.cache.internal.DefaultFileLockManager] Lock acquired on daemon addresses registry.
2026-03-27T23:53:56.656-0500 [DEBUG] [org.gradle.cache.internal.DefaultFileLockManager] Releasing lock on daemon addresses registry.
2026-03-27T23:53:59.539-0500 [DEBUG] [org.gradle.process.internal.health.memory.DefaultMemoryManager] 841566208 physical memory requested, 474669056 free
2026-03-27T23:53:59.539-0500 [DEBUG] [org.gradle.workers.internal.WorkerDaemonExpiration] Will attempt to release 802 of memory
2026-03-27T23:53:59.539-0500 [DEBUG] [org.gradle.process.internal.health.memory.DefaultMemoryManager] 841566208 physical memory requested, 0 released, 474669056 free
2026-03-27T23:53:59.539-0500 [DEBUG] [org.gradle.process.internal.health.memory.DefaultMemoryManager] 1828075520 virtual memory requested, 1022214144 free
2026-03-27T23:53:59.539-0500 [DEBUG] [org.gradle.workers.internal.WorkerDaemonExpiration] Will attempt to release 1743 of memory
2026-03-27T23:53:59.541-0500 [DEBUG] [org.gradle.process.internal.health.memory.DefaultMemoryManager] 1828075520 virtual memory requested, 0 released, 1022214144 free
2026-03-27T23:54:04.545-0500 [DEBUG] [org.gradle.process.internal.health.memory.DefaultMemoryManager] 841566208 physical memory requested, 792739840 free
2026-03-27T23:54:04.545-0500 [DEBUG] [org.gradle.workers.internal.WorkerDaemonExpiration] Will attempt to release 802 of memory
2026-03-27T23:54:04.546-0500 [DEBUG] [org.gradle.process.internal.health.memory.DefaultMemoryManager] 841566208 physical memory requested, 0 released, 792739840 free
2026-03-27T23:54:04.546-0500 [DEBUG] [org.gradle.process.internal.health.memory.DefaultMemoryManager] 1828075520 virtual memory requested, 983547904 free
2026-03-27T23:54:04.546-0500 [DEBUG] [org.gradle.workers.internal.WorkerDaemonExpiration] Will attempt to release 1743 of memory
2026-03-27T23:54:04.546-0500 [DEBUG] [org.gradle.process.internal.health.memory.DefaultMemoryManager] 1828075520 virtual memory requested, 0 released, 983547904 free
2026-03-27T23:54:06.646-0500 [DEBUG] [org.gradle.cache.internal.DefaultFileLockManager] Waiting to acquire shared lock on daemon addresses registry.
2026-03-27T23:54:06.647-0500 [DEBUG] [org.gradle.cache.internal.DefaultFileLockManager] Lock acquired on daemon addresses registry.
2026-03-27T23:54:06.648-0500 [DEBUG] [org.gradle.cache.internal.DefaultFileLockManager] Releasing lock on daemon addresses registry.
2026-03-27T23:54:06.650-0500 [DEBUG] [org.gradle.cache.internal.DefaultFileLockManager] Waiting to acquire shared lock on daemon addresses registry.
2026-03-27T23:54:06.650-0500 [DEBUG] [org.gradle.cache.internal.DefaultFileLockManager] Lock acquired on daemon addresses registry.
2026-03-27T23:54:06.651-0500 [DEBUG] [org.gradle.cache.internal.DefaultFileLockManager] Releasing lock on daemon addresses registry.
2026-03-27T23:54:06.653-0500 [DEBUG] [org.gradle.cache.internal.DefaultFileLockManager] Waiting to acquire shared lock on daemon addresses registry.
2026-03-27T23:54:06.653-0500 [DEBUG] [org.gradle.cache.internal.DefaultFileLockManager] Lock acquired on daemon addresses registry.
2026-03-27T23:54:06.653-0500 [DEBUG] [org.gradle.cache.internal.DefaultFileLockManager] Releasing lock on daemon addresses registry.
2026-03-27T23:54:09.539-0500 [DEBUG] [org.gradle.process.internal.health.memory.DefaultMemoryManager] 1828075520 virtual memory requested, 1002373120 free
2026-03-27T23:54:09.539-0500 [DEBUG] [org.gradle.workers.internal.WorkerDaemonExpiration] Will attempt to release 1743 of memory
2026-03-27T23:54:09.539-0500 [DEBUG] [org.gradle.process.internal.health.memory.DefaultMemoryManager] 1828075520 virtual memory requested, 0 released, 1002373120 free
2026-03-27T23:54:14.550-0500 [DEBUG] [org.gradle.process.internal.health.memory.DefaultMemoryManager] 1828075520 virtual memory requested, 1002549248 free
2026-03-27T23:54:14.551-0500 [DEBUG] [org.gradle.workers.internal.WorkerDaemonExpiration] Will attempt to release 1743 of memory
2026-03-27T23:54:14.551-0500 [DEBUG] [org.gradle.process.internal.health.memory.DefaultMemoryManager] 1828075520 virtual memory requested, 0 released, 1002549248 free
2026-03-27T23:54:16.649-0500 [DEBUG] [org.gradle.cache.internal.DefaultFileLockManager] Waiting to acquire shared lock on daemon addresses registry.
2026-03-27T23:54:16.649-0500 [DEBUG] [org.gradle.cache.internal.DefaultFileLockManager] Lock acquired on daemon addresses registry.
2026-03-27T23:54:16.649-0500 [DEBUG] [org.gradle.cache.internal.DefaultFileLockManager] Releasing lock on daemon addresses registry.
2026-03-27T23:54:16.651-0500 [DEBUG] [org.gradle.cache.internal.DefaultFileLockManager] Waiting to acquire shared lock on daemon addresses registry.
2026-03-27T23:54:16.651-0500 [DEBUG] [org.gradle.cache.internal.DefaultFileLockManager] Lock acquired on daemon addresses registry.
2026-03-27T23:54:16.651-0500 [DEBUG] [org.gradle.cache.internal.DefaultFileLockManager] Releasing lock on daemon addresses registry.
2026-03-27T23:54:16.654-0500 [DEBUG] [org.gradle.cache.internal.DefaultFileLockManager] Waiting to acquire shared lock on daemon addresses registry.
2026-03-27T23:54:16.654-0500 [DEBUG] [org.gradle.cache.internal.DefaultFileLockManager] Lock acquired on daemon addresses registry.
2026-03-27T23:54:16.656-0500 [DEBUG] [org.gradle.cache.internal.DefaultFileLockManager] Releasing lock on daemon addresses registry.
2026-03-27T23:54:19.543-0500 [DEBUG] [org.gradle.process.internal.health.memory.DefaultMemoryManager] 1828075520 virtual memory requested, 939892736 free
2026-03-27T23:54:19.543-0500 [DEBUG] [org.gradle.workers.internal.WorkerDaemonExpiration] Will attempt to release 1743 of memory
2026-03-27T23:54:19.543-0500 [DEBUG] [org.gradle.process.internal.health.memory.DefaultMemoryManager] 1828075520 virtual memory requested, 0 released, 939892736 free
2026-03-27T23:54:24.540-0500 [DEBUG] [org.gradle.process.internal.health.memory.DefaultMemoryManager] 1828075520 virtual memory requested, 876802048 free
2026-03-27T23:54:24.541-0500 [DEBUG] [org.gradle.workers.internal.WorkerDaemonExpiration] Will attempt to release 1743 of memory
2026-03-27T23:54:24.541-0500 [DEBUG] [org.gradle.process.internal.health.memory.DefaultMemoryManager] 1828075520 virtual memory requested, 0 released, 876802048 free
2026-03-27T23:54:26.648-0500 [DEBUG] [org.gradle.cache.internal.DefaultFileLockManager] Waiting to acquire shared lock on daemon addresses registry.
2026-03-27T23:54:26.648-0500 [DEBUG] [org.gradle.cache.internal.DefaultFileLockManager] Lock acquired on daemon addresses registry.
2026-03-27T23:54:26.652-0500 [DEBUG] [org.gradle.cache.internal.DefaultFileLockManager] Releasing lock on daemon addresses registry.
2026-03-27T23:54:26.654-0500 [DEBUG] [org.gradle.cache.internal.DefaultFileLockManager] Waiting to acquire shared lock on daemon addresses registry.
2026-03-27T23:54:26.654-0500 [DEBUG] [org.gradle.cache.internal.DefaultFileLockManager] Lock acquired on daemon addresses registry.
2026-03-27T23:54:26.654-0500 [DEBUG] [org.gradle.cache.internal.DefaultFileLockManager] Releasing lock on daemon addresses registry.
2026-03-27T23:54:26.655-0500 [DEBUG] [org.gradle.cache.internal.DefaultFileLockManager] Waiting to acquire shared lock on daemon addresses registry.
2026-03-27T23:54:26.655-0500 [DEBUG] [org.gradle.cache.internal.DefaultFileLockManager] Lock acquired on daemon addresses registry.
2026-03-27T23:54:26.656-0500 [DEBUG] [org.gradle.cache.internal.DefaultFileLockManager] Releasing lock on daemon addresses registry.
2026-03-27T23:54:29.540-0500 [DEBUG] [org.gradle.process.internal.health.memory.DefaultMemoryManager] 1828075520 virtual memory requested, 766795776 free
2026-03-27T23:54:29.541-0500 [DEBUG] [org.gradle.workers.internal.WorkerDaemonExpiration] Will attempt to release 1743 of memory
2026-03-27T23:54:29.541-0500 [DEBUG] [org.gradle.process.internal.health.memory.DefaultMemoryManager] 1828075520 virtual memory requested, 0 released, 766795776 free
2026-03-27T23:54:34.552-0500 [DEBUG] [org.gradle.process.internal.health.memory.DefaultMemoryManager] 841566208 physical memory requested, 620691456 free
2026-03-27T23:54:34.552-0500 [DEBUG] [org.gradle.workers.internal.WorkerDaemonExpiration] Will attempt to release 802 of memory
2026-03-27T23:54:34.552-0500 [DEBUG] [org.gradle.process.internal.health.memory.DefaultMemoryManager] 841566208 physical memory requested, 0 released, 620691456 free
2026-03-27T23:54:34.552-0500 [DEBUG] [org.gradle.process.internal.health.memory.DefaultMemoryManager] 1828075520 virtual memory requested, 761298944 free
2026-03-27T23:54:34.553-0500 [DEBUG] [org.gradle.workers.internal.WorkerDaemonExpiration] Will attempt to release 1743 of memory
2026-03-27T23:54:34.553-0500 [DEBUG] [org.gradle.process.internal.health.memory.DefaultMemoryManager] 1828075520 virtual memory requested, 0 released, 761298944 free
2026-03-27T23:54:36.643-0500 [DEBUG] [org.gradle.cache.internal.DefaultFileLockManager] Waiting to acquire shared lock on daemon addresses registry.
2026-03-27T23:54:36.644-0500 [DEBUG] [org.gradle.cache.internal.DefaultFileLockManager] Lock acquired on daemon addresses registry.
2026-03-27T23:54:36.644-0500 [DEBUG] [org.gradle.cache.internal.DefaultFileLockManager] Releasing lock on daemon addresses registry.
2026-03-27T23:54:36.645-0500 [DEBUG] [org.gradle.cache.internal.DefaultFileLockManager] Waiting to acquire shared lock on daemon addresses registry.
2026-03-27T23:54:36.646-0500 [DEBUG] [org.gradle.cache.internal.DefaultFileLockManager] Lock acquired on daemon addresses registry.
2026-03-27T23:54:36.646-0500 [DEBUG] [org.gradle.cache.internal.DefaultFileLockManager] Releasing lock on daemon addresses registry.
2026-03-27T23:54:36.657-0500 [DEBUG] [org.gradle.cache.internal.DefaultFileLockManager] Waiting to acquire shared lock on daemon addresses registry.
2026-03-27T23:54:36.657-0500 [DEBUG] [org.gradle.cache.internal.DefaultFileLockManager] Lock acquired on daemon addresses registry.
2026-03-27T23:54:36.657-0500 [DEBUG] [org.gradle.cache.internal.DefaultFileLockManager] Releasing lock on daemon addresses registry.
2026-03-27T23:54:39.539-0500 [DEBUG] [org.gradle.process.internal.health.memory.DefaultMemoryManager] 1828075520 virtual memory requested, 769175552 free
2026-03-27T23:54:39.539-0500 [DEBUG] [org.gradle.workers.internal.WorkerDaemonExpiration] Will attempt to release 1743 of memory
2026-03-27T23:54:39.539-0500 [DEBUG] [org.gradle.process.internal.health.memory.DefaultMemoryManager] 1828075520 virtual memory requested, 0 released, 769175552 free
2026-03-27T23:54:42.290-0500 [DEBUG] [sun.rmi.transport.tcp] RMI TCP Connection(32)-127.0.0.1: accepted socket from [127.0.0.1:15721]
2026-03-27T23:54:42.316-0500 [DEBUG] [sun.rmi.transport.tcp] RMI TCP Connection(32)-127.0.0.1: (port 27155) op = 80
2026-03-27T23:54:42.340-0500 [DEBUG] [sun.rmi.loader] RMI TCP Connection(32)-127.0.0.1: name = "[Ljava.rmi.server.ObjID;", codebase = "", defaultLoader = jdk.internal.loader.ClassLoaders$PlatformClassLoader@65311715
2026-03-27T23:54:42.352-0500 [DEBUG] [sun.rmi.loader] RMI TCP Connection(32)-127.0.0.1: name = "java.rmi.dgc.Lease", codebase = "", defaultLoader = jdk.internal.loader.ClassLoaders$PlatformClassLoader@65311715
2026-03-27T23:54:42.360-0500 [DEBUG] [sun.rmi.loader] RMI TCP Connection(32)-127.0.0.1: name = "java.rmi.dgc.VMID", codebase = "", defaultLoader = jdk.internal.loader.ClassLoaders$PlatformClassLoader@65311715
2026-03-27T23:54:42.366-0500 [DEBUG] [sun.rmi.loader] RMI TCP Connection(32)-127.0.0.1: name = "[B", codebase = "", defaultLoader = jdk.internal.loader.ClassLoaders$PlatformClassLoader@65311715
2026-03-27T23:54:42.371-0500 [DEBUG] [sun.rmi.loader] RMI TCP Connection(32)-127.0.0.1: name = "java.rmi.server.UID", codebase = "", defaultLoader = jdk.internal.loader.ClassLoaders$PlatformClassLoader@65311715
2026-03-27T23:54:44.538-0500 [DEBUG] [org.gradle.process.internal.health.memory.DefaultMemoryManager] 841566208 physical memory requested, 785334272 free
2026-03-27T23:54:44.539-0500 [DEBUG] [org.gradle.workers.internal.WorkerDaemonExpiration] Will attempt to release 802 of memory
2026-03-27T23:54:44.540-0500 [DEBUG] [org.gradle.process.internal.health.memory.DefaultMemoryManager] 841566208 physical memory requested, 0 released, 785334272 free
2026-03-27T23:54:44.540-0500 [DEBUG] [org.gradle.process.internal.health.memory.DefaultMemoryManager] 1828075520 virtual memory requested, 1130541056 free
2026-03-27T23:54:44.540-0500 [DEBUG] [org.gradle.workers.internal.WorkerDaemonExpiration] Will attempt to release 1743 of memory
2026-03-27T23:54:44.540-0500 [DEBUG] [org.gradle.process.internal.health.memory.DefaultMemoryManager] 1828075520 virtual memory requested, 0 released, 1130541056 free
2026-03-27T23:54:46.642-0500 [DEBUG] [org.gradle.cache.internal.DefaultFileLockManager] Waiting to acquire shared lock on daemon addresses registry.
2026-03-27T23:54:46.642-0500 [DEBUG] [org.gradle.cache.internal.DefaultFileLockManager] Lock acquired on daemon addresses registry.
2026-03-27T23:54:46.643-0500 [DEBUG] [org.gradle.cache.internal.DefaultFileLockManager] Releasing lock on daemon addresses registry.
2026-03-27T23:54:46.646-0500 [DEBUG] [org.gradle.cache.internal.DefaultFileLockManager] Waiting to acquire shared lock on daemon addresses registry.
2026-03-27T23:54:46.647-0500 [DEBUG] [org.gradle.cache.internal.DefaultFileLockManager] Lock acquired on daemon addresses registry.
2026-03-27T23:54:46.647-0500 [DEBUG] [org.gradle.cache.internal.DefaultFileLockManager] Releasing lock on daemon addresses registry.
2026-03-27T23:54:46.650-0500 [DEBUG] [org.gradle.cache.internal.DefaultFileLockManager] Waiting to acquire shared lock on daemon addresses registry.
2026-03-27T23:54:46.651-0500 [DEBUG] [org.gradle.cache.internal.DefaultFileLockManager] Lock acquired on daemon addresses registry.
2026-03-27T23:54:46.652-0500 [DEBUG] [org.gradle.cache.internal.DefaultFileLockManager] Releasing lock on daemon addresses registry.
2026-03-27T23:54:49.530-0500 [DEBUG] [org.gradle.internal.watch.vfs.impl.WatchingVirtualFileSystem] Handling VFS change CREATED C:\Users\sebgo\AndroidStudioProjects\mytaxitravel\app\src\main\res\layout\activity_viajes.xml~
2026-03-27T23:54:49.543-0500 [DEBUG] [org.gradle.process.internal.health.memory.DefaultMemoryManager] 841566208 physical memory requested, 606789632 free
2026-03-27T23:54:49.544-0500 [DEBUG] [org.gradle.workers.internal.WorkerDaemonExpiration] Will attempt to release 802 of memory
2026-03-27T23:54:49.545-0500 [DEBUG] [org.gradle.process.internal.health.memory.DefaultMemoryManager] 841566208 physical memory requested, 0 released, 606789632 free
2026-03-27T23:54:49.545-0500 [DEBUG] [org.gradle.process.internal.health.memory.DefaultMemoryManager] 1828075520 virtual memory requested, 1167167488 free
2026-03-27T23:54:49.545-0500 [DEBUG] [org.gradle.workers.internal.WorkerDaemonExpiration] Will attempt to release 1743 of memory
2026-03-27T23:54:49.545-0500 [DEBUG] [org.gradle.process.internal.health.memory.DefaultMemoryManager] 1828075520 virtual memory requested, 0 released, 1167167488 free
2026-03-27T23:54:49.660-0500 [DEBUG] [org.gradle.internal.watch.vfs.impl.WatchingVirtualFileSystem] Handling VFS change MODIFIED C:\Users\sebgo\AndroidStudioProjects\mytaxitravel\app\src\main\res\layout\activity_viajes.xml
2026-03-27T23:54:54.548-0500 [DEBUG] [org.gradle.process.internal.health.memory.DefaultMemoryManager] 841566208 physical memory requested, 836304896 free
2026-03-27T23:54:54.548-0500 [DEBUG] [org.gradle.workers.internal.WorkerDaemonExpiration] Will attempt to release 802 of memory
2026-03-27T23:54:54.548-0500 [DEBUG] [org.gradle.process.internal.health.memory.DefaultMemoryManager] 841566208 physical memory requested, 0 released, 836304896 free
2026-03-27T23:54:54.548-0500 [DEBUG] [org.gradle.process.internal.health.memory.DefaultMemoryManager] 1828075520 virtual memory requested, 1091305472 free
2026-03-27T23:54:54.549-0500 [DEBUG] [org.gradle.workers.internal.WorkerDaemonExpiration] Will attempt to release 1743 of memory
2026-03-27T23:54:54.549-0500 [DEBUG] [org.gradle.process.internal.health.memory.DefaultMemoryManager] 1828075520 virtual memory requested, 0 released, 1091305472 free
2026-03-27T23:54:56.638-0500 [DEBUG] [org.gradle.cache.internal.DefaultFileLockManager] Waiting to acquire shared lock on daemon addresses registry.
2026-03-27T23:54:56.732-0500 [DEBUG] [org.gradle.cache.internal.DefaultFileLockManager] Lock acquired on daemon addresses registry.
2026-03-27T23:54:56.744-0500 [DEBUG] [org.gradle.cache.internal.DefaultFileLockManager] Releasing lock on daemon addresses registry.
2026-03-27T23:54:56.746-0500 [DEBUG] [org.gradle.cache.internal.DefaultFileLockManager] Waiting to acquire shared lock on daemon addresses registry.
2026-03-27T23:54:56.746-0500 [DEBUG] [org.gradle.cache.internal.DefaultFileLockManager] Lock acquired on daemon addresses registry.
2026-03-27T23:54:56.767-0500 [DEBUG] [org.gradle.cache.internal.DefaultFileLockManager] Releasing lock on daemon addresses registry.
2026-03-27T23:54:56.769-0500 [DEBUG] [org.gradle.cache.internal.DefaultFileLockManager] Waiting to acquire shared lock on daemon addresses registry.
2026-03-27T23:54:56.769-0500 [DEBUG] [org.gradle.cache.internal.DefaultFileLockManager] Lock acquired on daemon addresses registry.
2026-03-27T23:54:56.770-0500 [DEBUG] [org.gradle.cache.internal.DefaultFileLockManager] Releasing lock on daemon addresses registry.
2026-03-27T23:54:57.441-0500 [DEBUG] [sun.rmi.transport.tcp] RMI TCP Connection(32)-127.0.0.1: (port 27155) connection closed
2026-03-27T23:54:57.459-0500 [DEBUG] [sun.rmi.transport.tcp] RMI TCP Connection(32)-127.0.0.1: close connection, socket: Socket[addr=/127.0.0.1,port=15721,localport=27155]
2026-03-27T23:54:57.473-0500 [DEBUG] [sun.rmi.transport.tcp] RMI TCP Connection(32)-127.0.0.1: socket close: Socket[addr=/127.0.0.1,port=15721,localport=27155]
2026-03-27T23:54:59.539-0500 [DEBUG] [org.gradle.process.internal.health.memory.DefaultMemoryManager] 1828075520 virtual memory requested, 1206321152 free
2026-03-27T23:54:59.539-0500 [DEBUG] [org.gradle.workers.internal.WorkerDaemonExpiration] Will attempt to release 1743 of memory
2026-03-27T23:54:59.539-0500 [DEBUG] [org.gradle.process.internal.health.memory.DefaultMemoryManager] 1828075520 virtual memory requested, 0 released, 1206321152 free
2026-03-27T23:55:04.539-0500 [DEBUG] [org.gradle.process.internal.health.memory.DefaultMemoryManager] 1828075520 virtual memory requested, 1240215552 free
2026-03-27T23:55:04.539-0500 [DEBUG] [org.gradle.workers.internal.WorkerDaemonExpiration] Will attempt to release 1743 of memory
2026-03-27T23:55:04.539-0500 [DEBUG] [org.gradle.process.internal.health.memory.DefaultMemoryManager] 1828075520 virtual memory requested, 0 released, 1240215552 free
2026-03-27T23:55:06.639-0500 [DEBUG] [org.gradle.cache.internal.DefaultFileLockManager] Waiting to acquire shared lock on daemon addresses registry.
2026-03-27T23:55:06.639-0500 [DEBUG] [org.gradle.cache.internal.DefaultFileLockManager] Lock acquired on daemon addresses registry.
2026-03-27T23:55:06.640-0500 [DEBUG] [org.gradle.cache.internal.DefaultFileLockManager] Releasing lock on daemon addresses registry.
2026-03-27T23:55:06.641-0500 [DEBUG] [org.gradle.cache.internal.DefaultFileLockManager] Waiting to acquire shared lock on daemon addresses registry.
2026-03-27T23:55:06.641-0500 [DEBUG] [org.gradle.cache.internal.DefaultFileLockManager] Lock acquired on daemon addresses registry.
2026-03-27T23:55:06.641-0500 [DEBUG] [org.gradle.cache.internal.DefaultFileLockManager] Releasing lock on daemon addresses registry.
2026-03-27T23:55:06.642-0500 [DEBUG] [org.gradle.cache.internal.DefaultFileLockManager] Waiting to acquire shared lock on daemon addresses registry.
2026-03-27T23:55:06.646-0500 [DEBUG] [org.gradle.cache.internal.DefaultFileLockManager] Lock acquired on daemon addresses registry.
2026-03-27T23:55:06.646-0500 [DEBUG] [org.gradle.cache.internal.DefaultFileLockManager] Releasing lock on daemon addresses registry.
2026-03-27T23:55:09.540-0500 [DEBUG] [org.gradle.process.internal.health.memory.DefaultMemoryManager] 841566208 physical memory requested, 831868928 free
2026-03-27T23:55:09.540-0500 [DEBUG] [org.gradle.workers.internal.WorkerDaemonExpiration] Will attempt to release 802 of memory
2026-03-27T23:55:09.540-0500 [DEBUG] [org.gradle.process.internal.health.memory.DefaultMemoryManager] 841566208 physical memory requested, 0 released, 831868928 free
2026-03-27T23:55:09.541-0500 [DEBUG] [org.gradle.process.internal.health.memory.DefaultMemoryManager] 1828075520 virtual memory requested, 1247604736 free
2026-03-27T23:55:09.541-0500 [DEBUG] [org.gradle.workers.internal.WorkerDaemonExpiration] Will attempt to release 1743 of memory
2026-03-27T23:55:09.541-0500 [DEBUG] [org.gradle.process.internal.health.memory.DefaultMemoryManager] 1828075520 virtual memory requested, 0 released, 1247604736 free
2026-03-27T23:55:14.539-0500 [DEBUG] [org.gradle.process.internal.health.memory.DefaultMemoryManager] 841566208 physical memory requested, 815943680 free
2026-03-27T23:55:14.539-0500 [DEBUG] [org.gradle.workers.internal.WorkerDaemonExpiration] Will attempt to release 802 of memory
2026-03-27T23:55:14.539-0500 [DEBUG] [org.gradle.process.internal.health.memory.DefaultMemoryManager] 841566208 physical memory requested, 0 released, 815943680 free
2026-03-27T23:55:14.539-0500 [DEBUG] [org.gradle.process.internal.health.memory.DefaultMemoryManager] 1828075520 virtual memory requested, 1252810752 free
2026-03-27T23:55:14.539-0500 [DEBUG] [org.gradle.workers.internal.WorkerDaemonExpiration] Will attempt to release 1743 of memory
2026-03-27T23:55:14.540-0500 [DEBUG] [org.gradle.process.internal.health.memory.DefaultMemoryManager] 1828075520 virtual memory requested, 0 released, 1252810752 free
2026-03-27T23:55:16.639-0500 [DEBUG] [org.gradle.cache.internal.DefaultFileLockManager] Waiting to acquire shared lock on daemon addresses registry.
2026-03-27T23:55:16.639-0500 [DEBUG] [org.gradle.cache.internal.DefaultFileLockManager] Lock acquired on daemon addresses registry.
2026-03-27T23:55:16.639-0500 [DEBUG] [org.gradle.cache.internal.DefaultFileLockManager] Releasing lock on daemon addresses registry.
2026-03-27T23:55:16.640-0500 [DEBUG] [org.gradle.cache.internal.DefaultFileLockManager] Waiting to acquire shared lock on daemon addresses registry.
2026-03-27T23:55:16.640-0500 [DEBUG] [org.gradle.cache.internal.DefaultFileLockManager] Lock acquired on daemon addresses registry.
2026-03-27T23:55:16.641-0500 [DEBUG] [org.gradle.cache.internal.DefaultFileLockManager] Releasing lock on daemon addresses registry.
2026-03-27T23:55:16.642-0500 [DEBUG] [org.gradle.cache.internal.DefaultFileLockManager] Waiting to acquire shared lock on daemon addresses registry.
2026-03-27T23:55:16.642-0500 [DEBUG] [org.gradle.cache.internal.DefaultFileLockManager] Lock acquired on daemon addresses registry.
2026-03-27T23:55:16.642-0500 [DEBUG] [org.gradle.cache.internal.DefaultFileLockManager] Releasing lock on daemon addresses registry.
2026-03-27T23:55:19.538-0500 [DEBUG] [org.gradle.process.internal.health.memory.DefaultMemoryManager] 841566208 physical memory requested, 787382272 free
2026-03-27T23:55:19.539-0500 [DEBUG] [org.gradle.workers.internal.WorkerDaemonExpiration] Will attempt to release 802 of memory
2026-03-27T23:55:19.539-0500 [DEBUG] [org.gradle.process.internal.health.memory.DefaultMemoryManager] 841566208 physical memory requested, 0 released, 787382272 free
2026-03-27T23:55:19.539-0500 [DEBUG] [org.gradle.process.internal.health.memory.DefaultMemoryManager] 1828075520 virtual memory requested, 1255895040 free
2026-03-27T23:55:19.539-0500 [DEBUG] [org.gradle.workers.internal.WorkerDaemonExpiration] Will attempt to release 1743 of memory
2026-03-27T23:55:19.539-0500 [DEBUG] [org.gradle.process.internal.health.memory.DefaultMemoryManager] 1828075520 virtual memory requested, 0 released, 1255895040 free
2026-03-27T23:55:22.567-0500 [DEBUG] [sun.rmi.client.ref] RMI RenewClean-[127.0.0.1:17738,org.jetbrains.kotlin.daemon.common.LoopbackNetworkInterface$ClientLoopbackSocketFactory@290a80f]: get connection
2026-03-27T23:55:22.569-0500 [DEBUG] [sun.rmi.transport.tcp] RMI RenewClean-[127.0.0.1:17738,org.jetbrains.kotlin.daemon.common.LoopbackNetworkInterface$ClientLoopbackSocketFactory@290a80f]: create connection
2026-03-27T23:55:22.692-0500 [DEBUG] [sun.rmi.transport.tcp] RMI TCP Connection(33)-127.0.0.1: accepted socket from [127.0.0.1:15734]
2026-03-27T23:55:22.694-0500 [DEBUG] [sun.rmi.transport.tcp] RMI TCP Connection(33)-127.0.0.1: (port 27155) op = 80
2026-03-27T23:55:22.695-0500 [DEBUG] [sun.rmi.loader] RMI TCP Connection(33)-127.0.0.1: name = "[Ljava.rmi.server.ObjID;", codebase = "", defaultLoader = jdk.internal.loader.ClassLoaders$PlatformClassLoader@65311715
2026-03-27T23:55:22.695-0500 [DEBUG] [sun.rmi.loader] RMI TCP Connection(33)-127.0.0.1: name = "java.rmi.dgc.Lease", codebase = "", defaultLoader = jdk.internal.loader.ClassLoaders$PlatformClassLoader@65311715
2026-03-27T23:55:22.695-0500 [DEBUG] [sun.rmi.loader] RMI TCP Connection(33)-127.0.0.1: name = "java.rmi.dgc.VMID", codebase = "", defaultLoader = jdk.internal.loader.ClassLoaders$PlatformClassLoader@65311715
2026-03-27T23:55:22.696-0500 [DEBUG] [sun.rmi.loader] RMI TCP Connection(33)-127.0.0.1: name = "[B", codebase = "", defaultLoader = jdk.internal.loader.ClassLoaders$PlatformClassLoader@65311715
2026-03-27T23:55:22.696-0500 [DEBUG] [sun.rmi.loader] RMI TCP Connection(33)-127.0.0.1: name = "java.rmi.server.UID", codebase = "", defaultLoader = jdk.internal.loader.ClassLoaders$PlatformClassLoader@65311715
2026-03-27T23:55:22.709-0500 [DEBUG] [sun.rmi.loader] RMI RenewClean-[127.0.0.1:17738,org.jetbrains.kotlin.daemon.common.LoopbackNetworkInterface$ClientLoopbackSocketFactory@290a80f]: name = "java.rmi.dgc.Lease", codebase = "", defaultLoader = jdk.internal.loader.ClassLoaders$PlatformClassLoader@65311715
2026-03-27T23:55:22.709-0500 [DEBUG] [sun.rmi.loader] RMI RenewClean-[127.0.0.1:17738,org.jetbrains.kotlin.daemon.common.LoopbackNetworkInterface$ClientLoopbackSocketFactory@290a80f]: name = "java.rmi.dgc.VMID", codebase = "", defaultLoader = jdk.internal.loader.ClassLoaders$PlatformClassLoader@65311715
2026-03-27T23:55:22.709-0500 [DEBUG] [sun.rmi.loader] RMI RenewClean-[127.0.0.1:17738,org.jetbrains.kotlin.daemon.common.LoopbackNetworkInterface$ClientLoopbackSocketFactory@290a80f]: name = "[B", codebase = "", defaultLoader = jdk.internal.loader.ClassLoaders$PlatformClassLoader@65311715
2026-03-27T23:55:22.709-0500 [DEBUG] [sun.rmi.loader] RMI RenewClean-[127.0.0.1:17738,org.jetbrains.kotlin.daemon.common.LoopbackNetworkInterface$ClientLoopbackSocketFactory@290a80f]: name = "java.rmi.server.UID", codebase = "", defaultLoader = jdk.internal.loader.ClassLoaders$PlatformClassLoader@65311715
2026-03-27T23:55:22.711-0500 [DEBUG] [sun.rmi.client.ref] RMI RenewClean-[127.0.0.1:17738,org.jetbrains.kotlin.daemon.common.LoopbackNetworkInterface$ClientLoopbackSocketFactory@290a80f]: free connection (reuse = true)
2026-03-27T23:55:22.716-0500 [DEBUG] [sun.rmi.transport.tcp] RMI RenewClean-[127.0.0.1:17738,org.jetbrains.kotlin.daemon.common.LoopbackNetworkInterface$ClientLoopbackSocketFactory@290a80f]: reuse connection
2026-03-27T23:55:22.716-0500 [DEBUG] [sun.rmi.transport.tcp] RMI RenewClean-[127.0.0.1:17738,org.jetbrains.kotlin.daemon.common.LoopbackNetworkInterface$ClientLoopbackSocketFactory@290a80f]: create reaper
2026-03-27T23:55:24.539-0500 [DEBUG] [org.gradle.process.internal.health.memory.DefaultMemoryManager] 841566208 physical memory requested, 736661504 free
2026-03-27T23:55:24.540-0500 [DEBUG] [org.gradle.workers.internal.WorkerDaemonExpiration] Will attempt to release 802 of memory
2026-03-27T23:55:24.540-0500 [DEBUG] [org.gradle.process.internal.health.memory.DefaultMemoryManager] 841566208 physical memory requested, 0 released, 736661504 free
2026-03-27T23:55:24.540-0500 [DEBUG] [org.gradle.process.internal.health.memory.DefaultMemoryManager] 1828075520 virtual memory requested, 1257885696 free
2026-03-27T23:55:24.540-0500 [DEBUG] [org.gradle.workers.internal.WorkerDaemonExpiration] Will attempt to release 1743 of memory
2026-03-27T23:55:24.541-0500 [DEBUG] [org.gradle.process.internal.health.memory.DefaultMemoryManager] 1828075520 virtual memory requested, 0 released, 1257885696 free
2026-03-27T23:55:26.638-0500 [DEBUG] [org.gradle.cache.internal.DefaultFileLockManager] Waiting to acquire shared lock on daemon addresses registry.
2026-03-27T23:55:26.638-0500 [DEBUG] [org.gradle.cache.internal.DefaultFileLockManager] Lock acquired on daemon addresses registry.
2026-03-27T23:55:26.638-0500 [DEBUG] [org.gradle.cache.internal.DefaultFileLockManager] Releasing lock on daemon addresses registry.
2026-03-27T23:55:26.640-0500 [DEBUG] [org.gradle.cache.internal.DefaultFileLockManager] Waiting to acquire shared lock on daemon addresses registry.
2026-03-27T23:55:26.640-0500 [DEBUG] [org.gradle.cache.internal.DefaultFileLockManager] Lock acquired on daemon addresses registry.
2026-03-27T23:55:26.640-0500 [DEBUG] [org.gradle.cache.internal.DefaultFileLockManager] Releasing lock on daemon addresses registry.
2026-03-27T23:55:26.641-0500 [DEBUG] [org.gradle.cache.internal.DefaultFileLockManager] Waiting to acquire shared lock on daemon addresses registry.
2026-03-27T23:55:26.642-0500 [DEBUG] [org.gradle.cache.internal.DefaultFileLockManager] Lock acquired on daemon addresses registry.
2026-03-27T23:55:26.642-0500 [DEBUG] [org.gradle.cache.internal.DefaultFileLockManager] Releasing lock on daemon addresses registry.
2026-03-27T23:55:29.540-0500 [DEBUG] [org.gradle.process.internal.health.memory.DefaultMemoryManager] 841566208 physical memory requested, 579072000 free
2026-03-27T23:55:29.543-0500 [DEBUG] [org.gradle.workers.internal.WorkerDaemonExpiration] Will attempt to release 802 of memory
2026-03-27T23:55:29.543-0500 [DEBUG] [org.gradle.process.internal.health.memory.DefaultMemoryManager] 841566208 physical memory requested, 0 released, 579072000 free
2026-03-27T23:55:29.543-0500 [DEBUG] [org.gradle.process.internal.health.memory.DefaultMemoryManager] 1828075520 virtual memory requested, 1266290688 free
2026-03-27T23:55:29.543-0500 [DEBUG] [org.gradle.workers.internal.WorkerDaemonExpiration] Will attempt to release 1743 of memory
2026-03-27T23:55:29.543-0500 [DEBUG] [org.gradle.process.internal.health.memory.DefaultMemoryManager] 1828075520 virtual memory requested, 0 released, 1266290688 free
2026-03-27T23:55:34.539-0500 [DEBUG] [org.gradle.process.internal.health.memory.DefaultMemoryManager] 1828075520 virtual memory requested, 1261260800 free
2026-03-27T23:55:34.539-0500 [DEBUG] [org.gradle.workers.internal.WorkerDaemonExpiration] Will attempt to release 1743 of memory
2026-03-27T23:55:34.539-0500 [DEBUG] [org.gradle.process.internal.health.memory.DefaultMemoryManager] 1828075520 virtual memory requested, 0 released, 1261260800 free
2026-03-27T23:55:36.638-0500 [DEBUG] [org.gradle.cache.internal.DefaultFileLockManager] Waiting to acquire shared lock on daemon addresses registry.
2026-03-27T23:55:36.638-0500 [DEBUG] [org.gradle.cache.internal.DefaultFileLockManager] Lock acquired on daemon addresses registry.
2026-03-27T23:55:36.638-0500 [DEBUG] [org.gradle.cache.internal.DefaultFileLockManager] Releasing lock on daemon addresses registry.
2026-03-27T23:55:36.640-0500 [DEBUG] [org.gradle.cache.internal.DefaultFileLockManager] Waiting to acquire shared lock on daemon addresses registry.
2026-03-27T23:55:36.640-0500 [DEBUG] [org.gradle.cache.internal.DefaultFileLockManager] Lock acquired on daemon addresses registry.
2026-03-27T23:55:36.646-0500 [DEBUG] [org.gradle.cache.internal.DefaultFileLockManager] Releasing lock on daemon addresses registry.
2026-03-27T23:55:36.648-0500 [DEBUG] [org.gradle.cache.internal.DefaultFileLockManager] Waiting to acquire shared lock on daemon addresses registry.
2026-03-27T23:55:36.649-0500 [DEBUG] [org.gradle.cache.internal.DefaultFileLockManager] Lock acquired on daemon addresses registry.
2026-03-27T23:55:36.649-0500 [DEBUG] [org.gradle.cache.internal.DefaultFileLockManager] Releasing lock on daemon addresses registry.
2026-03-27T23:55:37.697-0500 [DEBUG] [sun.rmi.transport.tcp] RMI TCP Connection(33)-127.0.0.1: (port 27155) connection closed
2026-03-27T23:55:37.700-0500 [DEBUG] [sun.rmi.transport.tcp] RMI TCP Connection(33)-127.0.0.1: close connection, socket: Socket[addr=/127.0.0.1,port=15734,localport=27155]
2026-03-27T23:55:37.700-0500 [DEBUG] [sun.rmi.transport.tcp] RMI TCP Connection(33)-127.0.0.1: socket close: Socket[addr=/127.0.0.1,port=15734,localport=27155]
2026-03-27T23:55:37.720-0500 [DEBUG] [sun.rmi.transport.tcp] RMI Scheduler(0): close connection, socket: Socket[addr=localhost/127.0.0.1,port=17738,localport=15733]
2026-03-27T23:55:39.538-0500 [DEBUG] [org.gradle.process.internal.health.memory.DefaultMemoryManager] 1828075520 virtual memory requested, 1246806016 free
2026-03-27T23:55:39.538-0500 [DEBUG] [org.gradle.workers.internal.WorkerDaemonExpiration] Will attempt to release 1743 of memory
2026-03-27T23:55:39.538-0500 [DEBUG] [org.gradle.process.internal.health.memory.DefaultMemoryManager] 1828075520 virtual memory requested, 0 released, 1246806016 free
2026-03-27T23:55:44.539-0500 [DEBUG] [org.gradle.process.internal.health.memory.DefaultMemoryManager] 1828075520 virtual memory requested, 1255571456 free
2026-03-27T23:55:44.539-0500 [DEBUG] [org.gradle.workers.internal.WorkerDaemonExpiration] Will attempt to release 1743 of memory
2026-03-27T23:55:44.539-0500 [DEBUG] [org.gradle.process.internal.health.memory.DefaultMemoryManager] 1828075520 virtual memory requested, 0 released, 1255571456 free
2026-03-27T23:55:44.835-0500 [DEBUG] [org.gradle.internal.remote.internal.inet.TcpIncomingConnector] Accepted connection from /127.0.0.1:15740 to /127.0.0.1:17309.
2026-03-27T23:55:44.956-0500 [DEBUG] [org.gradle.launcher.daemon.server.SynchronizedDispatchConnection] thread 1240: received class org.gradle.launcher.daemon.protocol.Build
2026-03-27T23:55:44.957-0500 [DEBUG] [org.gradle.launcher.daemon.server.DefaultDaemonConnection] thread 1240: Received non-IO message from client: Build{id=6e37ddd7-8bff-45c2-8136-0905a3a047af, currentDir=C:\Users\sebgo\AndroidStudioProjects\mytaxitravel}
2026-03-27T23:55:44.959-0500 [INFO] [org.gradle.launcher.daemon.server.DefaultIncomingConnectionHandler] Received command: Build{id=6e37ddd7-8bff-45c2-8136-0905a3a047af, currentDir=C:\Users\sebgo\AndroidStudioProjects\mytaxitravel}.
2026-03-27T23:55:44.959-0500 [DEBUG] [org.gradle.launcher.daemon.server.DefaultIncomingConnectionHandler] Starting executing command: Build{id=6e37ddd7-8bff-45c2-8136-0905a3a047af, currentDir=C:\Users\sebgo\AndroidStudioProjects\mytaxitravel} with connection: socket connection from /127.0.0.1:17309 to /127.0.0.1:15740.
2026-03-27T23:55:44.969-0500 [DEBUG] [org.gradle.launcher.daemon.server.DaemonStateCoordinator] Command execution: started DaemonCommandExecution[command = Build{id=6e37ddd7-8bff-45c2-8136-0905a3a047af, currentDir=C:\Users\sebgo\AndroidStudioProjects\mytaxitravel}, connection = DefaultDaemonConnection: socket connection from /127.0.0.1:17309 to /127.0.0.1:15740] after 5.2173 minutes of idle
2026-03-27T23:55:44.970-0500 [INFO] [org.gradle.launcher.daemon.server.DaemonRegistryUpdater] Marking the daemon as busy, address: [997172e4-0228-42fa-b2cc-c9582f8c896e port:17309, addresses:[localhost/127.0.0.1]]
2026-03-27T23:55:44.970-0500 [DEBUG] [org.gradle.launcher.daemon.registry.PersistentDaemonRegistry] Marking busy by address: [997172e4-0228-42fa-b2cc-c9582f8c896e port:17309, addresses:[localhost/127.0.0.1]]
2026-03-27T23:55:44.974-0500 [DEBUG] [org.gradle.cache.internal.DefaultFileLockManager] Waiting to acquire exclusive lock on daemon addresses registry.
2026-03-27T23:55:44.977-0500 [DEBUG] [org.gradle.cache.internal.DefaultFileLockManager] Lock acquired on daemon addresses registry.
2026-03-27T23:55:44.984-0500 [DEBUG] [org.gradle.cache.internal.DefaultFileLockManager] Releasing lock on daemon addresses registry.
2026-03-27T23:55:44.985-0500 [DEBUG] [org.gradle.launcher.daemon.server.DaemonStateCoordinator] resetting idle timer
2026-03-27T23:55:44.985-0500 [DEBUG] [org.gradle.launcher.daemon.server.DaemonStateCoordinator] daemon is running. Sleeping until state changes.
2026-03-27T23:55:44.990-0500 [INFO] [org.gradle.launcher.daemon.server.exec.StartBuildOrRespondWithBusy] Daemon is about to start building Build{id=6e37ddd7-8bff-45c2-8136-0905a3a047af, currentDir=C:\Users\sebgo\AndroidStudioProjects\mytaxitravel}. Dispatching build started information...
2026-03-27T23:55:44.990-0500 [DEBUG] [org.gradle.launcher.daemon.server.SynchronizedDispatchConnection] thread 1242: dispatching org.gradle.launcher.daemon.protocol.BuildStarted@64835316
2026-03-27T23:55:45.006-0500 [DEBUG] [org.gradle.launcher.daemon.server.exec.EstablishBuildEnvironment] Configuring env variables: [USERDOMAIN_ROAMINGPROFILE, Maven, EFC_5368_2283032206, EFC_5368_2775293581, PROCESSOR_LEVEL, SESSIONNAME, ALLUSERSPROFILE, PROCESSOR_ARCHITECTURE, PSModulePath, SystemDrive, EFC_5368_1592913036, USERNAME, ProgramFiles(x86), FPS_BROWSER_USER_PROFILE_STRING, PATHEXT, DriverData, OneDriveConsumer, IntelliJ IDEA Community Edition, PyCharm Community Edition, ProgramData, ProgramW6432, EFC_5368_3789132940, HOMEPATH, PROCESSOR_IDENTIFIER, ProgramFiles, PUBLIC, windir, =::, ZES_ENABLE_SYSMAN, LOCALAPPDATA, ChocolateyLastPathUpdate, USERDOMAIN, LOGONSERVER, FPS_BROWSER_APP_PROFILE_STRING, JAVA_HOME, OneDrive, APPDATA, ChocolateyInstall, CommonProgramFiles, Path, OS, COMPUTERNAME, PROCESSOR_REVISION, CommonProgramW6432, ComSpec, TEMP, SystemRoot, HOMEDRIVE, USERPROFILE, TMP, EFC_5368_1262719628, CommonProgramFiles(x86), NUMBER_OF_PROCESSORS]
2026-03-27T23:55:45.026-0500 [DEBUG] [org.gradle.launcher.daemon.server.exec.LogToClient] About to start relaying all logs to the client via the connection.
2026-03-27T23:55:45.030-0500 [INFO] [org.gradle.launcher.daemon.server.exec.LogToClient] The client will now receive all logging from the daemon (pid: 13440). The daemon log file: C:\Users\sebgo\AndroidStudioProjects\mytaxitravel\gradle\daemon\8.13\daemon-13440.out.log
2026-03-27T23:55:45.059-0500 [INFO] [org.gradle.launcher.daemon.server.exec.LogAndCheckHealth] Starting 13th build in daemon [uptime: 52 mins 49.439 secs, performance: 98%, GC rate: 0.00/s, heap usage: 0% of 2 GiB]
2026-03-27T23:55:45.068-0500 [DEBUG] [org.gradle.launcher.daemon.server.exec.ExecuteBuild] The daemon has started executing the build.
2026-03-27T23:55:45.070-0500 [DEBUG] [org.gradle.launcher.daemon.server.exec.ExecuteBuild] Executing build with daemon context: DefaultDaemonContext[uid=b7364696-86c9-4c24-bb56-8cdc5351f417,javaHome=F:\Android Studio\jbr,javaVersion=21,javaVendor=JetBrains s.r.o.,daemonRegistryDir=C:\Users\sebgo\AndroidStudioProjects\mytaxitravel\gradle\daemon,pid=13440,idleTimeout=10800000,priority=NORMAL,applyInstrumentationAgent=true,nativeServicesMode=ENABLED,daemonOpts=-Xmx2048m,-Dfile.encoding=UTF-8,-Duser.country=CO,-Duser.language=es,-Duser.variant]

BUILD SUCCESSFUL in 25s
39 actionable tasks: 13 executed, 26 up-to-date
2026-03-27T23:56:10.697-0500 [DEBUG] [org.gradle.launcher.daemon.server.exec.ExecuteBuild] The daemon has finished executing the build.
2026-03-27T23:56:10.704-0500 [DEBUG] [org.gradle.launcher.daemon.server.DaemonStateCoordinator] daemon is running. Sleeping until state changes.
2026-03-27T23:56:10.705-0500 [DEBUG] [org.gradle.launcher.daemon.server.DaemonStateCoordinator] Command execution: finished waiting for DaemonCommandExecution[command = Build{id=6e37ddd7-8bff-45c2-8136-0905a3a047af, currentDir=C:\Users\sebgo\AndroidStudioProjects\mytaxitravel}, connection = DefaultDaemonConnection: socket connection from /127.0.0.1:17309 to /127.0.0.1:15740]. Result org.gradle.launcher.daemon.server.DaemonStateCoordinator@4c3ad2a7 with state Busy
2026-03-27T23:56:10.705-0500 [DEBUG] [org.gradle.launcher.daemon.server.DaemonStateCoordinator] Command execution: completed DaemonCommandExecution[command = Build{id=6e37ddd7-8bff-45c2-8136-0905a3a047af, currentDir=C:\Users\sebgo\AndroidStudioProjects\mytaxitravel}, connection = DefaultDaemonConnection: socket connection from /127.0.0.1:17309 to /127.0.0.1:15740]
2026-03-27T23:56:10.705-0500 [DEBUG] [org.gradle.launcher.daemon.server.DaemonStateCoordinator] resetting idle timer
2026-03-27T23:56:10.705-0500 [INFO] [org.gradle.launcher.daemon.server.DaemonRegistryUpdater] Marking the daemon as idle, address: [997172e4-0228-42fa-b2cc-c9582f8c896e port:17309, addresses:[localhost/127.0.0.1]]
2026-03-27T23:56:10.705-0500 [DEBUG] [org.gradle.launcher.daemon.registry.PersistentDaemonRegistry] Marking busy by address: [997172e4-0228-42fa-b2cc-c9582f8c896e port:17309, addresses:[localhost/127.0.0.1]]
2026-03-27T23:56:10.707-0500 [DEBUG] [org.gradle.cache.internal.DefaultFileLockManager] Waiting to acquire exclusive lock on daemon addresses registry.
2026-03-27T23:56:10.708-0500 [DEBUG] [org.gradle.cache.internal.DefaultFileLockManager] Lock acquired on daemon addresses registry.
2026-03-27T23:56:10.709-0500 [DEBUG] [org.gradle.cache.internal.DefaultFileLockManager] Releasing lock on daemon addresses registry.
2026-03-27T23:56:10.710-0500 [DEBUG] [org.gradle.launcher.daemon.server.DaemonStateCoordinator] daemon is running. Sleeping until state changes.
2026-03-27T23:56:10.710-0500 [DEBUG] [org.gradle.launcher.daemon.server.exec.ReturnResult] Daemon is dispatching the build result: Success[value=org.gradle.launcher.exec.BuildActionResult@78f3118a]
2026-03-27T23:56:10.710-0500 [DEBUG] [org.gradle.launcher.daemon.server.SynchronizedDispatchConnection] thread 1239: dispatching Success[value=org.gradle.launcher.exec.BuildActionResult@78f3118a]
2026-03-27T23:56:10.711-0500 [DEBUG] [org.gradle.launcher.daemon.server.exec.CleanUpVirtualFileSystemAfterBuild] Cleaning virtual file system after build finished
2026-03-27T23:56:10.711-0500 [DEBUG] [org.gradle.launcher.daemon.server.DefaultIncomingConnectionHandler] Finishing executing command: Build{id=6e37ddd7-8bff-45c2-8136-0905a3a047af, currentDir=C:\Users\sebgo\AndroidStudioProjects\mytaxitravel}
2026-03-27T23:56:10.716-0500 [DEBUG] [org.gradle.launcher.daemon.server.SynchronizedDispatchConnection] thread 1240: received class org.gradle.launcher.daemon.protocol.CloseInput
2026-03-27T23:56:10.716-0500 [DEBUG] [org.gradle.launcher.daemon.server.DefaultDaemonConnection] thread 1240: Received IO message from client: org.gradle.launcher.daemon.protocol.CloseInput@9a60b55
2026-03-27T23:56:10.717-0500 [DEBUG] [org.gradle.launcher.daemon.server.SynchronizedDispatchConnection] thread 1240: received class org.gradle.launcher.daemon.protocol.Finished
2026-03-27T23:56:10.717-0500 [DEBUG] [org.gradle.launcher.daemon.server.DefaultDaemonConnection] thread 1240: Received non-IO message from client: org.gradle.launcher.daemon.protocol.Finished@761e411
2026-03-27T23:56:10.717-0500 [DEBUG] [org.gradle.launcher.daemon.server.DefaultIncomingConnectionHandler] Received finished message: org.gradle.launcher.daemon.protocol.Finished@761e411
2026-03-27T23:56:10.717-0500 [DEBUG] [org.gradle.launcher.daemon.server.SynchronizedDispatchConnection] thread 1239: stopping connection
2026-03-27T23:56:10.718-0500 [DEBUG] [org.gradle.internal.remote.internal.inet.SocketConnection] Discarding EOFException: java.io.EOFException
2026-03-27T23:56:10.718-0500 [DEBUG] [org.gradle.launcher.daemon.server.SynchronizedDispatchConnection] thread 1240: received null
2026-03-27T23:56:10.718-0500 [DEBUG] [org.gradle.launcher.daemon.server.DefaultDaemonConnection] thread 1240: Received end-of-input from client.
2026-03-27T23:56:10.719-0500 [DEBUG] [org.gradle.launcher.daemon.server.SynchronizedDispatchConnection] thread 1239: stopping connection
2026-03-27T23:56:14.541-0500 [DEBUG] [org.gradle.process.internal.health.memory.DefaultMemoryManager] 841566208 physical memory requested, 682102784 free
2026-03-27T23:56:14.542-0500 [DEBUG] [org.gradle.workers.internal.WorkerDaemonExpiration] Will attempt to release 802 of memory
2026-03-27T23:56:14.542-0500 [DEBUG] [org.gradle.process.internal.health.memory.DefaultMemoryManager] 841566208 physical memory requested, 0 released, 682102784 free
2026-03-27T23:56:16.647-0500 [DEBUG] [org.gradle.cache.internal.DefaultFileLockManager] Waiting to acquire shared lock on daemon addresses registry.
2026-03-27T23:56:16.647-0500 [DEBUG] [org.gradle.cache.internal.DefaultFileLockManager] Lock acquired on daemon addresses registry.
2026-03-27T23:56:16.654-0500 [DEBUG] [org.gradle.cache.internal.DefaultFileLockManager] Releasing lock on daemon addresses registry.
2026-03-27T23:56:16.656-0500 [DEBUG] [org.gradle.cache.internal.DefaultFileLockManager] Waiting to acquire shared lock on daemon addresses registry.
2026-03-27T23:56:16.656-0500 [DEBUG] [org.gradle.cache.internal.DefaultFileLockManager] Lock acquired on daemon addresses registry.
2026-03-27T23:56:16.656-0500 [DEBUG] [org.gradle.cache.internal.DefaultFileLockManager] Releasing lock on daemon addresses registry.
2026-03-27T23:56:17.555-0500 [DEBUG] [sun.rmi.transport.tcp] RMI TCP Connection(35)-127.0.0.1: accepted socket from [127.0.0.1:15759]
2026-03-27T23:56:17.555-0500 [DEBUG] [sun.rmi.transport.tcp] RMI TCP Connection(35)-127.0.0.1: (port 27155) op = 80
2026-03-27T23:56:17.556-0500 [DEBUG] [sun.rmi.loader] RMI TCP Connection(35)-127.0.0.1: name = "[Ljava.rmi.server.ObjID;", codebase = "", defaultLoader = jdk.internal.loader.ClassLoaders$PlatformClassLoader@65311715
2026-03-27T23:56:17.556-0500 [DEBUG] [sun.rmi.loader] RMI TCP Connection(35)-127.0.0.1: name = "java.rmi.dgc.Lease", codebase = "", defaultLoader = jdk.internal.loader.ClassLoaders$PlatformClassLoader@65311715
2026-03-27T23:56:17.556-0500 [DEBUG] [sun.rmi.loader] RMI TCP Connection(35)-127.0.0.1: name = "java.rmi.dgc.VMID", codebase = "", defaultLoader = jdk.internal.loader.ClassLoaders$PlatformClassLoader@65311715
2026-03-27T23:56:17.556-0500 [DEBUG] [sun.rmi.loader] RMI TCP Connection(35)-127.0.0.1: name = "[B", codebase = "", defaultLoader = jdk.internal.loader.ClassLoaders$PlatformClassLoader@65311715
2026-03-27T23:56:17.557-0500 [DEBUG] [sun.rmi.loader] RMI TCP Connection(35)-127.0.0.1: name = "java.rmi.server.UID", codebase = "", defaultLoader = jdk.internal.loader.ClassLoaders$PlatformClassLoader@65311715
2026-03-27T23:56:26.639-0500 [DEBUG] [org.gradle.cache.internal.DefaultFileLockManager] Waiting to acquire shared lock on daemon addresses registry.
2026-03-27T23:56:26.639-0500 [DEBUG] [org.gradle.cache.internal.DefaultFileLockManager] Lock acquired on daemon addresses registry.
2026-03-27T23:56:26.640-0500 [DEBUG] [org.gradle.cache.internal.DefaultFileLockManager] Releasing lock on daemon addresses registry.
2026-03-27T23:56:26.641-0500 [DEBUG] [org.gradle.cache.internal.DefaultFileLockManager] Waiting to acquire shared lock on daemon addresses registry.
2026-03-27T23:56:26.642-0500 [DEBUG] [org.gradle.cache.internal.DefaultFileLockManager] Lock acquired on daemon addresses registry.
2026-03-27T23:56:26.642-0500 [DEBUG] [org.gradle.cache.internal.DefaultFileLockManager] Releasing lock on daemon addresses registry.
2026-03-27T23:56:26.643-0500 [DEBUG] [org.gradle.cache.internal.DefaultFileLockManager] Waiting to acquire shared lock on daemon addresses registry.
2026-03-27T23:56:26.643-0500 [DEBUG] [org.gradle.cache.internal.DefaultFileLockManager] Lock acquired on daemon addresses registry.
2026-03-27T23:56:26.644-0500 [DEBUG] [org.gradle.cache.internal.DefaultFileLockManager] Releasing lock on daemon addresses registry.
2026-03-27T23:56:28.732-0500 [DEBUG] [sun.rmi.transport.tcp] RMI Scheduler(0): close connection, socket: Socket[addr=localhost/127.0.0.1,port=17738,localport=15746]
2026-03-27T23:56:28.744-0500 [DEBUG] [sun.rmi.transport.tcp] RMI Scheduler(0): close connection, socket: Socket[addr=localhost/127.0.0.1,port=17738,localport=15752]
2026-03-27T23:56:28.957-0500 [DEBUG] [sun.rmi.transport.tcp] RMI TCP Connection(34)-127.0.0.1: (port 27155) connection closed
2026-03-27T23:56:28.957-0500 [DEBUG] [sun.rmi.transport.tcp] RMI TCP Connection(34)-127.0.0.1: close connection, socket: Socket[addr=/127.0.0.1,port=15748,localport=27155]
2026-03-27T23:56:28.957-0500 [DEBUG] [sun.rmi.transport.tcp] RMI TCP Connection(34)-127.0.0.1: socket close: Socket[addr=/127.0.0.1,port=15748,localport=27155]
2026-03-27T23:56:32.559-0500 [DEBUG] [sun.rmi.transport.tcp] RMI TCP Connection(35)-127.0.0.1: (port 27155) connection closed
2026-03-27T23:56:32.559-0500 [DEBUG] [sun.rmi.transport.tcp] RMI TCP Connection(35)-127.0.0.1: close connection, socket: Socket[addr=/127.0.0.1,port=15759,localport=27155]
2026-03-27T23:56:32.559-0500 [DEBUG] [sun.rmi.transport.tcp] RMI TCP Connection(35)-127.0.0.1: socket close: Socket[addr=/127.0.0.1,port=15759,localport=27155]
2026-03-27T23:56:36.638-0500 [DEBUG] [org.gradle.cache.internal.DefaultFileLockManager] Waiting to acquire shared lock on daemon addresses registry.
2026-03-27T23:56:36.639-0500 [DEBUG] [org.gradle.cache.internal.DefaultFileLockManager] Lock acquired on daemon addresses registry.
2026-03-27T23:56:36.639-0500 [DEBUG] [org.gradle.cache.internal.DefaultFileLockManager] Releasing lock on daemon addresses registry.
2026-03-27T23:56:36.640-0500 [DEBUG] [org.gradle.cache.internal.DefaultFileLockManager] Waiting to acquire shared lock on daemon addresses registry.
2026-03-27T23:56:36.640-0500 [DEBUG] [org.gradle.cache.internal.DefaultFileLockManager] Lock acquired on daemon addresses registry.
2026-03-27T23:56:36.641-0500 [DEBUG] [org.gradle.cache.internal.DefaultFileLockManager] Releasing lock on daemon addresses registry.
2026-03-27T23:56:36.642-0500 [DEBUG] [org.gradle.cache.internal.DefaultFileLockManager] Waiting to acquire shared lock on daemon addresses registry.
2026-03-27T23:56:36.642-0500 [DEBUG] [org.gradle.cache.internal.DefaultFileLockManager] Lock acquired on daemon addresses registry.
2026-03-27T23:56:36.642-0500 [DEBUG] [org.gradle.cache.internal.DefaultFileLockManager] Releasing lock on daemon addresses registry.
2026-03-27T23:56:46.639-0500 [DEBUG] [org.gradle.cache.internal.DefaultFileLockManager] Waiting to acquire shared lock on daemon addresses registry.
2026-03-27T23:56:46.639-0500 [DEBUG] [org.gradle.cache.internal.DefaultFileLockManager] Lock acquired on daemon addresses registry.
2026-03-27T23:56:46.639-0500 [DEBUG] [org.gradle.cache.internal.DefaultFileLockManager] Releasing lock on daemon addresses registry.
2026-03-27T23:56:46.640-0500 [DEBUG] [org.gradle.cache.internal.DefaultFileLockManager] Waiting to acquire shared lock on daemon addresses registry.
2026-03-27T23:56:46.640-0500 [DEBUG] [org.gradle.cache.internal.DefaultFileLockManager] Lock acquired on daemon addresses registry.
2026-03-27T23:56:46.641-0500 [DEBUG] [org.gradle.cache.internal.DefaultFileLockManager] Releasing lock on daemon addresses registry.
2026-03-27T23:56:46.642-0500 [DEBUG] [org.gradle.cache.internal.DefaultFileLockManager] Waiting to acquire shared lock on daemon addresses registry.
2026-03-27T23:56:46.642-0500 [DEBUG] [org.gradle.cache.internal.DefaultFileLockManager] Lock acquired on daemon addresses registry.
2026-03-27T23:56:46.642-0500 [DEBUG] [org.gradle.cache.internal.DefaultFileLockManager] Releasing lock on daemon addresses registry.
2026-03-27T23:56:54.539-0500 [DEBUG] [org.gradle.process.internal.health.memory.DefaultMemoryManager] 841566208 physical memory requested, 811712512 free
2026-03-27T23:56:54.539-0500 [DEBUG] [org.gradle.workers.internal.WorkerDaemonExpiration] Will attempt to release 802 of memory
2026-03-27T23:56:54.540-0500 [DEBUG] [org.gradle.process.internal.health.memory.DefaultMemoryManager] 841566208 physical memory requested, 0 released, 811712512 free
2026-03-27T23:56:56.640-0500 [DEBUG] [org.gradle.cache.internal.DefaultFileLockManager] Waiting to acquire shared lock on daemon addresses registry.
2026-03-27T23:56:56.641-0500 [DEBUG] [org.gradle.cache.internal.DefaultFileLockManager] Lock acquired on daemon addresses registry.
2026-03-27T23:56:56.641-0500 [DEBUG] [org.gradle.cache.internal.DefaultFileLockManager] Releasing lock on daemon addresses registry.
2026-03-27T23:56:56.645-0500 [DEBUG] [org.gradle.cache.internal.DefaultFileLockManager] Waiting to acquire shared lock on daemon addresses registry.
2026-03-27T23:56:56.646-0500 [DEBUG] [org.gradle.cache.internal.DefaultFileLockManager] Lock acquired on daemon addresses registry.
2026-03-27T23:56:56.648-0500 [DEBUG] [org.gradle.cache.internal.DefaultFileLockManager] Releasing lock on daemon addresses registry.
2026-03-27T23:56:56.651-0500 [DEBUG] [org.gradle.cache.internal.DefaultFileLockManager] Waiting to acquire shared lock on daemon addresses registry.
2026-03-27T23:56:56.651-0500 [DEBUG] [org.gradle.cache.internal.DefaultFileLockManager] Lock acquired on daemon addresses registry.
2026-03-27T23:56:56.652-0500 [DEBUG] [org.gradle.cache.internal.DefaultFileLockManager] Releasing lock on daemon addresses registry.
2026-03-27T23:56:59.538-0500 [DEBUG] [org.gradle.process.internal.health.memory.DefaultMemoryManager] 841566208 physical memory requested, 624480256 free
2026-03-27T23:56:59.538-0500 [DEBUG] [org.gradle.workers.internal.WorkerDaemonExpiration] Will attempt to release 802 of memory
2026-03-27T23:56:59.538-0500 [DEBUG] [org.gradle.process.internal.health.memory.DefaultMemoryManager] 841566208 physical memory requested, 0 released, 624480256 free
2026-03-27T23:57:04.538-0500 [DEBUG] [org.gradle.process.internal.health.memory.DefaultMemoryManager] 841566208 physical memory requested, 760393728 free
2026-03-27T23:57:04.538-0500 [DEBUG] [org.gradle.workers.internal.WorkerDaemonExpiration] Will attempt to release 802 of memory
2026-03-27T23:57:04.538-0500 [DEBUG] [org.gradle.process.internal.health.memory.DefaultMemoryManager] 841566208 physical memory requested, 0 released, 760393728 free
2026-03-27T23:57:06.639-0500 [DEBUG] [org.gradle.cache.internal.DefaultFileLockManager] Waiting to acquire shared lock on daemon addresses registry.
2026-03-27T23:57:06.639-0500 [DEBUG] [org.gradle.cache.internal.DefaultFileLockManager] Lock acquired on daemon addresses registry.
2026-03-27T23:57:06.640-0500 [DEBUG] [org.gradle.cache.internal.DefaultFileLockManager] Releasing lock on daemon addresses registry.
2026-03-27T23:57:06.642-0500 [DEBUG] [org.gradle.cache.internal.DefaultFileLockManager] Waiting to acquire shared lock on daemon addresses registry.
2026-03-27T23:57:06.643-0500 [DEBUG] [org.gradle.cache.internal.DefaultFileLockManager] Lock acquired on daemon addresses registry.
2026-03-27T23:57:06.643-0500 [DEBUG] [org.gradle.cache.internal.DefaultFileLockManager] Releasing lock on daemon addresses registry.
2026-03-27T23:57:06.645-0500 [DEBUG] [org.gradle.cache.internal.DefaultFileLockManager] Waiting to acquire shared lock on daemon addresses registry.
2026-03-27T23:57:06.645-0500 [DEBUG] [org.gradle.cache.internal.DefaultFileLockManager] Lock acquired on daemon addresses registry.
2026-03-27T23:57:06.645-0500 [DEBUG] [org.gradle.cache.internal.DefaultFileLockManager] Releasing lock on daemon addresses registry.
2026-03-27T23:57:14.539-0500 [DEBUG] [org.gradle.process.internal.health.memory.DefaultMemoryManager] 1828075520 virtual memory requested, 1799176192 free
2026-03-27T23:57:14.539-0500 [DEBUG] [org.gradle.workers.internal.WorkerDaemonExpiration] Will attempt to release 1743 of memory
2026-03-27T23:57:14.539-0500 [DEBUG] [org.gradle.process.internal.health.memory.DefaultMemoryManager] 1828075520 virtual memory requested, 0 released, 1799176192 free
2026-03-27T23:57:16.638-0500 [DEBUG] [org.gradle.cache.internal.DefaultFileLockManager] Waiting to acquire shared lock on daemon addresses registry.
2026-03-27T23:57:16.642-0500 [DEBUG] [org.gradle.cache.internal.DefaultFileLockManager] Lock acquired on daemon addresses registry.
2026-03-27T23:57:16.642-0500 [DEBUG] [org.gradle.cache.internal.DefaultFileLockManager] Releasing lock on daemon addresses registry.
2026-03-27T23:57:16.644-0500 [DEBUG] [org.gradle.cache.internal.DefaultFileLockManager] Waiting to acquire shared lock on daemon addresses registry.
2026-03-27T23:57:16.644-0500 [DEBUG] [org.gradle.cache.internal.DefaultFileLockManager] Lock acquired on daemon addresses registry.
2026-03-27T23:57:16.644-0500 [DEBUG] [org.gradle.cache.internal.DefaultFileLockManager] Releasing lock on daemon addresses registry.
2026-03-27T23:57:16.662-0500 [DEBUG] [org.gradle.cache.internal.DefaultFileLockManager] Waiting to acquire shared lock on daemon addresses registry.
2026-03-27T23:57:16.662-0500 [DEBUG] [org.gradle.cache.internal.DefaultFileLockManager] Lock acquired on daemon addresses registry.
2026-03-27T23:57:16.662-0500 [DEBUG] [org.gradle.cache.internal.DefaultFileLockManager] Releasing lock on daemon addresses registry.
2026-03-27T23:57:24.539-0500 [DEBUG] [org.gradle.process.internal.health.memory.DefaultMemoryManager] 1828075520 virtual memory requested, 1787379712 free
2026-03-27T23:57:24.539-0500 [DEBUG] [org.gradle.workers.internal.WorkerDaemonExpiration] Will attempt to release 1743 of memory
2026-03-27T23:57:24.539-0500 [DEBUG] [org.gradle.process.internal.health.memory.DefaultMemoryManager] 1828075520 virtual memory requested, 0 released, 1787379712 free
2026-03-27T23:57:26.640-0500 [DEBUG] [org.gradle.cache.internal.DefaultFileLockManager] Waiting to acquire shared lock on daemon addresses registry.
2026-03-27T23:57:26.640-0500 [DEBUG] [org.gradle.cache.internal.DefaultFileLockManager] Lock acquired on daemon addresses registry.
2026-03-27T23:57:26.641-0500 [DEBUG] [org.gradle.cache.internal.DefaultFileLockManager] Releasing lock on daemon addresses registry.
2026-03-27T23:57:26.645-0500 [DEBUG] [org.gradle.cache.internal.DefaultFileLockManager] Waiting to acquire shared lock on daemon addresses registry.
2026-03-27T23:57:26.645-0500 [DEBUG] [org.gradle.cache.internal.DefaultFileLockManager] Lock acquired on daemon addresses registry.
2026-03-27T23:57:26.646-0500 [DEBUG] [org.gradle.cache.internal.DefaultFileLockManager] Releasing lock on daemon addresses registry.
2026-03-27T23:57:26.648-0500 [DEBUG] [org.gradle.cache.internal.DefaultFileLockManager] Waiting to acquire shared lock on daemon addresses registry.
2026-03-27T23:57:26.660-0500 [DEBUG] [org.gradle.cache.internal.DefaultFileLockManager] Lock acquired on daemon addresses registry.
2026-03-27T23:57:26.661-0500 [DEBUG] [org.gradle.cache.internal.DefaultFileLockManager] Releasing lock on daemon addresses registry.
2026-03-27T23:57:29.538-0500 [DEBUG] [org.gradle.process.internal.health.memory.DefaultMemoryManager] 1828075520 virtual memory requested, 1734377472 free
2026-03-27T23:57:29.538-0500 [DEBUG] [org.gradle.workers.internal.WorkerDaemonExpiration] Will attempt to release 1743 of memory
2026-03-27T23:57:29.538-0500 [DEBUG] [org.gradle.process.internal.health.memory.DefaultMemoryManager] 1828075520 virtual memory requested, 0 released, 1734377472 free
2026-03-27T23:57:34.539-0500 [DEBUG] [org.gradle.process.internal.health.memory.DefaultMemoryManager] 1828075520 virtual memory requested, 1745145856 free
2026-03-27T23:57:34.539-0500 [DEBUG] [org.gradle.workers.internal.WorkerDaemonExpiration] Will attempt to release 1743 of memory
2026-03-27T23:57:34.540-0500 [DEBUG] [org.gradle.process.internal.health.memory.DefaultMemoryManager] 1828075520 virtual memory requested, 0 released, 1745145856 free
2026-03-27T23:57:36.639-0500 [DEBUG] [org.gradle.cache.internal.DefaultFileLockManager] Waiting to acquire shared lock on daemon addresses registry.
2026-03-27T23:57:36.639-0500 [DEBUG] [org.gradle.cache.internal.DefaultFileLockManager] Lock acquired on daemon addresses registry.
2026-03-27T23:57:36.639-0500 [DEBUG] [org.gradle.cache.internal.DefaultFileLockManager] Releasing lock on daemon addresses registry.
2026-03-27T23:57:36.641-0500 [DEBUG] [org.gradle.cache.internal.DefaultFileLockManager] Waiting to acquire shared lock on daemon addresses registry.
2026-03-27T23:57:36.641-0500 [DEBUG] [org.gradle.cache.internal.DefaultFileLockManager] Lock acquired on daemon addresses registry.
2026-03-27T23:57:36.641-0500 [DEBUG] [org.gradle.cache.internal.DefaultFileLockManager] Releasing lock on daemon addresses registry.
2026-03-27T23:57:36.642-0500 [DEBUG] [org.gradle.cache.internal.DefaultFileLockManager] Waiting to acquire shared lock on daemon addresses registry.
2026-03-27T23:57:36.642-0500 [DEBUG] [org.gradle.cache.internal.DefaultFileLockManager] Lock acquired on daemon addresses registry.
2026-03-27T23:57:36.643-0500 [DEBUG] [org.gradle.cache.internal.DefaultFileLockManager] Releasing lock on daemon addresses registry.
2026-03-27T23:57:39.538-0500 [DEBUG] [org.gradle.process.internal.health.memory.DefaultMemoryManager] 1828075520 virtual memory requested, 1791062016 free
2026-03-27T23:57:39.538-0500 [DEBUG] [org.gradle.workers.internal.WorkerDaemonExpiration] Will attempt to release 1743 of memory
2026-03-27T23:57:39.538-0500 [DEBUG] [org.gradle.process.internal.health.memory.DefaultMemoryManager] 1828075520 virtual memory requested, 0 released, 1791062016 free
2026-03-27T23:57:44.540-0500 [DEBUG] [org.gradle.process.internal.health.memory.DefaultMemoryManager] 1828075520 virtual memory requested, 1765490688 free
2026-03-27T23:57:44.540-0500 [DEBUG] [org.gradle.workers.internal.WorkerDaemonExpiration] Will attempt to release 1743 of memory
2026-03-27T23:57:44.540-0500 [DEBUG] [org.gradle.process.internal.health.memory.DefaultMemoryManager] 1828075520 virtual memory requested, 0 released, 1765490688 free
2026-03-27T23:57:46.641-0500 [DEBUG] [org.gradle.cache.internal.DefaultFileLockManager] Waiting to acquire shared lock on daemon addresses registry.
2026-03-27T23:57:46.641-0500 [DEBUG] [org.gradle.cache.internal.DefaultFileLockManager] Lock acquired on daemon addresses registry.
2026-03-27T23:57:46.642-0500 [DEBUG] [org.gradle.cache.internal.DefaultFileLockManager] Releasing lock on daemon addresses registry.
2026-03-27T23:57:46.644-0500 [DEBUG] [org.gradle.cache.internal.DefaultFileLockManager] Waiting to acquire shared lock on daemon addresses registry.
2026-03-27T23:57:46.644-0500 [DEBUG] [org.gradle.cache.internal.DefaultFileLockManager] Lock acquired on daemon addresses registry.
2026-03-27T23:57:46.645-0500 [DEBUG] [org.gradle.cache.internal.DefaultFileLockManager] Releasing lock on daemon addresses registry.
2026-03-27T23:57:46.651-0500 [DEBUG] [org.gradle.cache.internal.DefaultFileLockManager] Waiting to acquire shared lock on daemon addresses registry.
2026-03-27T23:57:46.652-0500 [DEBUG] [org.gradle.cache.internal.DefaultFileLockManager] Lock acquired on daemon addresses registry.
2026-03-27T23:57:46.652-0500 [DEBUG] [org.gradle.cache.internal.DefaultFileLockManager] Releasing lock on daemon addresses registry.
2026-03-27T23:57:49.541-0500 [DEBUG] [org.gradle.process.internal.health.memory.DefaultMemoryManager] 1828075520 virtual memory requested, 1773924352 free
2026-03-27T23:57:49.541-0500 [DEBUG] [org.gradle.workers.internal.WorkerDaemonExpiration] Will attempt to release 1743 of memory
2026-03-27T23:57:49.541-0500 [DEBUG] [org.gradle.process.internal.health.memory.DefaultMemoryManager] 1828075520 virtual memory requested, 0 released, 1773924352 free
2026-03-27T23:57:56.644-0500 [DEBUG] [org.gradle.cache.internal.DefaultFileLockManager] Waiting to acquire shared lock on daemon addresses registry.
2026-03-27T23:57:56.644-0500 [DEBUG] [org.gradle.cache.internal.DefaultFileLockManager] Lock acquired on daemon addresses registry.
2026-03-27T23:57:56.645-0500 [DEBUG] [org.gradle.cache.internal.DefaultFileLockManager] Releasing lock on daemon addresses registry.
2026-03-27T23:57:56.648-0500 [DEBUG] [org.gradle.cache.internal.DefaultFileLockManager] Waiting to acquire shared lock on daemon addresses registry.
2026-03-27T23:57:56.648-0500 [DEBUG] [org.gradle.cache.internal.DefaultFileLockManager] Lock acquired on daemon addresses registry.
2026-03-27T23:57:56.649-0500 [DEBUG] [org.gradle.cache.internal.DefaultFileLockManager] Releasing lock on daemon addresses registry.
2026-03-27T23:57:56.651-0500 [DEBUG] [org.gradle.cache.internal.DefaultFileLockManager] Waiting to acquire shared lock on daemon addresses registry.
2026-03-27T23:57:56.652-0500 [DEBUG] [org.gradle.cache.internal.DefaultFileLockManager] Lock acquired on daemon addresses registry.
2026-03-27T23:57:56.653-0500 [DEBUG] [org.gradle.cache.internal.DefaultFileLockManager] Releasing lock on daemon addresses registry.
2026-03-27T23:58:06.639-0500 [DEBUG] [org.gradle.cache.internal.DefaultFileLockManager] Waiting to acquire shared lock on daemon addresses registry.
2026-03-27T23:58:06.639-0500 [DEBUG] [org.gradle.cache.internal.DefaultFileLockManager] Lock acquired on daemon addresses registry.
2026-03-27T23:58:06.639-0500 [DEBUG] [org.gradle.cache.internal.DefaultFileLockManager] Releasing lock on daemon addresses registry.
2026-03-27T23:58:06.640-0500 [DEBUG] [org.gradle.cache.internal.DefaultFileLockManager] Waiting to acquire shared lock on daemon addresses registry.
2026-03-27T23:58:06.641-0500 [DEBUG] [org.gradle.cache.internal.DefaultFileLockManager] Lock acquired on daemon addresses registry.
2026-03-27T23:58:06.641-0500 [DEBUG] [org.gradle.cache.internal.DefaultFileLockManager] Releasing lock on daemon addresses registry.
2026-03-27T23:58:06.642-0500 [DEBUG] [org.gradle.cache.internal.DefaultFileLockManager] Waiting to acquire shared lock on daemon addresses registry.
2026-03-27T23:58:06.642-0500 [DEBUG] [org.gradle.cache.internal.DefaultFileLockManager] Lock acquired on daemon addresses registry.
2026-03-27T23:58:06.642-0500 [DEBUG] [org.gradle.cache.internal.DefaultFileLockManager] Releasing lock on daemon addresses registry.
2026-03-27T23:58:16.638-0500 [DEBUG] [org.gradle.cache.internal.DefaultFileLockManager] Waiting to acquire shared lock on daemon addresses registry.
2026-03-27T23:58:16.639-0500 [DEBUG] [org.gradle.cache.internal.DefaultFileLockManager] Lock acquired on daemon addresses registry.
2026-03-27T23:58:16.639-0500 [DEBUG] [org.gradle.cache.internal.DefaultFileLockManager] Releasing lock on daemon addresses registry.
2026-03-27T23:58:16.641-0500 [DEBUG] [org.gradle.cache.internal.DefaultFileLockManager] Waiting to acquire shared lock on daemon addresses registry.
2026-03-27T23:58:16.641-0500 [DEBUG] [org.gradle.cache.internal.DefaultFileLockManager] Lock acquired on daemon addresses registry.
2026-03-27T23:58:16.641-0500 [DEBUG] [org.gradle.cache.internal.DefaultFileLockManager] Releasing lock on daemon addresses registry.
2026-03-27T23:58:16.643-0500 [DEBUG] [org.gradle.cache.internal.DefaultFileLockManager] Waiting to acquire shared lock on daemon addresses registry.
2026-03-27T23:58:16.643-0500 [DEBUG] [org.gradle.cache.internal.DefaultFileLockManager] Lock acquired on daemon addresses registry.
2026-03-27T23:58:16.643-0500 [DEBUG] [org.gradle.cache.internal.DefaultFileLockManager] Releasing lock on daemon addresses registry.
2026-03-27T23:58:26.406-0500 [DEBUG] [sun.rmi.transport.tcp] RMI TCP Connection(36)-127.0.0.1: accepted socket from [127.0.0.1:30025]
2026-03-27T23:58:26.412-0500 [DEBUG] [sun.rmi.transport.tcp] RMI TCP Connection(36)-127.0.0.1: (port 27155) op = 80
2026-03-27T23:58:26.427-0500 [DEBUG] [sun.rmi.loader] RMI TCP Connection(36)-127.0.0.1: name = "[Ljava.rmi.server.ObjID;", codebase = "", defaultLoader = jdk.internal.loader.ClassLoaders$PlatformClassLoader@65311715
2026-03-27T23:58:26.430-0500 [DEBUG] [sun.rmi.loader] RMI TCP Connection(36)-127.0.0.1: name = "java.rmi.dgc.Lease", codebase = "", defaultLoader = jdk.internal.loader.ClassLoaders$PlatformClassLoader@65311715
2026-03-27T23:58:26.433-0500 [DEBUG] [sun.rmi.loader] RMI TCP Connection(36)-127.0.0.1: name = "java.rmi.dgc.VMID", codebase = "", defaultLoader = jdk.internal.loader.ClassLoaders$PlatformClassLoader@65311715
2026-03-27T23:58:26.436-0500 [DEBUG] [sun.rmi.loader] RMI TCP Connection(36)-127.0.0.1: name = "[B", codebase = "", defaultLoader = jdk.internal.loader.ClassLoaders$PlatformClassLoader@65311715
2026-03-27T23:58:26.438-0500 [DEBUG] [sun.rmi.loader] RMI TCP Connection(36)-127.0.0.1: name = "java.rmi.server.UID", codebase = "", defaultLoader = jdk.internal.loader.ClassLoaders$PlatformClassLoader@65311715
2026-03-27T23:58:26.638-0500 [DEBUG] [org.gradle.cache.internal.DefaultFileLockManager] Waiting to acquire shared lock on daemon addresses registry.
2026-03-27T23:58:26.638-0500 [DEBUG] [org.gradle.cache.internal.DefaultFileLockManager] Lock acquired on daemon addresses registry.
2026-03-27T23:58:26.639-0500 [DEBUG] [org.gradle.cache.internal.DefaultFileLockManager] Releasing lock on daemon addresses registry.
2026-03-27T23:58:26.640-0500 [DEBUG] [org.gradle.cache.internal.DefaultFileLockManager] Waiting to acquire shared lock on daemon addresses registry.
2026-03-27T23:58:26.640-0500 [DEBUG] [org.gradle.cache.internal.DefaultFileLockManager] Lock acquired on daemon addresses registry.
2026-03-27T23:58:26.640-0500 [DEBUG] [org.gradle.cache.internal.DefaultFileLockManager] Releasing lock on daemon addresses registry.
2026-03-27T23:58:26.641-0500 [DEBUG] [org.gradle.cache.internal.DefaultFileLockManager] Waiting to acquire shared lock on daemon addresses registry.
2026-03-27T23:58:26.642-0500 [DEBUG] [org.gradle.cache.internal.DefaultFileLockManager] Lock acquired on daemon addresses registry.
2026-03-27T23:58:26.642-0500 [DEBUG] [org.gradle.cache.internal.DefaultFileLockManager] Releasing lock on daemon addresses registry.
2026-03-27T23:58:29.540-0500 [DEBUG] [org.gradle.process.internal.health.memory.DefaultMemoryManager] 841566208 physical memory requested, 805392384 free
2026-03-27T23:58:29.540-0500 [DEBUG] [org.gradle.workers.internal.WorkerDaemonExpiration] Will attempt to release 802 of memory
2026-03-27T23:58:29.540-0500 [DEBUG] [org.gradle.process.internal.health.memory.DefaultMemoryManager] 841566208 physical memory requested, 0 released, 805392384 free
2026-03-27T23:58:30.460-0500 [DEBUG] [org.gradle.internal.watch.vfs.impl.WatchingVirtualFileSystem] Handling VFS change CREATED C:\Users\sebgo\AndroidStudioProjects\mytaxitravel\app\src\main\java\com\workpro\mytaxitravel\Viajes.kt~
2026-03-27T23:58:30.504-0500 [DEBUG] [org.gradle.internal.watch.vfs.impl.WatchingVirtualFileSystem] Handling VFS change MODIFIED C:\Users\sebgo\AndroidStudioProjects\mytaxitravel\app\src\main\java\com\workpro\mytaxitravel\Viajes.kt
2026-03-27T23:58:34.539-0500 [DEBUG] [org.gradle.process.internal.health.memory.DefaultMemoryManager] 841566208 physical memory requested, 649981952 free
2026-03-27T23:58:34.539-0500 [DEBUG] [org.gradle.workers.internal.WorkerDaemonExpiration] Will attempt to release 802 of memory
2026-03-27T23:58:34.539-0500 [DEBUG] [org.gradle.process.internal.health.memory.DefaultMemoryManager] 841566208 physical memory requested, 0 released, 649981952 free
2026-03-27T23:58:36.641-0500 [DEBUG] [org.gradle.cache.internal.DefaultFileLockManager] Waiting to acquire shared lock on daemon addresses registry.
2026-03-27T23:58:36.642-0500 [DEBUG] [org.gradle.cache.internal.DefaultFileLockManager] Lock acquired on daemon addresses registry.
2026-03-27T23:58:36.642-0500 [DEBUG] [org.gradle.cache.internal.DefaultFileLockManager] Releasing lock on daemon addresses registry.
2026-03-27T23:58:36.645-0500 [DEBUG] [org.gradle.cache.internal.DefaultFileLockManager] Waiting to acquire shared lock on daemon addresses registry.
2026-03-27T23:58:36.646-0500 [DEBUG] [org.gradle.cache.internal.DefaultFileLockManager] Lock acquired on daemon addresses registry.
2026-03-27T23:58:36.646-0500 [DEBUG] [org.gradle.cache.internal.DefaultFileLockManager] Releasing lock on daemon addresses registry.
2026-03-27T23:58:36.648-0500 [DEBUG] [org.gradle.cache.internal.DefaultFileLockManager] Waiting to acquire shared lock on daemon addresses registry.
2026-03-27T23:58:36.648-0500 [DEBUG] [org.gradle.cache.internal.DefaultFileLockManager] Lock acquired on daemon addresses registry.
2026-03-27T23:58:36.657-0500 [DEBUG] [org.gradle.cache.internal.DefaultFileLockManager] Releasing lock on daemon addresses registry.
2026-03-27T23:58:41.452-0500 [DEBUG] [sun.rmi.transport.tcp] RMI TCP Connection(36)-127.0.0.1: (port 27155) connection closed
2026-03-27T23:58:41.457-0500 [DEBUG] [sun.rmi.transport.tcp] RMI TCP Connection(36)-127.0.0.1: close connection, socket: Socket[addr=/127.0.0.1,port=30025,localport=27155]
2026-03-27T23:58:41.462-0500 [DEBUG] [sun.rmi.transport.tcp] RMI TCP Connection(36)-127.0.0.1: socket close: Socket[addr=/127.0.0.1,port=30025,localport=27155]
2026-03-27T23:58:46.638-0500 [DEBUG] [org.gradle.cache.internal.DefaultFileLockManager] Waiting to acquire shared lock on daemon addresses registry.
2026-03-27T23:58:46.638-0500 [DEBUG] [org.gradle.cache.internal.DefaultFileLockManager] Lock acquired on daemon addresses registry.
2026-03-27T23:58:46.639-0500 [DEBUG] [org.gradle.cache.internal.DefaultFileLockManager] Releasing lock on daemon addresses registry.
2026-03-27T23:58:46.641-0500 [DEBUG] [org.gradle.cache.internal.DefaultFileLockManager] Waiting to acquire shared lock on daemon addresses registry.
2026-03-27T23:58:46.641-0500 [DEBUG] [org.gradle.cache.internal.DefaultFileLockManager] Lock acquired on daemon addresses registry.
2026-03-27T23:58:46.641-0500 [DEBUG] [org.gradle.cache.internal.DefaultFileLockManager] Releasing lock on daemon addresses registry.
2026-03-27T23:58:46.643-0500 [DEBUG] [org.gradle.cache.internal.DefaultFileLockManager] Waiting to acquire shared lock on daemon addresses registry.
2026-03-27T23:58:46.643-0500 [DEBUG] [org.gradle.cache.internal.DefaultFileLockManager] Lock acquired on daemon addresses registry.
2026-03-27T23:58:46.644-0500 [DEBUG] [org.gradle.cache.internal.DefaultFileLockManager] Releasing lock on daemon addresses registry.
2026-03-27T23:58:53.276-0500 [DEBUG] [org.gradle.internal.watch.vfs.impl.WatchingVirtualFileSystem] Handling VFS change MODIFIED C:\Users\sebgo\AndroidStudioProjects\mytaxitravel\app\src\main\AndroidManifest.xml
2026-03-27T23:58:54.539-0500 [DEBUG] [org.gradle.process.internal.health.memory.DefaultMemoryManager] 841566208 physical memory requested, 557756416 free
2026-03-27T23:58:54.539-0500 [DEBUG] [org.gradle.workers.internal.WorkerDaemonExpiration] Will attempt to release 802 of memory
2026-03-27T23:58:54.540-0500 [DEBUG] [org.gradle.process.internal.health.memory.DefaultMemoryManager] 841566208 physical memory requested, 0 released, 557756416 free
2026-03-27T23:58:56.639-0500 [DEBUG] [org.gradle.cache.internal.DefaultFileLockManager] Waiting to acquire shared lock on daemon addresses registry.
2026-03-27T23:58:56.639-0500 [DEBUG] [org.gradle.cache.internal.DefaultFileLockManager] Lock acquired on daemon addresses registry.
2026-03-27T23:58:56.640-0500 [DEBUG] [org.gradle.cache.internal.DefaultFileLockManager] Releasing lock on daemon addresses registry.
2026-03-27T23:58:56.642-0500 [DEBUG] [org.gradle.cache.internal.DefaultFileLockManager] Waiting to acquire shared lock on daemon addresses registry.
2026-03-27T23:58:56.642-0500 [DEBUG] [org.gradle.cache.internal.DefaultFileLockManager] Lock acquired on daemon addresses registry.
2026-03-27T23:58:56.642-0500 [DEBUG] [org.gradle.cache.internal.DefaultFileLockManager] Releasing lock on daemon addresses registry.
2026-03-27T23:58:56.644-0500 [DEBUG] [org.gradle.cache.internal.DefaultFileLockManager] Waiting to acquire shared lock on daemon addresses registry.
2026-03-27T23:58:56.644-0500 [DEBUG] [org.gradle.cache.internal.DefaultFileLockManager] Lock acquired on daemon addresses registry.
2026-03-27T23:58:56.645-0500 [DEBUG] [org.gradle.cache.internal.DefaultFileLockManager] Releasing lock on daemon addresses registry.
2026-03-27T23:58:59.539-0500 [DEBUG] [org.gradle.process.internal.health.memory.DefaultMemoryManager] 841566208 physical memory requested, 516595712 free
2026-03-27T23:58:59.539-0500 [DEBUG] [org.gradle.workers.internal.WorkerDaemonExpiration] Will attempt to release 802 of memory
2026-03-27T23:58:59.539-0500 [DEBUG] [org.gradle.process.internal.health.memory.DefaultMemoryManager] 841566208 physical memory requested, 0 released, 516595712 free
2026-03-27T23:59:00.435-0500 [DEBUG] [org.gradle.internal.remote.internal.inet.TcpIncomingConnector] Accepted connection from /127.0.0.1:12796 to /127.0.0.1:17309.
2026-03-27T23:59:01.418-0500 [DEBUG] [org.gradle.launcher.daemon.server.SynchronizedDispatchConnection] thread 1346: received class org.gradle.launcher.daemon.protocol.StopWhenIdle
2026-03-27T23:59:01.466-0500 [DEBUG] [org.gradle.launcher.daemon.server.DefaultDaemonConnection] thread 1346: Received non-IO message from client: StopWhenIdle[id=9940f1e7-8bf0-4407-bbf5-ef4000c57d07]
2026-03-27T23:59:01.485-0500 [INFO] [org.gradle.launcher.daemon.server.DefaultIncomingConnectionHandler] Received command: StopWhenIdle[id=9940f1e7-8bf0-4407-bbf5-ef4000c57d07].
2026-03-27T23:59:01.491-0500 [DEBUG] [org.gradle.launcher.daemon.server.DefaultIncomingConnectionHandler] Starting executing command: StopWhenIdle[id=9940f1e7-8bf0-4407-bbf5-ef4000c57d07] with connection: socket connection from /127.0.0.1:17309 to /127.0.0.1:12796.
2026-03-27T23:59:01.796-0500 [DEBUG] [org.gradle.launcher.daemon.server.DaemonRegistryUpdater] Storing daemon stop event: stop command received
2026-03-27T23:59:02.428-0500 [DEBUG] [org.gradle.launcher.daemon.registry.PersistentDaemonRegistry] Storing daemon stop event with timestamp 1774673941800
2026-03-27T23:59:02.489-0500 [DEBUG] [org.gradle.cache.internal.DefaultFileLockManager] Waiting to acquire exclusive lock on daemon addresses registry.
2026-03-27T23:59:02.505-0500 [DEBUG] [org.gradle.cache.internal.DefaultFileLockManager] Lock acquired on daemon addresses registry.
2026-03-27T23:59:02.541-0500 [DEBUG] [org.gradle.cache.internal.DefaultFileLockManager] Releasing lock on daemon addresses registry.
2026-03-27T23:59:02.546-0500 [LIFECYCLE] [org.gradle.launcher.daemon.server.DaemonStateCoordinator] Daemon will be stopped at the end of the build stop command received
2026-03-27T23:59:02.548-0500 [DEBUG] [org.gradle.launcher.daemon.server.DaemonStateCoordinator] Marking daemon stopped due to stop command received. The daemon is not running a build
2026-03-27T23:59:02.552-0500 [DEBUG] [org.gradle.launcher.daemon.server.DaemonStateCoordinator] daemon has stopped.
2026-03-27T23:59:02.561-0500 [DEBUG] [org.gradle.launcher.daemon.server.SynchronizedDispatchConnection] thread 1345: dispatching Success[value=null]
2026-03-27T23:59:02.565-0500 [DEBUG] [org.gradle.launcher.daemon.server.DefaultIncomingConnectionHandler] Finishing executing command: StopWhenIdle[id=9940f1e7-8bf0-4407-bbf5-ef4000c57d07]
2026-03-27T23:59:02.568-0500 [DEBUG] [org.gradle.launcher.daemon.server.SynchronizedDispatchConnection] thread 1346: received class org.gradle.launcher.daemon.protocol.Finished
2026-03-27T23:59:02.568-0500 [DEBUG] [org.gradle.launcher.daemon.server.DefaultDaemonConnection] thread 1346: Received non-IO message from client: org.gradle.launcher.daemon.protocol.Finished@209fbfa7
2026-03-27T23:59:02.568-0500 [DEBUG] [org.gradle.launcher.daemon.server.DefaultIncomingConnectionHandler] Received finished message: org.gradle.launcher.daemon.protocol.Finished@209fbfa7
2026-03-27T23:59:02.570-0500 [DEBUG] [org.gradle.launcher.daemon.server.SynchronizedDispatchConnection] thread 1345: stopping connection
2026-03-27T23:59:02.573-0500 [DEBUG] [org.gradle.internal.remote.internal.inet.SocketConnection] Discarding EOFException: java.io.EOFException
2026-03-27T23:59:02.573-0500 [DEBUG] [org.gradle.launcher.daemon.server.SynchronizedDispatchConnection] thread 1346: received null
2026-03-27T23:59:02.573-0500 [DEBUG] [org.gradle.launcher.daemon.server.DefaultDaemonConnection] thread 1346: Received end-of-input from client.
2026-03-27T23:59:02.589-0500 [DEBUG] [org.gradle.launcher.daemon.server.SynchronizedDispatchConnection] thread 1345: stopping connection
2026-03-27T23:59:02.628-0500 [DEBUG] [org.gradle.launcher.daemon.server.Daemon] stop() called on daemon
2026-03-27T23:59:02.631-0500 [INFO] [org.gradle.launcher.daemon.server.Daemon] Stop requested. Daemon is removing its presence from the registry...
2026-03-27T23:59:02.644-0500 [DEBUG] [org.gradle.launcher.daemon.server.DaemonRegistryUpdater] Removing our presence to clients, eg. removing this address from the registry: [997172e4-0228-42fa-b2cc-c9582f8c896e port:17309, addresses:[localhost/127.0.0.1]]
2026-03-27T23:59:02.648-0500 [DEBUG] [org.gradle.launcher.daemon.registry.PersistentDaemonRegistry] Removing daemon address: [997172e4-0228-42fa-b2cc-c9582f8c896e port:17309, addresses:[localhost/127.0.0.1]]
2026-03-27T23:59:02.736-0500 [DEBUG] [org.gradle.cache.internal.DefaultFileLockManager] Waiting to acquire exclusive lock on daemon addresses registry.
2026-03-27T23:59:02.736-0500 [DEBUG] [org.gradle.cache.internal.DefaultFileLockManager] Lock acquired on daemon addresses registry.
2026-03-27T23:59:02.764-0500 [DEBUG] [org.gradle.cache.internal.DefaultFileLockManager] Releasing lock on daemon addresses registry.
2026-03-27T23:59:02.767-0500 [DEBUG] [org.gradle.launcher.daemon.server.DaemonRegistryUpdater] Address removed from registry.
2026-03-27T23:59:03.657-0500 [DEBUG] [org.gradle.cache.internal.LockOnDemandCrossProcessCacheAccess] Releasing file lock for jars (C:\Users\sebgo\AndroidStudioProjects\mytaxitravel\gradle\caches\jars-9)
2026-03-27T23:59:03.659-0500 [DEBUG] [org.gradle.cache.internal.DefaultFileLockManager] Releasing lock on jars (C:\Users\sebgo\AndroidStudioProjects\mytaxitravel\gradle\caches\jars-9).
2026-03-27T23:59:03.681-0500 [DEBUG] [org.gradle.cache.internal.DefaultCacheCleanupExecutor] jars (C:\Users\sebgo\AndroidStudioProjects\mytaxitravel\gradle\caches\jars-9) has last been fully cleaned up 6 hours ago
2026-03-27T23:59:03.710-0500 [DEBUG] [org.gradle.cache.internal.DefaultCacheCleanupExecutor] Skipping cleanup for jars (C:\Users\sebgo\AndroidStudioProjects\mytaxitravel\gradle\caches\jars-9) as it is not yet due
2026-03-27T23:59:03.720-0500 [DEBUG] [org.gradle.cache.internal.LockOnDemandCrossProcessCacheAccess] Releasing file lock for file content cache (C:\Users\sebgo\AndroidStudioProjects\mytaxitravel\gradle\caches\8.13\fileContent)
2026-03-27T23:59:03.721-0500 [DEBUG] [org.gradle.cache.internal.DefaultFileLockManager] Releasing lock on file content cache (C:\Users\sebgo\AndroidStudioProjects\mytaxitravel\gradle\caches\8.13\fileContent).
2026-03-27T23:59:03.727-0500 [DEBUG] [org.gradle.internal.watch.vfs.impl.WatchingVirtualFileSystem] Closing VFS, dropping state
2026-03-27T23:59:03.896-0500 [DEBUG] [org.gradle.cache.internal.LockOnDemandCrossProcessCacheAccess] Releasing file lock for Generated Gradle JARs cache (C:\Users\sebgo\AndroidStudioProjects\mytaxitravel\gradle\caches\8.13\generated-gradle-jars)
2026-03-27T23:59:03.896-0500 [DEBUG] [org.gradle.cache.internal.DefaultFileLockManager] Releasing lock on Generated Gradle JARs cache (C:\Users\sebgo\AndroidStudioProjects\mytaxitravel\gradle\caches\8.13\generated-gradle-jars).
2026-03-27T23:59:03.897-0500 [DEBUG] [org.gradle.internal.watch.registry.impl.DefaultFileWatcherRegistry] Finished listening to file system change events
2026-03-27T23:59:03.899-0500 [DEBUG] [org.gradle.cache.internal.LockOnDemandCrossProcessCacheAccess] Releasing file lock for artifact cache (C:\Users\sebgo\AndroidStudioProjects\mytaxitravel\gradle\caches\modules-2)
2026-03-27T23:59:03.905-0500 [DEBUG] [org.gradle.cache.internal.btree.BTreePersistentIndexedCache] Closing cache module-artifact.bin (C:\Users\sebgo\AndroidStudioProjects\mytaxitravel\gradle\caches\modules-2\metadata-2.107\module-artifact.bin)
2026-03-27T23:59:03.917-0500 [DEBUG] [org.gradle.cache.internal.btree.BTreePersistentIndexedCache] Closing cache module-metadata.bin (C:\Users\sebgo\AndroidStudioProjects\mytaxitravel\gradle\caches\modules-2\metadata-2.107\module-metadata.bin)
2026-03-27T23:59:03.919-0500 [DEBUG] [org.gradle.cache.internal.btree.BTreePersistentIndexedCache] Closing cache resource-at-url.bin (C:\Users\sebgo\AndroidStudioProjects\mytaxitravel\gradle\caches\modules-2\metadata-2.107\resource-at-url.bin)
2026-03-27T23:59:03.920-0500 [DEBUG] [org.gradle.cache.internal.DefaultFileLockManager] Releasing lock on artifact cache (C:\Users\sebgo\AndroidStudioProjects\mytaxitravel\gradle\caches\modules-2).
2026-03-27T23:59:03.923-0500 [DEBUG] [org.gradle.cache.internal.DefaultCacheCleanupExecutor] artifact cache (C:\Users\sebgo\AndroidStudioProjects\mytaxitravel\gradle\caches\modules-2) has last been fully cleaned up 6 hours ago
2026-03-27T23:59:03.926-0500 [DEBUG] [org.gradle.cache.internal.DefaultCacheCleanupExecutor] Skipping cleanup for artifact cache (C:\Users\sebgo\AndroidStudioProjects\mytaxitravel\gradle\caches\modules-2) as it is not yet due
2026-03-27T23:59:03.930-0500 [DEBUG] [org.gradle.cache.internal.DefaultCacheCleanupExecutor] groovy-dsl (C:\Users\sebgo\AndroidStudioProjects\mytaxitravel\gradle\caches\8.13\groovy-dsl) has last been fully cleaned up 6 hours ago
2026-03-27T23:59:03.931-0500 [DEBUG] [org.gradle.cache.internal.DefaultCacheCleanupExecutor] Skipping cleanup for groovy-dsl (C:\Users\sebgo\AndroidStudioProjects\mytaxitravel\gradle\caches\8.13\groovy-dsl) as it is not yet due
2026-03-27T23:59:03.932-0500 [DEBUG] [org.gradle.cache.internal.DefaultCacheCoordinator] Cache groovy-dsl (C:\Users\sebgo\AndroidStudioProjects\mytaxitravel\gradle\caches\8.13\groovy-dsl) was closed 0 times.
2026-03-27T23:59:03.942-0500 [DEBUG] [org.gradle.cache.internal.DefaultCacheCleanupExecutor] Artifact transforms cache (C:\Users\sebgo\AndroidStudioProjects\mytaxitravel\gradle\caches\8.13\transforms) has last been fully cleaned up 4 hours ago
2026-03-27T23:59:03.942-0500 [DEBUG] [org.gradle.cache.internal.DefaultCacheCleanupExecutor] Skipping cleanup for Artifact transforms cache (C:\Users\sebgo\AndroidStudioProjects\mytaxitravel\gradle\caches\8.13\transforms) as it is not yet due
2026-03-27T23:59:03.942-0500 [DEBUG] [org.gradle.cache.internal.DefaultCacheCoordinator] Cache Artifact transforms cache (C:\Users\sebgo\AndroidStudioProjects\mytaxitravel\gradle\caches\8.13\transforms) was closed 0 times.
2026-03-27T23:59:03.947-0500 [DEBUG] [org.gradle.cache.internal.DefaultCacheCleanupExecutor] kotlin-dsl (C:\Users\sebgo\AndroidStudioProjects\mytaxitravel\gradle\caches\8.13\kotlin-dsl) has last been fully cleaned up 4 hours ago
2026-03-27T23:59:03.947-0500 [DEBUG] [org.gradle.cache.internal.DefaultCacheCleanupExecutor] Skipping cleanup for kotlin-dsl (C:\Users\sebgo\AndroidStudioProjects\mytaxitravel\gradle\caches\8.13\kotlin-dsl) as it is not yet due
2026-03-27T23:59:03.948-0500 [DEBUG] [org.gradle.cache.internal.DefaultCacheCoordinator] Cache kotlin-dsl (C:\Users\sebgo\AndroidStudioProjects\mytaxitravel\gradle\caches\8.13\kotlin-dsl) was closed 0 times.
2026-03-27T23:59:03.952-0500 [DEBUG] [org.gradle.cache.internal.LockOnDemandCrossProcessCacheAccess] Releasing file lock for journal cache (C:\Users\sebgo\AndroidStudioProjects\mytaxitravel\gradle\caches\journal-1)
2026-03-27T23:59:03.954-0500 [DEBUG] [org.gradle.cache.internal.btree.BTreePersistentIndexedCache] Closing cache file-access.bin (C:\Users\sebgo\AndroidStudioProjects\mytaxitravel\gradle\caches\journal-1\file-access.bin)
2026-03-27T23:59:03.963-0500 [DEBUG] [org.gradle.cache.internal.DefaultFileLockManager] Releasing lock on journal cache (C:\Users\sebgo\AndroidStudioProjects\mytaxitravel\gradle\caches\journal-1).
2026-03-27T23:59:03.967-0500 [DEBUG] [org.gradle.cache.internal.LockOnDemandCrossProcessCacheAccess] Releasing file lock for file hash cache (C:\Users\sebgo\AndroidStudioProjects\mytaxitravel\gradle\caches\8.13\fileHashes)
2026-03-27T23:59:03.968-0500 [DEBUG] [org.gradle.cache.internal.btree.BTreePersistentIndexedCache] Closing cache fileHashes.bin (C:\Users\sebgo\AndroidStudioProjects\mytaxitravel\gradle\caches\8.13\fileHashes\fileHashes.bin)
2026-03-27T23:59:03.993-0500 [DEBUG] [org.gradle.cache.internal.btree.BTreePersistentIndexedCache] Closing cache resourceHashesCache.bin (C:\Users\sebgo\AndroidStudioProjects\mytaxitravel\gradle\caches\8.13\fileHashes\resourceHashesCache.bin)
2026-03-27T23:59:03.997-0500 [DEBUG] [org.gradle.cache.internal.DefaultFileLockManager] Releasing lock on file hash cache (C:\Users\sebgo\AndroidStudioProjects\mytaxitravel\gradle\caches\8.13\fileHashes).
2026-03-27T23:59:04.003-0500 [DEBUG] [org.gradle.cache.internal.LockOnDemandCrossProcessCacheAccess] Releasing file lock for Java compile cache (C:\Users\sebgo\AndroidStudioProjects\mytaxitravel\gradle\caches\8.13\javaCompile)
2026-03-27T23:59:04.004-0500 [DEBUG] [org.gradle.cache.internal.btree.BTreePersistentIndexedCache] Closing cache jarAnalysis.bin (C:\Users\sebgo\AndroidStudioProjects\mytaxitravel\gradle\caches\8.13\javaCompile\jarAnalysis.bin)
2026-03-27T23:59:04.008-0500 [DEBUG] [org.gradle.cache.internal.btree.BTreePersistentIndexedCache] Closing cache classAnalysis.bin (C:\Users\sebgo\AndroidStudioProjects\mytaxitravel\gradle\caches\8.13\javaCompile\classAnalysis.bin)
2026-03-27T23:59:04.019-0500 [DEBUG] [org.gradle.cache.internal.DefaultFileLockManager] Releasing lock on Java compile cache (C:\Users\sebgo\AndroidStudioProjects\mytaxitravel\gradle\caches\8.13\javaCompile).
2026-03-27T23:59:04.068-0500 [DEBUG] [org.gradle.internal.operations.DefaultBuildOperationRunner] Build operation 'Deleting unused version-specific caches in C:\Users\sebgo\AndroidStudioProjects\mytaxitravel\gradle\caches' started
2026-03-27T23:59:04.083-0500 [DEBUG] [org.gradle.internal.operations.DefaultBuildOperationRunner] Completing Build operation 'Deleting unused version-specific caches in C:\Users\sebgo\AndroidStudioProjects\mytaxitravel\gradle\caches'
2026-03-27T23:59:04.083-0500 [DEBUG] [org.gradle.internal.operations.DefaultBuildOperationRunner] Build operation 'Deleting unused version-specific caches in C:\Users\sebgo\AndroidStudioProjects\mytaxitravel\gradle\caches' completed
2026-03-27T23:59:04.093-0500 [DEBUG] [org.gradle.launcher.daemon.server.Daemon] stop() called on daemon
2026-03-27T23:59:04.093-0500 [INFO] [org.gradle.launcher.daemon.server.Daemon] Stop requested. Daemon is removing its presence from the registry...
2026-03-27T23:59:04.093-0500 [DEBUG] [org.gradle.launcher.daemon.server.DaemonRegistryUpdater] Removing our presence to clients, eg. removing this address from the registry: [997172e4-0228-42fa-b2cc-c9582f8c896e port:17309, addresses:[localhost/127.0.0.1]]
2026-03-27T23:59:04.093-0500 [DEBUG] [org.gradle.launcher.daemon.registry.PersistentDaemonRegistry] Removing daemon address: [997172e4-0228-42fa-b2cc-c9582f8c896e port:17309, addresses:[localhost/127.0.0.1]]
2026-03-27T23:59:04.108-0500 [DEBUG] [org.gradle.cache.internal.DefaultFileLockManager] Waiting to acquire exclusive lock on daemon addresses registry.
2026-03-27T23:59:04.109-0500 [DEBUG] [org.gradle.cache.internal.DefaultFileLockManager] Lock acquired on daemon addresses registry.
2026-03-27T23:59:04.125-0500 [DEBUG] [org.gradle.cache.internal.DefaultFileLockManager] Releasing lock on daemon addresses registry.
2026-03-27T23:59:04.126-0500 [DEBUG] [org.gradle.launcher.daemon.server.DaemonRegistryUpdater] Address removed from registry.
2026-03-27T23:59:04.152-0500 [DEBUG] [org.gradle.cache.internal.locklistener.DefaultFileLockContentionHandler] File lock listener thread completed.
2026-03-27T23:59:04.193-0500 [DEBUG] [java.lang.Runtime] Runtime.exit() called with status: 0
java.lang.Throwable: Runtime.exit(0)
	at java.base/java.lang.Shutdown.logRuntimeExit(Unknown Source)
	at java.base/java.lang.Shutdown.exit(Unknown Source)
	at java.base/java.lang.Runtime.exit(Unknown Source)
	at java.base/java.lang.System.exit(Unknown Source)
	at org.gradle.launcher.bootstrap.ProcessCompleter.complete(ProcessCompleter.java:21)
	at org.gradle.launcher.bootstrap.EntryPoint.run(EntryPoint.java:61)
	at java.base/jdk.internal.reflect.DirectMethodHandleAccessor.invoke(Unknown Source)
	at java.base/java.lang.reflect.Method.invoke(Unknown Source)
	at org.gradle.launcher.bootstrap.ProcessBootstrap.runNoExit(ProcessBootstrap.java:72)
	at org.gradle.launcher.bootstrap.ProcessBootstrap.run(ProcessBootstrap.java:39)
	at org.gradle.launcher.daemon.bootstrap.GradleDaemon.main(GradleDaemon.java:22)
Daemon vm is shutting down... The daemon has exited normally or was terminated in response to a user interrupt.
2026-03-27T23:59:04.212-0500 [DEBUG] [org.gradle.launcher.daemon.registry.PersistentDaemonRegistry] Removing daemon address: [997172e4-0228-42fa-b2cc-c9582f8c896e port:17309, addresses:[localhost/127.0.0.1]]
2026-03-27T23:59:04.216-0500 [DEBUG] [org.gradle.launcher.daemon.server.Daemon] VM shutdown hook was unable to remove the daemon address from the registry. It will be cleaned up later.
java.lang.IllegalStateException: Cannot start managing file contention because this handler has been closed.
	at org.gradle.cache.internal.locklistener.DefaultFileLockContentionHandler.assertNotStopped(DefaultFileLockContentionHandler.java:248)
	at org.gradle.cache.internal.locklistener.DefaultFileLockContentionHandler.reservePort(DefaultFileLockContentionHandler.java:286)
	at org.gradle.cache.internal.DefaultFileLockManager.lock(DefaultFileLockManager.java:124)
	at org.gradle.cache.internal.DefaultFileLockManager.lock(DefaultFileLockManager.java:106)
	at org.gradle.cache.internal.DefaultFileLockManager.lock(DefaultFileLockManager.java:101)
	at org.gradle.cache.internal.OnDemandFileAccess.updateFile(OnDemandFileAccess.java:51)
	at org.gradle.cache.internal.FileBackedObjectHolder.update(FileBackedObjectHolder.java:77)
	at org.gradle.cache.internal.FileIntegrityViolationSuppressingObjectHolderDecorator.lambda$update$0(FileIntegrityViolationSuppressingObjectHolderDecorator.java:48)
	at org.gradle.cache.internal.FileIntegrityViolationSuppressingObjectHolderDecorator.doUpdate(FileIntegrityViolationSuppressingObjectHolderDecorator.java:58)
	at org.gradle.cache.internal.FileIntegrityViolationSuppressingObjectHolderDecorator.update(FileIntegrityViolationSuppressingObjectHolderDecorator.java:48)
	at org.gradle.launcher.daemon.registry.PersistentDaemonRegistry.remove(PersistentDaemonRegistry.java:133)
	at org.gradle.launcher.daemon.server.Daemon$1.run(Daemon.java:133)
	at java.base/java.lang.Thread.run(Unknown Source)
