2025-10-19T15:46:03.945-0500 [DEBUG] [org.gradle.launcher.daemon.bootstrap.DaemonMain] Assuming the daemon was started with following jvm opts: [-Xmx2048m, -Dfile.encoding=UTF-8, -Duser.country=CO, -Duser.language=es, -Duser.variant]
2025-10-19T15:46:04.317-0500 [DEBUG] [org.gradle.internal.remote.internal.inet.InetAddresses] Adding IP addresses for network interface TunnelBear Adapter V9-WFP Native MAC Layer LightWeight Filter-0000
2025-10-19T15:46:04.319-0500 [DEBUG] [org.gradle.internal.remote.internal.inet.InetAddresses] Is this a loopback interface? false
2025-10-19T15:46:04.320-0500 [DEBUG] [org.gradle.internal.remote.internal.inet.InetAddresses] Adding IP addresses for network interface TunnelBear Adapter V9-QoS Packet Scheduler-0000
2025-10-19T15:46:04.322-0500 [DEBUG] [org.gradle.internal.remote.internal.inet.InetAddresses] Is this a loopback interface? false
2025-10-19T15:46:04.323-0500 [DEBUG] [org.gradle.internal.remote.internal.inet.InetAddresses] Adding IP addresses for network interface TunnelBear Adapter V9-WFP 802.3 MAC Layer LightWeight Filter-0000
2025-10-19T15:46:04.325-0500 [DEBUG] [org.gradle.internal.remote.internal.inet.InetAddresses] Is this a loopback interface? false
2025-10-19T15:46:04.325-0500 [DEBUG] [org.gradle.internal.remote.internal.inet.InetAddresses] Adding IP addresses for network interface WAN Miniport (IP)-WFP Native MAC Layer LightWeight Filter-0000
2025-10-19T15:46:04.325-0500 [DEBUG] [org.gradle.internal.remote.internal.inet.InetAddresses] Is this a loopback interface? false
2025-10-19T15:46:04.326-0500 [DEBUG] [org.gradle.internal.remote.internal.inet.InetAddresses] Adding IP addresses for network interface WAN Miniport (IP)-QoS Packet Scheduler-0000
2025-10-19T15:46:04.327-0500 [DEBUG] [org.gradle.internal.remote.internal.inet.InetAddresses] Is this a loopback interface? false
2025-10-19T15:46:04.327-0500 [DEBUG] [org.gradle.internal.remote.internal.inet.InetAddresses] Adding IP addresses for network interface WAN Miniport (IPv6)-WFP Native MAC Layer LightWeight Filter-0000
2025-10-19T15:46:04.328-0500 [DEBUG] [org.gradle.internal.remote.internal.inet.InetAddresses] Is this a loopback interface? false
2025-10-19T15:46:04.328-0500 [DEBUG] [org.gradle.internal.remote.internal.inet.InetAddresses] Adding IP addresses for network interface WAN Miniport (IPv6)-QoS Packet Scheduler-0000
2025-10-19T15:46:04.329-0500 [DEBUG] [org.gradle.internal.remote.internal.inet.InetAddresses] Is this a loopback interface? false
2025-10-19T15:46:04.330-0500 [DEBUG] [org.gradle.internal.remote.internal.inet.InetAddresses] Adding IP addresses for network interface WAN Miniport (Network Monitor)-WFP Native MAC Layer LightWeight Filter-0000
2025-10-19T15:46:04.330-0500 [DEBUG] [org.gradle.internal.remote.internal.inet.InetAddresses] Is this a loopback interface? false
2025-10-19T15:46:04.331-0500 [DEBUG] [org.gradle.internal.remote.internal.inet.InetAddresses] Adding IP addresses for network interface WAN Miniport (Network Monitor)-QoS Packet Scheduler-0000
2025-10-19T15:46:04.332-0500 [DEBUG] [org.gradle.internal.remote.internal.inet.InetAddresses] Is this a loopback interface? false
2025-10-19T15:46:04.332-0500 [DEBUG] [org.gradle.internal.remote.internal.inet.InetAddresses] Adding IP addresses for network interface Microsoft Kernel Debug Network Adapter
2025-10-19T15:46:04.333-0500 [DEBUG] [org.gradle.internal.remote.internal.inet.InetAddresses] Is this a loopback interface? false
2025-10-19T15:46:04.333-0500 [DEBUG] [org.gradle.internal.remote.internal.inet.InetAddresses] Adding IP addresses for network interface WAN Miniport (Network Monitor)
2025-10-19T15:46:04.333-0500 [DEBUG] [org.gradle.internal.remote.internal.inet.InetAddresses] Is this a loopback interface? false
2025-10-19T15:46:04.334-0500 [DEBUG] [org.gradle.internal.remote.internal.inet.InetAddresses] Adding IP addresses for network interface WAN Miniport (IP)
2025-10-19T15:46:04.334-0500 [DEBUG] [org.gradle.internal.remote.internal.inet.InetAddresses] Is this a loopback interface? false
2025-10-19T15:46:04.334-0500 [DEBUG] [org.gradle.internal.remote.internal.inet.InetAddresses] Adding IP addresses for network interface WAN Miniport (IPv6)
2025-10-19T15:46:04.335-0500 [DEBUG] [org.gradle.internal.remote.internal.inet.InetAddresses] Is this a loopback interface? false
2025-10-19T15:46:04.335-0500 [DEBUG] [org.gradle.internal.remote.internal.inet.InetAddresses] Adding IP addresses for network interface TunnelBear Adapter V9
2025-10-19T15:46:04.336-0500 [DEBUG] [org.gradle.internal.remote.internal.inet.InetAddresses] Is this a loopback interface? false
2025-10-19T15:46:04.337-0500 [DEBUG] [org.gradle.internal.remote.internal.inet.InetAddresses] Adding IP addresses for network interface Bluetooth Device (Personal Area Network)
2025-10-19T15:46:04.337-0500 [DEBUG] [org.gradle.internal.remote.internal.inet.InetAddresses] Is this a loopback interface? false
2025-10-19T15:46:04.337-0500 [DEBUG] [org.gradle.internal.remote.internal.inet.InetAddresses] Adding IP addresses for network interface WAN Miniport (PPPOE)
2025-10-19T15:46:04.337-0500 [DEBUG] [org.gradle.internal.remote.internal.inet.InetAddresses] Is this a loopback interface? false
2025-10-19T15:46:04.338-0500 [DEBUG] [org.gradle.internal.remote.internal.inet.InetAddresses] Adding IP addresses for network interface RAS Async Adapter
2025-10-19T15:46:04.338-0500 [DEBUG] [org.gradle.internal.remote.internal.inet.InetAddresses] Is this a loopback interface? false
2025-10-19T15:46:04.338-0500 [DEBUG] [org.gradle.internal.remote.internal.inet.InetAddresses] Adding IP addresses for network interface Software Loopback Interface 1
2025-10-19T15:46:04.338-0500 [DEBUG] [org.gradle.internal.remote.internal.inet.InetAddresses] Is this a loopback interface? true
2025-10-19T15:46:04.339-0500 [DEBUG] [org.gradle.internal.remote.internal.inet.InetAddresses] Adding loopback address /0:0:0:0:0:0:0:1
2025-10-19T15:46:04.339-0500 [DEBUG] [org.gradle.internal.remote.internal.inet.InetAddresses] Adding loopback address /127.0.0.1
2025-10-19T15:46:04.339-0500 [DEBUG] [org.gradle.internal.remote.internal.inet.InetAddresses] Adding IP addresses for network interface WireGuard Tunnel
2025-10-19T15:46:04.340-0500 [DEBUG] [org.gradle.internal.remote.internal.inet.InetAddresses] Is this a loopback interface? false
2025-10-19T15:46:04.340-0500 [DEBUG] [org.gradle.internal.remote.internal.inet.InetAddresses] Adding IP addresses for network interface Intel(R) Wireless-AC 9560-WFP Native MAC Layer LightWeight Filter-0000
2025-10-19T15:46:04.340-0500 [DEBUG] [org.gradle.internal.remote.internal.inet.InetAddresses] Is this a loopback interface? false
2025-10-19T15:46:04.341-0500 [DEBUG] [org.gradle.internal.remote.internal.inet.InetAddresses] Adding IP addresses for network interface Intel(R) Wireless-AC 9560-Virtual WiFi Filter Driver-0000
2025-10-19T15:46:04.341-0500 [DEBUG] [org.gradle.internal.remote.internal.inet.InetAddresses] Is this a loopback interface? false
2025-10-19T15:46:04.341-0500 [DEBUG] [org.gradle.internal.remote.internal.inet.InetAddresses] Adding IP addresses for network interface Intel(R) Wireless-AC 9560-Native WiFi Filter Driver-0000
2025-10-19T15:46:04.342-0500 [DEBUG] [org.gradle.internal.remote.internal.inet.InetAddresses] Is this a loopback interface? false
2025-10-19T15:46:04.342-0500 [DEBUG] [org.gradle.internal.remote.internal.inet.InetAddresses] Adding IP addresses for network interface Intel(R) Wireless-AC 9560-QoS Packet Scheduler-0000
2025-10-19T15:46:04.342-0500 [DEBUG] [org.gradle.internal.remote.internal.inet.InetAddresses] Is this a loopback interface? false
2025-10-19T15:46:04.343-0500 [DEBUG] [org.gradle.internal.remote.internal.inet.InetAddresses] Adding IP addresses for network interface Intel(R) Wireless-AC 9560-WFP 802.3 MAC Layer LightWeight Filter-0000
2025-10-19T15:46:04.343-0500 [DEBUG] [org.gradle.internal.remote.internal.inet.InetAddresses] Is this a loopback interface? false
2025-10-19T15:46:04.344-0500 [DEBUG] [org.gradle.internal.remote.internal.inet.InetAddresses] Adding IP addresses for network interface Microsoft Wi-Fi Direct Virtual Adapter-WFP Native MAC Layer LightWeight Filter-0000
2025-10-19T15:46:04.345-0500 [DEBUG] [org.gradle.internal.remote.internal.inet.InetAddresses] Is this a loopback interface? false
2025-10-19T15:46:04.345-0500 [DEBUG] [org.gradle.internal.remote.internal.inet.InetAddresses] Adding IP addresses for network interface Microsoft Wi-Fi Direct Virtual Adapter-Native WiFi Filter Driver-0000
2025-10-19T15:46:04.345-0500 [DEBUG] [org.gradle.internal.remote.internal.inet.InetAddresses] Is this a loopback interface? false
2025-10-19T15:46:04.346-0500 [DEBUG] [org.gradle.internal.remote.internal.inet.InetAddresses] Adding IP addresses for network interface Microsoft Wi-Fi Direct Virtual Adapter-QoS Packet Scheduler-0000
2025-10-19T15:46:04.346-0500 [DEBUG] [org.gradle.internal.remote.internal.inet.InetAddresses] Is this a loopback interface? false
2025-10-19T15:46:04.346-0500 [DEBUG] [org.gradle.internal.remote.internal.inet.InetAddresses] Adding IP addresses for network interface Microsoft Wi-Fi Direct Virtual Adapter-WFP 802.3 MAC Layer LightWeight Filter-0000
2025-10-19T15:46:04.347-0500 [DEBUG] [org.gradle.internal.remote.internal.inet.InetAddresses] Is this a loopback interface? false
2025-10-19T15:46:04.347-0500 [DEBUG] [org.gradle.internal.remote.internal.inet.InetAddresses] Adding IP addresses for network interface Microsoft Wi-Fi Direct Virtual Adapter #2-WFP Native MAC Layer LightWeight Filter-0000
2025-10-19T15:46:04.347-0500 [DEBUG] [org.gradle.internal.remote.internal.inet.InetAddresses] Is this a loopback interface? false
2025-10-19T15:46:04.348-0500 [DEBUG] [org.gradle.internal.remote.internal.inet.InetAddresses] Adding IP addresses for network interface Microsoft Wi-Fi Direct Virtual Adapter #2-Native WiFi Filter Driver-0000
2025-10-19T15:46:04.348-0500 [DEBUG] [org.gradle.internal.remote.internal.inet.InetAddresses] Is this a loopback interface? false
2025-10-19T15:46:04.349-0500 [DEBUG] [org.gradle.internal.remote.internal.inet.InetAddresses] Adding IP addresses for network interface Microsoft Wi-Fi Direct Virtual Adapter #2-QoS Packet Scheduler-0000
2025-10-19T15:46:04.350-0500 [DEBUG] [org.gradle.internal.remote.internal.inet.InetAddresses] Is this a loopback interface? false
2025-10-19T15:46:04.350-0500 [DEBUG] [org.gradle.internal.remote.internal.inet.InetAddresses] Adding IP addresses for network interface Microsoft Wi-Fi Direct Virtual Adapter #2-WFP 802.3 MAC Layer LightWeight Filter-0000
2025-10-19T15:46:04.350-0500 [DEBUG] [org.gradle.internal.remote.internal.inet.InetAddresses] Is this a loopback interface? false
2025-10-19T15:46:04.351-0500 [DEBUG] [org.gradle.internal.remote.internal.inet.InetAddresses] Adding IP addresses for network interface Intel(R) Wireless-AC 9560
2025-10-19T15:46:04.351-0500 [DEBUG] [org.gradle.internal.remote.internal.inet.InetAddresses] Is this a loopback interface? false
2025-10-19T15:46:04.351-0500 [DEBUG] [org.gradle.internal.remote.internal.inet.InetAddresses] Adding remote address /192.168.0.5
2025-10-19T15:46:04.351-0500 [DEBUG] [org.gradle.internal.remote.internal.inet.InetAddresses] Adding IP addresses for network interface Microsoft Wi-Fi Direct Virtual Adapter
2025-10-19T15:46:04.352-0500 [DEBUG] [org.gradle.internal.remote.internal.inet.InetAddresses] Is this a loopback interface? false
2025-10-19T15:46:04.352-0500 [DEBUG] [org.gradle.internal.remote.internal.inet.InetAddresses] Adding IP addresses for network interface Microsoft Wi-Fi Direct Virtual Adapter #2
2025-10-19T15:46:04.353-0500 [DEBUG] [org.gradle.internal.remote.internal.inet.InetAddresses] Is this a loopback interface? false
2025-10-19T15:46:04.353-0500 [DEBUG] [org.gradle.internal.remote.internal.inet.InetAddresses] Adding IP addresses for network interface Microsoft Wi-Fi Direct Virtual Adapter #4
2025-10-19T15:46:04.353-0500 [DEBUG] [org.gradle.internal.remote.internal.inet.InetAddresses] Is this a loopback interface? false
2025-10-19T15:46:04.353-0500 [DEBUG] [org.gradle.internal.remote.internal.inet.InetAddresses] Adding IP addresses for network interface Microsoft Teredo Tunneling Adapter
2025-10-19T15:46:04.354-0500 [DEBUG] [org.gradle.internal.remote.internal.inet.InetAddresses] Is this a loopback interface? false
2025-10-19T15:46:04.354-0500 [DEBUG] [org.gradle.internal.remote.internal.inet.InetAddresses] Adding IP addresses for network interface Microsoft IP-HTTPS Platform Adapter
2025-10-19T15:46:04.354-0500 [DEBUG] [org.gradle.internal.remote.internal.inet.InetAddresses] Is this a loopback interface? false
2025-10-19T15:46:04.354-0500 [DEBUG] [org.gradle.internal.remote.internal.inet.InetAddresses] Adding IP addresses for network interface Microsoft 6to4 Adapter
2025-10-19T15:46:04.354-0500 [DEBUG] [org.gradle.internal.remote.internal.inet.InetAddresses] Is this a loopback interface? false
2025-10-19T15:46:04.355-0500 [DEBUG] [org.gradle.internal.remote.internal.inet.InetAddresses] Adding IP addresses for network interface WAN Miniport (IKEv2)
2025-10-19T15:46:04.355-0500 [DEBUG] [org.gradle.internal.remote.internal.inet.InetAddresses] Is this a loopback interface? false
2025-10-19T15:46:04.355-0500 [DEBUG] [org.gradle.internal.remote.internal.inet.InetAddresses] Adding IP addresses for network interface WAN Miniport (L2TP)
2025-10-19T15:46:04.355-0500 [DEBUG] [org.gradle.internal.remote.internal.inet.InetAddresses] Is this a loopback interface? false
2025-10-19T15:46:04.356-0500 [DEBUG] [org.gradle.internal.remote.internal.inet.InetAddresses] Adding IP addresses for network interface WAN Miniport (PPTP)
2025-10-19T15:46:04.356-0500 [DEBUG] [org.gradle.internal.remote.internal.inet.InetAddresses] Is this a loopback interface? false
2025-10-19T15:46:04.356-0500 [DEBUG] [org.gradle.internal.remote.internal.inet.InetAddresses] Adding IP addresses for network interface WAN Miniport (SSTP)
2025-10-19T15:46:04.356-0500 [DEBUG] [org.gradle.internal.remote.internal.inet.InetAddresses] Is this a loopback interface? false
2025-10-19T15:46:04.384-0500 [DEBUG] [org.gradle.internal.nativeintegration.services.NativeServices] Native-platform posix files integration is not available. Continuing with fallback.
2025-10-19T15:46:04.428-0500 [INFO] [org.gradle.launcher.daemon.server.Daemon] start() called on daemon - DefaultDaemonContext[uid=ad1f97aa-deb6-4201-a923-b3d21c62b572,javaHome=F:\Android Studio\jbr,javaVersion=21,javaVendor=JetBrains s.r.o.,daemonRegistryDir=C:\Users\sebgo\AndroidStudioProjects\mytaxitravel\gradle\daemon,pid=13352,idleTimeout=10800000,priority=NORMAL,applyInstrumentationAgent=true,nativeServicesMode=ENABLED,daemonOpts=-Xmx2048m,-Dfile.encoding=UTF-8,-Duser.country=CO,-Duser.language=es,-Duser.variant]
2025-10-19T15:46:04.739-0500 [DEBUG] [org.gradle.internal.remote.internal.inet.TcpIncomingConnector] Listening on [f405c26b-1a4f-404c-bcce-31001897b2f9 port:9663, addresses:[localhost/127.0.0.1]].
2025-10-19T15:46:04.776-0500 [DEBUG] [org.gradle.launcher.daemon.server.Daemon] Daemon starting at: Sun Oct 19 15:46:04 COT 2025, with address: [f405c26b-1a4f-404c-bcce-31001897b2f9 port:9663, addresses:[localhost/127.0.0.1]]
2025-10-19T15:46:04.776-0500 [INFO] [org.gradle.launcher.daemon.server.DaemonRegistryUpdater] Advertising the daemon address to the clients: [f405c26b-1a4f-404c-bcce-31001897b2f9 port:9663, addresses:[localhost/127.0.0.1]]
2025-10-19T15:46:04.777-0500 [DEBUG] [org.gradle.launcher.daemon.server.DaemonRegistryUpdater] Advertised daemon context: DefaultDaemonContext[uid=ad1f97aa-deb6-4201-a923-b3d21c62b572,javaHome=F:\Android Studio\jbr,javaVersion=21,javaVendor=JetBrains s.r.o.,daemonRegistryDir=C:\Users\sebgo\AndroidStudioProjects\mytaxitravel\gradle\daemon,pid=13352,idleTimeout=10800000,priority=NORMAL,applyInstrumentationAgent=true,nativeServicesMode=ENABLED,daemonOpts=-Xmx2048m,-Dfile.encoding=UTF-8,-Duser.country=CO,-Duser.language=es,-Duser.variant]
2025-10-19T15:46:04.779-0500 [DEBUG] [org.gradle.launcher.daemon.registry.PersistentDaemonRegistry] Storing daemon address: [f405c26b-1a4f-404c-bcce-31001897b2f9 port:9663, addresses:[localhost/127.0.0.1]], context: DefaultDaemonContext[uid=ad1f97aa-deb6-4201-a923-b3d21c62b572,javaHome=F:\Android Studio\jbr,javaVersion=21,javaVendor=JetBrains s.r.o.,daemonRegistryDir=C:\Users\sebgo\AndroidStudioProjects\mytaxitravel\gradle\daemon,pid=13352,idleTimeout=10800000,priority=NORMAL,applyInstrumentationAgent=true,nativeServicesMode=ENABLED,daemonOpts=-Xmx2048m,-Dfile.encoding=UTF-8,-Duser.country=CO,-Duser.language=es,-Duser.variant]
2025-10-19T15:46:04.803-0500 [DEBUG] [org.gradle.cache.internal.DefaultFileLockManager] Waiting to acquire exclusive lock on daemon addresses registry.
2025-10-19T15:46:04.808-0500 [DEBUG] [org.gradle.cache.internal.DefaultFileLockManager] Lock acquired on daemon addresses registry.
2025-10-19T15:46:04.817-0500 [DEBUG] [org.gradle.cache.internal.DefaultFileLockManager] Releasing lock on daemon addresses registry.
2025-10-19T15:46:04.817-0500 [LIFECYCLE] [org.gradle.launcher.daemon.server.Daemon] Daemon server started.
2025-10-19T15:46:04.819-0500 [DEBUG] [org.gradle.launcher.daemon.bootstrap.DaemonStartupCommunication] Completed writing the daemon greeting. Closing streams...
2025-10-19T15:46:04.833-0500 [DEBUG] [org.gradle.launcher.daemon.server.Daemon] stopOnExpiration() called on daemon
2025-10-19T15:46:04.835-0500 [DEBUG] [org.gradle.launcher.daemon.server.Daemon] awaitExpiration() called on daemon
2025-10-19T15:46:04.835-0500 [DEBUG] [org.gradle.launcher.daemon.server.DaemonStateCoordinator] daemon is running. Sleeping until state changes.
2025-10-19T15:46:04.855-0500 [DEBUG] [org.gradle.internal.remote.internal.inet.TcpIncomingConnector] Accepted connection from /127.0.0.1:9664 to /127.0.0.1:9663.
2025-10-19T15:46:05.042-0500 [DEBUG] [org.gradle.launcher.daemon.server.SynchronizedDispatchConnection] thread 35: received class org.gradle.launcher.daemon.protocol.Build
2025-10-19T15:46:05.043-0500 [DEBUG] [org.gradle.launcher.daemon.server.DefaultDaemonConnection] thread 35: Received non-IO message from client: Build{id=2f9aa816-723d-4648-a9e2-2dad3316b358, currentDir=C:\Users\sebgo\AndroidStudioProjects\mytaxitravel}
2025-10-19T15:46:05.043-0500 [INFO] [org.gradle.launcher.daemon.server.DefaultIncomingConnectionHandler] Received command: Build{id=2f9aa816-723d-4648-a9e2-2dad3316b358, currentDir=C:\Users\sebgo\AndroidStudioProjects\mytaxitravel}.
2025-10-19T15:46:05.043-0500 [DEBUG] [org.gradle.launcher.daemon.server.DefaultIncomingConnectionHandler] Starting executing command: Build{id=2f9aa816-723d-4648-a9e2-2dad3316b358, currentDir=C:\Users\sebgo\AndroidStudioProjects\mytaxitravel} with connection: socket connection from /127.0.0.1:9663 to /127.0.0.1:9664.
2025-10-19T15:46:05.050-0500 [DEBUG] [org.gradle.launcher.daemon.server.DaemonStateCoordinator] Command execution: started DaemonCommandExecution[command = Build{id=2f9aa816-723d-4648-a9e2-2dad3316b358, currentDir=C:\Users\sebgo\AndroidStudioProjects\mytaxitravel}, connection = DefaultDaemonConnection: socket connection from /127.0.0.1:9663 to /127.0.0.1:9664] after 0.005266666666666667 minutes of idle
2025-10-19T15:46:05.050-0500 [INFO] [org.gradle.launcher.daemon.server.DaemonRegistryUpdater] Marking the daemon as busy, address: [f405c26b-1a4f-404c-bcce-31001897b2f9 port:9663, addresses:[localhost/127.0.0.1]]
2025-10-19T15:46:05.051-0500 [DEBUG] [org.gradle.launcher.daemon.registry.PersistentDaemonRegistry] Marking busy by address: [f405c26b-1a4f-404c-bcce-31001897b2f9 port:9663, addresses:[localhost/127.0.0.1]]
2025-10-19T15:46:05.054-0500 [DEBUG] [org.gradle.cache.internal.DefaultFileLockManager] Waiting to acquire exclusive lock on daemon addresses registry.
2025-10-19T15:46:05.055-0500 [DEBUG] [org.gradle.cache.internal.DefaultFileLockManager] Lock acquired on daemon addresses registry.
2025-10-19T15:46:05.057-0500 [DEBUG] [org.gradle.cache.internal.DefaultFileLockManager] Releasing lock on daemon addresses registry.
2025-10-19T15:46:05.058-0500 [DEBUG] [org.gradle.launcher.daemon.server.DaemonStateCoordinator] resetting idle timer
2025-10-19T15:46:05.058-0500 [DEBUG] [org.gradle.launcher.daemon.server.DaemonStateCoordinator] daemon is running. Sleeping until state changes.
2025-10-19T15:46:05.059-0500 [INFO] [org.gradle.launcher.daemon.server.exec.StartBuildOrRespondWithBusy] Daemon is about to start building Build{id=2f9aa816-723d-4648-a9e2-2dad3316b358, currentDir=C:\Users\sebgo\AndroidStudioProjects\mytaxitravel}. Dispatching build started information...
2025-10-19T15:46:05.060-0500 [DEBUG] [org.gradle.launcher.daemon.server.SynchronizedDispatchConnection] thread 37: dispatching org.gradle.launcher.daemon.protocol.BuildStarted@7ef82211
2025-10-19T15:46:05.063-0500 [DEBUG] [org.gradle.launcher.daemon.server.exec.EstablishBuildEnvironment] Configuring env variables: [USERDOMAIN_ROAMINGPROFILE, LOCALAPPDATA, PROCESSOR_LEVEL, EFC_19740_1262719628, USERDOMAIN, LOGONSERVER, FPS_BROWSER_APP_PROFILE_STRING, JAVA_HOME, SESSIONNAME, ALLUSERSPROFILE, PROCESSOR_ARCHITECTURE, PSModulePath, SystemDrive, OneDrive, APPDATA, EFC_19740_3789132940, USERNAME, EFC_19740_2283032206, ProgramFiles(x86), EFC_19740_2775293581, CommonProgramFiles, Path, FPS_BROWSER_USER_PROFILE_STRING, EFC_19740_1592913036, PATHEXT, DriverData, OS, COMPUTERNAME, PROCESSOR_REVISION, CommonProgramW6432, PyCharm Community Edition, ComSpec, ProgramData, ProgramW6432, TEMP, HOMEPATH, SystemRoot, PROCESSOR_IDENTIFIER, HOMEDRIVE, USERPROFILE, TMP, CommonProgramFiles(x86), ProgramFiles, PUBLIC, windir, NUMBER_OF_PROCESSORS, =::, ZES_ENABLE_SYSMAN]
2025-10-19T15:46:05.073-0500 [DEBUG] [org.gradle.launcher.daemon.server.exec.LogToClient] About to start relaying all logs to the client via the connection.
2025-10-19T15:46:05.073-0500 [INFO] [org.gradle.launcher.daemon.server.exec.LogToClient] The client will now receive all logging from the daemon (pid: 13352). The daemon log file: C:\Users\sebgo\AndroidStudioProjects\mytaxitravel\gradle\daemon\8.13\daemon-13352.out.log
2025-10-19T15:46:05.090-0500 [INFO] [org.gradle.launcher.daemon.server.exec.LogAndCheckHealth] Starting build in new daemon [memory: 2 GiB]
2025-10-19T15:46:05.117-0500 [DEBUG] [org.gradle.launcher.daemon.server.exec.ExecuteBuild] The daemon has started executing the build.
2025-10-19T15:46:05.118-0500 [DEBUG] [org.gradle.launcher.daemon.server.exec.ExecuteBuild] Executing build with daemon context: DefaultDaemonContext[uid=ad1f97aa-deb6-4201-a923-b3d21c62b572,javaHome=F:\Android Studio\jbr,javaVersion=21,javaVendor=JetBrains s.r.o.,daemonRegistryDir=C:\Users\sebgo\AndroidStudioProjects\mytaxitravel\gradle\daemon,pid=13352,idleTimeout=10800000,priority=NORMAL,applyInstrumentationAgent=true,nativeServicesMode=ENABLED,daemonOpts=-Xmx2048m,-Dfile.encoding=UTF-8,-Duser.country=CO,-Duser.language=es,-Duser.variant]

BUILD SUCCESSFUL in 1m 12s
2025-10-19T15:47:04.020-0500 [DEBUG] [org.gradle.launcher.daemon.server.exec.ExecuteBuild] The daemon has finished executing the build.
2025-10-19T15:47:04.048-0500 [DEBUG] [org.gradle.launcher.daemon.server.DaemonStateCoordinator] daemon is running. Sleeping until state changes.
2025-10-19T15:47:04.054-0500 [DEBUG] [org.gradle.launcher.daemon.server.DaemonStateCoordinator] Command execution: finished waiting for DaemonCommandExecution[command = Build{id=2f9aa816-723d-4648-a9e2-2dad3316b358, currentDir=C:\Users\sebgo\AndroidStudioProjects\mytaxitravel}, connection = DefaultDaemonConnection: socket connection from /127.0.0.1:9663 to /127.0.0.1:9664]. Result org.gradle.launcher.daemon.server.DaemonStateCoordinator@54aaec79 with state Busy
2025-10-19T15:47:04.054-0500 [DEBUG] [org.gradle.launcher.daemon.server.DaemonStateCoordinator] Command execution: completed DaemonCommandExecution[command = Build{id=2f9aa816-723d-4648-a9e2-2dad3316b358, currentDir=C:\Users\sebgo\AndroidStudioProjects\mytaxitravel}, connection = DefaultDaemonConnection: socket connection from /127.0.0.1:9663 to /127.0.0.1:9664]
2025-10-19T15:47:04.055-0500 [DEBUG] [org.gradle.launcher.daemon.server.DaemonStateCoordinator] resetting idle timer
2025-10-19T15:47:04.055-0500 [INFO] [org.gradle.launcher.daemon.server.DaemonRegistryUpdater] Marking the daemon as idle, address: [f405c26b-1a4f-404c-bcce-31001897b2f9 port:9663, addresses:[localhost/127.0.0.1]]
2025-10-19T15:47:04.055-0500 [DEBUG] [org.gradle.launcher.daemon.registry.PersistentDaemonRegistry] Marking busy by address: [f405c26b-1a4f-404c-bcce-31001897b2f9 port:9663, addresses:[localhost/127.0.0.1]]
2025-10-19T15:47:04.058-0500 [DEBUG] [org.gradle.cache.internal.DefaultFileLockManager] Waiting to acquire exclusive lock on daemon addresses registry.
2025-10-19T15:47:04.059-0500 [DEBUG] [org.gradle.cache.internal.DefaultFileLockManager] Lock acquired on daemon addresses registry.
2025-10-19T15:47:04.061-0500 [DEBUG] [org.gradle.cache.internal.DefaultFileLockManager] Releasing lock on daemon addresses registry.
2025-10-19T15:47:04.062-0500 [DEBUG] [org.gradle.launcher.daemon.server.exec.ReturnResult] Daemon is dispatching the build result: Success[value=org.gradle.launcher.exec.BuildActionResult@19ac1837]
2025-10-19T15:47:04.063-0500 [DEBUG] [org.gradle.launcher.daemon.server.SynchronizedDispatchConnection] thread 34: dispatching Success[value=org.gradle.launcher.exec.BuildActionResult@19ac1837]
2025-10-19T15:47:04.063-0500 [DEBUG] [org.gradle.launcher.daemon.server.DaemonStateCoordinator] daemon is running. Sleeping until state changes.
2025-10-19T15:47:04.065-0500 [DEBUG] [org.gradle.launcher.daemon.server.SynchronizedDispatchConnection] thread 35: received class org.gradle.launcher.daemon.protocol.CloseInput
2025-10-19T15:47:04.066-0500 [DEBUG] [org.gradle.launcher.daemon.server.DefaultDaemonConnection] thread 35: Received IO message from client: org.gradle.launcher.daemon.protocol.CloseInput@156bdb46
2025-10-19T15:47:04.066-0500 [DEBUG] [org.gradle.launcher.daemon.server.SynchronizedDispatchConnection] thread 35: received class org.gradle.launcher.daemon.protocol.Finished
2025-10-19T15:47:04.067-0500 [DEBUG] [org.gradle.launcher.daemon.server.DefaultDaemonConnection] thread 35: Received non-IO message from client: org.gradle.launcher.daemon.protocol.Finished@35a8653d
2025-10-19T15:47:04.069-0500 [DEBUG] [org.gradle.internal.remote.internal.inet.SocketConnection] Discarding EOFException: java.io.EOFException
2025-10-19T15:47:04.069-0500 [DEBUG] [org.gradle.launcher.daemon.server.SynchronizedDispatchConnection] thread 35: received null
2025-10-19T15:47:04.069-0500 [DEBUG] [org.gradle.launcher.daemon.server.DefaultDaemonConnection] thread 35: Received end-of-input from client.
2025-10-19T15:47:04.071-0500 [DEBUG] [org.gradle.launcher.daemon.server.DefaultIncomingConnectionHandler] Finishing executing command: Build{id=2f9aa816-723d-4648-a9e2-2dad3316b358, currentDir=C:\Users\sebgo\AndroidStudioProjects\mytaxitravel}
2025-10-19T15:47:04.072-0500 [WARN] [org.gradle.launcher.daemon.server.DefaultIncomingConnectionHandler] Timed out waiting for finished message from client socket connection from /127.0.0.1:9663 to /127.0.0.1:9664. Discarding connection.
2025-10-19T15:47:04.072-0500 [DEBUG] [org.gradle.launcher.daemon.server.SynchronizedDispatchConnection] thread 34: stopping connection
2025-10-19T15:47:04.074-0500 [DEBUG] [org.gradle.launcher.daemon.server.SynchronizedDispatchConnection] thread 34: stopping connection
2025-10-19T15:47:04.128-0500 [DEBUG] [org.gradle.launcher.daemon.server.exec.CleanUpVirtualFileSystemAfterBuild] Cleaning virtual file system after build finished
2025-10-19T15:47:04.855-0500 [DEBUG] [org.gradle.cache.internal.DefaultFileLockManager] Waiting to acquire shared lock on daemon addresses registry.
2025-10-19T15:47:04.855-0500 [DEBUG] [org.gradle.cache.internal.DefaultFileLockManager] Lock acquired on daemon addresses registry.
2025-10-19T15:47:04.885-0500 [DEBUG] [org.gradle.cache.internal.DefaultFileLockManager] Releasing lock on daemon addresses registry.
2025-10-19T15:47:04.890-0500 [DEBUG] [org.gradle.cache.internal.DefaultFileLockManager] Waiting to acquire shared lock on daemon addresses registry.
2025-10-19T15:47:04.890-0500 [DEBUG] [org.gradle.cache.internal.DefaultFileLockManager] Lock acquired on daemon addresses registry.
2025-10-19T15:47:04.891-0500 [DEBUG] [org.gradle.cache.internal.DefaultFileLockManager] Releasing lock on daemon addresses registry.
2025-10-19T15:47:05.865-0500 [DEBUG] [org.gradle.process.internal.health.memory.DefaultMemoryManager] 841566208 physical memory requested, 565706752 free
2025-10-19T15:47:05.865-0500 [DEBUG] [org.gradle.workers.internal.WorkerDaemonExpiration] Will attempt to release 802 of memory
2025-10-19T15:47:05.865-0500 [DEBUG] [org.gradle.process.internal.health.memory.DefaultMemoryManager] 841566208 physical memory requested, 0 released, 565706752 free
2025-10-19T15:47:10.921-0500 [DEBUG] [org.gradle.process.internal.health.memory.DefaultMemoryManager] 841566208 physical memory requested, 613273600 free
2025-10-19T15:47:10.924-0500 [DEBUG] [org.gradle.workers.internal.WorkerDaemonExpiration] Will attempt to release 802 of memory
2025-10-19T15:47:10.924-0500 [DEBUG] [org.gradle.process.internal.health.memory.DefaultMemoryManager] 841566208 physical memory requested, 0 released, 613273600 free
2025-10-19T15:47:14.841-0500 [DEBUG] [org.gradle.cache.internal.DefaultFileLockManager] Waiting to acquire shared lock on daemon addresses registry.
2025-10-19T15:47:14.842-0500 [DEBUG] [org.gradle.cache.internal.DefaultFileLockManager] Lock acquired on daemon addresses registry.
2025-10-19T15:47:14.843-0500 [DEBUG] [org.gradle.cache.internal.DefaultFileLockManager] Releasing lock on daemon addresses registry.
2025-10-19T15:47:14.846-0500 [DEBUG] [org.gradle.cache.internal.DefaultFileLockManager] Waiting to acquire shared lock on daemon addresses registry.
2025-10-19T15:47:14.846-0500 [DEBUG] [org.gradle.cache.internal.DefaultFileLockManager] Lock acquired on daemon addresses registry.
2025-10-19T15:47:14.847-0500 [DEBUG] [org.gradle.cache.internal.DefaultFileLockManager] Releasing lock on daemon addresses registry.
2025-10-19T15:47:14.850-0500 [DEBUG] [org.gradle.cache.internal.DefaultFileLockManager] Waiting to acquire shared lock on daemon addresses registry.
2025-10-19T15:47:14.850-0500 [DEBUG] [org.gradle.cache.internal.DefaultFileLockManager] Lock acquired on daemon addresses registry.
2025-10-19T15:47:14.852-0500 [DEBUG] [org.gradle.cache.internal.DefaultFileLockManager] Releasing lock on daemon addresses registry.
2025-10-19T15:47:15.862-0500 [DEBUG] [org.gradle.process.internal.health.memory.DefaultMemoryManager] 841566208 physical memory requested, 588468224 free
2025-10-19T15:47:15.862-0500 [DEBUG] [org.gradle.workers.internal.WorkerDaemonExpiration] Will attempt to release 802 of memory
2025-10-19T15:47:15.862-0500 [DEBUG] [org.gradle.process.internal.health.memory.DefaultMemoryManager] 841566208 physical memory requested, 0 released, 588468224 free
2025-10-19T15:47:20.869-0500 [DEBUG] [org.gradle.process.internal.health.memory.DefaultMemoryManager] 841566208 physical memory requested, 578293760 free
2025-10-19T15:47:20.869-0500 [DEBUG] [org.gradle.workers.internal.WorkerDaemonExpiration] Will attempt to release 802 of memory
2025-10-19T15:47:20.869-0500 [DEBUG] [org.gradle.process.internal.health.memory.DefaultMemoryManager] 841566208 physical memory requested, 0 released, 578293760 free
2025-10-19T15:47:24.851-0500 [DEBUG] [org.gradle.cache.internal.DefaultFileLockManager] Waiting to acquire shared lock on daemon addresses registry.
2025-10-19T15:47:24.851-0500 [DEBUG] [org.gradle.cache.internal.DefaultFileLockManager] Lock acquired on daemon addresses registry.
2025-10-19T15:47:24.852-0500 [DEBUG] [org.gradle.cache.internal.DefaultFileLockManager] Releasing lock on daemon addresses registry.
2025-10-19T15:47:24.854-0500 [DEBUG] [org.gradle.cache.internal.DefaultFileLockManager] Waiting to acquire shared lock on daemon addresses registry.
2025-10-19T15:47:24.855-0500 [DEBUG] [org.gradle.cache.internal.DefaultFileLockManager] Lock acquired on daemon addresses registry.
2025-10-19T15:47:24.855-0500 [DEBUG] [org.gradle.cache.internal.DefaultFileLockManager] Releasing lock on daemon addresses registry.
2025-10-19T15:47:24.857-0500 [DEBUG] [org.gradle.cache.internal.DefaultFileLockManager] Waiting to acquire shared lock on daemon addresses registry.
2025-10-19T15:47:24.858-0500 [DEBUG] [org.gradle.cache.internal.DefaultFileLockManager] Lock acquired on daemon addresses registry.
2025-10-19T15:47:24.858-0500 [DEBUG] [org.gradle.cache.internal.DefaultFileLockManager] Releasing lock on daemon addresses registry.
2025-10-19T15:47:25.867-0500 [DEBUG] [org.gradle.process.internal.health.memory.DefaultMemoryManager] 841566208 physical memory requested, 560021504 free
2025-10-19T15:47:25.867-0500 [DEBUG] [org.gradle.workers.internal.WorkerDaemonExpiration] Will attempt to release 802 of memory
2025-10-19T15:47:25.867-0500 [DEBUG] [org.gradle.process.internal.health.memory.DefaultMemoryManager] 841566208 physical memory requested, 0 released, 560021504 free
2025-10-19T15:47:31.100-0500 [DEBUG] [org.gradle.process.internal.health.memory.DefaultMemoryManager] 841566208 physical memory requested, 504074240 free
2025-10-19T15:47:31.101-0500 [DEBUG] [org.gradle.workers.internal.WorkerDaemonExpiration] Will attempt to release 802 of memory
2025-10-19T15:47:31.108-0500 [DEBUG] [org.gradle.process.internal.health.memory.DefaultMemoryManager] 841566208 physical memory requested, 0 released, 504074240 free
2025-10-19T15:47:34.839-0500 [DEBUG] [org.gradle.cache.internal.DefaultFileLockManager] Waiting to acquire shared lock on daemon addresses registry.
2025-10-19T15:47:34.840-0500 [DEBUG] [org.gradle.cache.internal.DefaultFileLockManager] Lock acquired on daemon addresses registry.
2025-10-19T15:47:34.840-0500 [DEBUG] [org.gradle.cache.internal.DefaultFileLockManager] Releasing lock on daemon addresses registry.
2025-10-19T15:47:34.842-0500 [DEBUG] [org.gradle.cache.internal.DefaultFileLockManager] Waiting to acquire shared lock on daemon addresses registry.
2025-10-19T15:47:34.842-0500 [DEBUG] [org.gradle.cache.internal.DefaultFileLockManager] Lock acquired on daemon addresses registry.
2025-10-19T15:47:34.843-0500 [DEBUG] [org.gradle.cache.internal.DefaultFileLockManager] Releasing lock on daemon addresses registry.
2025-10-19T15:47:34.844-0500 [DEBUG] [org.gradle.cache.internal.DefaultFileLockManager] Waiting to acquire shared lock on daemon addresses registry.
2025-10-19T15:47:34.845-0500 [DEBUG] [org.gradle.cache.internal.DefaultFileLockManager] Lock acquired on daemon addresses registry.
2025-10-19T15:47:34.845-0500 [DEBUG] [org.gradle.cache.internal.DefaultFileLockManager] Releasing lock on daemon addresses registry.
2025-10-19T15:47:35.856-0500 [DEBUG] [org.gradle.process.internal.health.memory.DefaultMemoryManager] 841566208 physical memory requested, 504168448 free
2025-10-19T15:47:35.856-0500 [DEBUG] [org.gradle.workers.internal.WorkerDaemonExpiration] Will attempt to release 802 of memory
2025-10-19T15:47:35.856-0500 [DEBUG] [org.gradle.process.internal.health.memory.DefaultMemoryManager] 841566208 physical memory requested, 0 released, 504168448 free
2025-10-19T15:47:40.869-0500 [DEBUG] [org.gradle.process.internal.health.memory.DefaultMemoryManager] 841566208 physical memory requested, 460185600 free
2025-10-19T15:47:40.869-0500 [DEBUG] [org.gradle.workers.internal.WorkerDaemonExpiration] Will attempt to release 802 of memory
2025-10-19T15:47:40.870-0500 [DEBUG] [org.gradle.process.internal.health.memory.DefaultMemoryManager] 841566208 physical memory requested, 0 released, 460185600 free
2025-10-19T15:47:44.842-0500 [DEBUG] [org.gradle.cache.internal.DefaultFileLockManager] Waiting to acquire shared lock on daemon addresses registry.
2025-10-19T15:47:44.843-0500 [DEBUG] [org.gradle.cache.internal.DefaultFileLockManager] Lock acquired on daemon addresses registry.
2025-10-19T15:47:44.844-0500 [DEBUG] [org.gradle.cache.internal.DefaultFileLockManager] Releasing lock on daemon addresses registry.
2025-10-19T15:47:44.847-0500 [DEBUG] [org.gradle.cache.internal.DefaultFileLockManager] Waiting to acquire shared lock on daemon addresses registry.
2025-10-19T15:47:44.848-0500 [DEBUG] [org.gradle.cache.internal.DefaultFileLockManager] Lock acquired on daemon addresses registry.
2025-10-19T15:47:44.848-0500 [DEBUG] [org.gradle.cache.internal.DefaultFileLockManager] Releasing lock on daemon addresses registry.
2025-10-19T15:47:44.851-0500 [DEBUG] [org.gradle.cache.internal.DefaultFileLockManager] Waiting to acquire shared lock on daemon addresses registry.
2025-10-19T15:47:44.851-0500 [DEBUG] [org.gradle.cache.internal.DefaultFileLockManager] Lock acquired on daemon addresses registry.
2025-10-19T15:47:44.852-0500 [DEBUG] [org.gradle.cache.internal.DefaultFileLockManager] Releasing lock on daemon addresses registry.
2025-10-19T15:47:45.855-0500 [DEBUG] [org.gradle.process.internal.health.memory.DefaultMemoryManager] 841566208 physical memory requested, 437080064 free
2025-10-19T15:47:45.855-0500 [DEBUG] [org.gradle.workers.internal.WorkerDaemonExpiration] Will attempt to release 802 of memory
2025-10-19T15:47:45.855-0500 [DEBUG] [org.gradle.process.internal.health.memory.DefaultMemoryManager] 841566208 physical memory requested, 0 released, 437080064 free
2025-10-19T15:47:50.856-0500 [DEBUG] [org.gradle.process.internal.health.memory.DefaultMemoryManager] 841566208 physical memory requested, 444170240 free
2025-10-19T15:47:50.857-0500 [DEBUG] [org.gradle.workers.internal.WorkerDaemonExpiration] Will attempt to release 802 of memory
2025-10-19T15:47:50.857-0500 [DEBUG] [org.gradle.process.internal.health.memory.DefaultMemoryManager] 841566208 physical memory requested, 0 released, 444170240 free
2025-10-19T15:47:54.844-0500 [DEBUG] [org.gradle.cache.internal.DefaultFileLockManager] Waiting to acquire shared lock on daemon addresses registry.
2025-10-19T15:47:54.845-0500 [DEBUG] [org.gradle.cache.internal.DefaultFileLockManager] Lock acquired on daemon addresses registry.
2025-10-19T15:47:54.846-0500 [DEBUG] [org.gradle.cache.internal.DefaultFileLockManager] Releasing lock on daemon addresses registry.
2025-10-19T15:47:54.848-0500 [DEBUG] [org.gradle.cache.internal.DefaultFileLockManager] Waiting to acquire shared lock on daemon addresses registry.
2025-10-19T15:47:54.848-0500 [DEBUG] [org.gradle.cache.internal.DefaultFileLockManager] Lock acquired on daemon addresses registry.
2025-10-19T15:47:54.849-0500 [DEBUG] [org.gradle.cache.internal.DefaultFileLockManager] Releasing lock on daemon addresses registry.
2025-10-19T15:47:54.852-0500 [DEBUG] [org.gradle.cache.internal.DefaultFileLockManager] Waiting to acquire shared lock on daemon addresses registry.
2025-10-19T15:47:54.852-0500 [DEBUG] [org.gradle.cache.internal.DefaultFileLockManager] Lock acquired on daemon addresses registry.
2025-10-19T15:47:54.853-0500 [DEBUG] [org.gradle.cache.internal.DefaultFileLockManager] Releasing lock on daemon addresses registry.
2025-10-19T15:47:55.855-0500 [DEBUG] [org.gradle.process.internal.health.memory.DefaultMemoryManager] 841566208 physical memory requested, 444375040 free
2025-10-19T15:47:55.855-0500 [DEBUG] [org.gradle.workers.internal.WorkerDaemonExpiration] Will attempt to release 802 of memory
2025-10-19T15:47:55.855-0500 [DEBUG] [org.gradle.process.internal.health.memory.DefaultMemoryManager] 841566208 physical memory requested, 0 released, 444375040 free
2025-10-19T15:48:00.861-0500 [DEBUG] [org.gradle.process.internal.health.memory.DefaultMemoryManager] 841566208 physical memory requested, 436854784 free
2025-10-19T15:48:00.862-0500 [DEBUG] [org.gradle.workers.internal.WorkerDaemonExpiration] Will attempt to release 802 of memory
2025-10-19T15:48:00.862-0500 [DEBUG] [org.gradle.process.internal.health.memory.DefaultMemoryManager] 841566208 physical memory requested, 0 released, 436854784 free
2025-10-19T15:48:04.842-0500 [DEBUG] [org.gradle.cache.internal.DefaultFileLockManager] Waiting to acquire shared lock on daemon addresses registry.
2025-10-19T15:48:04.842-0500 [DEBUG] [org.gradle.cache.internal.DefaultFileLockManager] Lock acquired on daemon addresses registry.
2025-10-19T15:48:04.843-0500 [DEBUG] [org.gradle.cache.internal.DefaultFileLockManager] Releasing lock on daemon addresses registry.
2025-10-19T15:48:04.844-0500 [DEBUG] [org.gradle.cache.internal.DefaultFileLockManager] Waiting to acquire shared lock on daemon addresses registry.
2025-10-19T15:48:04.845-0500 [DEBUG] [org.gradle.cache.internal.DefaultFileLockManager] Lock acquired on daemon addresses registry.
2025-10-19T15:48:04.845-0500 [DEBUG] [org.gradle.cache.internal.DefaultFileLockManager] Releasing lock on daemon addresses registry.
2025-10-19T15:48:04.847-0500 [DEBUG] [org.gradle.cache.internal.DefaultFileLockManager] Waiting to acquire shared lock on daemon addresses registry.
2025-10-19T15:48:04.847-0500 [DEBUG] [org.gradle.cache.internal.DefaultFileLockManager] Lock acquired on daemon addresses registry.
2025-10-19T15:48:04.847-0500 [DEBUG] [org.gradle.cache.internal.DefaultFileLockManager] Releasing lock on daemon addresses registry.
2025-10-19T15:48:05.869-0500 [DEBUG] [org.gradle.process.internal.health.memory.DefaultMemoryManager] 841566208 physical memory requested, 439328768 free
2025-10-19T15:48:05.870-0500 [DEBUG] [org.gradle.workers.internal.WorkerDaemonExpiration] Will attempt to release 802 of memory
2025-10-19T15:48:05.870-0500 [DEBUG] [org.gradle.process.internal.health.memory.DefaultMemoryManager] 841566208 physical memory requested, 0 released, 439328768 free
2025-10-19T15:48:10.856-0500 [DEBUG] [org.gradle.process.internal.health.memory.DefaultMemoryManager] 841566208 physical memory requested, 440881152 free
2025-10-19T15:48:10.857-0500 [DEBUG] [org.gradle.workers.internal.WorkerDaemonExpiration] Will attempt to release 802 of memory
2025-10-19T15:48:10.858-0500 [DEBUG] [org.gradle.process.internal.health.memory.DefaultMemoryManager] 841566208 physical memory requested, 0 released, 440881152 free
2025-10-19T15:48:14.843-0500 [DEBUG] [org.gradle.cache.internal.DefaultFileLockManager] Waiting to acquire shared lock on daemon addresses registry.
2025-10-19T15:48:14.844-0500 [DEBUG] [org.gradle.cache.internal.DefaultFileLockManager] Lock acquired on daemon addresses registry.
2025-10-19T15:48:14.845-0500 [DEBUG] [org.gradle.cache.internal.DefaultFileLockManager] Releasing lock on daemon addresses registry.
2025-10-19T15:48:14.848-0500 [DEBUG] [org.gradle.cache.internal.DefaultFileLockManager] Waiting to acquire shared lock on daemon addresses registry.
2025-10-19T15:48:14.849-0500 [DEBUG] [org.gradle.cache.internal.DefaultFileLockManager] Lock acquired on daemon addresses registry.
2025-10-19T15:48:14.850-0500 [DEBUG] [org.gradle.cache.internal.DefaultFileLockManager] Releasing lock on daemon addresses registry.
2025-10-19T15:48:14.852-0500 [DEBUG] [org.gradle.cache.internal.DefaultFileLockManager] Waiting to acquire shared lock on daemon addresses registry.
2025-10-19T15:48:14.853-0500 [DEBUG] [org.gradle.cache.internal.DefaultFileLockManager] Lock acquired on daemon addresses registry.
2025-10-19T15:48:14.853-0500 [DEBUG] [org.gradle.cache.internal.DefaultFileLockManager] Releasing lock on daemon addresses registry.
2025-10-19T15:48:15.865-0500 [DEBUG] [org.gradle.process.internal.health.memory.DefaultMemoryManager] 841566208 physical memory requested, 426344448 free
2025-10-19T15:48:15.865-0500 [DEBUG] [org.gradle.workers.internal.WorkerDaemonExpiration] Will attempt to release 802 of memory
2025-10-19T15:48:15.865-0500 [DEBUG] [org.gradle.process.internal.health.memory.DefaultMemoryManager] 841566208 physical memory requested, 0 released, 426344448 free
2025-10-19T15:48:20.870-0500 [DEBUG] [org.gradle.process.internal.health.memory.DefaultMemoryManager] 841566208 physical memory requested, 458039296 free
2025-10-19T15:48:20.870-0500 [DEBUG] [org.gradle.workers.internal.WorkerDaemonExpiration] Will attempt to release 802 of memory
2025-10-19T15:48:20.871-0500 [DEBUG] [org.gradle.process.internal.health.memory.DefaultMemoryManager] 841566208 physical memory requested, 0 released, 458039296 free
2025-10-19T15:48:24.836-0500 [DEBUG] [org.gradle.cache.internal.DefaultFileLockManager] Waiting to acquire shared lock on daemon addresses registry.
2025-10-19T15:48:24.837-0500 [DEBUG] [org.gradle.cache.internal.DefaultFileLockManager] Lock acquired on daemon addresses registry.
2025-10-19T15:48:24.837-0500 [DEBUG] [org.gradle.cache.internal.DefaultFileLockManager] Releasing lock on daemon addresses registry.
2025-10-19T15:48:24.840-0500 [DEBUG] [org.gradle.cache.internal.DefaultFileLockManager] Waiting to acquire shared lock on daemon addresses registry.
2025-10-19T15:48:24.840-0500 [DEBUG] [org.gradle.cache.internal.DefaultFileLockManager] Lock acquired on daemon addresses registry.
2025-10-19T15:48:24.841-0500 [DEBUG] [org.gradle.cache.internal.DefaultFileLockManager] Releasing lock on daemon addresses registry.
2025-10-19T15:48:24.843-0500 [DEBUG] [org.gradle.cache.internal.DefaultFileLockManager] Waiting to acquire shared lock on daemon addresses registry.
2025-10-19T15:48:24.843-0500 [DEBUG] [org.gradle.cache.internal.DefaultFileLockManager] Lock acquired on daemon addresses registry.
2025-10-19T15:48:24.843-0500 [DEBUG] [org.gradle.cache.internal.DefaultFileLockManager] Releasing lock on daemon addresses registry.
2025-10-19T15:48:25.865-0500 [DEBUG] [org.gradle.process.internal.health.memory.DefaultMemoryManager] 841566208 physical memory requested, 431656960 free
2025-10-19T15:48:25.865-0500 [DEBUG] [org.gradle.workers.internal.WorkerDaemonExpiration] Will attempt to release 802 of memory
2025-10-19T15:48:25.865-0500 [DEBUG] [org.gradle.process.internal.health.memory.DefaultMemoryManager] 841566208 physical memory requested, 0 released, 431656960 free
2025-10-19T15:48:30.866-0500 [DEBUG] [org.gradle.process.internal.health.memory.DefaultMemoryManager] 841566208 physical memory requested, 435777536 free
2025-10-19T15:48:30.866-0500 [DEBUG] [org.gradle.workers.internal.WorkerDaemonExpiration] Will attempt to release 802 of memory
2025-10-19T15:48:30.866-0500 [DEBUG] [org.gradle.process.internal.health.memory.DefaultMemoryManager] 841566208 physical memory requested, 0 released, 435777536 free
2025-10-19T15:48:34.838-0500 [DEBUG] [org.gradle.cache.internal.DefaultFileLockManager] Waiting to acquire shared lock on daemon addresses registry.
2025-10-19T15:48:34.839-0500 [DEBUG] [org.gradle.cache.internal.DefaultFileLockManager] Lock acquired on daemon addresses registry.
2025-10-19T15:48:34.840-0500 [DEBUG] [org.gradle.cache.internal.DefaultFileLockManager] Releasing lock on daemon addresses registry.
2025-10-19T15:48:34.842-0500 [DEBUG] [org.gradle.cache.internal.DefaultFileLockManager] Waiting to acquire shared lock on daemon addresses registry.
2025-10-19T15:48:34.842-0500 [DEBUG] [org.gradle.cache.internal.DefaultFileLockManager] Lock acquired on daemon addresses registry.
2025-10-19T15:48:34.842-0500 [DEBUG] [org.gradle.cache.internal.DefaultFileLockManager] Releasing lock on daemon addresses registry.
2025-10-19T15:48:34.844-0500 [DEBUG] [org.gradle.cache.internal.DefaultFileLockManager] Waiting to acquire shared lock on daemon addresses registry.
2025-10-19T15:48:34.844-0500 [DEBUG] [org.gradle.cache.internal.DefaultFileLockManager] Lock acquired on daemon addresses registry.
2025-10-19T15:48:34.844-0500 [DEBUG] [org.gradle.cache.internal.DefaultFileLockManager] Releasing lock on daemon addresses registry.
2025-10-19T15:48:35.869-0500 [DEBUG] [org.gradle.process.internal.health.memory.DefaultMemoryManager] 841566208 physical memory requested, 436465664 free
2025-10-19T15:48:35.869-0500 [DEBUG] [org.gradle.workers.internal.WorkerDaemonExpiration] Will attempt to release 802 of memory
2025-10-19T15:48:35.869-0500 [DEBUG] [org.gradle.process.internal.health.memory.DefaultMemoryManager] 841566208 physical memory requested, 0 released, 436465664 free
2025-10-19T15:48:40.867-0500 [DEBUG] [org.gradle.process.internal.health.memory.DefaultMemoryManager] 841566208 physical memory requested, 431849472 free
2025-10-19T15:48:40.867-0500 [DEBUG] [org.gradle.workers.internal.WorkerDaemonExpiration] Will attempt to release 802 of memory
2025-10-19T15:48:40.867-0500 [DEBUG] [org.gradle.process.internal.health.memory.DefaultMemoryManager] 841566208 physical memory requested, 0 released, 431849472 free
2025-10-19T15:48:44.839-0500 [DEBUG] [org.gradle.cache.internal.DefaultFileLockManager] Waiting to acquire shared lock on daemon addresses registry.
2025-10-19T15:48:44.839-0500 [DEBUG] [org.gradle.cache.internal.DefaultFileLockManager] Lock acquired on daemon addresses registry.
2025-10-19T15:48:44.840-0500 [DEBUG] [org.gradle.cache.internal.DefaultFileLockManager] Releasing lock on daemon addresses registry.
2025-10-19T15:48:44.842-0500 [DEBUG] [org.gradle.cache.internal.DefaultFileLockManager] Waiting to acquire shared lock on daemon addresses registry.
2025-10-19T15:48:44.842-0500 [DEBUG] [org.gradle.cache.internal.DefaultFileLockManager] Lock acquired on daemon addresses registry.
2025-10-19T15:48:44.842-0500 [DEBUG] [org.gradle.cache.internal.DefaultFileLockManager] Releasing lock on daemon addresses registry.
2025-10-19T15:48:44.844-0500 [DEBUG] [org.gradle.cache.internal.DefaultFileLockManager] Waiting to acquire shared lock on daemon addresses registry.
2025-10-19T15:48:44.844-0500 [DEBUG] [org.gradle.cache.internal.DefaultFileLockManager] Lock acquired on daemon addresses registry.
2025-10-19T15:48:44.845-0500 [DEBUG] [org.gradle.cache.internal.DefaultFileLockManager] Releasing lock on daemon addresses registry.
2025-10-19T15:48:45.867-0500 [DEBUG] [org.gradle.process.internal.health.memory.DefaultMemoryManager] 841566208 physical memory requested, 410345472 free
2025-10-19T15:48:45.868-0500 [DEBUG] [org.gradle.workers.internal.WorkerDaemonExpiration] Will attempt to release 802 of memory
2025-10-19T15:48:45.868-0500 [DEBUG] [org.gradle.process.internal.health.memory.DefaultMemoryManager] 841566208 physical memory requested, 0 released, 410345472 free
2025-10-19T15:48:50.864-0500 [DEBUG] [org.gradle.process.internal.health.memory.DefaultMemoryManager] 841566208 physical memory requested, 392826880 free
2025-10-19T15:48:50.865-0500 [DEBUG] [org.gradle.workers.internal.WorkerDaemonExpiration] Will attempt to release 802 of memory
2025-10-19T15:48:50.865-0500 [DEBUG] [org.gradle.process.internal.health.memory.DefaultMemoryManager] 841566208 physical memory requested, 0 released, 392826880 free
2025-10-19T15:48:54.838-0500 [DEBUG] [org.gradle.cache.internal.DefaultFileLockManager] Waiting to acquire shared lock on daemon addresses registry.
2025-10-19T15:48:54.838-0500 [DEBUG] [org.gradle.cache.internal.DefaultFileLockManager] Lock acquired on daemon addresses registry.
2025-10-19T15:48:54.839-0500 [DEBUG] [org.gradle.cache.internal.DefaultFileLockManager] Releasing lock on daemon addresses registry.
2025-10-19T15:48:54.841-0500 [DEBUG] [org.gradle.cache.internal.DefaultFileLockManager] Waiting to acquire shared lock on daemon addresses registry.
2025-10-19T15:48:54.841-0500 [DEBUG] [org.gradle.cache.internal.DefaultFileLockManager] Lock acquired on daemon addresses registry.
2025-10-19T15:48:54.841-0500 [DEBUG] [org.gradle.cache.internal.DefaultFileLockManager] Releasing lock on daemon addresses registry.
2025-10-19T15:48:54.843-0500 [DEBUG] [org.gradle.cache.internal.DefaultFileLockManager] Waiting to acquire shared lock on daemon addresses registry.
2025-10-19T15:48:54.844-0500 [DEBUG] [org.gradle.cache.internal.DefaultFileLockManager] Lock acquired on daemon addresses registry.
2025-10-19T15:48:54.844-0500 [DEBUG] [org.gradle.cache.internal.DefaultFileLockManager] Releasing lock on daemon addresses registry.
2025-10-19T15:48:55.868-0500 [DEBUG] [org.gradle.process.internal.health.memory.DefaultMemoryManager] 841566208 physical memory requested, 355303424 free
2025-10-19T15:48:55.869-0500 [DEBUG] [org.gradle.workers.internal.WorkerDaemonExpiration] Will attempt to release 802 of memory
2025-10-19T15:48:55.869-0500 [DEBUG] [org.gradle.process.internal.health.memory.DefaultMemoryManager] 841566208 physical memory requested, 0 released, 355303424 free
2025-10-19T15:49:04.840-0500 [DEBUG] [org.gradle.cache.internal.DefaultFileLockManager] Waiting to acquire shared lock on daemon addresses registry.
2025-10-19T15:49:04.840-0500 [DEBUG] [org.gradle.cache.internal.DefaultFileLockManager] Lock acquired on daemon addresses registry.
2025-10-19T15:49:04.841-0500 [DEBUG] [org.gradle.cache.internal.DefaultFileLockManager] Releasing lock on daemon addresses registry.
2025-10-19T15:49:04.844-0500 [DEBUG] [org.gradle.cache.internal.DefaultFileLockManager] Waiting to acquire shared lock on daemon addresses registry.
2025-10-19T15:49:04.845-0500 [DEBUG] [org.gradle.cache.internal.DefaultFileLockManager] Lock acquired on daemon addresses registry.
2025-10-19T15:49:04.845-0500 [DEBUG] [org.gradle.cache.internal.DefaultFileLockManager] Releasing lock on daemon addresses registry.
2025-10-19T15:49:04.848-0500 [DEBUG] [org.gradle.cache.internal.DefaultFileLockManager] Waiting to acquire shared lock on daemon addresses registry.
2025-10-19T15:49:04.849-0500 [DEBUG] [org.gradle.cache.internal.DefaultFileLockManager] Lock acquired on daemon addresses registry.
2025-10-19T15:49:04.849-0500 [DEBUG] [org.gradle.cache.internal.DefaultFileLockManager] Releasing lock on daemon addresses registry.
2025-10-19T15:49:14.846-0500 [DEBUG] [org.gradle.cache.internal.DefaultFileLockManager] Waiting to acquire shared lock on daemon addresses registry.
2025-10-19T15:49:14.846-0500 [DEBUG] [org.gradle.cache.internal.DefaultFileLockManager] Lock acquired on daemon addresses registry.
2025-10-19T15:49:14.847-0500 [DEBUG] [org.gradle.cache.internal.DefaultFileLockManager] Releasing lock on daemon addresses registry.
2025-10-19T15:49:14.850-0500 [DEBUG] [org.gradle.cache.internal.DefaultFileLockManager] Waiting to acquire shared lock on daemon addresses registry.
2025-10-19T15:49:14.850-0500 [DEBUG] [org.gradle.cache.internal.DefaultFileLockManager] Lock acquired on daemon addresses registry.
2025-10-19T15:49:14.851-0500 [DEBUG] [org.gradle.cache.internal.DefaultFileLockManager] Releasing lock on daemon addresses registry.
2025-10-19T15:49:14.853-0500 [DEBUG] [org.gradle.cache.internal.DefaultFileLockManager] Waiting to acquire shared lock on daemon addresses registry.
2025-10-19T15:49:14.853-0500 [DEBUG] [org.gradle.cache.internal.DefaultFileLockManager] Lock acquired on daemon addresses registry.
2025-10-19T15:49:14.853-0500 [DEBUG] [org.gradle.cache.internal.DefaultFileLockManager] Releasing lock on daemon addresses registry.
2025-10-19T15:49:24.844-0500 [DEBUG] [org.gradle.cache.internal.DefaultFileLockManager] Waiting to acquire shared lock on daemon addresses registry.
2025-10-19T15:49:24.845-0500 [DEBUG] [org.gradle.cache.internal.DefaultFileLockManager] Lock acquired on daemon addresses registry.
2025-10-19T15:49:24.845-0500 [DEBUG] [org.gradle.cache.internal.DefaultFileLockManager] Releasing lock on daemon addresses registry.
2025-10-19T15:49:24.864-0500 [DEBUG] [org.gradle.cache.internal.DefaultFileLockManager] Waiting to acquire shared lock on daemon addresses registry.
2025-10-19T15:49:24.865-0500 [DEBUG] [org.gradle.cache.internal.DefaultFileLockManager] Lock acquired on daemon addresses registry.
2025-10-19T15:49:24.866-0500 [DEBUG] [org.gradle.cache.internal.DefaultFileLockManager] Releasing lock on daemon addresses registry.
2025-10-19T15:49:24.871-0500 [DEBUG] [org.gradle.cache.internal.DefaultFileLockManager] Waiting to acquire shared lock on daemon addresses registry.
2025-10-19T15:49:24.871-0500 [DEBUG] [org.gradle.cache.internal.DefaultFileLockManager] Lock acquired on daemon addresses registry.
2025-10-19T15:49:24.872-0500 [DEBUG] [org.gradle.cache.internal.DefaultFileLockManager] Releasing lock on daemon addresses registry.
2025-10-19T15:49:34.853-0500 [DEBUG] [org.gradle.cache.internal.DefaultFileLockManager] Waiting to acquire shared lock on daemon addresses registry.
2025-10-19T15:49:34.854-0500 [DEBUG] [org.gradle.cache.internal.DefaultFileLockManager] Lock acquired on daemon addresses registry.
2025-10-19T15:49:34.856-0500 [DEBUG] [org.gradle.cache.internal.DefaultFileLockManager] Releasing lock on daemon addresses registry.
2025-10-19T15:49:34.861-0500 [DEBUG] [org.gradle.cache.internal.DefaultFileLockManager] Waiting to acquire shared lock on daemon addresses registry.
2025-10-19T15:49:34.862-0500 [DEBUG] [org.gradle.cache.internal.DefaultFileLockManager] Lock acquired on daemon addresses registry.
2025-10-19T15:49:34.863-0500 [DEBUG] [org.gradle.cache.internal.DefaultFileLockManager] Releasing lock on daemon addresses registry.
2025-10-19T15:49:34.868-0500 [DEBUG] [org.gradle.cache.internal.DefaultFileLockManager] Waiting to acquire shared lock on daemon addresses registry.
2025-10-19T15:49:34.869-0500 [DEBUG] [org.gradle.cache.internal.DefaultFileLockManager] Lock acquired on daemon addresses registry.
2025-10-19T15:49:34.870-0500 [DEBUG] [org.gradle.cache.internal.DefaultFileLockManager] Releasing lock on daemon addresses registry.
2025-10-19T15:49:40.863-0500 [DEBUG] [org.gradle.process.internal.health.memory.DefaultMemoryManager] 841566208 physical memory requested, 824242176 free
2025-10-19T15:49:40.863-0500 [DEBUG] [org.gradle.workers.internal.WorkerDaemonExpiration] Will attempt to release 802 of memory
2025-10-19T15:49:40.863-0500 [DEBUG] [org.gradle.process.internal.health.memory.DefaultMemoryManager] 841566208 physical memory requested, 0 released, 824242176 free
2025-10-19T15:49:44.853-0500 [DEBUG] [org.gradle.cache.internal.DefaultFileLockManager] Waiting to acquire shared lock on daemon addresses registry.
2025-10-19T15:49:44.853-0500 [DEBUG] [org.gradle.cache.internal.DefaultFileLockManager] Lock acquired on daemon addresses registry.
2025-10-19T15:49:44.855-0500 [DEBUG] [org.gradle.cache.internal.DefaultFileLockManager] Releasing lock on daemon addresses registry.
2025-10-19T15:49:44.859-0500 [DEBUG] [org.gradle.cache.internal.DefaultFileLockManager] Waiting to acquire shared lock on daemon addresses registry.
2025-10-19T15:49:44.860-0500 [DEBUG] [org.gradle.cache.internal.DefaultFileLockManager] Lock acquired on daemon addresses registry.
2025-10-19T15:49:44.861-0500 [DEBUG] [org.gradle.cache.internal.DefaultFileLockManager] Releasing lock on daemon addresses registry.
2025-10-19T15:49:44.866-0500 [DEBUG] [org.gradle.cache.internal.DefaultFileLockManager] Waiting to acquire shared lock on daemon addresses registry.
2025-10-19T15:49:44.867-0500 [DEBUG] [org.gradle.cache.internal.DefaultFileLockManager] Lock acquired on daemon addresses registry.
2025-10-19T15:49:44.868-0500 [DEBUG] [org.gradle.cache.internal.DefaultFileLockManager] Releasing lock on daemon addresses registry.
2025-10-19T15:49:45.862-0500 [DEBUG] [org.gradle.process.internal.health.memory.DefaultMemoryManager] 841566208 physical memory requested, 821395456 free
2025-10-19T15:49:45.862-0500 [DEBUG] [org.gradle.workers.internal.WorkerDaemonExpiration] Will attempt to release 802 of memory
2025-10-19T15:49:45.862-0500 [DEBUG] [org.gradle.process.internal.health.memory.DefaultMemoryManager] 841566208 physical memory requested, 0 released, 821395456 free
2025-10-19T15:49:50.860-0500 [DEBUG] [org.gradle.process.internal.health.memory.DefaultMemoryManager] 841566208 physical memory requested, 821145600 free
2025-10-19T15:49:50.860-0500 [DEBUG] [org.gradle.workers.internal.WorkerDaemonExpiration] Will attempt to release 802 of memory
2025-10-19T15:49:50.861-0500 [DEBUG] [org.gradle.process.internal.health.memory.DefaultMemoryManager] 841566208 physical memory requested, 0 released, 821145600 free
2025-10-19T15:49:54.843-0500 [DEBUG] [org.gradle.cache.internal.DefaultFileLockManager] Waiting to acquire shared lock on daemon addresses registry.
2025-10-19T15:49:54.843-0500 [DEBUG] [org.gradle.cache.internal.DefaultFileLockManager] Lock acquired on daemon addresses registry.
2025-10-19T15:49:54.844-0500 [DEBUG] [org.gradle.cache.internal.DefaultFileLockManager] Releasing lock on daemon addresses registry.
2025-10-19T15:49:54.846-0500 [DEBUG] [org.gradle.cache.internal.DefaultFileLockManager] Waiting to acquire shared lock on daemon addresses registry.
2025-10-19T15:49:54.847-0500 [DEBUG] [org.gradle.cache.internal.DefaultFileLockManager] Lock acquired on daemon addresses registry.
2025-10-19T15:49:54.847-0500 [DEBUG] [org.gradle.cache.internal.DefaultFileLockManager] Releasing lock on daemon addresses registry.
2025-10-19T15:49:54.849-0500 [DEBUG] [org.gradle.cache.internal.DefaultFileLockManager] Waiting to acquire shared lock on daemon addresses registry.
2025-10-19T15:49:54.849-0500 [DEBUG] [org.gradle.cache.internal.DefaultFileLockManager] Lock acquired on daemon addresses registry.
2025-10-19T15:49:54.850-0500 [DEBUG] [org.gradle.cache.internal.DefaultFileLockManager] Releasing lock on daemon addresses registry.
2025-10-19T15:49:55.866-0500 [DEBUG] [org.gradle.process.internal.health.memory.DefaultMemoryManager] 841566208 physical memory requested, 676327424 free
2025-10-19T15:49:55.866-0500 [DEBUG] [org.gradle.workers.internal.WorkerDaemonExpiration] Will attempt to release 802 of memory
2025-10-19T15:49:55.866-0500 [DEBUG] [org.gradle.process.internal.health.memory.DefaultMemoryManager] 841566208 physical memory requested, 0 released, 676327424 free
2025-10-19T15:50:00.863-0500 [DEBUG] [org.gradle.process.internal.health.memory.DefaultMemoryManager] 841566208 physical memory requested, 685342720 free
2025-10-19T15:50:00.863-0500 [DEBUG] [org.gradle.workers.internal.WorkerDaemonExpiration] Will attempt to release 802 of memory
2025-10-19T15:50:00.863-0500 [DEBUG] [org.gradle.process.internal.health.memory.DefaultMemoryManager] 841566208 physical memory requested, 0 released, 685342720 free
2025-10-19T15:50:04.853-0500 [DEBUG] [org.gradle.cache.internal.DefaultFileLockManager] Waiting to acquire shared lock on daemon addresses registry.
2025-10-19T15:50:04.853-0500 [DEBUG] [org.gradle.cache.internal.DefaultFileLockManager] Lock acquired on daemon addresses registry.
2025-10-19T15:50:04.853-0500 [DEBUG] [org.gradle.cache.internal.DefaultFileLockManager] Releasing lock on daemon addresses registry.
2025-10-19T15:50:04.855-0500 [DEBUG] [org.gradle.cache.internal.DefaultFileLockManager] Waiting to acquire shared lock on daemon addresses registry.
2025-10-19T15:50:04.855-0500 [DEBUG] [org.gradle.cache.internal.DefaultFileLockManager] Lock acquired on daemon addresses registry.
2025-10-19T15:50:04.856-0500 [DEBUG] [org.gradle.cache.internal.DefaultFileLockManager] Releasing lock on daemon addresses registry.
2025-10-19T15:50:04.857-0500 [DEBUG] [org.gradle.cache.internal.DefaultFileLockManager] Waiting to acquire shared lock on daemon addresses registry.
2025-10-19T15:50:04.858-0500 [DEBUG] [org.gradle.cache.internal.DefaultFileLockManager] Lock acquired on daemon addresses registry.
2025-10-19T15:50:04.858-0500 [DEBUG] [org.gradle.cache.internal.DefaultFileLockManager] Releasing lock on daemon addresses registry.
2025-10-19T15:50:05.868-0500 [DEBUG] [org.gradle.process.internal.health.memory.DefaultMemoryManager] 841566208 physical memory requested, 702906368 free
2025-10-19T15:50:05.869-0500 [DEBUG] [org.gradle.workers.internal.WorkerDaemonExpiration] Will attempt to release 802 of memory
2025-10-19T15:50:05.869-0500 [DEBUG] [org.gradle.process.internal.health.memory.DefaultMemoryManager] 841566208 physical memory requested, 0 released, 702906368 free
2025-10-19T15:50:10.860-0500 [DEBUG] [org.gradle.process.internal.health.memory.DefaultMemoryManager] 841566208 physical memory requested, 719495168 free
2025-10-19T15:50:10.860-0500 [DEBUG] [org.gradle.workers.internal.WorkerDaemonExpiration] Will attempt to release 802 of memory
2025-10-19T15:50:10.860-0500 [DEBUG] [org.gradle.process.internal.health.memory.DefaultMemoryManager] 841566208 physical memory requested, 0 released, 719495168 free
2025-10-19T15:50:14.849-0500 [DEBUG] [org.gradle.cache.internal.DefaultFileLockManager] Waiting to acquire shared lock on daemon addresses registry.
2025-10-19T15:50:14.849-0500 [DEBUG] [org.gradle.cache.internal.DefaultFileLockManager] Lock acquired on daemon addresses registry.
2025-10-19T15:50:14.850-0500 [DEBUG] [org.gradle.cache.internal.DefaultFileLockManager] Releasing lock on daemon addresses registry.
2025-10-19T15:50:14.852-0500 [DEBUG] [org.gradle.cache.internal.DefaultFileLockManager] Waiting to acquire shared lock on daemon addresses registry.
2025-10-19T15:50:14.853-0500 [DEBUG] [org.gradle.cache.internal.DefaultFileLockManager] Lock acquired on daemon addresses registry.
2025-10-19T15:50:14.853-0500 [DEBUG] [org.gradle.cache.internal.DefaultFileLockManager] Releasing lock on daemon addresses registry.
2025-10-19T15:50:14.855-0500 [DEBUG] [org.gradle.cache.internal.DefaultFileLockManager] Waiting to acquire shared lock on daemon addresses registry.
2025-10-19T15:50:14.856-0500 [DEBUG] [org.gradle.cache.internal.DefaultFileLockManager] Lock acquired on daemon addresses registry.
2025-10-19T15:50:14.856-0500 [DEBUG] [org.gradle.cache.internal.DefaultFileLockManager] Releasing lock on daemon addresses registry.
2025-10-19T15:50:24.851-0500 [DEBUG] [org.gradle.cache.internal.DefaultFileLockManager] Waiting to acquire shared lock on daemon addresses registry.
2025-10-19T15:50:24.852-0500 [DEBUG] [org.gradle.cache.internal.DefaultFileLockManager] Lock acquired on daemon addresses registry.
2025-10-19T15:50:24.853-0500 [DEBUG] [org.gradle.cache.internal.DefaultFileLockManager] Releasing lock on daemon addresses registry.
2025-10-19T15:50:24.858-0500 [DEBUG] [org.gradle.cache.internal.DefaultFileLockManager] Waiting to acquire shared lock on daemon addresses registry.
2025-10-19T15:50:24.859-0500 [DEBUG] [org.gradle.cache.internal.DefaultFileLockManager] Lock acquired on daemon addresses registry.
2025-10-19T15:50:24.861-0500 [DEBUG] [org.gradle.cache.internal.DefaultFileLockManager] Releasing lock on daemon addresses registry.
2025-10-19T15:50:24.865-0500 [DEBUG] [org.gradle.cache.internal.DefaultFileLockManager] Waiting to acquire shared lock on daemon addresses registry.
2025-10-19T15:50:24.866-0500 [DEBUG] [org.gradle.cache.internal.DefaultFileLockManager] Lock acquired on daemon addresses registry.
2025-10-19T15:50:24.867-0500 [DEBUG] [org.gradle.cache.internal.DefaultFileLockManager] Releasing lock on daemon addresses registry.
2025-10-19T15:50:34.853-0500 [DEBUG] [org.gradle.cache.internal.DefaultFileLockManager] Waiting to acquire shared lock on daemon addresses registry.
2025-10-19T15:50:34.854-0500 [DEBUG] [org.gradle.cache.internal.DefaultFileLockManager] Lock acquired on daemon addresses registry.
2025-10-19T15:50:34.856-0500 [DEBUG] [org.gradle.cache.internal.DefaultFileLockManager] Releasing lock on daemon addresses registry.
2025-10-19T15:50:34.862-0500 [DEBUG] [org.gradle.cache.internal.DefaultFileLockManager] Waiting to acquire shared lock on daemon addresses registry.
2025-10-19T15:50:34.863-0500 [DEBUG] [org.gradle.cache.internal.DefaultFileLockManager] Lock acquired on daemon addresses registry.
2025-10-19T15:50:34.865-0500 [DEBUG] [org.gradle.cache.internal.DefaultFileLockManager] Releasing lock on daemon addresses registry.
2025-10-19T15:50:34.870-0500 [DEBUG] [org.gradle.cache.internal.DefaultFileLockManager] Waiting to acquire shared lock on daemon addresses registry.
2025-10-19T15:50:34.871-0500 [DEBUG] [org.gradle.cache.internal.DefaultFileLockManager] Lock acquired on daemon addresses registry.
2025-10-19T15:50:34.872-0500 [DEBUG] [org.gradle.cache.internal.DefaultFileLockManager] Releasing lock on daemon addresses registry.
2025-10-19T15:50:44.841-0500 [DEBUG] [org.gradle.cache.internal.DefaultFileLockManager] Waiting to acquire shared lock on daemon addresses registry.
2025-10-19T15:50:44.841-0500 [DEBUG] [org.gradle.cache.internal.DefaultFileLockManager] Lock acquired on daemon addresses registry.
2025-10-19T15:50:44.842-0500 [DEBUG] [org.gradle.cache.internal.DefaultFileLockManager] Releasing lock on daemon addresses registry.
2025-10-19T15:50:44.843-0500 [DEBUG] [org.gradle.cache.internal.DefaultFileLockManager] Waiting to acquire shared lock on daemon addresses registry.
2025-10-19T15:50:44.843-0500 [DEBUG] [org.gradle.cache.internal.DefaultFileLockManager] Lock acquired on daemon addresses registry.
2025-10-19T15:50:44.844-0500 [DEBUG] [org.gradle.cache.internal.DefaultFileLockManager] Releasing lock on daemon addresses registry.
2025-10-19T15:50:44.845-0500 [DEBUG] [org.gradle.cache.internal.DefaultFileLockManager] Waiting to acquire shared lock on daemon addresses registry.
2025-10-19T15:50:44.845-0500 [DEBUG] [org.gradle.cache.internal.DefaultFileLockManager] Lock acquired on daemon addresses registry.
2025-10-19T15:50:44.845-0500 [DEBUG] [org.gradle.cache.internal.DefaultFileLockManager] Releasing lock on daemon addresses registry.
2025-10-19T15:50:54.846-0500 [DEBUG] [org.gradle.cache.internal.DefaultFileLockManager] Waiting to acquire shared lock on daemon addresses registry.
2025-10-19T15:50:54.847-0500 [DEBUG] [org.gradle.cache.internal.DefaultFileLockManager] Lock acquired on daemon addresses registry.
2025-10-19T15:50:54.848-0500 [DEBUG] [org.gradle.cache.internal.DefaultFileLockManager] Releasing lock on daemon addresses registry.
2025-10-19T15:50:54.853-0500 [DEBUG] [org.gradle.cache.internal.DefaultFileLockManager] Waiting to acquire shared lock on daemon addresses registry.
2025-10-19T15:50:54.854-0500 [DEBUG] [org.gradle.cache.internal.DefaultFileLockManager] Lock acquired on daemon addresses registry.
2025-10-19T15:50:54.855-0500 [DEBUG] [org.gradle.cache.internal.DefaultFileLockManager] Releasing lock on daemon addresses registry.
2025-10-19T15:50:54.861-0500 [DEBUG] [org.gradle.cache.internal.DefaultFileLockManager] Waiting to acquire shared lock on daemon addresses registry.
2025-10-19T15:50:54.861-0500 [DEBUG] [org.gradle.cache.internal.DefaultFileLockManager] Lock acquired on daemon addresses registry.
2025-10-19T15:50:54.862-0500 [DEBUG] [org.gradle.cache.internal.DefaultFileLockManager] Releasing lock on daemon addresses registry.
2025-10-19T15:51:04.845-0500 [DEBUG] [org.gradle.cache.internal.DefaultFileLockManager] Waiting to acquire shared lock on daemon addresses registry.
2025-10-19T15:51:04.846-0500 [DEBUG] [org.gradle.cache.internal.DefaultFileLockManager] Lock acquired on daemon addresses registry.
2025-10-19T15:51:04.846-0500 [DEBUG] [org.gradle.cache.internal.DefaultFileLockManager] Releasing lock on daemon addresses registry.
2025-10-19T15:51:04.848-0500 [DEBUG] [org.gradle.cache.internal.DefaultFileLockManager] Waiting to acquire shared lock on daemon addresses registry.
2025-10-19T15:51:04.849-0500 [DEBUG] [org.gradle.cache.internal.DefaultFileLockManager] Lock acquired on daemon addresses registry.
2025-10-19T15:51:04.849-0500 [DEBUG] [org.gradle.cache.internal.DefaultFileLockManager] Releasing lock on daemon addresses registry.
2025-10-19T15:51:04.851-0500 [DEBUG] [org.gradle.cache.internal.DefaultFileLockManager] Waiting to acquire shared lock on daemon addresses registry.
2025-10-19T15:51:04.852-0500 [DEBUG] [org.gradle.cache.internal.DefaultFileLockManager] Lock acquired on daemon addresses registry.
2025-10-19T15:51:04.852-0500 [DEBUG] [org.gradle.cache.internal.DefaultFileLockManager] Releasing lock on daemon addresses registry.
2025-10-19T15:51:14.849-0500 [DEBUG] [org.gradle.cache.internal.DefaultFileLockManager] Waiting to acquire shared lock on daemon addresses registry.
2025-10-19T15:51:14.850-0500 [DEBUG] [org.gradle.cache.internal.DefaultFileLockManager] Lock acquired on daemon addresses registry.
2025-10-19T15:51:14.850-0500 [DEBUG] [org.gradle.cache.internal.DefaultFileLockManager] Releasing lock on daemon addresses registry.
2025-10-19T15:51:14.853-0500 [DEBUG] [org.gradle.cache.internal.DefaultFileLockManager] Waiting to acquire shared lock on daemon addresses registry.
2025-10-19T15:51:14.854-0500 [DEBUG] [org.gradle.cache.internal.DefaultFileLockManager] Lock acquired on daemon addresses registry.
2025-10-19T15:51:14.854-0500 [DEBUG] [org.gradle.cache.internal.DefaultFileLockManager] Releasing lock on daemon addresses registry.
2025-10-19T15:51:14.856-0500 [DEBUG] [org.gradle.cache.internal.DefaultFileLockManager] Waiting to acquire shared lock on daemon addresses registry.
2025-10-19T15:51:14.856-0500 [DEBUG] [org.gradle.cache.internal.DefaultFileLockManager] Lock acquired on daemon addresses registry.
2025-10-19T15:51:14.857-0500 [DEBUG] [org.gradle.cache.internal.DefaultFileLockManager] Releasing lock on daemon addresses registry.
2025-10-19T15:51:24.846-0500 [DEBUG] [org.gradle.cache.internal.DefaultFileLockManager] Waiting to acquire shared lock on daemon addresses registry.
2025-10-19T15:51:24.846-0500 [DEBUG] [org.gradle.cache.internal.DefaultFileLockManager] Lock acquired on daemon addresses registry.
2025-10-19T15:51:24.847-0500 [DEBUG] [org.gradle.cache.internal.DefaultFileLockManager] Releasing lock on daemon addresses registry.
2025-10-19T15:51:24.849-0500 [DEBUG] [org.gradle.cache.internal.DefaultFileLockManager] Waiting to acquire shared lock on daemon addresses registry.
2025-10-19T15:51:24.849-0500 [DEBUG] [org.gradle.cache.internal.DefaultFileLockManager] Lock acquired on daemon addresses registry.
2025-10-19T15:51:24.850-0500 [DEBUG] [org.gradle.cache.internal.DefaultFileLockManager] Releasing lock on daemon addresses registry.
2025-10-19T15:51:24.852-0500 [DEBUG] [org.gradle.cache.internal.DefaultFileLockManager] Waiting to acquire shared lock on daemon addresses registry.
2025-10-19T15:51:24.852-0500 [DEBUG] [org.gradle.cache.internal.DefaultFileLockManager] Lock acquired on daemon addresses registry.
2025-10-19T15:51:24.853-0500 [DEBUG] [org.gradle.cache.internal.DefaultFileLockManager] Releasing lock on daemon addresses registry.
2025-10-19T15:51:34.850-0500 [DEBUG] [org.gradle.cache.internal.DefaultFileLockManager] Waiting to acquire shared lock on daemon addresses registry.
2025-10-19T15:51:34.850-0500 [DEBUG] [org.gradle.cache.internal.DefaultFileLockManager] Lock acquired on daemon addresses registry.
2025-10-19T15:51:34.850-0500 [DEBUG] [org.gradle.cache.internal.DefaultFileLockManager] Releasing lock on daemon addresses registry.
2025-10-19T15:51:34.852-0500 [DEBUG] [org.gradle.cache.internal.DefaultFileLockManager] Waiting to acquire shared lock on daemon addresses registry.
2025-10-19T15:51:34.853-0500 [DEBUG] [org.gradle.cache.internal.DefaultFileLockManager] Lock acquired on daemon addresses registry.
2025-10-19T15:51:34.853-0500 [DEBUG] [org.gradle.cache.internal.DefaultFileLockManager] Releasing lock on daemon addresses registry.
2025-10-19T15:51:34.855-0500 [DEBUG] [org.gradle.cache.internal.DefaultFileLockManager] Waiting to acquire shared lock on daemon addresses registry.
2025-10-19T15:51:34.855-0500 [DEBUG] [org.gradle.cache.internal.DefaultFileLockManager] Lock acquired on daemon addresses registry.
2025-10-19T15:51:34.856-0500 [DEBUG] [org.gradle.cache.internal.DefaultFileLockManager] Releasing lock on daemon addresses registry.
2025-10-19T15:51:44.842-0500 [DEBUG] [org.gradle.cache.internal.DefaultFileLockManager] Waiting to acquire shared lock on daemon addresses registry.
2025-10-19T15:51:44.843-0500 [DEBUG] [org.gradle.cache.internal.DefaultFileLockManager] Lock acquired on daemon addresses registry.
2025-10-19T15:51:44.843-0500 [DEBUG] [org.gradle.cache.internal.DefaultFileLockManager] Releasing lock on daemon addresses registry.
2025-10-19T15:51:44.846-0500 [DEBUG] [org.gradle.cache.internal.DefaultFileLockManager] Waiting to acquire shared lock on daemon addresses registry.
2025-10-19T15:51:44.846-0500 [DEBUG] [org.gradle.cache.internal.DefaultFileLockManager] Lock acquired on daemon addresses registry.
2025-10-19T15:51:44.847-0500 [DEBUG] [org.gradle.cache.internal.DefaultFileLockManager] Releasing lock on daemon addresses registry.
2025-10-19T15:51:44.849-0500 [DEBUG] [org.gradle.cache.internal.DefaultFileLockManager] Waiting to acquire shared lock on daemon addresses registry.
2025-10-19T15:51:44.850-0500 [DEBUG] [org.gradle.cache.internal.DefaultFileLockManager] Lock acquired on daemon addresses registry.
2025-10-19T15:51:44.850-0500 [DEBUG] [org.gradle.cache.internal.DefaultFileLockManager] Releasing lock on daemon addresses registry.
2025-10-19T15:51:54.852-0500 [DEBUG] [org.gradle.cache.internal.DefaultFileLockManager] Waiting to acquire shared lock on daemon addresses registry.
2025-10-19T15:51:54.852-0500 [DEBUG] [org.gradle.cache.internal.DefaultFileLockManager] Lock acquired on daemon addresses registry.
2025-10-19T15:51:54.853-0500 [DEBUG] [org.gradle.cache.internal.DefaultFileLockManager] Releasing lock on daemon addresses registry.
2025-10-19T15:51:54.855-0500 [DEBUG] [org.gradle.cache.internal.DefaultFileLockManager] Waiting to acquire shared lock on daemon addresses registry.
2025-10-19T15:51:54.855-0500 [DEBUG] [org.gradle.cache.internal.DefaultFileLockManager] Lock acquired on daemon addresses registry.
2025-10-19T15:51:54.856-0500 [DEBUG] [org.gradle.cache.internal.DefaultFileLockManager] Releasing lock on daemon addresses registry.
2025-10-19T15:51:54.859-0500 [DEBUG] [org.gradle.cache.internal.DefaultFileLockManager] Waiting to acquire shared lock on daemon addresses registry.
2025-10-19T15:51:54.859-0500 [DEBUG] [org.gradle.cache.internal.DefaultFileLockManager] Lock acquired on daemon addresses registry.
2025-10-19T15:51:54.860-0500 [DEBUG] [org.gradle.cache.internal.DefaultFileLockManager] Releasing lock on daemon addresses registry.
2025-10-19T15:52:04.841-0500 [DEBUG] [org.gradle.cache.internal.DefaultFileLockManager] Waiting to acquire shared lock on daemon addresses registry.
2025-10-19T15:52:04.841-0500 [DEBUG] [org.gradle.cache.internal.DefaultFileLockManager] Lock acquired on daemon addresses registry.
2025-10-19T15:52:04.841-0500 [DEBUG] [org.gradle.cache.internal.DefaultFileLockManager] Releasing lock on daemon addresses registry.
2025-10-19T15:52:04.842-0500 [DEBUG] [org.gradle.cache.internal.DefaultFileLockManager] Waiting to acquire shared lock on daemon addresses registry.
2025-10-19T15:52:04.842-0500 [DEBUG] [org.gradle.cache.internal.DefaultFileLockManager] Lock acquired on daemon addresses registry.
2025-10-19T15:52:04.843-0500 [DEBUG] [org.gradle.cache.internal.DefaultFileLockManager] Releasing lock on daemon addresses registry.
2025-10-19T15:52:04.844-0500 [DEBUG] [org.gradle.cache.internal.DefaultFileLockManager] Waiting to acquire shared lock on daemon addresses registry.
2025-10-19T15:52:04.844-0500 [DEBUG] [org.gradle.cache.internal.DefaultFileLockManager] Lock acquired on daemon addresses registry.
2025-10-19T15:52:04.844-0500 [DEBUG] [org.gradle.cache.internal.DefaultFileLockManager] Releasing lock on daemon addresses registry.
2025-10-19T15:52:14.840-0500 [DEBUG] [org.gradle.cache.internal.DefaultFileLockManager] Waiting to acquire shared lock on daemon addresses registry.
2025-10-19T15:52:14.841-0500 [DEBUG] [org.gradle.cache.internal.DefaultFileLockManager] Lock acquired on daemon addresses registry.
2025-10-19T15:52:14.841-0500 [DEBUG] [org.gradle.cache.internal.DefaultFileLockManager] Releasing lock on daemon addresses registry.
2025-10-19T15:52:14.844-0500 [DEBUG] [org.gradle.cache.internal.DefaultFileLockManager] Waiting to acquire shared lock on daemon addresses registry.
2025-10-19T15:52:14.845-0500 [DEBUG] [org.gradle.cache.internal.DefaultFileLockManager] Lock acquired on daemon addresses registry.
2025-10-19T15:52:14.846-0500 [DEBUG] [org.gradle.cache.internal.DefaultFileLockManager] Releasing lock on daemon addresses registry.
2025-10-19T15:52:14.849-0500 [DEBUG] [org.gradle.cache.internal.DefaultFileLockManager] Waiting to acquire shared lock on daemon addresses registry.
2025-10-19T15:52:14.849-0500 [DEBUG] [org.gradle.cache.internal.DefaultFileLockManager] Lock acquired on daemon addresses registry.
2025-10-19T15:52:14.850-0500 [DEBUG] [org.gradle.cache.internal.DefaultFileLockManager] Releasing lock on daemon addresses registry.
2025-10-19T15:52:24.838-0500 [DEBUG] [org.gradle.cache.internal.DefaultFileLockManager] Waiting to acquire shared lock on daemon addresses registry.
2025-10-19T15:52:24.839-0500 [DEBUG] [org.gradle.cache.internal.DefaultFileLockManager] Lock acquired on daemon addresses registry.
2025-10-19T15:52:24.839-0500 [DEBUG] [org.gradle.cache.internal.DefaultFileLockManager] Releasing lock on daemon addresses registry.
2025-10-19T15:52:24.841-0500 [DEBUG] [org.gradle.cache.internal.DefaultFileLockManager] Waiting to acquire shared lock on daemon addresses registry.
2025-10-19T15:52:24.841-0500 [DEBUG] [org.gradle.cache.internal.DefaultFileLockManager] Lock acquired on daemon addresses registry.
2025-10-19T15:52:24.841-0500 [DEBUG] [org.gradle.cache.internal.DefaultFileLockManager] Releasing lock on daemon addresses registry.
2025-10-19T15:52:24.843-0500 [DEBUG] [org.gradle.cache.internal.DefaultFileLockManager] Waiting to acquire shared lock on daemon addresses registry.
2025-10-19T15:52:24.843-0500 [DEBUG] [org.gradle.cache.internal.DefaultFileLockManager] Lock acquired on daemon addresses registry.
2025-10-19T15:52:24.844-0500 [DEBUG] [org.gradle.cache.internal.DefaultFileLockManager] Releasing lock on daemon addresses registry.
2025-10-19T15:52:34.849-0500 [DEBUG] [org.gradle.cache.internal.DefaultFileLockManager] Waiting to acquire shared lock on daemon addresses registry.
2025-10-19T15:52:34.849-0500 [DEBUG] [org.gradle.cache.internal.DefaultFileLockManager] Lock acquired on daemon addresses registry.
2025-10-19T15:52:34.850-0500 [DEBUG] [org.gradle.cache.internal.DefaultFileLockManager] Releasing lock on daemon addresses registry.
2025-10-19T15:52:34.852-0500 [DEBUG] [org.gradle.cache.internal.DefaultFileLockManager] Waiting to acquire shared lock on daemon addresses registry.
2025-10-19T15:52:34.852-0500 [DEBUG] [org.gradle.cache.internal.DefaultFileLockManager] Lock acquired on daemon addresses registry.
2025-10-19T15:52:34.853-0500 [DEBUG] [org.gradle.cache.internal.DefaultFileLockManager] Releasing lock on daemon addresses registry.
2025-10-19T15:52:34.855-0500 [DEBUG] [org.gradle.cache.internal.DefaultFileLockManager] Waiting to acquire shared lock on daemon addresses registry.
2025-10-19T15:52:34.855-0500 [DEBUG] [org.gradle.cache.internal.DefaultFileLockManager] Lock acquired on daemon addresses registry.
2025-10-19T15:52:34.855-0500 [DEBUG] [org.gradle.cache.internal.DefaultFileLockManager] Releasing lock on daemon addresses registry.
2025-10-19T15:52:44.838-0500 [DEBUG] [org.gradle.cache.internal.DefaultFileLockManager] Waiting to acquire shared lock on daemon addresses registry.
2025-10-19T15:52:44.838-0500 [DEBUG] [org.gradle.cache.internal.DefaultFileLockManager] Lock acquired on daemon addresses registry.
2025-10-19T15:52:44.838-0500 [DEBUG] [org.gradle.cache.internal.DefaultFileLockManager] Releasing lock on daemon addresses registry.
2025-10-19T15:52:44.840-0500 [DEBUG] [org.gradle.cache.internal.DefaultFileLockManager] Waiting to acquire shared lock on daemon addresses registry.
2025-10-19T15:52:44.840-0500 [DEBUG] [org.gradle.cache.internal.DefaultFileLockManager] Lock acquired on daemon addresses registry.
2025-10-19T15:52:44.840-0500 [DEBUG] [org.gradle.cache.internal.DefaultFileLockManager] Releasing lock on daemon addresses registry.
2025-10-19T15:52:44.841-0500 [DEBUG] [org.gradle.cache.internal.DefaultFileLockManager] Waiting to acquire shared lock on daemon addresses registry.
2025-10-19T15:52:44.841-0500 [DEBUG] [org.gradle.cache.internal.DefaultFileLockManager] Lock acquired on daemon addresses registry.
2025-10-19T15:52:44.842-0500 [DEBUG] [org.gradle.cache.internal.DefaultFileLockManager] Releasing lock on daemon addresses registry.
2025-10-19T15:52:54.843-0500 [DEBUG] [org.gradle.cache.internal.DefaultFileLockManager] Waiting to acquire shared lock on daemon addresses registry.
2025-10-19T15:52:54.844-0500 [DEBUG] [org.gradle.cache.internal.DefaultFileLockManager] Lock acquired on daemon addresses registry.
2025-10-19T15:52:54.844-0500 [DEBUG] [org.gradle.cache.internal.DefaultFileLockManager] Releasing lock on daemon addresses registry.
2025-10-19T15:52:54.846-0500 [DEBUG] [org.gradle.cache.internal.DefaultFileLockManager] Waiting to acquire shared lock on daemon addresses registry.
2025-10-19T15:52:54.846-0500 [DEBUG] [org.gradle.cache.internal.DefaultFileLockManager] Lock acquired on daemon addresses registry.
2025-10-19T15:52:54.847-0500 [DEBUG] [org.gradle.cache.internal.DefaultFileLockManager] Releasing lock on daemon addresses registry.
2025-10-19T15:52:54.849-0500 [DEBUG] [org.gradle.cache.internal.DefaultFileLockManager] Waiting to acquire shared lock on daemon addresses registry.
2025-10-19T15:52:54.849-0500 [DEBUG] [org.gradle.cache.internal.DefaultFileLockManager] Lock acquired on daemon addresses registry.
2025-10-19T15:52:54.849-0500 [DEBUG] [org.gradle.cache.internal.DefaultFileLockManager] Releasing lock on daemon addresses registry.
2025-10-19T15:53:04.848-0500 [DEBUG] [org.gradle.cache.internal.DefaultFileLockManager] Waiting to acquire shared lock on daemon addresses registry.
2025-10-19T15:53:04.848-0500 [DEBUG] [org.gradle.cache.internal.DefaultFileLockManager] Lock acquired on daemon addresses registry.
2025-10-19T15:53:04.849-0500 [DEBUG] [org.gradle.cache.internal.DefaultFileLockManager] Releasing lock on daemon addresses registry.
2025-10-19T15:53:04.852-0500 [DEBUG] [org.gradle.cache.internal.DefaultFileLockManager] Waiting to acquire shared lock on daemon addresses registry.
2025-10-19T15:53:04.852-0500 [DEBUG] [org.gradle.cache.internal.DefaultFileLockManager] Lock acquired on daemon addresses registry.
2025-10-19T15:53:04.852-0500 [DEBUG] [org.gradle.cache.internal.DefaultFileLockManager] Releasing lock on daemon addresses registry.
2025-10-19T15:53:04.854-0500 [DEBUG] [org.gradle.cache.internal.DefaultFileLockManager] Waiting to acquire shared lock on daemon addresses registry.
2025-10-19T15:53:04.854-0500 [DEBUG] [org.gradle.cache.internal.DefaultFileLockManager] Lock acquired on daemon addresses registry.
2025-10-19T15:53:04.855-0500 [DEBUG] [org.gradle.cache.internal.DefaultFileLockManager] Releasing lock on daemon addresses registry.
2025-10-19T15:53:14.852-0500 [DEBUG] [org.gradle.cache.internal.DefaultFileLockManager] Waiting to acquire shared lock on daemon addresses registry.
2025-10-19T15:53:14.852-0500 [DEBUG] [org.gradle.cache.internal.DefaultFileLockManager] Lock acquired on daemon addresses registry.
2025-10-19T15:53:14.854-0500 [DEBUG] [org.gradle.cache.internal.DefaultFileLockManager] Releasing lock on daemon addresses registry.
2025-10-19T15:53:14.857-0500 [DEBUG] [org.gradle.cache.internal.DefaultFileLockManager] Waiting to acquire shared lock on daemon addresses registry.
2025-10-19T15:53:14.858-0500 [DEBUG] [org.gradle.cache.internal.DefaultFileLockManager] Lock acquired on daemon addresses registry.
2025-10-19T15:53:14.859-0500 [DEBUG] [org.gradle.cache.internal.DefaultFileLockManager] Releasing lock on daemon addresses registry.
2025-10-19T15:53:14.861-0500 [DEBUG] [org.gradle.cache.internal.DefaultFileLockManager] Waiting to acquire shared lock on daemon addresses registry.
2025-10-19T15:53:14.862-0500 [DEBUG] [org.gradle.cache.internal.DefaultFileLockManager] Lock acquired on daemon addresses registry.
2025-10-19T15:53:14.862-0500 [DEBUG] [org.gradle.cache.internal.DefaultFileLockManager] Releasing lock on daemon addresses registry.
2025-10-19T15:53:24.842-0500 [DEBUG] [org.gradle.cache.internal.DefaultFileLockManager] Waiting to acquire shared lock on daemon addresses registry.
2025-10-19T15:53:24.842-0500 [DEBUG] [org.gradle.cache.internal.DefaultFileLockManager] Lock acquired on daemon addresses registry.
2025-10-19T15:53:24.844-0500 [DEBUG] [org.gradle.cache.internal.DefaultFileLockManager] Releasing lock on daemon addresses registry.
2025-10-19T15:53:24.850-0500 [DEBUG] [org.gradle.cache.internal.DefaultFileLockManager] Waiting to acquire shared lock on daemon addresses registry.
2025-10-19T15:53:24.851-0500 [DEBUG] [org.gradle.cache.internal.DefaultFileLockManager] Lock acquired on daemon addresses registry.
2025-10-19T15:53:24.853-0500 [DEBUG] [org.gradle.cache.internal.DefaultFileLockManager] Releasing lock on daemon addresses registry.
2025-10-19T15:53:24.857-0500 [DEBUG] [org.gradle.cache.internal.DefaultFileLockManager] Waiting to acquire shared lock on daemon addresses registry.
2025-10-19T15:53:24.858-0500 [DEBUG] [org.gradle.cache.internal.DefaultFileLockManager] Lock acquired on daemon addresses registry.
2025-10-19T15:53:24.859-0500 [DEBUG] [org.gradle.cache.internal.DefaultFileLockManager] Releasing lock on daemon addresses registry.
2025-10-19T15:53:34.839-0500 [DEBUG] [org.gradle.cache.internal.DefaultFileLockManager] Waiting to acquire shared lock on daemon addresses registry.
2025-10-19T15:53:34.839-0500 [DEBUG] [org.gradle.cache.internal.DefaultFileLockManager] Lock acquired on daemon addresses registry.
2025-10-19T15:53:34.839-0500 [DEBUG] [org.gradle.cache.internal.DefaultFileLockManager] Releasing lock on daemon addresses registry.
2025-10-19T15:53:34.841-0500 [DEBUG] [org.gradle.cache.internal.DefaultFileLockManager] Waiting to acquire shared lock on daemon addresses registry.
2025-10-19T15:53:34.841-0500 [DEBUG] [org.gradle.cache.internal.DefaultFileLockManager] Lock acquired on daemon addresses registry.
2025-10-19T15:53:34.842-0500 [DEBUG] [org.gradle.cache.internal.DefaultFileLockManager] Releasing lock on daemon addresses registry.
2025-10-19T15:53:34.844-0500 [DEBUG] [org.gradle.cache.internal.DefaultFileLockManager] Waiting to acquire shared lock on daemon addresses registry.
2025-10-19T15:53:34.844-0500 [DEBUG] [org.gradle.cache.internal.DefaultFileLockManager] Lock acquired on daemon addresses registry.
2025-10-19T15:53:34.844-0500 [DEBUG] [org.gradle.cache.internal.DefaultFileLockManager] Releasing lock on daemon addresses registry.
2025-10-19T15:53:44.841-0500 [DEBUG] [org.gradle.cache.internal.DefaultFileLockManager] Waiting to acquire shared lock on daemon addresses registry.
2025-10-19T15:53:44.843-0500 [DEBUG] [org.gradle.cache.internal.DefaultFileLockManager] Lock acquired on daemon addresses registry.
2025-10-19T15:53:44.844-0500 [DEBUG] [org.gradle.cache.internal.DefaultFileLockManager] Releasing lock on daemon addresses registry.
2025-10-19T15:53:44.850-0500 [DEBUG] [org.gradle.cache.internal.DefaultFileLockManager] Waiting to acquire shared lock on daemon addresses registry.
2025-10-19T15:53:44.851-0500 [DEBUG] [org.gradle.cache.internal.DefaultFileLockManager] Lock acquired on daemon addresses registry.
2025-10-19T15:53:44.853-0500 [DEBUG] [org.gradle.cache.internal.DefaultFileLockManager] Releasing lock on daemon addresses registry.
2025-10-19T15:53:44.858-0500 [DEBUG] [org.gradle.cache.internal.DefaultFileLockManager] Waiting to acquire shared lock on daemon addresses registry.
2025-10-19T15:53:44.859-0500 [DEBUG] [org.gradle.cache.internal.DefaultFileLockManager] Lock acquired on daemon addresses registry.
2025-10-19T15:53:44.860-0500 [DEBUG] [org.gradle.cache.internal.DefaultFileLockManager] Releasing lock on daemon addresses registry.
2025-10-19T15:53:54.858-0500 [DEBUG] [org.gradle.cache.internal.DefaultFileLockManager] Waiting to acquire shared lock on daemon addresses registry.
2025-10-19T15:53:54.859-0500 [DEBUG] [org.gradle.cache.internal.DefaultFileLockManager] Lock acquired on daemon addresses registry.
2025-10-19T15:53:54.862-0500 [DEBUG] [org.gradle.cache.internal.DefaultFileLockManager] Releasing lock on daemon addresses registry.
2025-10-19T15:53:54.876-0500 [DEBUG] [org.gradle.cache.internal.DefaultFileLockManager] Waiting to acquire shared lock on daemon addresses registry.
2025-10-19T15:53:54.876-0500 [DEBUG] [org.gradle.cache.internal.DefaultFileLockManager] Lock acquired on daemon addresses registry.
2025-10-19T15:53:54.878-0500 [DEBUG] [org.gradle.cache.internal.DefaultFileLockManager] Releasing lock on daemon addresses registry.
2025-10-19T15:53:54.881-0500 [DEBUG] [org.gradle.cache.internal.DefaultFileLockManager] Waiting to acquire shared lock on daemon addresses registry.
2025-10-19T15:53:54.881-0500 [DEBUG] [org.gradle.cache.internal.DefaultFileLockManager] Lock acquired on daemon addresses registry.
2025-10-19T15:53:54.882-0500 [DEBUG] [org.gradle.cache.internal.DefaultFileLockManager] Releasing lock on daemon addresses registry.
2025-10-19T15:54:04.839-0500 [DEBUG] [org.gradle.cache.internal.DefaultFileLockManager] Waiting to acquire shared lock on daemon addresses registry.
2025-10-19T15:54:04.839-0500 [DEBUG] [org.gradle.cache.internal.DefaultFileLockManager] Lock acquired on daemon addresses registry.
2025-10-19T15:54:04.840-0500 [DEBUG] [org.gradle.cache.internal.DefaultFileLockManager] Releasing lock on daemon addresses registry.
2025-10-19T15:54:04.841-0500 [DEBUG] [org.gradle.cache.internal.DefaultFileLockManager] Waiting to acquire shared lock on daemon addresses registry.
2025-10-19T15:54:04.841-0500 [DEBUG] [org.gradle.cache.internal.DefaultFileLockManager] Lock acquired on daemon addresses registry.
2025-10-19T15:54:04.842-0500 [DEBUG] [org.gradle.cache.internal.DefaultFileLockManager] Releasing lock on daemon addresses registry.
2025-10-19T15:54:04.844-0500 [DEBUG] [org.gradle.cache.internal.DefaultFileLockManager] Waiting to acquire shared lock on daemon addresses registry.
2025-10-19T15:54:04.844-0500 [DEBUG] [org.gradle.cache.internal.DefaultFileLockManager] Lock acquired on daemon addresses registry.
2025-10-19T15:54:04.845-0500 [DEBUG] [org.gradle.cache.internal.DefaultFileLockManager] Releasing lock on daemon addresses registry.
2025-10-19T15:54:14.846-0500 [DEBUG] [org.gradle.cache.internal.DefaultFileLockManager] Waiting to acquire shared lock on daemon addresses registry.
2025-10-19T15:54:14.847-0500 [DEBUG] [org.gradle.cache.internal.DefaultFileLockManager] Lock acquired on daemon addresses registry.
2025-10-19T15:54:14.847-0500 [DEBUG] [org.gradle.cache.internal.DefaultFileLockManager] Releasing lock on daemon addresses registry.
2025-10-19T15:54:14.849-0500 [DEBUG] [org.gradle.cache.internal.DefaultFileLockManager] Waiting to acquire shared lock on daemon addresses registry.
2025-10-19T15:54:14.850-0500 [DEBUG] [org.gradle.cache.internal.DefaultFileLockManager] Lock acquired on daemon addresses registry.
2025-10-19T15:54:14.850-0500 [DEBUG] [org.gradle.cache.internal.DefaultFileLockManager] Releasing lock on daemon addresses registry.
2025-10-19T15:54:14.852-0500 [DEBUG] [org.gradle.cache.internal.DefaultFileLockManager] Waiting to acquire shared lock on daemon addresses registry.
2025-10-19T15:54:14.852-0500 [DEBUG] [org.gradle.cache.internal.DefaultFileLockManager] Lock acquired on daemon addresses registry.
2025-10-19T15:54:14.853-0500 [DEBUG] [org.gradle.cache.internal.DefaultFileLockManager] Releasing lock on daemon addresses registry.
2025-10-19T15:54:24.841-0500 [DEBUG] [org.gradle.cache.internal.DefaultFileLockManager] Waiting to acquire shared lock on daemon addresses registry.
2025-10-19T15:54:24.841-0500 [DEBUG] [org.gradle.cache.internal.DefaultFileLockManager] Lock acquired on daemon addresses registry.
2025-10-19T15:54:24.841-0500 [DEBUG] [org.gradle.cache.internal.DefaultFileLockManager] Releasing lock on daemon addresses registry.
2025-10-19T15:54:24.843-0500 [DEBUG] [org.gradle.cache.internal.DefaultFileLockManager] Waiting to acquire shared lock on daemon addresses registry.
2025-10-19T15:54:24.844-0500 [DEBUG] [org.gradle.cache.internal.DefaultFileLockManager] Lock acquired on daemon addresses registry.
2025-10-19T15:54:24.844-0500 [DEBUG] [org.gradle.cache.internal.DefaultFileLockManager] Releasing lock on daemon addresses registry.
2025-10-19T15:54:24.846-0500 [DEBUG] [org.gradle.cache.internal.DefaultFileLockManager] Waiting to acquire shared lock on daemon addresses registry.
2025-10-19T15:54:24.846-0500 [DEBUG] [org.gradle.cache.internal.DefaultFileLockManager] Lock acquired on daemon addresses registry.
2025-10-19T15:54:24.847-0500 [DEBUG] [org.gradle.cache.internal.DefaultFileLockManager] Releasing lock on daemon addresses registry.
2025-10-19T15:54:34.844-0500 [DEBUG] [org.gradle.cache.internal.DefaultFileLockManager] Waiting to acquire shared lock on daemon addresses registry.
2025-10-19T15:54:34.844-0500 [DEBUG] [org.gradle.cache.internal.DefaultFileLockManager] Lock acquired on daemon addresses registry.
2025-10-19T15:54:34.845-0500 [DEBUG] [org.gradle.cache.internal.DefaultFileLockManager] Releasing lock on daemon addresses registry.
2025-10-19T15:54:34.847-0500 [DEBUG] [org.gradle.cache.internal.DefaultFileLockManager] Waiting to acquire shared lock on daemon addresses registry.
2025-10-19T15:54:34.847-0500 [DEBUG] [org.gradle.cache.internal.DefaultFileLockManager] Lock acquired on daemon addresses registry.
2025-10-19T15:54:34.848-0500 [DEBUG] [org.gradle.cache.internal.DefaultFileLockManager] Releasing lock on daemon addresses registry.
2025-10-19T15:54:34.849-0500 [DEBUG] [org.gradle.cache.internal.DefaultFileLockManager] Waiting to acquire shared lock on daemon addresses registry.
2025-10-19T15:54:34.850-0500 [DEBUG] [org.gradle.cache.internal.DefaultFileLockManager] Lock acquired on daemon addresses registry.
2025-10-19T15:54:34.850-0500 [DEBUG] [org.gradle.cache.internal.DefaultFileLockManager] Releasing lock on daemon addresses registry.
2025-10-19T15:54:44.837-0500 [DEBUG] [org.gradle.cache.internal.DefaultFileLockManager] Waiting to acquire shared lock on daemon addresses registry.
2025-10-19T15:54:44.838-0500 [DEBUG] [org.gradle.cache.internal.DefaultFileLockManager] Lock acquired on daemon addresses registry.
2025-10-19T15:54:44.838-0500 [DEBUG] [org.gradle.cache.internal.DefaultFileLockManager] Releasing lock on daemon addresses registry.
2025-10-19T15:54:44.840-0500 [DEBUG] [org.gradle.cache.internal.DefaultFileLockManager] Waiting to acquire shared lock on daemon addresses registry.
2025-10-19T15:54:44.841-0500 [DEBUG] [org.gradle.cache.internal.DefaultFileLockManager] Lock acquired on daemon addresses registry.
2025-10-19T15:54:44.841-0500 [DEBUG] [org.gradle.cache.internal.DefaultFileLockManager] Releasing lock on daemon addresses registry.
2025-10-19T15:54:44.843-0500 [DEBUG] [org.gradle.cache.internal.DefaultFileLockManager] Waiting to acquire shared lock on daemon addresses registry.
2025-10-19T15:54:44.843-0500 [DEBUG] [org.gradle.cache.internal.DefaultFileLockManager] Lock acquired on daemon addresses registry.
2025-10-19T15:54:44.844-0500 [DEBUG] [org.gradle.cache.internal.DefaultFileLockManager] Releasing lock on daemon addresses registry.
2025-10-19T15:54:54.840-0500 [DEBUG] [org.gradle.cache.internal.DefaultFileLockManager] Waiting to acquire shared lock on daemon addresses registry.
2025-10-19T15:54:54.840-0500 [DEBUG] [org.gradle.cache.internal.DefaultFileLockManager] Lock acquired on daemon addresses registry.
2025-10-19T15:54:54.840-0500 [DEBUG] [org.gradle.cache.internal.DefaultFileLockManager] Releasing lock on daemon addresses registry.
2025-10-19T15:54:54.842-0500 [DEBUG] [org.gradle.cache.internal.DefaultFileLockManager] Waiting to acquire shared lock on daemon addresses registry.
2025-10-19T15:54:54.842-0500 [DEBUG] [org.gradle.cache.internal.DefaultFileLockManager] Lock acquired on daemon addresses registry.
2025-10-19T15:54:54.843-0500 [DEBUG] [org.gradle.cache.internal.DefaultFileLockManager] Releasing lock on daemon addresses registry.
2025-10-19T15:54:54.844-0500 [DEBUG] [org.gradle.cache.internal.DefaultFileLockManager] Waiting to acquire shared lock on daemon addresses registry.
2025-10-19T15:54:54.844-0500 [DEBUG] [org.gradle.cache.internal.DefaultFileLockManager] Lock acquired on daemon addresses registry.
2025-10-19T15:54:54.845-0500 [DEBUG] [org.gradle.cache.internal.DefaultFileLockManager] Releasing lock on daemon addresses registry.
2025-10-19T15:55:04.851-0500 [DEBUG] [org.gradle.cache.internal.DefaultFileLockManager] Waiting to acquire shared lock on daemon addresses registry.
2025-10-19T15:55:04.851-0500 [DEBUG] [org.gradle.cache.internal.DefaultFileLockManager] Lock acquired on daemon addresses registry.
2025-10-19T15:55:04.852-0500 [DEBUG] [org.gradle.cache.internal.DefaultFileLockManager] Releasing lock on daemon addresses registry.
2025-10-19T15:55:04.878-0500 [DEBUG] [org.gradle.cache.internal.DefaultFileLockManager] Waiting to acquire shared lock on daemon addresses registry.
2025-10-19T15:55:04.881-0500 [DEBUG] [org.gradle.cache.internal.DefaultFileLockManager] Lock acquired on daemon addresses registry.
2025-10-19T15:55:04.882-0500 [DEBUG] [org.gradle.cache.internal.DefaultFileLockManager] Releasing lock on daemon addresses registry.
2025-10-19T15:55:04.885-0500 [DEBUG] [org.gradle.cache.internal.DefaultFileLockManager] Waiting to acquire shared lock on daemon addresses registry.
2025-10-19T15:55:04.886-0500 [DEBUG] [org.gradle.cache.internal.DefaultFileLockManager] Lock acquired on daemon addresses registry.
2025-10-19T15:55:04.888-0500 [DEBUG] [org.gradle.cache.internal.DefaultFileLockManager] Releasing lock on daemon addresses registry.
2025-10-19T15:55:14.842-0500 [DEBUG] [org.gradle.cache.internal.DefaultFileLockManager] Waiting to acquire shared lock on daemon addresses registry.
2025-10-19T15:55:14.843-0500 [DEBUG] [org.gradle.cache.internal.DefaultFileLockManager] Lock acquired on daemon addresses registry.
2025-10-19T15:55:14.843-0500 [DEBUG] [org.gradle.cache.internal.DefaultFileLockManager] Releasing lock on daemon addresses registry.
2025-10-19T15:55:14.846-0500 [DEBUG] [org.gradle.cache.internal.DefaultFileLockManager] Waiting to acquire shared lock on daemon addresses registry.
2025-10-19T15:55:14.846-0500 [DEBUG] [org.gradle.cache.internal.DefaultFileLockManager] Lock acquired on daemon addresses registry.
2025-10-19T15:55:14.847-0500 [DEBUG] [org.gradle.cache.internal.DefaultFileLockManager] Releasing lock on daemon addresses registry.
2025-10-19T15:55:14.849-0500 [DEBUG] [org.gradle.cache.internal.DefaultFileLockManager] Waiting to acquire shared lock on daemon addresses registry.
2025-10-19T15:55:14.850-0500 [DEBUG] [org.gradle.cache.internal.DefaultFileLockManager] Lock acquired on daemon addresses registry.
2025-10-19T15:55:14.851-0500 [DEBUG] [org.gradle.cache.internal.DefaultFileLockManager] Releasing lock on daemon addresses registry.
2025-10-19T15:55:24.853-0500 [DEBUG] [org.gradle.cache.internal.DefaultFileLockManager] Waiting to acquire shared lock on daemon addresses registry.
2025-10-19T15:55:24.854-0500 [DEBUG] [org.gradle.cache.internal.DefaultFileLockManager] Lock acquired on daemon addresses registry.
2025-10-19T15:55:24.855-0500 [DEBUG] [org.gradle.cache.internal.DefaultFileLockManager] Releasing lock on daemon addresses registry.
2025-10-19T15:55:24.860-0500 [DEBUG] [org.gradle.cache.internal.DefaultFileLockManager] Waiting to acquire shared lock on daemon addresses registry.
2025-10-19T15:55:24.860-0500 [DEBUG] [org.gradle.cache.internal.DefaultFileLockManager] Lock acquired on daemon addresses registry.
2025-10-19T15:55:24.862-0500 [DEBUG] [org.gradle.cache.internal.DefaultFileLockManager] Releasing lock on daemon addresses registry.
2025-10-19T15:55:24.867-0500 [DEBUG] [org.gradle.cache.internal.DefaultFileLockManager] Waiting to acquire shared lock on daemon addresses registry.
2025-10-19T15:55:24.868-0500 [DEBUG] [org.gradle.cache.internal.DefaultFileLockManager] Lock acquired on daemon addresses registry.
2025-10-19T15:55:24.869-0500 [DEBUG] [org.gradle.cache.internal.DefaultFileLockManager] Releasing lock on daemon addresses registry.
2025-10-19T15:55:34.843-0500 [DEBUG] [org.gradle.cache.internal.DefaultFileLockManager] Waiting to acquire shared lock on daemon addresses registry.
2025-10-19T15:55:34.844-0500 [DEBUG] [org.gradle.cache.internal.DefaultFileLockManager] Lock acquired on daemon addresses registry.
2025-10-19T15:55:34.845-0500 [DEBUG] [org.gradle.cache.internal.DefaultFileLockManager] Releasing lock on daemon addresses registry.
2025-10-19T15:55:34.847-0500 [DEBUG] [org.gradle.cache.internal.DefaultFileLockManager] Waiting to acquire shared lock on daemon addresses registry.
2025-10-19T15:55:34.848-0500 [DEBUG] [org.gradle.cache.internal.DefaultFileLockManager] Lock acquired on daemon addresses registry.
2025-10-19T15:55:34.848-0500 [DEBUG] [org.gradle.cache.internal.DefaultFileLockManager] Releasing lock on daemon addresses registry.
2025-10-19T15:55:34.851-0500 [DEBUG] [org.gradle.cache.internal.DefaultFileLockManager] Waiting to acquire shared lock on daemon addresses registry.
2025-10-19T15:55:34.851-0500 [DEBUG] [org.gradle.cache.internal.DefaultFileLockManager] Lock acquired on daemon addresses registry.
2025-10-19T15:55:34.852-0500 [DEBUG] [org.gradle.cache.internal.DefaultFileLockManager] Releasing lock on daemon addresses registry.
2025-10-19T15:55:44.844-0500 [DEBUG] [org.gradle.cache.internal.DefaultFileLockManager] Waiting to acquire shared lock on daemon addresses registry.
2025-10-19T15:55:44.844-0500 [DEBUG] [org.gradle.cache.internal.DefaultFileLockManager] Lock acquired on daemon addresses registry.
2025-10-19T15:55:44.845-0500 [DEBUG] [org.gradle.cache.internal.DefaultFileLockManager] Releasing lock on daemon addresses registry.
2025-10-19T15:55:44.848-0500 [DEBUG] [org.gradle.cache.internal.DefaultFileLockManager] Waiting to acquire shared lock on daemon addresses registry.
2025-10-19T15:55:44.848-0500 [DEBUG] [org.gradle.cache.internal.DefaultFileLockManager] Lock acquired on daemon addresses registry.
2025-10-19T15:55:44.849-0500 [DEBUG] [org.gradle.cache.internal.DefaultFileLockManager] Releasing lock on daemon addresses registry.
2025-10-19T15:55:44.851-0500 [DEBUG] [org.gradle.cache.internal.DefaultFileLockManager] Waiting to acquire shared lock on daemon addresses registry.
2025-10-19T15:55:44.852-0500 [DEBUG] [org.gradle.cache.internal.DefaultFileLockManager] Lock acquired on daemon addresses registry.
2025-10-19T15:55:44.852-0500 [DEBUG] [org.gradle.cache.internal.DefaultFileLockManager] Releasing lock on daemon addresses registry.
2025-10-19T15:55:45.856-0500 [DEBUG] [org.gradle.process.internal.health.memory.DefaultMemoryManager] 841566208 physical memory requested, 841224192 free
2025-10-19T15:55:45.857-0500 [DEBUG] [org.gradle.workers.internal.WorkerDaemonExpiration] Will attempt to release 802 of memory
2025-10-19T15:55:45.857-0500 [DEBUG] [org.gradle.process.internal.health.memory.DefaultMemoryManager] 841566208 physical memory requested, 0 released, 841224192 free
2025-10-19T15:55:54.852-0500 [DEBUG] [org.gradle.cache.internal.DefaultFileLockManager] Waiting to acquire shared lock on daemon addresses registry.
2025-10-19T15:55:54.852-0500 [DEBUG] [org.gradle.cache.internal.DefaultFileLockManager] Lock acquired on daemon addresses registry.
2025-10-19T15:55:54.853-0500 [DEBUG] [org.gradle.cache.internal.DefaultFileLockManager] Releasing lock on daemon addresses registry.
2025-10-19T15:55:54.856-0500 [DEBUG] [org.gradle.cache.internal.DefaultFileLockManager] Waiting to acquire shared lock on daemon addresses registry.
2025-10-19T15:55:54.856-0500 [DEBUG] [org.gradle.cache.internal.DefaultFileLockManager] Lock acquired on daemon addresses registry.
2025-10-19T15:55:54.856-0500 [DEBUG] [org.gradle.cache.internal.DefaultFileLockManager] Releasing lock on daemon addresses registry.
2025-10-19T15:55:54.859-0500 [DEBUG] [org.gradle.cache.internal.DefaultFileLockManager] Waiting to acquire shared lock on daemon addresses registry.
2025-10-19T15:55:54.859-0500 [DEBUG] [org.gradle.cache.internal.DefaultFileLockManager] Lock acquired on daemon addresses registry.
2025-10-19T15:55:54.859-0500 [DEBUG] [org.gradle.cache.internal.DefaultFileLockManager] Releasing lock on daemon addresses registry.
2025-10-19T15:56:04.841-0500 [DEBUG] [org.gradle.cache.internal.DefaultFileLockManager] Waiting to acquire shared lock on daemon addresses registry.
2025-10-19T15:56:04.841-0500 [DEBUG] [org.gradle.cache.internal.DefaultFileLockManager] Lock acquired on daemon addresses registry.
2025-10-19T15:56:04.842-0500 [DEBUG] [org.gradle.cache.internal.DefaultFileLockManager] Releasing lock on daemon addresses registry.
2025-10-19T15:56:04.845-0500 [DEBUG] [org.gradle.cache.internal.DefaultFileLockManager] Waiting to acquire shared lock on daemon addresses registry.
2025-10-19T15:56:04.846-0500 [DEBUG] [org.gradle.cache.internal.DefaultFileLockManager] Lock acquired on daemon addresses registry.
2025-10-19T15:56:04.846-0500 [DEBUG] [org.gradle.cache.internal.DefaultFileLockManager] Releasing lock on daemon addresses registry.
2025-10-19T15:56:04.850-0500 [DEBUG] [org.gradle.cache.internal.DefaultFileLockManager] Waiting to acquire shared lock on daemon addresses registry.
2025-10-19T15:56:04.850-0500 [DEBUG] [org.gradle.cache.internal.DefaultFileLockManager] Lock acquired on daemon addresses registry.
2025-10-19T15:56:04.851-0500 [DEBUG] [org.gradle.cache.internal.DefaultFileLockManager] Releasing lock on daemon addresses registry.
2025-10-19T15:56:14.849-0500 [DEBUG] [org.gradle.cache.internal.DefaultFileLockManager] Waiting to acquire shared lock on daemon addresses registry.
2025-10-19T15:56:14.850-0500 [DEBUG] [org.gradle.cache.internal.DefaultFileLockManager] Lock acquired on daemon addresses registry.
2025-10-19T15:56:14.851-0500 [DEBUG] [org.gradle.cache.internal.DefaultFileLockManager] Releasing lock on daemon addresses registry.
2025-10-19T15:56:14.856-0500 [DEBUG] [org.gradle.cache.internal.DefaultFileLockManager] Waiting to acquire shared lock on daemon addresses registry.
2025-10-19T15:56:14.857-0500 [DEBUG] [org.gradle.cache.internal.DefaultFileLockManager] Lock acquired on daemon addresses registry.
2025-10-19T15:56:14.858-0500 [DEBUG] [org.gradle.cache.internal.DefaultFileLockManager] Releasing lock on daemon addresses registry.
2025-10-19T15:56:14.862-0500 [DEBUG] [org.gradle.cache.internal.DefaultFileLockManager] Waiting to acquire shared lock on daemon addresses registry.
2025-10-19T15:56:14.863-0500 [DEBUG] [org.gradle.cache.internal.DefaultFileLockManager] Lock acquired on daemon addresses registry.
2025-10-19T15:56:14.863-0500 [DEBUG] [org.gradle.cache.internal.DefaultFileLockManager] Releasing lock on daemon addresses registry.
2025-10-19T15:56:24.847-0500 [DEBUG] [org.gradle.cache.internal.DefaultFileLockManager] Waiting to acquire shared lock on daemon addresses registry.
2025-10-19T15:56:24.847-0500 [DEBUG] [org.gradle.cache.internal.DefaultFileLockManager] Lock acquired on daemon addresses registry.
2025-10-19T15:56:24.847-0500 [DEBUG] [org.gradle.cache.internal.DefaultFileLockManager] Releasing lock on daemon addresses registry.
2025-10-19T15:56:24.848-0500 [DEBUG] [org.gradle.cache.internal.DefaultFileLockManager] Waiting to acquire shared lock on daemon addresses registry.
2025-10-19T15:56:24.848-0500 [DEBUG] [org.gradle.cache.internal.DefaultFileLockManager] Lock acquired on daemon addresses registry.
2025-10-19T15:56:24.849-0500 [DEBUG] [org.gradle.cache.internal.DefaultFileLockManager] Releasing lock on daemon addresses registry.
2025-10-19T15:56:24.850-0500 [DEBUG] [org.gradle.cache.internal.DefaultFileLockManager] Waiting to acquire shared lock on daemon addresses registry.
2025-10-19T15:56:24.850-0500 [DEBUG] [org.gradle.cache.internal.DefaultFileLockManager] Lock acquired on daemon addresses registry.
2025-10-19T15:56:24.850-0500 [DEBUG] [org.gradle.cache.internal.DefaultFileLockManager] Releasing lock on daemon addresses registry.
2025-10-19T15:56:34.839-0500 [DEBUG] [org.gradle.cache.internal.DefaultFileLockManager] Waiting to acquire shared lock on daemon addresses registry.
2025-10-19T15:56:34.839-0500 [DEBUG] [org.gradle.cache.internal.DefaultFileLockManager] Lock acquired on daemon addresses registry.
2025-10-19T15:56:34.840-0500 [DEBUG] [org.gradle.cache.internal.DefaultFileLockManager] Releasing lock on daemon addresses registry.
2025-10-19T15:56:34.841-0500 [DEBUG] [org.gradle.cache.internal.DefaultFileLockManager] Waiting to acquire shared lock on daemon addresses registry.
2025-10-19T15:56:34.841-0500 [DEBUG] [org.gradle.cache.internal.DefaultFileLockManager] Lock acquired on daemon addresses registry.
2025-10-19T15:56:34.842-0500 [DEBUG] [org.gradle.cache.internal.DefaultFileLockManager] Releasing lock on daemon addresses registry.
2025-10-19T15:56:34.843-0500 [DEBUG] [org.gradle.cache.internal.DefaultFileLockManager] Waiting to acquire shared lock on daemon addresses registry.
2025-10-19T15:56:34.843-0500 [DEBUG] [org.gradle.cache.internal.DefaultFileLockManager] Lock acquired on daemon addresses registry.
2025-10-19T15:56:34.843-0500 [DEBUG] [org.gradle.cache.internal.DefaultFileLockManager] Releasing lock on daemon addresses registry.
2025-10-19T15:56:40.858-0500 [DEBUG] [org.gradle.process.internal.health.memory.DefaultMemoryManager] 841566208 physical memory requested, 839086080 free
2025-10-19T15:56:40.858-0500 [DEBUG] [org.gradle.workers.internal.WorkerDaemonExpiration] Will attempt to release 802 of memory
2025-10-19T15:56:40.859-0500 [DEBUG] [org.gradle.process.internal.health.memory.DefaultMemoryManager] 841566208 physical memory requested, 0 released, 839086080 free
2025-10-19T15:56:44.839-0500 [DEBUG] [org.gradle.cache.internal.DefaultFileLockManager] Waiting to acquire shared lock on daemon addresses registry.
2025-10-19T15:56:44.839-0500 [DEBUG] [org.gradle.cache.internal.DefaultFileLockManager] Lock acquired on daemon addresses registry.
2025-10-19T15:56:44.840-0500 [DEBUG] [org.gradle.cache.internal.DefaultFileLockManager] Releasing lock on daemon addresses registry.
2025-10-19T15:56:44.843-0500 [DEBUG] [org.gradle.cache.internal.DefaultFileLockManager] Waiting to acquire shared lock on daemon addresses registry.
2025-10-19T15:56:44.843-0500 [DEBUG] [org.gradle.cache.internal.DefaultFileLockManager] Lock acquired on daemon addresses registry.
2025-10-19T15:56:44.844-0500 [DEBUG] [org.gradle.cache.internal.DefaultFileLockManager] Releasing lock on daemon addresses registry.
2025-10-19T15:56:44.847-0500 [DEBUG] [org.gradle.cache.internal.DefaultFileLockManager] Waiting to acquire shared lock on daemon addresses registry.
2025-10-19T15:56:44.848-0500 [DEBUG] [org.gradle.cache.internal.DefaultFileLockManager] Lock acquired on daemon addresses registry.
2025-10-19T15:56:44.849-0500 [DEBUG] [org.gradle.cache.internal.DefaultFileLockManager] Releasing lock on daemon addresses registry.
2025-10-19T15:56:54.846-0500 [DEBUG] [org.gradle.cache.internal.DefaultFileLockManager] Waiting to acquire shared lock on daemon addresses registry.
2025-10-19T15:56:54.846-0500 [DEBUG] [org.gradle.cache.internal.DefaultFileLockManager] Lock acquired on daemon addresses registry.
2025-10-19T15:56:54.847-0500 [DEBUG] [org.gradle.cache.internal.DefaultFileLockManager] Releasing lock on daemon addresses registry.
2025-10-19T15:56:54.849-0500 [DEBUG] [org.gradle.cache.internal.DefaultFileLockManager] Waiting to acquire shared lock on daemon addresses registry.
2025-10-19T15:56:54.849-0500 [DEBUG] [org.gradle.cache.internal.DefaultFileLockManager] Lock acquired on daemon addresses registry.
2025-10-19T15:56:54.849-0500 [DEBUG] [org.gradle.cache.internal.DefaultFileLockManager] Releasing lock on daemon addresses registry.
2025-10-19T15:56:54.850-0500 [DEBUG] [org.gradle.cache.internal.DefaultFileLockManager] Waiting to acquire shared lock on daemon addresses registry.
2025-10-19T15:56:54.851-0500 [DEBUG] [org.gradle.cache.internal.DefaultFileLockManager] Lock acquired on daemon addresses registry.
2025-10-19T15:56:54.851-0500 [DEBUG] [org.gradle.cache.internal.DefaultFileLockManager] Releasing lock on daemon addresses registry.
2025-10-19T15:57:04.849-0500 [DEBUG] [org.gradle.cache.internal.DefaultFileLockManager] Waiting to acquire shared lock on daemon addresses registry.
2025-10-19T15:57:04.849-0500 [DEBUG] [org.gradle.cache.internal.DefaultFileLockManager] Lock acquired on daemon addresses registry.
2025-10-19T15:57:04.850-0500 [DEBUG] [org.gradle.cache.internal.DefaultFileLockManager] Releasing lock on daemon addresses registry.
2025-10-19T15:57:04.851-0500 [DEBUG] [org.gradle.cache.internal.DefaultFileLockManager] Waiting to acquire shared lock on daemon addresses registry.
2025-10-19T15:57:04.851-0500 [DEBUG] [org.gradle.cache.internal.DefaultFileLockManager] Lock acquired on daemon addresses registry.
2025-10-19T15:57:04.852-0500 [DEBUG] [org.gradle.cache.internal.DefaultFileLockManager] Releasing lock on daemon addresses registry.
2025-10-19T15:57:04.853-0500 [DEBUG] [org.gradle.cache.internal.DefaultFileLockManager] Waiting to acquire shared lock on daemon addresses registry.
2025-10-19T15:57:04.854-0500 [DEBUG] [org.gradle.cache.internal.DefaultFileLockManager] Lock acquired on daemon addresses registry.
2025-10-19T15:57:04.854-0500 [DEBUG] [org.gradle.cache.internal.DefaultFileLockManager] Releasing lock on daemon addresses registry.
2025-10-19T15:57:10.867-0500 [DEBUG] [org.gradle.process.internal.health.memory.DefaultMemoryManager] 841566208 physical memory requested, 794824704 free
2025-10-19T15:57:10.868-0500 [DEBUG] [org.gradle.workers.internal.WorkerDaemonExpiration] Will attempt to release 802 of memory
2025-10-19T15:57:10.868-0500 [DEBUG] [org.gradle.process.internal.health.memory.DefaultMemoryManager] 841566208 physical memory requested, 0 released, 794824704 free
2025-10-19T15:57:14.841-0500 [DEBUG] [org.gradle.cache.internal.DefaultFileLockManager] Waiting to acquire shared lock on daemon addresses registry.
2025-10-19T15:57:14.841-0500 [DEBUG] [org.gradle.cache.internal.DefaultFileLockManager] Lock acquired on daemon addresses registry.
2025-10-19T15:57:14.841-0500 [DEBUG] [org.gradle.cache.internal.DefaultFileLockManager] Releasing lock on daemon addresses registry.
2025-10-19T15:57:14.843-0500 [DEBUG] [org.gradle.cache.internal.DefaultFileLockManager] Waiting to acquire shared lock on daemon addresses registry.
2025-10-19T15:57:14.843-0500 [DEBUG] [org.gradle.cache.internal.DefaultFileLockManager] Lock acquired on daemon addresses registry.
2025-10-19T15:57:14.843-0500 [DEBUG] [org.gradle.cache.internal.DefaultFileLockManager] Releasing lock on daemon addresses registry.
2025-10-19T15:57:14.844-0500 [DEBUG] [org.gradle.cache.internal.DefaultFileLockManager] Waiting to acquire shared lock on daemon addresses registry.
2025-10-19T15:57:14.845-0500 [DEBUG] [org.gradle.cache.internal.DefaultFileLockManager] Lock acquired on daemon addresses registry.
2025-10-19T15:57:14.845-0500 [DEBUG] [org.gradle.cache.internal.DefaultFileLockManager] Releasing lock on daemon addresses registry.
2025-10-19T15:57:15.858-0500 [DEBUG] [org.gradle.process.internal.health.memory.DefaultMemoryManager] 841566208 physical memory requested, 795045888 free
2025-10-19T15:57:15.859-0500 [DEBUG] [org.gradle.workers.internal.WorkerDaemonExpiration] Will attempt to release 802 of memory
2025-10-19T15:57:15.859-0500 [DEBUG] [org.gradle.process.internal.health.memory.DefaultMemoryManager] 841566208 physical memory requested, 0 released, 795045888 free
2025-10-19T15:57:20.867-0500 [DEBUG] [org.gradle.process.internal.health.memory.DefaultMemoryManager] 841566208 physical memory requested, 809664512 free
2025-10-19T15:57:20.867-0500 [DEBUG] [org.gradle.workers.internal.WorkerDaemonExpiration] Will attempt to release 802 of memory
2025-10-19T15:57:20.867-0500 [DEBUG] [org.gradle.process.internal.health.memory.DefaultMemoryManager] 841566208 physical memory requested, 0 released, 809664512 free
2025-10-19T15:57:24.840-0500 [DEBUG] [org.gradle.cache.internal.DefaultFileLockManager] Waiting to acquire shared lock on daemon addresses registry.
2025-10-19T15:57:24.840-0500 [DEBUG] [org.gradle.cache.internal.DefaultFileLockManager] Lock acquired on daemon addresses registry.
2025-10-19T15:57:24.841-0500 [DEBUG] [org.gradle.cache.internal.DefaultFileLockManager] Releasing lock on daemon addresses registry.
2025-10-19T15:57:24.843-0500 [DEBUG] [org.gradle.cache.internal.DefaultFileLockManager] Waiting to acquire shared lock on daemon addresses registry.
2025-10-19T15:57:24.843-0500 [DEBUG] [org.gradle.cache.internal.DefaultFileLockManager] Lock acquired on daemon addresses registry.
2025-10-19T15:57:24.843-0500 [DEBUG] [org.gradle.cache.internal.DefaultFileLockManager] Releasing lock on daemon addresses registry.
2025-10-19T15:57:24.846-0500 [DEBUG] [org.gradle.cache.internal.DefaultFileLockManager] Waiting to acquire shared lock on daemon addresses registry.
2025-10-19T15:57:24.846-0500 [DEBUG] [org.gradle.cache.internal.DefaultFileLockManager] Lock acquired on daemon addresses registry.
2025-10-19T15:57:24.847-0500 [DEBUG] [org.gradle.cache.internal.DefaultFileLockManager] Releasing lock on daemon addresses registry.
2025-10-19T15:57:25.860-0500 [DEBUG] [org.gradle.process.internal.health.memory.DefaultMemoryManager] 841566208 physical memory requested, 823070720 free
2025-10-19T15:57:25.860-0500 [DEBUG] [org.gradle.workers.internal.WorkerDaemonExpiration] Will attempt to release 802 of memory
2025-10-19T15:57:25.860-0500 [DEBUG] [org.gradle.process.internal.health.memory.DefaultMemoryManager] 841566208 physical memory requested, 0 released, 823070720 free
2025-10-19T15:57:30.858-0500 [DEBUG] [org.gradle.process.internal.health.memory.DefaultMemoryManager] 841566208 physical memory requested, 791355392 free
2025-10-19T15:57:30.858-0500 [DEBUG] [org.gradle.workers.internal.WorkerDaemonExpiration] Will attempt to release 802 of memory
2025-10-19T15:57:30.858-0500 [DEBUG] [org.gradle.process.internal.health.memory.DefaultMemoryManager] 841566208 physical memory requested, 0 released, 791355392 free
2025-10-19T15:57:34.851-0500 [DEBUG] [org.gradle.cache.internal.DefaultFileLockManager] Waiting to acquire shared lock on daemon addresses registry.
2025-10-19T15:57:34.851-0500 [DEBUG] [org.gradle.cache.internal.DefaultFileLockManager] Lock acquired on daemon addresses registry.
2025-10-19T15:57:34.851-0500 [DEBUG] [org.gradle.cache.internal.DefaultFileLockManager] Releasing lock on daemon addresses registry.
2025-10-19T15:57:34.853-0500 [DEBUG] [org.gradle.cache.internal.DefaultFileLockManager] Waiting to acquire shared lock on daemon addresses registry.
2025-10-19T15:57:34.853-0500 [DEBUG] [org.gradle.cache.internal.DefaultFileLockManager] Lock acquired on daemon addresses registry.
2025-10-19T15:57:34.853-0500 [DEBUG] [org.gradle.cache.internal.DefaultFileLockManager] Releasing lock on daemon addresses registry.
2025-10-19T15:57:34.855-0500 [DEBUG] [org.gradle.cache.internal.DefaultFileLockManager] Waiting to acquire shared lock on daemon addresses registry.
2025-10-19T15:57:34.855-0500 [DEBUG] [org.gradle.cache.internal.DefaultFileLockManager] Lock acquired on daemon addresses registry.
2025-10-19T15:57:34.856-0500 [DEBUG] [org.gradle.cache.internal.DefaultFileLockManager] Releasing lock on daemon addresses registry.
2025-10-19T15:57:35.865-0500 [DEBUG] [org.gradle.process.internal.health.memory.DefaultMemoryManager] 841566208 physical memory requested, 779390976 free
2025-10-19T15:57:35.865-0500 [DEBUG] [org.gradle.workers.internal.WorkerDaemonExpiration] Will attempt to release 802 of memory
2025-10-19T15:57:35.865-0500 [DEBUG] [org.gradle.process.internal.health.memory.DefaultMemoryManager] 841566208 physical memory requested, 0 released, 779390976 free
2025-10-19T15:57:40.863-0500 [DEBUG] [org.gradle.process.internal.health.memory.DefaultMemoryManager] 841566208 physical memory requested, 782671872 free
2025-10-19T15:57:40.863-0500 [DEBUG] [org.gradle.workers.internal.WorkerDaemonExpiration] Will attempt to release 802 of memory
2025-10-19T15:57:40.863-0500 [DEBUG] [org.gradle.process.internal.health.memory.DefaultMemoryManager] 841566208 physical memory requested, 0 released, 782671872 free
2025-10-19T15:57:44.844-0500 [DEBUG] [org.gradle.cache.internal.DefaultFileLockManager] Waiting to acquire shared lock on daemon addresses registry.
2025-10-19T15:57:44.844-0500 [DEBUG] [org.gradle.cache.internal.DefaultFileLockManager] Lock acquired on daemon addresses registry.
2025-10-19T15:57:44.844-0500 [DEBUG] [org.gradle.cache.internal.DefaultFileLockManager] Releasing lock on daemon addresses registry.
2025-10-19T15:57:44.846-0500 [DEBUG] [org.gradle.cache.internal.DefaultFileLockManager] Waiting to acquire shared lock on daemon addresses registry.
2025-10-19T15:57:44.846-0500 [DEBUG] [org.gradle.cache.internal.DefaultFileLockManager] Lock acquired on daemon addresses registry.
2025-10-19T15:57:44.847-0500 [DEBUG] [org.gradle.cache.internal.DefaultFileLockManager] Releasing lock on daemon addresses registry.
2025-10-19T15:57:44.849-0500 [DEBUG] [org.gradle.cache.internal.DefaultFileLockManager] Waiting to acquire shared lock on daemon addresses registry.
2025-10-19T15:57:44.849-0500 [DEBUG] [org.gradle.cache.internal.DefaultFileLockManager] Lock acquired on daemon addresses registry.
2025-10-19T15:57:44.850-0500 [DEBUG] [org.gradle.cache.internal.DefaultFileLockManager] Releasing lock on daemon addresses registry.
2025-10-19T15:57:45.857-0500 [DEBUG] [org.gradle.process.internal.health.memory.DefaultMemoryManager] 841566208 physical memory requested, 736112640 free
2025-10-19T15:57:45.857-0500 [DEBUG] [org.gradle.workers.internal.WorkerDaemonExpiration] Will attempt to release 802 of memory
2025-10-19T15:57:45.857-0500 [DEBUG] [org.gradle.process.internal.health.memory.DefaultMemoryManager] 841566208 physical memory requested, 0 released, 736112640 free
2025-10-19T15:57:50.889-0500 [DEBUG] [org.gradle.process.internal.health.memory.DefaultMemoryManager] 841566208 physical memory requested, 670744576 free
2025-10-19T15:57:50.889-0500 [DEBUG] [org.gradle.workers.internal.WorkerDaemonExpiration] Will attempt to release 802 of memory
2025-10-19T15:57:50.889-0500 [DEBUG] [org.gradle.process.internal.health.memory.DefaultMemoryManager] 841566208 physical memory requested, 0 released, 670744576 free
2025-10-19T15:57:54.841-0500 [DEBUG] [org.gradle.cache.internal.DefaultFileLockManager] Waiting to acquire shared lock on daemon addresses registry.
2025-10-19T15:57:54.841-0500 [DEBUG] [org.gradle.cache.internal.DefaultFileLockManager] Lock acquired on daemon addresses registry.
2025-10-19T15:57:54.841-0500 [DEBUG] [org.gradle.cache.internal.DefaultFileLockManager] Releasing lock on daemon addresses registry.
2025-10-19T15:57:54.843-0500 [DEBUG] [org.gradle.cache.internal.DefaultFileLockManager] Waiting to acquire shared lock on daemon addresses registry.
2025-10-19T15:57:54.843-0500 [DEBUG] [org.gradle.cache.internal.DefaultFileLockManager] Lock acquired on daemon addresses registry.
2025-10-19T15:57:54.844-0500 [DEBUG] [org.gradle.cache.internal.DefaultFileLockManager] Releasing lock on daemon addresses registry.
2025-10-19T15:57:54.845-0500 [DEBUG] [org.gradle.cache.internal.DefaultFileLockManager] Waiting to acquire shared lock on daemon addresses registry.
2025-10-19T15:57:54.845-0500 [DEBUG] [org.gradle.cache.internal.DefaultFileLockManager] Lock acquired on daemon addresses registry.
2025-10-19T15:57:54.846-0500 [DEBUG] [org.gradle.cache.internal.DefaultFileLockManager] Releasing lock on daemon addresses registry.
2025-10-19T15:57:55.856-0500 [DEBUG] [org.gradle.process.internal.health.memory.DefaultMemoryManager] 841566208 physical memory requested, 665010176 free
2025-10-19T15:57:55.856-0500 [DEBUG] [org.gradle.workers.internal.WorkerDaemonExpiration] Will attempt to release 802 of memory
2025-10-19T15:57:55.856-0500 [DEBUG] [org.gradle.process.internal.health.memory.DefaultMemoryManager] 841566208 physical memory requested, 0 released, 665010176 free
2025-10-19T15:58:00.854-0500 [DEBUG] [org.gradle.process.internal.health.memory.DefaultMemoryManager] 841566208 physical memory requested, 688214016 free
2025-10-19T15:58:00.855-0500 [DEBUG] [org.gradle.workers.internal.WorkerDaemonExpiration] Will attempt to release 802 of memory
2025-10-19T15:58:00.855-0500 [DEBUG] [org.gradle.process.internal.health.memory.DefaultMemoryManager] 841566208 physical memory requested, 0 released, 688214016 free
2025-10-19T15:58:04.844-0500 [DEBUG] [org.gradle.cache.internal.DefaultFileLockManager] Waiting to acquire shared lock on daemon addresses registry.
2025-10-19T15:58:04.844-0500 [DEBUG] [org.gradle.cache.internal.DefaultFileLockManager] Lock acquired on daemon addresses registry.
2025-10-19T15:58:04.845-0500 [DEBUG] [org.gradle.cache.internal.DefaultFileLockManager] Releasing lock on daemon addresses registry.
2025-10-19T15:58:04.847-0500 [DEBUG] [org.gradle.cache.internal.DefaultFileLockManager] Waiting to acquire shared lock on daemon addresses registry.
2025-10-19T15:58:04.848-0500 [DEBUG] [org.gradle.cache.internal.DefaultFileLockManager] Lock acquired on daemon addresses registry.
2025-10-19T15:58:04.849-0500 [DEBUG] [org.gradle.cache.internal.DefaultFileLockManager] Releasing lock on daemon addresses registry.
2025-10-19T15:58:04.851-0500 [DEBUG] [org.gradle.cache.internal.DefaultFileLockManager] Waiting to acquire shared lock on daemon addresses registry.
2025-10-19T15:58:04.852-0500 [DEBUG] [org.gradle.cache.internal.DefaultFileLockManager] Lock acquired on daemon addresses registry.
2025-10-19T15:58:04.852-0500 [DEBUG] [org.gradle.cache.internal.DefaultFileLockManager] Releasing lock on daemon addresses registry.
2025-10-19T15:58:05.857-0500 [DEBUG] [org.gradle.process.internal.health.memory.DefaultMemoryManager] 841566208 physical memory requested, 689549312 free
2025-10-19T15:58:05.857-0500 [DEBUG] [org.gradle.workers.internal.WorkerDaemonExpiration] Will attempt to release 802 of memory
2025-10-19T15:58:05.858-0500 [DEBUG] [org.gradle.process.internal.health.memory.DefaultMemoryManager] 841566208 physical memory requested, 0 released, 689549312 free
2025-10-19T15:58:10.854-0500 [DEBUG] [org.gradle.process.internal.health.memory.DefaultMemoryManager] 841566208 physical memory requested, 693862400 free
2025-10-19T15:58:10.854-0500 [DEBUG] [org.gradle.workers.internal.WorkerDaemonExpiration] Will attempt to release 802 of memory
2025-10-19T15:58:10.854-0500 [DEBUG] [org.gradle.process.internal.health.memory.DefaultMemoryManager] 841566208 physical memory requested, 0 released, 693862400 free
2025-10-19T15:58:14.850-0500 [DEBUG] [org.gradle.cache.internal.DefaultFileLockManager] Waiting to acquire shared lock on daemon addresses registry.
2025-10-19T15:58:14.850-0500 [DEBUG] [org.gradle.cache.internal.DefaultFileLockManager] Lock acquired on daemon addresses registry.
2025-10-19T15:58:14.851-0500 [DEBUG] [org.gradle.cache.internal.DefaultFileLockManager] Releasing lock on daemon addresses registry.
2025-10-19T15:58:14.855-0500 [DEBUG] [org.gradle.cache.internal.DefaultFileLockManager] Waiting to acquire shared lock on daemon addresses registry.
2025-10-19T15:58:14.855-0500 [DEBUG] [org.gradle.cache.internal.DefaultFileLockManager] Lock acquired on daemon addresses registry.
2025-10-19T15:58:14.856-0500 [DEBUG] [org.gradle.cache.internal.DefaultFileLockManager] Releasing lock on daemon addresses registry.
2025-10-19T15:58:14.859-0500 [DEBUG] [org.gradle.cache.internal.DefaultFileLockManager] Waiting to acquire shared lock on daemon addresses registry.
2025-10-19T15:58:14.860-0500 [DEBUG] [org.gradle.cache.internal.DefaultFileLockManager] Lock acquired on daemon addresses registry.
2025-10-19T15:58:14.861-0500 [DEBUG] [org.gradle.cache.internal.DefaultFileLockManager] Releasing lock on daemon addresses registry.
2025-10-19T15:58:15.862-0500 [DEBUG] [org.gradle.process.internal.health.memory.DefaultMemoryManager] 841566208 physical memory requested, 693166080 free
2025-10-19T15:58:15.862-0500 [DEBUG] [org.gradle.workers.internal.WorkerDaemonExpiration] Will attempt to release 802 of memory
2025-10-19T15:58:15.863-0500 [DEBUG] [org.gradle.process.internal.health.memory.DefaultMemoryManager] 841566208 physical memory requested, 0 released, 693166080 free
2025-10-19T15:58:20.866-0500 [DEBUG] [org.gradle.process.internal.health.memory.DefaultMemoryManager] 841566208 physical memory requested, 687820800 free
2025-10-19T15:58:20.866-0500 [DEBUG] [org.gradle.workers.internal.WorkerDaemonExpiration] Will attempt to release 802 of memory
2025-10-19T15:58:20.866-0500 [DEBUG] [org.gradle.process.internal.health.memory.DefaultMemoryManager] 841566208 physical memory requested, 0 released, 687820800 free
2025-10-19T15:58:24.867-0500 [DEBUG] [org.gradle.cache.internal.DefaultFileLockManager] Waiting to acquire shared lock on daemon addresses registry.
2025-10-19T15:58:24.867-0500 [DEBUG] [org.gradle.cache.internal.DefaultFileLockManager] Lock acquired on daemon addresses registry.
2025-10-19T15:58:24.868-0500 [DEBUG] [org.gradle.cache.internal.DefaultFileLockManager] Releasing lock on daemon addresses registry.
2025-10-19T15:58:24.870-0500 [DEBUG] [org.gradle.cache.internal.DefaultFileLockManager] Waiting to acquire shared lock on daemon addresses registry.
2025-10-19T15:58:24.870-0500 [DEBUG] [org.gradle.cache.internal.DefaultFileLockManager] Lock acquired on daemon addresses registry.
2025-10-19T15:58:24.871-0500 [DEBUG] [org.gradle.cache.internal.DefaultFileLockManager] Releasing lock on daemon addresses registry.
2025-10-19T15:58:24.872-0500 [DEBUG] [org.gradle.cache.internal.DefaultFileLockManager] Waiting to acquire shared lock on daemon addresses registry.
2025-10-19T15:58:24.873-0500 [DEBUG] [org.gradle.cache.internal.DefaultFileLockManager] Lock acquired on daemon addresses registry.
2025-10-19T15:58:24.874-0500 [DEBUG] [org.gradle.cache.internal.DefaultFileLockManager] Releasing lock on daemon addresses registry.
2025-10-19T15:58:25.867-0500 [DEBUG] [org.gradle.process.internal.health.memory.DefaultMemoryManager] 841566208 physical memory requested, 687296512 free
2025-10-19T15:58:25.867-0500 [DEBUG] [org.gradle.workers.internal.WorkerDaemonExpiration] Will attempt to release 802 of memory
2025-10-19T15:58:25.868-0500 [DEBUG] [org.gradle.process.internal.health.memory.DefaultMemoryManager] 841566208 physical memory requested, 0 released, 687296512 free
2025-10-19T15:58:30.871-0500 [DEBUG] [org.gradle.process.internal.health.memory.DefaultMemoryManager] 841566208 physical memory requested, 693075968 free
2025-10-19T15:58:30.871-0500 [DEBUG] [org.gradle.workers.internal.WorkerDaemonExpiration] Will attempt to release 802 of memory
2025-10-19T15:58:30.871-0500 [DEBUG] [org.gradle.process.internal.health.memory.DefaultMemoryManager] 841566208 physical memory requested, 0 released, 693075968 free
2025-10-19T15:58:34.842-0500 [DEBUG] [org.gradle.cache.internal.DefaultFileLockManager] Waiting to acquire shared lock on daemon addresses registry.
2025-10-19T15:58:34.842-0500 [DEBUG] [org.gradle.cache.internal.DefaultFileLockManager] Lock acquired on daemon addresses registry.
2025-10-19T15:58:34.843-0500 [DEBUG] [org.gradle.cache.internal.DefaultFileLockManager] Releasing lock on daemon addresses registry.
2025-10-19T15:58:34.847-0500 [DEBUG] [org.gradle.cache.internal.DefaultFileLockManager] Waiting to acquire shared lock on daemon addresses registry.
2025-10-19T15:58:34.848-0500 [DEBUG] [org.gradle.cache.internal.DefaultFileLockManager] Lock acquired on daemon addresses registry.
2025-10-19T15:58:34.849-0500 [DEBUG] [org.gradle.cache.internal.DefaultFileLockManager] Releasing lock on daemon addresses registry.
2025-10-19T15:58:34.853-0500 [DEBUG] [org.gradle.cache.internal.DefaultFileLockManager] Waiting to acquire shared lock on daemon addresses registry.
2025-10-19T15:58:34.853-0500 [DEBUG] [org.gradle.cache.internal.DefaultFileLockManager] Lock acquired on daemon addresses registry.
2025-10-19T15:58:34.854-0500 [DEBUG] [org.gradle.cache.internal.DefaultFileLockManager] Releasing lock on daemon addresses registry.
2025-10-19T15:58:35.865-0500 [DEBUG] [org.gradle.process.internal.health.memory.DefaultMemoryManager] 841566208 physical memory requested, 670482432 free
2025-10-19T15:58:35.865-0500 [DEBUG] [org.gradle.workers.internal.WorkerDaemonExpiration] Will attempt to release 802 of memory
2025-10-19T15:58:35.865-0500 [DEBUG] [org.gradle.process.internal.health.memory.DefaultMemoryManager] 841566208 physical memory requested, 0 released, 670482432 free
2025-10-19T15:58:40.863-0500 [DEBUG] [org.gradle.process.internal.health.memory.DefaultMemoryManager] 841566208 physical memory requested, 672952320 free
2025-10-19T15:58:40.863-0500 [DEBUG] [org.gradle.workers.internal.WorkerDaemonExpiration] Will attempt to release 802 of memory
2025-10-19T15:58:40.863-0500 [DEBUG] [org.gradle.process.internal.health.memory.DefaultMemoryManager] 841566208 physical memory requested, 0 released, 672952320 free
2025-10-19T15:58:44.840-0500 [DEBUG] [org.gradle.cache.internal.DefaultFileLockManager] Waiting to acquire shared lock on daemon addresses registry.
2025-10-19T15:58:44.841-0500 [DEBUG] [org.gradle.cache.internal.DefaultFileLockManager] Lock acquired on daemon addresses registry.
2025-10-19T15:58:44.842-0500 [DEBUG] [org.gradle.cache.internal.DefaultFileLockManager] Releasing lock on daemon addresses registry.
2025-10-19T15:58:44.847-0500 [DEBUG] [org.gradle.cache.internal.DefaultFileLockManager] Waiting to acquire shared lock on daemon addresses registry.
2025-10-19T15:58:44.847-0500 [DEBUG] [org.gradle.cache.internal.DefaultFileLockManager] Lock acquired on daemon addresses registry.
2025-10-19T15:58:44.849-0500 [DEBUG] [org.gradle.cache.internal.DefaultFileLockManager] Releasing lock on daemon addresses registry.
2025-10-19T15:58:44.854-0500 [DEBUG] [org.gradle.cache.internal.DefaultFileLockManager] Waiting to acquire shared lock on daemon addresses registry.
2025-10-19T15:58:44.854-0500 [DEBUG] [org.gradle.cache.internal.DefaultFileLockManager] Lock acquired on daemon addresses registry.
2025-10-19T15:58:44.856-0500 [DEBUG] [org.gradle.cache.internal.DefaultFileLockManager] Releasing lock on daemon addresses registry.
2025-10-19T15:58:45.866-0500 [DEBUG] [org.gradle.process.internal.health.memory.DefaultMemoryManager] 841566208 physical memory requested, 669163520 free
2025-10-19T15:58:45.867-0500 [DEBUG] [org.gradle.workers.internal.WorkerDaemonExpiration] Will attempt to release 802 of memory
2025-10-19T15:58:45.867-0500 [DEBUG] [org.gradle.process.internal.health.memory.DefaultMemoryManager] 841566208 physical memory requested, 0 released, 669163520 free
2025-10-19T15:58:50.860-0500 [DEBUG] [org.gradle.process.internal.health.memory.DefaultMemoryManager] 841566208 physical memory requested, 669741056 free
2025-10-19T15:58:50.860-0500 [DEBUG] [org.gradle.workers.internal.WorkerDaemonExpiration] Will attempt to release 802 of memory
2025-10-19T15:58:50.860-0500 [DEBUG] [org.gradle.process.internal.health.memory.DefaultMemoryManager] 841566208 physical memory requested, 0 released, 669741056 free
2025-10-19T15:58:54.844-0500 [DEBUG] [org.gradle.cache.internal.DefaultFileLockManager] Waiting to acquire shared lock on daemon addresses registry.
2025-10-19T15:58:54.844-0500 [DEBUG] [org.gradle.cache.internal.DefaultFileLockManager] Lock acquired on daemon addresses registry.
2025-10-19T15:58:54.844-0500 [DEBUG] [org.gradle.cache.internal.DefaultFileLockManager] Releasing lock on daemon addresses registry.
2025-10-19T15:58:54.846-0500 [DEBUG] [org.gradle.cache.internal.DefaultFileLockManager] Waiting to acquire shared lock on daemon addresses registry.
2025-10-19T15:58:54.846-0500 [DEBUG] [org.gradle.cache.internal.DefaultFileLockManager] Lock acquired on daemon addresses registry.
2025-10-19T15:58:54.846-0500 [DEBUG] [org.gradle.cache.internal.DefaultFileLockManager] Releasing lock on daemon addresses registry.
2025-10-19T15:58:54.848-0500 [DEBUG] [org.gradle.cache.internal.DefaultFileLockManager] Waiting to acquire shared lock on daemon addresses registry.
2025-10-19T15:58:54.848-0500 [DEBUG] [org.gradle.cache.internal.DefaultFileLockManager] Lock acquired on daemon addresses registry.
2025-10-19T15:58:54.848-0500 [DEBUG] [org.gradle.cache.internal.DefaultFileLockManager] Releasing lock on daemon addresses registry.
2025-10-19T15:58:55.862-0500 [DEBUG] [org.gradle.process.internal.health.memory.DefaultMemoryManager] 841566208 physical memory requested, 716795904 free
2025-10-19T15:58:55.862-0500 [DEBUG] [org.gradle.workers.internal.WorkerDaemonExpiration] Will attempt to release 802 of memory
2025-10-19T15:58:55.862-0500 [DEBUG] [org.gradle.process.internal.health.memory.DefaultMemoryManager] 841566208 physical memory requested, 0 released, 716795904 free
2025-10-19T15:59:00.857-0500 [DEBUG] [org.gradle.process.internal.health.memory.DefaultMemoryManager] 841566208 physical memory requested, 619720704 free
2025-10-19T15:59:00.857-0500 [DEBUG] [org.gradle.workers.internal.WorkerDaemonExpiration] Will attempt to release 802 of memory
2025-10-19T15:59:00.858-0500 [DEBUG] [org.gradle.process.internal.health.memory.DefaultMemoryManager] 841566208 physical memory requested, 0 released, 619720704 free
2025-10-19T15:59:04.848-0500 [DEBUG] [org.gradle.cache.internal.DefaultFileLockManager] Waiting to acquire shared lock on daemon addresses registry.
2025-10-19T15:59:04.849-0500 [DEBUG] [org.gradle.cache.internal.DefaultFileLockManager] Lock acquired on daemon addresses registry.
2025-10-19T15:59:04.849-0500 [DEBUG] [org.gradle.cache.internal.DefaultFileLockManager] Releasing lock on daemon addresses registry.
2025-10-19T15:59:04.851-0500 [DEBUG] [org.gradle.cache.internal.DefaultFileLockManager] Waiting to acquire shared lock on daemon addresses registry.
2025-10-19T15:59:04.851-0500 [DEBUG] [org.gradle.cache.internal.DefaultFileLockManager] Lock acquired on daemon addresses registry.
2025-10-19T15:59:04.851-0500 [DEBUG] [org.gradle.cache.internal.DefaultFileLockManager] Releasing lock on daemon addresses registry.
2025-10-19T15:59:04.853-0500 [DEBUG] [org.gradle.cache.internal.DefaultFileLockManager] Waiting to acquire shared lock on daemon addresses registry.
2025-10-19T15:59:04.853-0500 [DEBUG] [org.gradle.cache.internal.DefaultFileLockManager] Lock acquired on daemon addresses registry.
2025-10-19T15:59:04.853-0500 [DEBUG] [org.gradle.cache.internal.DefaultFileLockManager] Releasing lock on daemon addresses registry.
2025-10-19T15:59:05.860-0500 [DEBUG] [org.gradle.process.internal.health.memory.DefaultMemoryManager] 841566208 physical memory requested, 631971840 free
2025-10-19T15:59:05.860-0500 [DEBUG] [org.gradle.workers.internal.WorkerDaemonExpiration] Will attempt to release 802 of memory
2025-10-19T15:59:05.860-0500 [DEBUG] [org.gradle.process.internal.health.memory.DefaultMemoryManager] 841566208 physical memory requested, 0 released, 631971840 free
2025-10-19T15:59:10.865-0500 [DEBUG] [org.gradle.process.internal.health.memory.DefaultMemoryManager] 841566208 physical memory requested, 653574144 free
2025-10-19T15:59:10.865-0500 [DEBUG] [org.gradle.workers.internal.WorkerDaemonExpiration] Will attempt to release 802 of memory
2025-10-19T15:59:10.865-0500 [DEBUG] [org.gradle.process.internal.health.memory.DefaultMemoryManager] 841566208 physical memory requested, 0 released, 653574144 free
2025-10-19T15:59:14.845-0500 [DEBUG] [org.gradle.cache.internal.DefaultFileLockManager] Waiting to acquire shared lock on daemon addresses registry.
2025-10-19T15:59:14.846-0500 [DEBUG] [org.gradle.cache.internal.DefaultFileLockManager] Lock acquired on daemon addresses registry.
2025-10-19T15:59:14.846-0500 [DEBUG] [org.gradle.cache.internal.DefaultFileLockManager] Releasing lock on daemon addresses registry.
2025-10-19T15:59:14.849-0500 [DEBUG] [org.gradle.cache.internal.DefaultFileLockManager] Waiting to acquire shared lock on daemon addresses registry.
2025-10-19T15:59:14.849-0500 [DEBUG] [org.gradle.cache.internal.DefaultFileLockManager] Lock acquired on daemon addresses registry.
2025-10-19T15:59:14.850-0500 [DEBUG] [org.gradle.cache.internal.DefaultFileLockManager] Releasing lock on daemon addresses registry.
2025-10-19T15:59:14.852-0500 [DEBUG] [org.gradle.cache.internal.DefaultFileLockManager] Waiting to acquire shared lock on daemon addresses registry.
2025-10-19T15:59:14.853-0500 [DEBUG] [org.gradle.cache.internal.DefaultFileLockManager] Lock acquired on daemon addresses registry.
2025-10-19T15:59:14.853-0500 [DEBUG] [org.gradle.cache.internal.DefaultFileLockManager] Releasing lock on daemon addresses registry.
2025-10-19T15:59:15.855-0500 [DEBUG] [org.gradle.process.internal.health.memory.DefaultMemoryManager] 841566208 physical memory requested, 602443776 free
2025-10-19T15:59:15.856-0500 [DEBUG] [org.gradle.workers.internal.WorkerDaemonExpiration] Will attempt to release 802 of memory
2025-10-19T15:59:15.856-0500 [DEBUG] [org.gradle.process.internal.health.memory.DefaultMemoryManager] 841566208 physical memory requested, 0 released, 602443776 free
2025-10-19T15:59:20.858-0500 [DEBUG] [org.gradle.process.internal.health.memory.DefaultMemoryManager] 841566208 physical memory requested, 611991552 free
2025-10-19T15:59:20.858-0500 [DEBUG] [org.gradle.workers.internal.WorkerDaemonExpiration] Will attempt to release 802 of memory
2025-10-19T15:59:20.858-0500 [DEBUG] [org.gradle.process.internal.health.memory.DefaultMemoryManager] 841566208 physical memory requested, 0 released, 611991552 free
2025-10-19T15:59:24.839-0500 [DEBUG] [org.gradle.cache.internal.DefaultFileLockManager] Waiting to acquire shared lock on daemon addresses registry.
2025-10-19T15:59:24.839-0500 [DEBUG] [org.gradle.cache.internal.DefaultFileLockManager] Lock acquired on daemon addresses registry.
2025-10-19T15:59:24.840-0500 [DEBUG] [org.gradle.cache.internal.DefaultFileLockManager] Releasing lock on daemon addresses registry.
2025-10-19T15:59:24.842-0500 [DEBUG] [org.gradle.cache.internal.DefaultFileLockManager] Waiting to acquire shared lock on daemon addresses registry.
2025-10-19T15:59:24.842-0500 [DEBUG] [org.gradle.cache.internal.DefaultFileLockManager] Lock acquired on daemon addresses registry.
2025-10-19T15:59:24.843-0500 [DEBUG] [org.gradle.cache.internal.DefaultFileLockManager] Releasing lock on daemon addresses registry.
2025-10-19T15:59:24.844-0500 [DEBUG] [org.gradle.cache.internal.DefaultFileLockManager] Waiting to acquire shared lock on daemon addresses registry.
2025-10-19T15:59:24.845-0500 [DEBUG] [org.gradle.cache.internal.DefaultFileLockManager] Lock acquired on daemon addresses registry.
2025-10-19T15:59:24.845-0500 [DEBUG] [org.gradle.cache.internal.DefaultFileLockManager] Releasing lock on daemon addresses registry.
2025-10-19T15:59:25.869-0500 [DEBUG] [org.gradle.process.internal.health.memory.DefaultMemoryManager] 841566208 physical memory requested, 589660160 free
2025-10-19T15:59:25.869-0500 [DEBUG] [org.gradle.workers.internal.WorkerDaemonExpiration] Will attempt to release 802 of memory
2025-10-19T15:59:25.869-0500 [DEBUG] [org.gradle.process.internal.health.memory.DefaultMemoryManager] 841566208 physical memory requested, 0 released, 589660160 free
2025-10-19T15:59:30.868-0500 [DEBUG] [org.gradle.process.internal.health.memory.DefaultMemoryManager] 841566208 physical memory requested, 608022528 free
2025-10-19T15:59:30.869-0500 [DEBUG] [org.gradle.workers.internal.WorkerDaemonExpiration] Will attempt to release 802 of memory
2025-10-19T15:59:30.869-0500 [DEBUG] [org.gradle.process.internal.health.memory.DefaultMemoryManager] 841566208 physical memory requested, 0 released, 608022528 free
2025-10-19T15:59:34.847-0500 [DEBUG] [org.gradle.cache.internal.DefaultFileLockManager] Waiting to acquire shared lock on daemon addresses registry.
2025-10-19T15:59:34.847-0500 [DEBUG] [org.gradle.cache.internal.DefaultFileLockManager] Lock acquired on daemon addresses registry.
2025-10-19T15:59:34.847-0500 [DEBUG] [org.gradle.cache.internal.DefaultFileLockManager] Releasing lock on daemon addresses registry.
2025-10-19T15:59:34.849-0500 [DEBUG] [org.gradle.cache.internal.DefaultFileLockManager] Waiting to acquire shared lock on daemon addresses registry.
2025-10-19T15:59:34.849-0500 [DEBUG] [org.gradle.cache.internal.DefaultFileLockManager] Lock acquired on daemon addresses registry.
2025-10-19T15:59:34.850-0500 [DEBUG] [org.gradle.cache.internal.DefaultFileLockManager] Releasing lock on daemon addresses registry.
2025-10-19T15:59:34.851-0500 [DEBUG] [org.gradle.cache.internal.DefaultFileLockManager] Waiting to acquire shared lock on daemon addresses registry.
2025-10-19T15:59:34.851-0500 [DEBUG] [org.gradle.cache.internal.DefaultFileLockManager] Lock acquired on daemon addresses registry.
2025-10-19T15:59:34.852-0500 [DEBUG] [org.gradle.cache.internal.DefaultFileLockManager] Releasing lock on daemon addresses registry.
2025-10-19T15:59:35.864-0500 [DEBUG] [org.gradle.process.internal.health.memory.DefaultMemoryManager] 841566208 physical memory requested, 662069248 free
2025-10-19T15:59:35.864-0500 [DEBUG] [org.gradle.workers.internal.WorkerDaemonExpiration] Will attempt to release 802 of memory
2025-10-19T15:59:35.864-0500 [DEBUG] [org.gradle.process.internal.health.memory.DefaultMemoryManager] 841566208 physical memory requested, 0 released, 662069248 free
2025-10-19T15:59:40.859-0500 [DEBUG] [org.gradle.process.internal.health.memory.DefaultMemoryManager] 841566208 physical memory requested, 614326272 free
2025-10-19T15:59:40.859-0500 [DEBUG] [org.gradle.workers.internal.WorkerDaemonExpiration] Will attempt to release 802 of memory
2025-10-19T15:59:40.859-0500 [DEBUG] [org.gradle.process.internal.health.memory.DefaultMemoryManager] 841566208 physical memory requested, 0 released, 614326272 free
2025-10-19T15:59:44.842-0500 [DEBUG] [org.gradle.cache.internal.DefaultFileLockManager] Waiting to acquire shared lock on daemon addresses registry.
2025-10-19T15:59:44.842-0500 [DEBUG] [org.gradle.cache.internal.DefaultFileLockManager] Lock acquired on daemon addresses registry.
2025-10-19T15:59:44.842-0500 [DEBUG] [org.gradle.cache.internal.DefaultFileLockManager] Releasing lock on daemon addresses registry.
2025-10-19T15:59:44.844-0500 [DEBUG] [org.gradle.cache.internal.DefaultFileLockManager] Waiting to acquire shared lock on daemon addresses registry.
2025-10-19T15:59:44.844-0500 [DEBUG] [org.gradle.cache.internal.DefaultFileLockManager] Lock acquired on daemon addresses registry.
2025-10-19T15:59:44.845-0500 [DEBUG] [org.gradle.cache.internal.DefaultFileLockManager] Releasing lock on daemon addresses registry.
2025-10-19T15:59:44.846-0500 [DEBUG] [org.gradle.cache.internal.DefaultFileLockManager] Waiting to acquire shared lock on daemon addresses registry.
2025-10-19T15:59:44.846-0500 [DEBUG] [org.gradle.cache.internal.DefaultFileLockManager] Lock acquired on daemon addresses registry.
2025-10-19T15:59:44.847-0500 [DEBUG] [org.gradle.cache.internal.DefaultFileLockManager] Releasing lock on daemon addresses registry.
2025-10-19T15:59:45.859-0500 [DEBUG] [org.gradle.process.internal.health.memory.DefaultMemoryManager] 841566208 physical memory requested, 630116352 free
2025-10-19T15:59:45.859-0500 [DEBUG] [org.gradle.workers.internal.WorkerDaemonExpiration] Will attempt to release 802 of memory
2025-10-19T15:59:45.859-0500 [DEBUG] [org.gradle.process.internal.health.memory.DefaultMemoryManager] 841566208 physical memory requested, 0 released, 630116352 free
2025-10-19T15:59:50.869-0500 [DEBUG] [org.gradle.process.internal.health.memory.DefaultMemoryManager] 841566208 physical memory requested, 630386688 free
2025-10-19T15:59:50.870-0500 [DEBUG] [org.gradle.workers.internal.WorkerDaemonExpiration] Will attempt to release 802 of memory
2025-10-19T15:59:50.870-0500 [DEBUG] [org.gradle.process.internal.health.memory.DefaultMemoryManager] 841566208 physical memory requested, 0 released, 630386688 free
2025-10-19T15:59:54.847-0500 [DEBUG] [org.gradle.cache.internal.DefaultFileLockManager] Waiting to acquire shared lock on daemon addresses registry.
2025-10-19T15:59:54.848-0500 [DEBUG] [org.gradle.cache.internal.DefaultFileLockManager] Lock acquired on daemon addresses registry.
2025-10-19T15:59:54.848-0500 [DEBUG] [org.gradle.cache.internal.DefaultFileLockManager] Releasing lock on daemon addresses registry.
2025-10-19T15:59:54.852-0500 [DEBUG] [org.gradle.cache.internal.DefaultFileLockManager] Waiting to acquire shared lock on daemon addresses registry.
2025-10-19T15:59:54.852-0500 [DEBUG] [org.gradle.cache.internal.DefaultFileLockManager] Lock acquired on daemon addresses registry.
2025-10-19T15:59:54.853-0500 [DEBUG] [org.gradle.cache.internal.DefaultFileLockManager] Releasing lock on daemon addresses registry.
2025-10-19T15:59:54.855-0500 [DEBUG] [org.gradle.cache.internal.DefaultFileLockManager] Waiting to acquire shared lock on daemon addresses registry.
2025-10-19T15:59:54.855-0500 [DEBUG] [org.gradle.cache.internal.DefaultFileLockManager] Lock acquired on daemon addresses registry.
2025-10-19T15:59:54.856-0500 [DEBUG] [org.gradle.cache.internal.DefaultFileLockManager] Releasing lock on daemon addresses registry.
2025-10-19T15:59:55.861-0500 [DEBUG] [org.gradle.process.internal.health.memory.DefaultMemoryManager] 841566208 physical memory requested, 649216000 free
2025-10-19T15:59:55.861-0500 [DEBUG] [org.gradle.workers.internal.WorkerDaemonExpiration] Will attempt to release 802 of memory
2025-10-19T15:59:55.862-0500 [DEBUG] [org.gradle.process.internal.health.memory.DefaultMemoryManager] 841566208 physical memory requested, 0 released, 649216000 free
2025-10-19T16:00:00.866-0500 [DEBUG] [org.gradle.process.internal.health.memory.DefaultMemoryManager] 841566208 physical memory requested, 674611200 free
2025-10-19T16:00:00.866-0500 [DEBUG] [org.gradle.workers.internal.WorkerDaemonExpiration] Will attempt to release 802 of memory
2025-10-19T16:00:00.866-0500 [DEBUG] [org.gradle.process.internal.health.memory.DefaultMemoryManager] 841566208 physical memory requested, 0 released, 674611200 free
2025-10-19T16:00:04.846-0500 [DEBUG] [org.gradle.cache.internal.DefaultFileLockManager] Waiting to acquire shared lock on daemon addresses registry.
2025-10-19T16:00:04.846-0500 [DEBUG] [org.gradle.cache.internal.DefaultFileLockManager] Lock acquired on daemon addresses registry.
2025-10-19T16:00:04.847-0500 [DEBUG] [org.gradle.cache.internal.DefaultFileLockManager] Releasing lock on daemon addresses registry.
2025-10-19T16:00:04.849-0500 [DEBUG] [org.gradle.cache.internal.DefaultFileLockManager] Waiting to acquire shared lock on daemon addresses registry.
2025-10-19T16:00:04.849-0500 [DEBUG] [org.gradle.cache.internal.DefaultFileLockManager] Lock acquired on daemon addresses registry.
2025-10-19T16:00:04.849-0500 [DEBUG] [org.gradle.cache.internal.DefaultFileLockManager] Releasing lock on daemon addresses registry.
2025-10-19T16:00:04.851-0500 [DEBUG] [org.gradle.cache.internal.DefaultFileLockManager] Waiting to acquire shared lock on daemon addresses registry.
2025-10-19T16:00:04.851-0500 [DEBUG] [org.gradle.cache.internal.DefaultFileLockManager] Lock acquired on daemon addresses registry.
2025-10-19T16:00:04.852-0500 [DEBUG] [org.gradle.cache.internal.DefaultFileLockManager] Releasing lock on daemon addresses registry.
2025-10-19T16:00:05.865-0500 [DEBUG] [org.gradle.process.internal.health.memory.DefaultMemoryManager] 841566208 physical memory requested, 629936128 free
2025-10-19T16:00:05.865-0500 [DEBUG] [org.gradle.workers.internal.WorkerDaemonExpiration] Will attempt to release 802 of memory
2025-10-19T16:00:05.865-0500 [DEBUG] [org.gradle.process.internal.health.memory.DefaultMemoryManager] 841566208 physical memory requested, 0 released, 629936128 free
2025-10-19T16:00:10.854-0500 [DEBUG] [org.gradle.process.internal.health.memory.DefaultMemoryManager] 841566208 physical memory requested, 626876416 free
2025-10-19T16:00:10.854-0500 [DEBUG] [org.gradle.workers.internal.WorkerDaemonExpiration] Will attempt to release 802 of memory
2025-10-19T16:00:10.855-0500 [DEBUG] [org.gradle.process.internal.health.memory.DefaultMemoryManager] 841566208 physical memory requested, 0 released, 626876416 free
2025-10-19T16:00:14.842-0500 [DEBUG] [org.gradle.cache.internal.DefaultFileLockManager] Waiting to acquire shared lock on daemon addresses registry.
2025-10-19T16:00:14.843-0500 [DEBUG] [org.gradle.cache.internal.DefaultFileLockManager] Lock acquired on daemon addresses registry.
2025-10-19T16:00:14.843-0500 [DEBUG] [org.gradle.cache.internal.DefaultFileLockManager] Releasing lock on daemon addresses registry.
2025-10-19T16:00:14.845-0500 [DEBUG] [org.gradle.cache.internal.DefaultFileLockManager] Waiting to acquire shared lock on daemon addresses registry.
2025-10-19T16:00:14.846-0500 [DEBUG] [org.gradle.cache.internal.DefaultFileLockManager] Lock acquired on daemon addresses registry.
2025-10-19T16:00:14.846-0500 [DEBUG] [org.gradle.cache.internal.DefaultFileLockManager] Releasing lock on daemon addresses registry.
2025-10-19T16:00:14.848-0500 [DEBUG] [org.gradle.cache.internal.DefaultFileLockManager] Waiting to acquire shared lock on daemon addresses registry.
2025-10-19T16:00:14.848-0500 [DEBUG] [org.gradle.cache.internal.DefaultFileLockManager] Lock acquired on daemon addresses registry.
2025-10-19T16:00:14.848-0500 [DEBUG] [org.gradle.cache.internal.DefaultFileLockManager] Releasing lock on daemon addresses registry.
2025-10-19T16:00:24.845-0500 [DEBUG] [org.gradle.cache.internal.DefaultFileLockManager] Waiting to acquire shared lock on daemon addresses registry.
2025-10-19T16:00:24.845-0500 [DEBUG] [org.gradle.cache.internal.DefaultFileLockManager] Lock acquired on daemon addresses registry.
2025-10-19T16:00:24.846-0500 [DEBUG] [org.gradle.cache.internal.DefaultFileLockManager] Releasing lock on daemon addresses registry.
2025-10-19T16:00:24.849-0500 [DEBUG] [org.gradle.cache.internal.DefaultFileLockManager] Waiting to acquire shared lock on daemon addresses registry.
2025-10-19T16:00:24.849-0500 [DEBUG] [org.gradle.cache.internal.DefaultFileLockManager] Lock acquired on daemon addresses registry.
2025-10-19T16:00:24.850-0500 [DEBUG] [org.gradle.cache.internal.DefaultFileLockManager] Releasing lock on daemon addresses registry.
2025-10-19T16:00:24.852-0500 [DEBUG] [org.gradle.cache.internal.DefaultFileLockManager] Waiting to acquire shared lock on daemon addresses registry.
2025-10-19T16:00:24.856-0500 [DEBUG] [org.gradle.cache.internal.DefaultFileLockManager] Lock acquired on daemon addresses registry.
2025-10-19T16:00:24.857-0500 [DEBUG] [org.gradle.cache.internal.DefaultFileLockManager] Releasing lock on daemon addresses registry.
2025-10-19T16:00:34.852-0500 [DEBUG] [org.gradle.cache.internal.DefaultFileLockManager] Waiting to acquire shared lock on daemon addresses registry.
2025-10-19T16:00:34.852-0500 [DEBUG] [org.gradle.cache.internal.DefaultFileLockManager] Lock acquired on daemon addresses registry.
2025-10-19T16:00:34.852-0500 [DEBUG] [org.gradle.cache.internal.DefaultFileLockManager] Releasing lock on daemon addresses registry.
2025-10-19T16:00:34.855-0500 [DEBUG] [org.gradle.cache.internal.DefaultFileLockManager] Waiting to acquire shared lock on daemon addresses registry.
2025-10-19T16:00:34.855-0500 [DEBUG] [org.gradle.cache.internal.DefaultFileLockManager] Lock acquired on daemon addresses registry.
2025-10-19T16:00:34.855-0500 [DEBUG] [org.gradle.cache.internal.DefaultFileLockManager] Releasing lock on daemon addresses registry.
2025-10-19T16:00:34.857-0500 [DEBUG] [org.gradle.cache.internal.DefaultFileLockManager] Waiting to acquire shared lock on daemon addresses registry.
2025-10-19T16:00:34.857-0500 [DEBUG] [org.gradle.cache.internal.DefaultFileLockManager] Lock acquired on daemon addresses registry.
2025-10-19T16:00:34.857-0500 [DEBUG] [org.gradle.cache.internal.DefaultFileLockManager] Releasing lock on daemon addresses registry.
2025-10-19T16:00:44.851-0500 [DEBUG] [org.gradle.cache.internal.DefaultFileLockManager] Waiting to acquire shared lock on daemon addresses registry.
2025-10-19T16:00:44.851-0500 [DEBUG] [org.gradle.cache.internal.DefaultFileLockManager] Lock acquired on daemon addresses registry.
2025-10-19T16:00:44.851-0500 [DEBUG] [org.gradle.cache.internal.DefaultFileLockManager] Releasing lock on daemon addresses registry.
2025-10-19T16:00:44.853-0500 [DEBUG] [org.gradle.cache.internal.DefaultFileLockManager] Waiting to acquire shared lock on daemon addresses registry.
2025-10-19T16:00:44.853-0500 [DEBUG] [org.gradle.cache.internal.DefaultFileLockManager] Lock acquired on daemon addresses registry.
2025-10-19T16:00:44.853-0500 [DEBUG] [org.gradle.cache.internal.DefaultFileLockManager] Releasing lock on daemon addresses registry.
2025-10-19T16:00:44.855-0500 [DEBUG] [org.gradle.cache.internal.DefaultFileLockManager] Waiting to acquire shared lock on daemon addresses registry.
2025-10-19T16:00:44.855-0500 [DEBUG] [org.gradle.cache.internal.DefaultFileLockManager] Lock acquired on daemon addresses registry.
2025-10-19T16:00:44.856-0500 [DEBUG] [org.gradle.cache.internal.DefaultFileLockManager] Releasing lock on daemon addresses registry.
2025-10-19T16:00:54.839-0500 [DEBUG] [org.gradle.cache.internal.DefaultFileLockManager] Waiting to acquire shared lock on daemon addresses registry.
2025-10-19T16:00:54.839-0500 [DEBUG] [org.gradle.cache.internal.DefaultFileLockManager] Lock acquired on daemon addresses registry.
2025-10-19T16:00:54.839-0500 [DEBUG] [org.gradle.cache.internal.DefaultFileLockManager] Releasing lock on daemon addresses registry.
2025-10-19T16:00:54.841-0500 [DEBUG] [org.gradle.cache.internal.DefaultFileLockManager] Waiting to acquire shared lock on daemon addresses registry.
2025-10-19T16:00:54.842-0500 [DEBUG] [org.gradle.cache.internal.DefaultFileLockManager] Lock acquired on daemon addresses registry.
2025-10-19T16:00:54.842-0500 [DEBUG] [org.gradle.cache.internal.DefaultFileLockManager] Releasing lock on daemon addresses registry.
2025-10-19T16:00:54.844-0500 [DEBUG] [org.gradle.cache.internal.DefaultFileLockManager] Waiting to acquire shared lock on daemon addresses registry.
2025-10-19T16:00:54.844-0500 [DEBUG] [org.gradle.cache.internal.DefaultFileLockManager] Lock acquired on daemon addresses registry.
2025-10-19T16:00:54.844-0500 [DEBUG] [org.gradle.cache.internal.DefaultFileLockManager] Releasing lock on daemon addresses registry.
2025-10-19T16:01:04.843-0500 [DEBUG] [org.gradle.cache.internal.DefaultFileLockManager] Waiting to acquire shared lock on daemon addresses registry.
2025-10-19T16:01:04.843-0500 [DEBUG] [org.gradle.cache.internal.DefaultFileLockManager] Lock acquired on daemon addresses registry.
2025-10-19T16:01:04.844-0500 [DEBUG] [org.gradle.cache.internal.DefaultFileLockManager] Releasing lock on daemon addresses registry.
2025-10-19T16:01:04.846-0500 [DEBUG] [org.gradle.cache.internal.DefaultFileLockManager] Waiting to acquire shared lock on daemon addresses registry.
2025-10-19T16:01:04.846-0500 [DEBUG] [org.gradle.cache.internal.DefaultFileLockManager] Lock acquired on daemon addresses registry.
2025-10-19T16:01:04.847-0500 [DEBUG] [org.gradle.cache.internal.DefaultFileLockManager] Releasing lock on daemon addresses registry.
2025-10-19T16:01:04.849-0500 [DEBUG] [org.gradle.cache.internal.DefaultFileLockManager] Waiting to acquire shared lock on daemon addresses registry.
2025-10-19T16:01:04.850-0500 [DEBUG] [org.gradle.cache.internal.DefaultFileLockManager] Lock acquired on daemon addresses registry.
2025-10-19T16:01:04.850-0500 [DEBUG] [org.gradle.cache.internal.DefaultFileLockManager] Releasing lock on daemon addresses registry.
2025-10-19T16:01:14.839-0500 [DEBUG] [org.gradle.cache.internal.DefaultFileLockManager] Waiting to acquire shared lock on daemon addresses registry.
2025-10-19T16:01:14.839-0500 [DEBUG] [org.gradle.cache.internal.DefaultFileLockManager] Lock acquired on daemon addresses registry.
2025-10-19T16:01:14.840-0500 [DEBUG] [org.gradle.cache.internal.DefaultFileLockManager] Releasing lock on daemon addresses registry.
2025-10-19T16:01:14.841-0500 [DEBUG] [org.gradle.cache.internal.DefaultFileLockManager] Waiting to acquire shared lock on daemon addresses registry.
2025-10-19T16:01:14.841-0500 [DEBUG] [org.gradle.cache.internal.DefaultFileLockManager] Lock acquired on daemon addresses registry.
2025-10-19T16:01:14.842-0500 [DEBUG] [org.gradle.cache.internal.DefaultFileLockManager] Releasing lock on daemon addresses registry.
2025-10-19T16:01:14.844-0500 [DEBUG] [org.gradle.cache.internal.DefaultFileLockManager] Waiting to acquire shared lock on daemon addresses registry.
2025-10-19T16:01:14.844-0500 [DEBUG] [org.gradle.cache.internal.DefaultFileLockManager] Lock acquired on daemon addresses registry.
2025-10-19T16:01:14.844-0500 [DEBUG] [org.gradle.cache.internal.DefaultFileLockManager] Releasing lock on daemon addresses registry.
2025-10-19T16:01:15.868-0500 [DEBUG] [org.gradle.process.internal.health.memory.DefaultMemoryManager] 841566208 physical memory requested, 526053376 free
2025-10-19T16:01:15.868-0500 [DEBUG] [org.gradle.workers.internal.WorkerDaemonExpiration] Will attempt to release 802 of memory
2025-10-19T16:01:15.868-0500 [DEBUG] [org.gradle.process.internal.health.memory.DefaultMemoryManager] 841566208 physical memory requested, 0 released, 526053376 free
2025-10-19T16:01:20.867-0500 [DEBUG] [org.gradle.process.internal.health.memory.DefaultMemoryManager] 841566208 physical memory requested, 696541184 free
2025-10-19T16:01:20.867-0500 [DEBUG] [org.gradle.workers.internal.WorkerDaemonExpiration] Will attempt to release 802 of memory
2025-10-19T16:01:20.867-0500 [DEBUG] [org.gradle.process.internal.health.memory.DefaultMemoryManager] 841566208 physical memory requested, 0 released, 696541184 free
2025-10-19T16:01:24.843-0500 [DEBUG] [org.gradle.cache.internal.DefaultFileLockManager] Waiting to acquire shared lock on daemon addresses registry.
2025-10-19T16:01:24.843-0500 [DEBUG] [org.gradle.cache.internal.DefaultFileLockManager] Lock acquired on daemon addresses registry.
2025-10-19T16:01:24.843-0500 [DEBUG] [org.gradle.cache.internal.DefaultFileLockManager] Releasing lock on daemon addresses registry.
2025-10-19T16:01:24.845-0500 [DEBUG] [org.gradle.cache.internal.DefaultFileLockManager] Waiting to acquire shared lock on daemon addresses registry.
2025-10-19T16:01:24.845-0500 [DEBUG] [org.gradle.cache.internal.DefaultFileLockManager] Lock acquired on daemon addresses registry.
2025-10-19T16:01:24.845-0500 [DEBUG] [org.gradle.cache.internal.DefaultFileLockManager] Releasing lock on daemon addresses registry.
2025-10-19T16:01:24.846-0500 [DEBUG] [org.gradle.cache.internal.DefaultFileLockManager] Waiting to acquire shared lock on daemon addresses registry.
2025-10-19T16:01:24.847-0500 [DEBUG] [org.gradle.cache.internal.DefaultFileLockManager] Lock acquired on daemon addresses registry.
2025-10-19T16:01:24.847-0500 [DEBUG] [org.gradle.cache.internal.DefaultFileLockManager] Releasing lock on daemon addresses registry.
2025-10-19T16:01:25.857-0500 [DEBUG] [org.gradle.process.internal.health.memory.DefaultMemoryManager] 841566208 physical memory requested, 747376640 free
2025-10-19T16:01:25.857-0500 [DEBUG] [org.gradle.workers.internal.WorkerDaemonExpiration] Will attempt to release 802 of memory
2025-10-19T16:01:25.857-0500 [DEBUG] [org.gradle.process.internal.health.memory.DefaultMemoryManager] 841566208 physical memory requested, 0 released, 747376640 free
2025-10-19T16:01:30.857-0500 [DEBUG] [org.gradle.process.internal.health.memory.DefaultMemoryManager] 841566208 physical memory requested, 738226176 free
2025-10-19T16:01:30.857-0500 [DEBUG] [org.gradle.workers.internal.WorkerDaemonExpiration] Will attempt to release 802 of memory
2025-10-19T16:01:30.857-0500 [DEBUG] [org.gradle.process.internal.health.memory.DefaultMemoryManager] 841566208 physical memory requested, 0 released, 738226176 free
2025-10-19T16:01:34.840-0500 [DEBUG] [org.gradle.cache.internal.DefaultFileLockManager] Waiting to acquire shared lock on daemon addresses registry.
2025-10-19T16:01:34.841-0500 [DEBUG] [org.gradle.cache.internal.DefaultFileLockManager] Lock acquired on daemon addresses registry.
2025-10-19T16:01:34.841-0500 [DEBUG] [org.gradle.cache.internal.DefaultFileLockManager] Releasing lock on daemon addresses registry.
2025-10-19T16:01:34.845-0500 [DEBUG] [org.gradle.cache.internal.DefaultFileLockManager] Waiting to acquire shared lock on daemon addresses registry.
2025-10-19T16:01:34.845-0500 [DEBUG] [org.gradle.cache.internal.DefaultFileLockManager] Lock acquired on daemon addresses registry.
2025-10-19T16:01:34.845-0500 [DEBUG] [org.gradle.cache.internal.DefaultFileLockManager] Releasing lock on daemon addresses registry.
2025-10-19T16:01:34.848-0500 [DEBUG] [org.gradle.cache.internal.DefaultFileLockManager] Waiting to acquire shared lock on daemon addresses registry.
2025-10-19T16:01:34.848-0500 [DEBUG] [org.gradle.cache.internal.DefaultFileLockManager] Lock acquired on daemon addresses registry.
2025-10-19T16:01:34.849-0500 [DEBUG] [org.gradle.cache.internal.DefaultFileLockManager] Releasing lock on daemon addresses registry.
2025-10-19T16:01:35.856-0500 [DEBUG] [org.gradle.process.internal.health.memory.DefaultMemoryManager] 841566208 physical memory requested, 737509376 free
2025-10-19T16:01:35.856-0500 [DEBUG] [org.gradle.workers.internal.WorkerDaemonExpiration] Will attempt to release 802 of memory
2025-10-19T16:01:35.856-0500 [DEBUG] [org.gradle.process.internal.health.memory.DefaultMemoryManager] 841566208 physical memory requested, 0 released, 737509376 free
2025-10-19T16:01:40.863-0500 [DEBUG] [org.gradle.process.internal.health.memory.DefaultMemoryManager] 841566208 physical memory requested, 735182848 free
2025-10-19T16:01:40.863-0500 [DEBUG] [org.gradle.workers.internal.WorkerDaemonExpiration] Will attempt to release 802 of memory
2025-10-19T16:01:40.863-0500 [DEBUG] [org.gradle.process.internal.health.memory.DefaultMemoryManager] 841566208 physical memory requested, 0 released, 735182848 free
2025-10-19T16:01:44.845-0500 [DEBUG] [org.gradle.cache.internal.DefaultFileLockManager] Waiting to acquire shared lock on daemon addresses registry.
2025-10-19T16:01:44.845-0500 [DEBUG] [org.gradle.cache.internal.DefaultFileLockManager] Lock acquired on daemon addresses registry.
2025-10-19T16:01:44.846-0500 [DEBUG] [org.gradle.cache.internal.DefaultFileLockManager] Releasing lock on daemon addresses registry.
2025-10-19T16:01:44.847-0500 [DEBUG] [org.gradle.cache.internal.DefaultFileLockManager] Waiting to acquire shared lock on daemon addresses registry.
2025-10-19T16:01:44.848-0500 [DEBUG] [org.gradle.cache.internal.DefaultFileLockManager] Lock acquired on daemon addresses registry.
2025-10-19T16:01:44.848-0500 [DEBUG] [org.gradle.cache.internal.DefaultFileLockManager] Releasing lock on daemon addresses registry.
2025-10-19T16:01:44.849-0500 [DEBUG] [org.gradle.cache.internal.DefaultFileLockManager] Waiting to acquire shared lock on daemon addresses registry.
2025-10-19T16:01:44.850-0500 [DEBUG] [org.gradle.cache.internal.DefaultFileLockManager] Lock acquired on daemon addresses registry.
2025-10-19T16:01:44.850-0500 [DEBUG] [org.gradle.cache.internal.DefaultFileLockManager] Releasing lock on daemon addresses registry.
2025-10-19T16:01:45.859-0500 [DEBUG] [org.gradle.process.internal.health.memory.DefaultMemoryManager] 841566208 physical memory requested, 696279040 free
2025-10-19T16:01:45.860-0500 [DEBUG] [org.gradle.workers.internal.WorkerDaemonExpiration] Will attempt to release 802 of memory
2025-10-19T16:01:45.860-0500 [DEBUG] [org.gradle.process.internal.health.memory.DefaultMemoryManager] 841566208 physical memory requested, 0 released, 696279040 free
2025-10-19T16:01:50.885-0500 [DEBUG] [org.gradle.process.internal.health.memory.DefaultMemoryManager] 841566208 physical memory requested, 696111104 free
2025-10-19T16:01:50.888-0500 [DEBUG] [org.gradle.workers.internal.WorkerDaemonExpiration] Will attempt to release 802 of memory
2025-10-19T16:01:50.889-0500 [DEBUG] [org.gradle.process.internal.health.memory.DefaultMemoryManager] 841566208 physical memory requested, 0 released, 696111104 free
2025-10-19T16:01:54.840-0500 [DEBUG] [org.gradle.cache.internal.DefaultFileLockManager] Waiting to acquire shared lock on daemon addresses registry.
2025-10-19T16:01:54.840-0500 [DEBUG] [org.gradle.cache.internal.DefaultFileLockManager] Lock acquired on daemon addresses registry.
2025-10-19T16:01:54.841-0500 [DEBUG] [org.gradle.cache.internal.DefaultFileLockManager] Releasing lock on daemon addresses registry.
2025-10-19T16:01:54.842-0500 [DEBUG] [org.gradle.cache.internal.DefaultFileLockManager] Waiting to acquire shared lock on daemon addresses registry.
2025-10-19T16:01:54.842-0500 [DEBUG] [org.gradle.cache.internal.DefaultFileLockManager] Lock acquired on daemon addresses registry.
2025-10-19T16:01:54.843-0500 [DEBUG] [org.gradle.cache.internal.DefaultFileLockManager] Releasing lock on daemon addresses registry.
2025-10-19T16:01:54.844-0500 [DEBUG] [org.gradle.cache.internal.DefaultFileLockManager] Waiting to acquire shared lock on daemon addresses registry.
2025-10-19T16:01:54.844-0500 [DEBUG] [org.gradle.cache.internal.DefaultFileLockManager] Lock acquired on daemon addresses registry.
2025-10-19T16:01:54.845-0500 [DEBUG] [org.gradle.cache.internal.DefaultFileLockManager] Releasing lock on daemon addresses registry.
2025-10-19T16:01:55.867-0500 [DEBUG] [org.gradle.process.internal.health.memory.DefaultMemoryManager] 841566208 physical memory requested, 680226816 free
2025-10-19T16:01:55.868-0500 [DEBUG] [org.gradle.workers.internal.WorkerDaemonExpiration] Will attempt to release 802 of memory
2025-10-19T16:01:55.868-0500 [DEBUG] [org.gradle.process.internal.health.memory.DefaultMemoryManager] 841566208 physical memory requested, 0 released, 680226816 free
2025-10-19T16:02:00.855-0500 [DEBUG] [org.gradle.process.internal.health.memory.DefaultMemoryManager] 841566208 physical memory requested, 693714944 free
2025-10-19T16:02:00.855-0500 [DEBUG] [org.gradle.workers.internal.WorkerDaemonExpiration] Will attempt to release 802 of memory
2025-10-19T16:02:00.855-0500 [DEBUG] [org.gradle.process.internal.health.memory.DefaultMemoryManager] 841566208 physical memory requested, 0 released, 693714944 free
2025-10-19T16:02:04.840-0500 [DEBUG] [org.gradle.cache.internal.DefaultFileLockManager] Waiting to acquire shared lock on daemon addresses registry.
2025-10-19T16:02:04.840-0500 [DEBUG] [org.gradle.cache.internal.DefaultFileLockManager] Lock acquired on daemon addresses registry.
2025-10-19T16:02:04.841-0500 [DEBUG] [org.gradle.cache.internal.DefaultFileLockManager] Releasing lock on daemon addresses registry.
2025-10-19T16:02:04.845-0500 [DEBUG] [org.gradle.cache.internal.DefaultFileLockManager] Waiting to acquire shared lock on daemon addresses registry.
2025-10-19T16:02:04.845-0500 [DEBUG] [org.gradle.cache.internal.DefaultFileLockManager] Lock acquired on daemon addresses registry.
2025-10-19T16:02:04.846-0500 [DEBUG] [org.gradle.cache.internal.DefaultFileLockManager] Releasing lock on daemon addresses registry.
2025-10-19T16:02:04.849-0500 [DEBUG] [org.gradle.cache.internal.DefaultFileLockManager] Waiting to acquire shared lock on daemon addresses registry.
2025-10-19T16:02:04.850-0500 [DEBUG] [org.gradle.cache.internal.DefaultFileLockManager] Lock acquired on daemon addresses registry.
2025-10-19T16:02:04.850-0500 [DEBUG] [org.gradle.cache.internal.DefaultFileLockManager] Releasing lock on daemon addresses registry.
2025-10-19T16:02:05.863-0500 [DEBUG] [org.gradle.process.internal.health.memory.DefaultMemoryManager] 841566208 physical memory requested, 708325376 free
2025-10-19T16:02:05.864-0500 [DEBUG] [org.gradle.workers.internal.WorkerDaemonExpiration] Will attempt to release 802 of memory
2025-10-19T16:02:05.864-0500 [DEBUG] [org.gradle.process.internal.health.memory.DefaultMemoryManager] 841566208 physical memory requested, 0 released, 708325376 free
2025-10-19T16:02:10.863-0500 [DEBUG] [org.gradle.process.internal.health.memory.DefaultMemoryManager] 841566208 physical memory requested, 686936064 free
2025-10-19T16:02:10.863-0500 [DEBUG] [org.gradle.workers.internal.WorkerDaemonExpiration] Will attempt to release 802 of memory
2025-10-19T16:02:10.863-0500 [DEBUG] [org.gradle.process.internal.health.memory.DefaultMemoryManager] 841566208 physical memory requested, 0 released, 686936064 free
2025-10-19T16:02:14.852-0500 [DEBUG] [org.gradle.cache.internal.DefaultFileLockManager] Waiting to acquire shared lock on daemon addresses registry.
2025-10-19T16:02:14.852-0500 [DEBUG] [org.gradle.cache.internal.DefaultFileLockManager] Lock acquired on daemon addresses registry.
2025-10-19T16:02:14.853-0500 [DEBUG] [org.gradle.cache.internal.DefaultFileLockManager] Releasing lock on daemon addresses registry.
2025-10-19T16:02:14.856-0500 [DEBUG] [org.gradle.cache.internal.DefaultFileLockManager] Waiting to acquire shared lock on daemon addresses registry.
2025-10-19T16:02:14.856-0500 [DEBUG] [org.gradle.cache.internal.DefaultFileLockManager] Lock acquired on daemon addresses registry.
2025-10-19T16:02:14.857-0500 [DEBUG] [org.gradle.cache.internal.DefaultFileLockManager] Releasing lock on daemon addresses registry.
2025-10-19T16:02:14.860-0500 [DEBUG] [org.gradle.cache.internal.DefaultFileLockManager] Waiting to acquire shared lock on daemon addresses registry.
2025-10-19T16:02:14.860-0500 [DEBUG] [org.gradle.cache.internal.DefaultFileLockManager] Lock acquired on daemon addresses registry.
2025-10-19T16:02:14.861-0500 [DEBUG] [org.gradle.cache.internal.DefaultFileLockManager] Releasing lock on daemon addresses registry.
2025-10-19T16:02:15.862-0500 [DEBUG] [org.gradle.process.internal.health.memory.DefaultMemoryManager] 841566208 physical memory requested, 709525504 free
2025-10-19T16:02:15.862-0500 [DEBUG] [org.gradle.workers.internal.WorkerDaemonExpiration] Will attempt to release 802 of memory
2025-10-19T16:02:15.862-0500 [DEBUG] [org.gradle.process.internal.health.memory.DefaultMemoryManager] 841566208 physical memory requested, 0 released, 709525504 free
2025-10-19T16:02:20.855-0500 [DEBUG] [org.gradle.process.internal.health.memory.DefaultMemoryManager] 841566208 physical memory requested, 704856064 free
2025-10-19T16:02:20.855-0500 [DEBUG] [org.gradle.workers.internal.WorkerDaemonExpiration] Will attempt to release 802 of memory
2025-10-19T16:02:20.855-0500 [DEBUG] [org.gradle.process.internal.health.memory.DefaultMemoryManager] 841566208 physical memory requested, 0 released, 704856064 free
2025-10-19T16:02:24.850-0500 [DEBUG] [org.gradle.cache.internal.DefaultFileLockManager] Waiting to acquire shared lock on daemon addresses registry.
2025-10-19T16:02:24.850-0500 [DEBUG] [org.gradle.cache.internal.DefaultFileLockManager] Lock acquired on daemon addresses registry.
2025-10-19T16:02:24.850-0500 [DEBUG] [org.gradle.cache.internal.DefaultFileLockManager] Releasing lock on daemon addresses registry.
2025-10-19T16:02:24.851-0500 [DEBUG] [org.gradle.cache.internal.DefaultFileLockManager] Waiting to acquire shared lock on daemon addresses registry.
2025-10-19T16:02:24.851-0500 [DEBUG] [org.gradle.cache.internal.DefaultFileLockManager] Lock acquired on daemon addresses registry.
2025-10-19T16:02:24.851-0500 [DEBUG] [org.gradle.cache.internal.DefaultFileLockManager] Releasing lock on daemon addresses registry.
2025-10-19T16:02:24.853-0500 [DEBUG] [org.gradle.cache.internal.DefaultFileLockManager] Waiting to acquire shared lock on daemon addresses registry.
2025-10-19T16:02:24.853-0500 [DEBUG] [org.gradle.cache.internal.DefaultFileLockManager] Lock acquired on daemon addresses registry.
2025-10-19T16:02:24.853-0500 [DEBUG] [org.gradle.cache.internal.DefaultFileLockManager] Releasing lock on daemon addresses registry.
2025-10-19T16:02:25.864-0500 [DEBUG] [org.gradle.process.internal.health.memory.DefaultMemoryManager] 841566208 physical memory requested, 702726144 free
2025-10-19T16:02:25.865-0500 [DEBUG] [org.gradle.workers.internal.WorkerDaemonExpiration] Will attempt to release 802 of memory
2025-10-19T16:02:25.865-0500 [DEBUG] [org.gradle.process.internal.health.memory.DefaultMemoryManager] 841566208 physical memory requested, 0 released, 702726144 free
2025-10-19T16:02:30.866-0500 [DEBUG] [org.gradle.process.internal.health.memory.DefaultMemoryManager] 841566208 physical memory requested, 738639872 free
2025-10-19T16:02:30.866-0500 [DEBUG] [org.gradle.workers.internal.WorkerDaemonExpiration] Will attempt to release 802 of memory
2025-10-19T16:02:30.866-0500 [DEBUG] [org.gradle.process.internal.health.memory.DefaultMemoryManager] 841566208 physical memory requested, 0 released, 738639872 free
2025-10-19T16:02:34.851-0500 [DEBUG] [org.gradle.cache.internal.DefaultFileLockManager] Waiting to acquire shared lock on daemon addresses registry.
2025-10-19T16:02:34.852-0500 [DEBUG] [org.gradle.cache.internal.DefaultFileLockManager] Lock acquired on daemon addresses registry.
2025-10-19T16:02:34.853-0500 [DEBUG] [org.gradle.cache.internal.DefaultFileLockManager] Releasing lock on daemon addresses registry.
2025-10-19T16:02:34.857-0500 [DEBUG] [org.gradle.cache.internal.DefaultFileLockManager] Waiting to acquire shared lock on daemon addresses registry.
2025-10-19T16:02:34.858-0500 [DEBUG] [org.gradle.cache.internal.DefaultFileLockManager] Lock acquired on daemon addresses registry.
2025-10-19T16:02:34.859-0500 [DEBUG] [org.gradle.cache.internal.DefaultFileLockManager] Releasing lock on daemon addresses registry.
2025-10-19T16:02:34.863-0500 [DEBUG] [org.gradle.cache.internal.DefaultFileLockManager] Waiting to acquire shared lock on daemon addresses registry.
2025-10-19T16:02:34.863-0500 [DEBUG] [org.gradle.cache.internal.DefaultFileLockManager] Lock acquired on daemon addresses registry.
2025-10-19T16:02:34.864-0500 [DEBUG] [org.gradle.cache.internal.DefaultFileLockManager] Releasing lock on daemon addresses registry.
2025-10-19T16:02:35.873-0500 [DEBUG] [org.gradle.process.internal.health.memory.DefaultMemoryManager] 841566208 physical memory requested, 723443712 free
2025-10-19T16:02:35.873-0500 [DEBUG] [org.gradle.workers.internal.WorkerDaemonExpiration] Will attempt to release 802 of memory
2025-10-19T16:02:35.873-0500 [DEBUG] [org.gradle.process.internal.health.memory.DefaultMemoryManager] 841566208 physical memory requested, 0 released, 723443712 free
2025-10-19T16:02:40.855-0500 [DEBUG] [org.gradle.process.internal.health.memory.DefaultMemoryManager] 841566208 physical memory requested, 726302720 free
2025-10-19T16:02:40.856-0500 [DEBUG] [org.gradle.workers.internal.WorkerDaemonExpiration] Will attempt to release 802 of memory
2025-10-19T16:02:40.856-0500 [DEBUG] [org.gradle.process.internal.health.memory.DefaultMemoryManager] 841566208 physical memory requested, 0 released, 726302720 free
2025-10-19T16:02:44.841-0500 [DEBUG] [org.gradle.cache.internal.DefaultFileLockManager] Waiting to acquire shared lock on daemon addresses registry.
2025-10-19T16:02:44.841-0500 [DEBUG] [org.gradle.cache.internal.DefaultFileLockManager] Lock acquired on daemon addresses registry.
2025-10-19T16:02:44.841-0500 [DEBUG] [org.gradle.cache.internal.DefaultFileLockManager] Releasing lock on daemon addresses registry.
2025-10-19T16:02:44.843-0500 [DEBUG] [org.gradle.cache.internal.DefaultFileLockManager] Waiting to acquire shared lock on daemon addresses registry.
2025-10-19T16:02:44.843-0500 [DEBUG] [org.gradle.cache.internal.DefaultFileLockManager] Lock acquired on daemon addresses registry.
2025-10-19T16:02:44.843-0500 [DEBUG] [org.gradle.cache.internal.DefaultFileLockManager] Releasing lock on daemon addresses registry.
2025-10-19T16:02:44.845-0500 [DEBUG] [org.gradle.cache.internal.DefaultFileLockManager] Waiting to acquire shared lock on daemon addresses registry.
2025-10-19T16:02:44.845-0500 [DEBUG] [org.gradle.cache.internal.DefaultFileLockManager] Lock acquired on daemon addresses registry.
2025-10-19T16:02:44.845-0500 [DEBUG] [org.gradle.cache.internal.DefaultFileLockManager] Releasing lock on daemon addresses registry.
2025-10-19T16:02:45.855-0500 [DEBUG] [org.gradle.process.internal.health.memory.DefaultMemoryManager] 841566208 physical memory requested, 758894592 free
2025-10-19T16:02:45.855-0500 [DEBUG] [org.gradle.workers.internal.WorkerDaemonExpiration] Will attempt to release 802 of memory
2025-10-19T16:02:45.856-0500 [DEBUG] [org.gradle.process.internal.health.memory.DefaultMemoryManager] 841566208 physical memory requested, 0 released, 758894592 free
2025-10-19T16:02:50.860-0500 [DEBUG] [org.gradle.process.internal.health.memory.DefaultMemoryManager] 841566208 physical memory requested, 675614720 free
2025-10-19T16:02:50.860-0500 [DEBUG] [org.gradle.workers.internal.WorkerDaemonExpiration] Will attempt to release 802 of memory
2025-10-19T16:02:50.860-0500 [DEBUG] [org.gradle.process.internal.health.memory.DefaultMemoryManager] 841566208 physical memory requested, 0 released, 675614720 free
2025-10-19T16:02:54.845-0500 [DEBUG] [org.gradle.cache.internal.DefaultFileLockManager] Waiting to acquire shared lock on daemon addresses registry.
2025-10-19T16:02:54.845-0500 [DEBUG] [org.gradle.cache.internal.DefaultFileLockManager] Lock acquired on daemon addresses registry.
2025-10-19T16:02:54.846-0500 [DEBUG] [org.gradle.cache.internal.DefaultFileLockManager] Releasing lock on daemon addresses registry.
2025-10-19T16:02:54.850-0500 [DEBUG] [org.gradle.cache.internal.DefaultFileLockManager] Waiting to acquire shared lock on daemon addresses registry.
2025-10-19T16:02:54.850-0500 [DEBUG] [org.gradle.cache.internal.DefaultFileLockManager] Lock acquired on daemon addresses registry.
2025-10-19T16:02:54.852-0500 [DEBUG] [org.gradle.cache.internal.DefaultFileLockManager] Releasing lock on daemon addresses registry.
2025-10-19T16:02:54.855-0500 [DEBUG] [org.gradle.cache.internal.DefaultFileLockManager] Waiting to acquire shared lock on daemon addresses registry.
2025-10-19T16:02:54.856-0500 [DEBUG] [org.gradle.cache.internal.DefaultFileLockManager] Lock acquired on daemon addresses registry.
2025-10-19T16:02:54.856-0500 [DEBUG] [org.gradle.cache.internal.DefaultFileLockManager] Releasing lock on daemon addresses registry.
2025-10-19T16:02:55.855-0500 [DEBUG] [org.gradle.process.internal.health.memory.DefaultMemoryManager] 841566208 physical memory requested, 677310464 free
2025-10-19T16:02:55.856-0500 [DEBUG] [org.gradle.workers.internal.WorkerDaemonExpiration] Will attempt to release 802 of memory
2025-10-19T16:02:55.856-0500 [DEBUG] [org.gradle.process.internal.health.memory.DefaultMemoryManager] 841566208 physical memory requested, 0 released, 677310464 free
2025-10-19T16:03:00.870-0500 [DEBUG] [org.gradle.process.internal.health.memory.DefaultMemoryManager] 841566208 physical memory requested, 694317056 free
2025-10-19T16:03:00.870-0500 [DEBUG] [org.gradle.workers.internal.WorkerDaemonExpiration] Will attempt to release 802 of memory
2025-10-19T16:03:00.871-0500 [DEBUG] [org.gradle.process.internal.health.memory.DefaultMemoryManager] 841566208 physical memory requested, 0 released, 694317056 free
2025-10-19T16:03:04.847-0500 [DEBUG] [org.gradle.cache.internal.DefaultFileLockManager] Waiting to acquire shared lock on daemon addresses registry.
2025-10-19T16:03:04.848-0500 [DEBUG] [org.gradle.cache.internal.DefaultFileLockManager] Lock acquired on daemon addresses registry.
2025-10-19T16:03:04.849-0500 [DEBUG] [org.gradle.cache.internal.DefaultFileLockManager] Releasing lock on daemon addresses registry.
2025-10-19T16:03:04.857-0500 [DEBUG] [org.gradle.cache.internal.DefaultFileLockManager] Waiting to acquire shared lock on daemon addresses registry.
2025-10-19T16:03:04.858-0500 [DEBUG] [org.gradle.cache.internal.DefaultFileLockManager] Lock acquired on daemon addresses registry.
2025-10-19T16:03:04.860-0500 [DEBUG] [org.gradle.cache.internal.DefaultFileLockManager] Releasing lock on daemon addresses registry.
2025-10-19T16:03:04.865-0500 [DEBUG] [org.gradle.cache.internal.DefaultFileLockManager] Waiting to acquire shared lock on daemon addresses registry.
2025-10-19T16:03:04.865-0500 [DEBUG] [org.gradle.cache.internal.DefaultFileLockManager] Lock acquired on daemon addresses registry.
2025-10-19T16:03:04.866-0500 [DEBUG] [org.gradle.cache.internal.DefaultFileLockManager] Releasing lock on daemon addresses registry.
2025-10-19T16:03:05.862-0500 [DEBUG] [org.gradle.process.internal.health.memory.DefaultMemoryManager] 841566208 physical memory requested, 747692032 free
2025-10-19T16:03:05.862-0500 [DEBUG] [org.gradle.workers.internal.WorkerDaemonExpiration] Will attempt to release 802 of memory
2025-10-19T16:03:05.862-0500 [DEBUG] [org.gradle.process.internal.health.memory.DefaultMemoryManager] 841566208 physical memory requested, 0 released, 747692032 free
2025-10-19T16:03:10.867-0500 [DEBUG] [org.gradle.process.internal.health.memory.DefaultMemoryManager] 841566208 physical memory requested, 742043648 free
2025-10-19T16:03:10.868-0500 [DEBUG] [org.gradle.workers.internal.WorkerDaemonExpiration] Will attempt to release 802 of memory
2025-10-19T16:03:10.868-0500 [DEBUG] [org.gradle.process.internal.health.memory.DefaultMemoryManager] 841566208 physical memory requested, 0 released, 742043648 free
2025-10-19T16:03:14.847-0500 [DEBUG] [org.gradle.cache.internal.DefaultFileLockManager] Waiting to acquire shared lock on daemon addresses registry.
2025-10-19T16:03:14.848-0500 [DEBUG] [org.gradle.cache.internal.DefaultFileLockManager] Lock acquired on daemon addresses registry.
2025-10-19T16:03:14.848-0500 [DEBUG] [org.gradle.cache.internal.DefaultFileLockManager] Releasing lock on daemon addresses registry.
2025-10-19T16:03:14.850-0500 [DEBUG] [org.gradle.cache.internal.DefaultFileLockManager] Waiting to acquire shared lock on daemon addresses registry.
2025-10-19T16:03:14.850-0500 [DEBUG] [org.gradle.cache.internal.DefaultFileLockManager] Lock acquired on daemon addresses registry.
2025-10-19T16:03:14.851-0500 [DEBUG] [org.gradle.cache.internal.DefaultFileLockManager] Releasing lock on daemon addresses registry.
2025-10-19T16:03:14.852-0500 [DEBUG] [org.gradle.cache.internal.DefaultFileLockManager] Waiting to acquire shared lock on daemon addresses registry.
2025-10-19T16:03:14.853-0500 [DEBUG] [org.gradle.cache.internal.DefaultFileLockManager] Lock acquired on daemon addresses registry.
2025-10-19T16:03:14.854-0500 [DEBUG] [org.gradle.cache.internal.DefaultFileLockManager] Releasing lock on daemon addresses registry.
2025-10-19T16:03:15.867-0500 [DEBUG] [org.gradle.process.internal.health.memory.DefaultMemoryManager] 841566208 physical memory requested, 744902656 free
2025-10-19T16:03:15.867-0500 [DEBUG] [org.gradle.workers.internal.WorkerDaemonExpiration] Will attempt to release 802 of memory
2025-10-19T16:03:15.867-0500 [DEBUG] [org.gradle.process.internal.health.memory.DefaultMemoryManager] 841566208 physical memory requested, 0 released, 744902656 free
2025-10-19T16:03:20.855-0500 [DEBUG] [org.gradle.process.internal.health.memory.DefaultMemoryManager] 841566208 physical memory requested, 777261056 free
2025-10-19T16:03:20.855-0500 [DEBUG] [org.gradle.workers.internal.WorkerDaemonExpiration] Will attempt to release 802 of memory
2025-10-19T16:03:20.855-0500 [DEBUG] [org.gradle.process.internal.health.memory.DefaultMemoryManager] 841566208 physical memory requested, 0 released, 777261056 free
2025-10-19T16:03:24.839-0500 [DEBUG] [org.gradle.cache.internal.DefaultFileLockManager] Waiting to acquire shared lock on daemon addresses registry.
2025-10-19T16:03:24.840-0500 [DEBUG] [org.gradle.cache.internal.DefaultFileLockManager] Lock acquired on daemon addresses registry.
2025-10-19T16:03:24.841-0500 [DEBUG] [org.gradle.cache.internal.DefaultFileLockManager] Releasing lock on daemon addresses registry.
2025-10-19T16:03:24.846-0500 [DEBUG] [org.gradle.cache.internal.DefaultFileLockManager] Waiting to acquire shared lock on daemon addresses registry.
2025-10-19T16:03:24.847-0500 [DEBUG] [org.gradle.cache.internal.DefaultFileLockManager] Lock acquired on daemon addresses registry.
2025-10-19T16:03:24.848-0500 [DEBUG] [org.gradle.cache.internal.DefaultFileLockManager] Releasing lock on daemon addresses registry.
2025-10-19T16:03:24.859-0500 [DEBUG] [org.gradle.cache.internal.DefaultFileLockManager] Waiting to acquire shared lock on daemon addresses registry.
2025-10-19T16:03:24.864-0500 [DEBUG] [org.gradle.cache.internal.DefaultFileLockManager] Lock acquired on daemon addresses registry.
2025-10-19T16:03:24.866-0500 [DEBUG] [org.gradle.cache.internal.DefaultFileLockManager] Releasing lock on daemon addresses registry.
2025-10-19T16:03:25.864-0500 [DEBUG] [org.gradle.process.internal.health.memory.DefaultMemoryManager] 841566208 physical memory requested, 795574272 free
2025-10-19T16:03:25.864-0500 [DEBUG] [org.gradle.workers.internal.WorkerDaemonExpiration] Will attempt to release 802 of memory
2025-10-19T16:03:25.864-0500 [DEBUG] [org.gradle.process.internal.health.memory.DefaultMemoryManager] 841566208 physical memory requested, 0 released, 795574272 free
2025-10-19T16:03:30.859-0500 [DEBUG] [org.gradle.process.internal.health.memory.DefaultMemoryManager] 841566208 physical memory requested, 778268672 free
2025-10-19T16:03:30.859-0500 [DEBUG] [org.gradle.workers.internal.WorkerDaemonExpiration] Will attempt to release 802 of memory
2025-10-19T16:03:30.860-0500 [DEBUG] [org.gradle.process.internal.health.memory.DefaultMemoryManager] 841566208 physical memory requested, 0 released, 778268672 free
2025-10-19T16:03:34.847-0500 [DEBUG] [org.gradle.cache.internal.DefaultFileLockManager] Waiting to acquire shared lock on daemon addresses registry.
2025-10-19T16:03:34.848-0500 [DEBUG] [org.gradle.cache.internal.DefaultFileLockManager] Lock acquired on daemon addresses registry.
2025-10-19T16:03:34.848-0500 [DEBUG] [org.gradle.cache.internal.DefaultFileLockManager] Releasing lock on daemon addresses registry.
2025-10-19T16:03:34.850-0500 [DEBUG] [org.gradle.cache.internal.DefaultFileLockManager] Waiting to acquire shared lock on daemon addresses registry.
2025-10-19T16:03:34.850-0500 [DEBUG] [org.gradle.cache.internal.DefaultFileLockManager] Lock acquired on daemon addresses registry.
2025-10-19T16:03:34.851-0500 [DEBUG] [org.gradle.cache.internal.DefaultFileLockManager] Releasing lock on daemon addresses registry.
2025-10-19T16:03:34.853-0500 [DEBUG] [org.gradle.cache.internal.DefaultFileLockManager] Waiting to acquire shared lock on daemon addresses registry.
2025-10-19T16:03:34.853-0500 [DEBUG] [org.gradle.cache.internal.DefaultFileLockManager] Lock acquired on daemon addresses registry.
2025-10-19T16:03:34.853-0500 [DEBUG] [org.gradle.cache.internal.DefaultFileLockManager] Releasing lock on daemon addresses registry.
2025-10-19T16:03:35.857-0500 [DEBUG] [org.gradle.process.internal.health.memory.DefaultMemoryManager] 841566208 physical memory requested, 635170816 free
2025-10-19T16:03:35.857-0500 [DEBUG] [org.gradle.workers.internal.WorkerDaemonExpiration] Will attempt to release 802 of memory
2025-10-19T16:03:35.857-0500 [DEBUG] [org.gradle.process.internal.health.memory.DefaultMemoryManager] 841566208 physical memory requested, 0 released, 635170816 free
2025-10-19T16:03:40.866-0500 [DEBUG] [org.gradle.process.internal.health.memory.DefaultMemoryManager] 841566208 physical memory requested, 520237056 free
2025-10-19T16:03:40.866-0500 [DEBUG] [org.gradle.workers.internal.WorkerDaemonExpiration] Will attempt to release 802 of memory
2025-10-19T16:03:40.866-0500 [DEBUG] [org.gradle.process.internal.health.memory.DefaultMemoryManager] 841566208 physical memory requested, 0 released, 520237056 free
2025-10-19T16:03:44.837-0500 [DEBUG] [org.gradle.cache.internal.DefaultFileLockManager] Waiting to acquire shared lock on daemon addresses registry.
2025-10-19T16:03:44.837-0500 [DEBUG] [org.gradle.cache.internal.DefaultFileLockManager] Lock acquired on daemon addresses registry.
2025-10-19T16:03:44.838-0500 [DEBUG] [org.gradle.cache.internal.DefaultFileLockManager] Releasing lock on daemon addresses registry.
2025-10-19T16:03:44.839-0500 [DEBUG] [org.gradle.cache.internal.DefaultFileLockManager] Waiting to acquire shared lock on daemon addresses registry.
2025-10-19T16:03:44.840-0500 [DEBUG] [org.gradle.cache.internal.DefaultFileLockManager] Lock acquired on daemon addresses registry.
2025-10-19T16:03:44.840-0500 [DEBUG] [org.gradle.cache.internal.DefaultFileLockManager] Releasing lock on daemon addresses registry.
2025-10-19T16:03:44.842-0500 [DEBUG] [org.gradle.cache.internal.DefaultFileLockManager] Waiting to acquire shared lock on daemon addresses registry.
2025-10-19T16:03:44.843-0500 [DEBUG] [org.gradle.cache.internal.DefaultFileLockManager] Lock acquired on daemon addresses registry.
2025-10-19T16:03:44.843-0500 [DEBUG] [org.gradle.cache.internal.DefaultFileLockManager] Releasing lock on daemon addresses registry.
2025-10-19T16:03:45.867-0500 [DEBUG] [org.gradle.process.internal.health.memory.DefaultMemoryManager] 841566208 physical memory requested, 579596288 free
2025-10-19T16:03:45.867-0500 [DEBUG] [org.gradle.workers.internal.WorkerDaemonExpiration] Will attempt to release 802 of memory
2025-10-19T16:03:45.867-0500 [DEBUG] [org.gradle.process.internal.health.memory.DefaultMemoryManager] 841566208 physical memory requested, 0 released, 579596288 free
2025-10-19T16:03:50.864-0500 [DEBUG] [org.gradle.process.internal.health.memory.DefaultMemoryManager] 841566208 physical memory requested, 567930880 free
2025-10-19T16:03:50.864-0500 [DEBUG] [org.gradle.workers.internal.WorkerDaemonExpiration] Will attempt to release 802 of memory
2025-10-19T16:03:50.864-0500 [DEBUG] [org.gradle.process.internal.health.memory.DefaultMemoryManager] 841566208 physical memory requested, 0 released, 567930880 free
2025-10-19T16:03:54.854-0500 [DEBUG] [org.gradle.cache.internal.DefaultFileLockManager] Waiting to acquire shared lock on daemon addresses registry.
2025-10-19T16:03:54.854-0500 [DEBUG] [org.gradle.cache.internal.DefaultFileLockManager] Lock acquired on daemon addresses registry.
2025-10-19T16:03:54.856-0500 [DEBUG] [org.gradle.cache.internal.DefaultFileLockManager] Releasing lock on daemon addresses registry.
2025-10-19T16:03:54.861-0500 [DEBUG] [org.gradle.cache.internal.DefaultFileLockManager] Waiting to acquire shared lock on daemon addresses registry.
2025-10-19T16:03:54.861-0500 [DEBUG] [org.gradle.cache.internal.DefaultFileLockManager] Lock acquired on daemon addresses registry.
2025-10-19T16:03:54.863-0500 [DEBUG] [org.gradle.cache.internal.DefaultFileLockManager] Releasing lock on daemon addresses registry.
2025-10-19T16:03:54.867-0500 [DEBUG] [org.gradle.cache.internal.DefaultFileLockManager] Waiting to acquire shared lock on daemon addresses registry.
2025-10-19T16:03:54.868-0500 [DEBUG] [org.gradle.cache.internal.DefaultFileLockManager] Lock acquired on daemon addresses registry.
2025-10-19T16:03:54.890-0500 [DEBUG] [org.gradle.cache.internal.DefaultFileLockManager] Releasing lock on daemon addresses registry.
2025-10-19T16:03:55.862-0500 [DEBUG] [org.gradle.process.internal.health.memory.DefaultMemoryManager] 841566208 physical memory requested, 629071872 free
2025-10-19T16:03:55.862-0500 [DEBUG] [org.gradle.workers.internal.WorkerDaemonExpiration] Will attempt to release 802 of memory
2025-10-19T16:03:55.863-0500 [DEBUG] [org.gradle.process.internal.health.memory.DefaultMemoryManager] 841566208 physical memory requested, 0 released, 629071872 free
2025-10-19T16:04:00.860-0500 [DEBUG] [org.gradle.process.internal.health.memory.DefaultMemoryManager] 841566208 physical memory requested, 624402432 free
2025-10-19T16:04:00.861-0500 [DEBUG] [org.gradle.workers.internal.WorkerDaemonExpiration] Will attempt to release 802 of memory
2025-10-19T16:04:00.861-0500 [DEBUG] [org.gradle.process.internal.health.memory.DefaultMemoryManager] 841566208 physical memory requested, 0 released, 624402432 free
2025-10-19T16:04:04.841-0500 [DEBUG] [org.gradle.cache.internal.DefaultFileLockManager] Waiting to acquire shared lock on daemon addresses registry.
2025-10-19T16:04:04.842-0500 [DEBUG] [org.gradle.cache.internal.DefaultFileLockManager] Lock acquired on daemon addresses registry.
2025-10-19T16:04:04.842-0500 [DEBUG] [org.gradle.cache.internal.DefaultFileLockManager] Releasing lock on daemon addresses registry.
2025-10-19T16:04:04.844-0500 [DEBUG] [org.gradle.cache.internal.DefaultFileLockManager] Waiting to acquire shared lock on daemon addresses registry.
2025-10-19T16:04:04.844-0500 [DEBUG] [org.gradle.cache.internal.DefaultFileLockManager] Lock acquired on daemon addresses registry.
2025-10-19T16:04:04.844-0500 [DEBUG] [org.gradle.cache.internal.DefaultFileLockManager] Releasing lock on daemon addresses registry.
2025-10-19T16:04:04.846-0500 [DEBUG] [org.gradle.cache.internal.DefaultFileLockManager] Waiting to acquire shared lock on daemon addresses registry.
2025-10-19T16:04:04.846-0500 [DEBUG] [org.gradle.cache.internal.DefaultFileLockManager] Lock acquired on daemon addresses registry.
2025-10-19T16:04:04.847-0500 [DEBUG] [org.gradle.cache.internal.DefaultFileLockManager] Releasing lock on daemon addresses registry.
2025-10-19T16:04:05.855-0500 [DEBUG] [org.gradle.process.internal.health.memory.DefaultMemoryManager] 841566208 physical memory requested, 678313984 free
2025-10-19T16:04:05.855-0500 [DEBUG] [org.gradle.workers.internal.WorkerDaemonExpiration] Will attempt to release 802 of memory
2025-10-19T16:04:05.855-0500 [DEBUG] [org.gradle.process.internal.health.memory.DefaultMemoryManager] 841566208 physical memory requested, 0 released, 678313984 free
2025-10-19T16:04:10.865-0500 [DEBUG] [org.gradle.process.internal.health.memory.DefaultMemoryManager] 841566208 physical memory requested, 638525440 free
2025-10-19T16:04:10.865-0500 [DEBUG] [org.gradle.workers.internal.WorkerDaemonExpiration] Will attempt to release 802 of memory
2025-10-19T16:04:10.866-0500 [DEBUG] [org.gradle.process.internal.health.memory.DefaultMemoryManager] 841566208 physical memory requested, 0 released, 638525440 free
2025-10-19T16:04:14.844-0500 [DEBUG] [org.gradle.cache.internal.DefaultFileLockManager] Waiting to acquire shared lock on daemon addresses registry.
2025-10-19T16:04:14.845-0500 [DEBUG] [org.gradle.cache.internal.DefaultFileLockManager] Lock acquired on daemon addresses registry.
2025-10-19T16:04:14.845-0500 [DEBUG] [org.gradle.cache.internal.DefaultFileLockManager] Releasing lock on daemon addresses registry.
2025-10-19T16:04:14.846-0500 [DEBUG] [org.gradle.cache.internal.DefaultFileLockManager] Waiting to acquire shared lock on daemon addresses registry.
2025-10-19T16:04:14.846-0500 [DEBUG] [org.gradle.cache.internal.DefaultFileLockManager] Lock acquired on daemon addresses registry.
2025-10-19T16:04:14.859-0500 [DEBUG] [org.gradle.cache.internal.DefaultFileLockManager] Releasing lock on daemon addresses registry.
2025-10-19T16:04:14.861-0500 [DEBUG] [org.gradle.cache.internal.DefaultFileLockManager] Waiting to acquire shared lock on daemon addresses registry.
2025-10-19T16:04:14.861-0500 [DEBUG] [org.gradle.cache.internal.DefaultFileLockManager] Lock acquired on daemon addresses registry.
2025-10-19T16:04:14.862-0500 [DEBUG] [org.gradle.cache.internal.DefaultFileLockManager] Releasing lock on daemon addresses registry.
2025-10-19T16:04:15.859-0500 [DEBUG] [org.gradle.process.internal.health.memory.DefaultMemoryManager] 841566208 physical memory requested, 687190016 free
2025-10-19T16:04:15.859-0500 [DEBUG] [org.gradle.workers.internal.WorkerDaemonExpiration] Will attempt to release 802 of memory
2025-10-19T16:04:15.859-0500 [DEBUG] [org.gradle.process.internal.health.memory.DefaultMemoryManager] 841566208 physical memory requested, 0 released, 687190016 free
2025-10-19T16:04:20.859-0500 [DEBUG] [org.gradle.process.internal.health.memory.DefaultMemoryManager] 841566208 physical memory requested, 581541888 free
2025-10-19T16:04:20.861-0500 [DEBUG] [org.gradle.workers.internal.WorkerDaemonExpiration] Will attempt to release 802 of memory
2025-10-19T16:04:20.862-0500 [DEBUG] [org.gradle.process.internal.health.memory.DefaultMemoryManager] 841566208 physical memory requested, 0 released, 581541888 free
2025-10-19T16:04:24.846-0500 [DEBUG] [org.gradle.cache.internal.DefaultFileLockManager] Waiting to acquire shared lock on daemon addresses registry.
2025-10-19T16:04:24.847-0500 [DEBUG] [org.gradle.cache.internal.DefaultFileLockManager] Lock acquired on daemon addresses registry.
2025-10-19T16:04:24.847-0500 [DEBUG] [org.gradle.cache.internal.DefaultFileLockManager] Releasing lock on daemon addresses registry.
2025-10-19T16:04:24.848-0500 [DEBUG] [org.gradle.cache.internal.DefaultFileLockManager] Waiting to acquire shared lock on daemon addresses registry.
2025-10-19T16:04:24.848-0500 [DEBUG] [org.gradle.cache.internal.DefaultFileLockManager] Lock acquired on daemon addresses registry.
2025-10-19T16:04:24.849-0500 [DEBUG] [org.gradle.cache.internal.DefaultFileLockManager] Releasing lock on daemon addresses registry.
2025-10-19T16:04:24.850-0500 [DEBUG] [org.gradle.cache.internal.DefaultFileLockManager] Waiting to acquire shared lock on daemon addresses registry.
2025-10-19T16:04:24.850-0500 [DEBUG] [org.gradle.cache.internal.DefaultFileLockManager] Lock acquired on daemon addresses registry.
2025-10-19T16:04:24.850-0500 [DEBUG] [org.gradle.cache.internal.DefaultFileLockManager] Releasing lock on daemon addresses registry.
2025-10-19T16:04:25.865-0500 [DEBUG] [org.gradle.process.internal.health.memory.DefaultMemoryManager] 841566208 physical memory requested, 518250496 free
2025-10-19T16:04:25.865-0500 [DEBUG] [org.gradle.workers.internal.WorkerDaemonExpiration] Will attempt to release 802 of memory
2025-10-19T16:04:25.865-0500 [DEBUG] [org.gradle.process.internal.health.memory.DefaultMemoryManager] 841566208 physical memory requested, 0 released, 518250496 free
2025-10-19T16:04:34.847-0500 [DEBUG] [org.gradle.cache.internal.DefaultFileLockManager] Waiting to acquire shared lock on daemon addresses registry.
2025-10-19T16:04:34.848-0500 [DEBUG] [org.gradle.cache.internal.DefaultFileLockManager] Lock acquired on daemon addresses registry.
2025-10-19T16:04:34.849-0500 [DEBUG] [org.gradle.cache.internal.DefaultFileLockManager] Releasing lock on daemon addresses registry.
2025-10-19T16:04:34.852-0500 [DEBUG] [org.gradle.cache.internal.DefaultFileLockManager] Waiting to acquire shared lock on daemon addresses registry.
2025-10-19T16:04:34.852-0500 [DEBUG] [org.gradle.cache.internal.DefaultFileLockManager] Lock acquired on daemon addresses registry.
2025-10-19T16:04:34.853-0500 [DEBUG] [org.gradle.cache.internal.DefaultFileLockManager] Releasing lock on daemon addresses registry.
2025-10-19T16:04:34.855-0500 [DEBUG] [org.gradle.cache.internal.DefaultFileLockManager] Waiting to acquire shared lock on daemon addresses registry.
2025-10-19T16:04:34.855-0500 [DEBUG] [org.gradle.cache.internal.DefaultFileLockManager] Lock acquired on daemon addresses registry.
2025-10-19T16:04:34.855-0500 [DEBUG] [org.gradle.cache.internal.DefaultFileLockManager] Releasing lock on daemon addresses registry.
2025-10-19T16:04:35.861-0500 [DEBUG] [org.gradle.process.internal.health.memory.DefaultMemoryManager] 841566208 physical memory requested, 824696832 free
2025-10-19T16:04:35.861-0500 [DEBUG] [org.gradle.workers.internal.WorkerDaemonExpiration] Will attempt to release 802 of memory
2025-10-19T16:04:35.861-0500 [DEBUG] [org.gradle.process.internal.health.memory.DefaultMemoryManager] 841566208 physical memory requested, 0 released, 824696832 free
2025-10-19T16:04:40.854-0500 [DEBUG] [org.gradle.process.internal.health.memory.DefaultMemoryManager] 841566208 physical memory requested, 829874176 free
2025-10-19T16:04:40.855-0500 [DEBUG] [org.gradle.workers.internal.WorkerDaemonExpiration] Will attempt to release 802 of memory
2025-10-19T16:04:40.855-0500 [DEBUG] [org.gradle.process.internal.health.memory.DefaultMemoryManager] 841566208 physical memory requested, 0 released, 829874176 free
2025-10-19T16:04:44.851-0500 [DEBUG] [org.gradle.cache.internal.DefaultFileLockManager] Waiting to acquire shared lock on daemon addresses registry.
2025-10-19T16:04:44.852-0500 [DEBUG] [org.gradle.cache.internal.DefaultFileLockManager] Lock acquired on daemon addresses registry.
2025-10-19T16:04:44.852-0500 [DEBUG] [org.gradle.cache.internal.DefaultFileLockManager] Releasing lock on daemon addresses registry.
2025-10-19T16:04:44.855-0500 [DEBUG] [org.gradle.cache.internal.DefaultFileLockManager] Waiting to acquire shared lock on daemon addresses registry.
2025-10-19T16:04:44.855-0500 [DEBUG] [org.gradle.cache.internal.DefaultFileLockManager] Lock acquired on daemon addresses registry.
2025-10-19T16:04:44.855-0500 [DEBUG] [org.gradle.cache.internal.DefaultFileLockManager] Releasing lock on daemon addresses registry.
2025-10-19T16:04:44.858-0500 [DEBUG] [org.gradle.cache.internal.DefaultFileLockManager] Waiting to acquire shared lock on daemon addresses registry.
2025-10-19T16:04:44.858-0500 [DEBUG] [org.gradle.cache.internal.DefaultFileLockManager] Lock acquired on daemon addresses registry.
2025-10-19T16:04:44.858-0500 [DEBUG] [org.gradle.cache.internal.DefaultFileLockManager] Releasing lock on daemon addresses registry.
2025-10-19T16:04:45.858-0500 [DEBUG] [org.gradle.process.internal.health.memory.DefaultMemoryManager] 841566208 physical memory requested, 590737408 free
2025-10-19T16:04:45.858-0500 [DEBUG] [org.gradle.workers.internal.WorkerDaemonExpiration] Will attempt to release 802 of memory
2025-10-19T16:04:45.859-0500 [DEBUG] [org.gradle.process.internal.health.memory.DefaultMemoryManager] 841566208 physical memory requested, 0 released, 590737408 free
2025-10-19T16:04:50.862-0500 [DEBUG] [org.gradle.process.internal.health.memory.DefaultMemoryManager] 841566208 physical memory requested, 491147264 free
2025-10-19T16:04:50.863-0500 [DEBUG] [org.gradle.workers.internal.WorkerDaemonExpiration] Will attempt to release 802 of memory
2025-10-19T16:04:50.868-0500 [DEBUG] [org.gradle.process.internal.health.memory.DefaultMemoryManager] 841566208 physical memory requested, 0 released, 491147264 free
2025-10-19T16:04:54.841-0500 [DEBUG] [org.gradle.cache.internal.DefaultFileLockManager] Waiting to acquire shared lock on daemon addresses registry.
2025-10-19T16:04:54.842-0500 [DEBUG] [org.gradle.cache.internal.DefaultFileLockManager] Lock acquired on daemon addresses registry.
2025-10-19T16:04:54.843-0500 [DEBUG] [org.gradle.cache.internal.DefaultFileLockManager] Releasing lock on daemon addresses registry.
2025-10-19T16:04:54.846-0500 [DEBUG] [org.gradle.cache.internal.DefaultFileLockManager] Waiting to acquire shared lock on daemon addresses registry.
2025-10-19T16:04:54.847-0500 [DEBUG] [org.gradle.cache.internal.DefaultFileLockManager] Lock acquired on daemon addresses registry.
2025-10-19T16:04:54.848-0500 [DEBUG] [org.gradle.cache.internal.DefaultFileLockManager] Releasing lock on daemon addresses registry.
2025-10-19T16:04:54.851-0500 [DEBUG] [org.gradle.cache.internal.DefaultFileLockManager] Waiting to acquire shared lock on daemon addresses registry.
2025-10-19T16:04:54.851-0500 [DEBUG] [org.gradle.cache.internal.DefaultFileLockManager] Lock acquired on daemon addresses registry.
2025-10-19T16:04:54.852-0500 [DEBUG] [org.gradle.cache.internal.DefaultFileLockManager] Releasing lock on daemon addresses registry.
2025-10-19T16:04:55.905-0500 [DEBUG] [org.gradle.process.internal.health.memory.DefaultMemoryManager] 841566208 physical memory requested, 571338752 free
2025-10-19T16:04:55.909-0500 [DEBUG] [org.gradle.workers.internal.WorkerDaemonExpiration] Will attempt to release 802 of memory
2025-10-19T16:04:55.909-0500 [DEBUG] [org.gradle.process.internal.health.memory.DefaultMemoryManager] 841566208 physical memory requested, 0 released, 571338752 free
2025-10-19T16:05:04.842-0500 [DEBUG] [org.gradle.cache.internal.DefaultFileLockManager] Waiting to acquire shared lock on daemon addresses registry.
2025-10-19T16:05:04.842-0500 [DEBUG] [org.gradle.cache.internal.DefaultFileLockManager] Lock acquired on daemon addresses registry.
2025-10-19T16:05:04.843-0500 [DEBUG] [org.gradle.cache.internal.DefaultFileLockManager] Releasing lock on daemon addresses registry.
2025-10-19T16:05:04.844-0500 [DEBUG] [org.gradle.cache.internal.DefaultFileLockManager] Waiting to acquire shared lock on daemon addresses registry.
2025-10-19T16:05:04.844-0500 [DEBUG] [org.gradle.cache.internal.DefaultFileLockManager] Lock acquired on daemon addresses registry.
2025-10-19T16:05:04.845-0500 [DEBUG] [org.gradle.cache.internal.DefaultFileLockManager] Releasing lock on daemon addresses registry.
2025-10-19T16:05:04.847-0500 [DEBUG] [org.gradle.cache.internal.DefaultFileLockManager] Waiting to acquire shared lock on daemon addresses registry.
2025-10-19T16:05:04.847-0500 [DEBUG] [org.gradle.cache.internal.DefaultFileLockManager] Lock acquired on daemon addresses registry.
2025-10-19T16:05:04.847-0500 [DEBUG] [org.gradle.cache.internal.DefaultFileLockManager] Releasing lock on daemon addresses registry.
2025-10-19T16:05:05.855-0500 [DEBUG] [org.gradle.process.internal.health.memory.DefaultMemoryManager] 841566208 physical memory requested, 789200896 free
2025-10-19T16:05:05.855-0500 [DEBUG] [org.gradle.workers.internal.WorkerDaemonExpiration] Will attempt to release 802 of memory
2025-10-19T16:05:05.856-0500 [DEBUG] [org.gradle.process.internal.health.memory.DefaultMemoryManager] 841566208 physical memory requested, 0 released, 789200896 free
2025-10-19T16:05:10.860-0500 [DEBUG] [org.gradle.process.internal.health.memory.DefaultMemoryManager] 841566208 physical memory requested, 733962240 free
2025-10-19T16:05:10.860-0500 [DEBUG] [org.gradle.workers.internal.WorkerDaemonExpiration] Will attempt to release 802 of memory
2025-10-19T16:05:10.860-0500 [DEBUG] [org.gradle.process.internal.health.memory.DefaultMemoryManager] 841566208 physical memory requested, 0 released, 733962240 free
2025-10-19T16:05:14.847-0500 [DEBUG] [org.gradle.cache.internal.DefaultFileLockManager] Waiting to acquire shared lock on daemon addresses registry.
2025-10-19T16:05:14.847-0500 [DEBUG] [org.gradle.cache.internal.DefaultFileLockManager] Lock acquired on daemon addresses registry.
2025-10-19T16:05:14.848-0500 [DEBUG] [org.gradle.cache.internal.DefaultFileLockManager] Releasing lock on daemon addresses registry.
2025-10-19T16:05:14.850-0500 [DEBUG] [org.gradle.cache.internal.DefaultFileLockManager] Waiting to acquire shared lock on daemon addresses registry.
2025-10-19T16:05:14.850-0500 [DEBUG] [org.gradle.cache.internal.DefaultFileLockManager] Lock acquired on daemon addresses registry.
2025-10-19T16:05:14.850-0500 [DEBUG] [org.gradle.cache.internal.DefaultFileLockManager] Releasing lock on daemon addresses registry.
2025-10-19T16:05:14.852-0500 [DEBUG] [org.gradle.cache.internal.DefaultFileLockManager] Waiting to acquire shared lock on daemon addresses registry.
2025-10-19T16:05:14.852-0500 [DEBUG] [org.gradle.cache.internal.DefaultFileLockManager] Lock acquired on daemon addresses registry.
2025-10-19T16:05:14.853-0500 [DEBUG] [org.gradle.cache.internal.DefaultFileLockManager] Releasing lock on daemon addresses registry.
2025-10-19T16:05:24.842-0500 [DEBUG] [org.gradle.cache.internal.DefaultFileLockManager] Waiting to acquire shared lock on daemon addresses registry.
2025-10-19T16:05:24.843-0500 [DEBUG] [org.gradle.cache.internal.DefaultFileLockManager] Lock acquired on daemon addresses registry.
2025-10-19T16:05:24.843-0500 [DEBUG] [org.gradle.cache.internal.DefaultFileLockManager] Releasing lock on daemon addresses registry.
2025-10-19T16:05:24.845-0500 [DEBUG] [org.gradle.cache.internal.DefaultFileLockManager] Waiting to acquire shared lock on daemon addresses registry.
2025-10-19T16:05:24.845-0500 [DEBUG] [org.gradle.cache.internal.DefaultFileLockManager] Lock acquired on daemon addresses registry.
2025-10-19T16:05:24.846-0500 [DEBUG] [org.gradle.cache.internal.DefaultFileLockManager] Releasing lock on daemon addresses registry.
2025-10-19T16:05:24.848-0500 [DEBUG] [org.gradle.cache.internal.DefaultFileLockManager] Waiting to acquire shared lock on daemon addresses registry.
2025-10-19T16:05:24.848-0500 [DEBUG] [org.gradle.cache.internal.DefaultFileLockManager] Lock acquired on daemon addresses registry.
2025-10-19T16:05:24.849-0500 [DEBUG] [org.gradle.cache.internal.DefaultFileLockManager] Releasing lock on daemon addresses registry.
2025-10-19T16:05:34.867-0500 [DEBUG] [org.gradle.cache.internal.DefaultFileLockManager] Waiting to acquire shared lock on daemon addresses registry.
2025-10-19T16:05:34.868-0500 [DEBUG] [org.gradle.cache.internal.DefaultFileLockManager] Lock acquired on daemon addresses registry.
2025-10-19T16:05:34.868-0500 [DEBUG] [org.gradle.cache.internal.DefaultFileLockManager] Releasing lock on daemon addresses registry.
2025-10-19T16:05:34.874-0500 [DEBUG] [org.gradle.cache.internal.DefaultFileLockManager] Waiting to acquire shared lock on daemon addresses registry.
2025-10-19T16:05:34.874-0500 [DEBUG] [org.gradle.cache.internal.DefaultFileLockManager] Lock acquired on daemon addresses registry.
2025-10-19T16:05:34.876-0500 [DEBUG] [org.gradle.cache.internal.DefaultFileLockManager] Releasing lock on daemon addresses registry.
2025-10-19T16:05:34.879-0500 [DEBUG] [org.gradle.cache.internal.DefaultFileLockManager] Waiting to acquire shared lock on daemon addresses registry.
2025-10-19T16:05:34.880-0500 [DEBUG] [org.gradle.cache.internal.DefaultFileLockManager] Lock acquired on daemon addresses registry.
2025-10-19T16:05:34.880-0500 [DEBUG] [org.gradle.cache.internal.DefaultFileLockManager] Releasing lock on daemon addresses registry.
2025-10-19T16:05:44.838-0500 [DEBUG] [org.gradle.cache.internal.DefaultFileLockManager] Waiting to acquire shared lock on daemon addresses registry.
2025-10-19T16:05:44.839-0500 [DEBUG] [org.gradle.cache.internal.DefaultFileLockManager] Lock acquired on daemon addresses registry.
2025-10-19T16:05:44.839-0500 [DEBUG] [org.gradle.cache.internal.DefaultFileLockManager] Releasing lock on daemon addresses registry.
2025-10-19T16:05:44.842-0500 [DEBUG] [org.gradle.cache.internal.DefaultFileLockManager] Waiting to acquire shared lock on daemon addresses registry.
2025-10-19T16:05:44.842-0500 [DEBUG] [org.gradle.cache.internal.DefaultFileLockManager] Lock acquired on daemon addresses registry.
2025-10-19T16:05:44.843-0500 [DEBUG] [org.gradle.cache.internal.DefaultFileLockManager] Releasing lock on daemon addresses registry.
2025-10-19T16:05:44.844-0500 [DEBUG] [org.gradle.cache.internal.DefaultFileLockManager] Waiting to acquire shared lock on daemon addresses registry.
2025-10-19T16:05:44.844-0500 [DEBUG] [org.gradle.cache.internal.DefaultFileLockManager] Lock acquired on daemon addresses registry.
2025-10-19T16:05:44.846-0500 [DEBUG] [org.gradle.cache.internal.DefaultFileLockManager] Releasing lock on daemon addresses registry.
2025-10-19T16:05:54.863-0500 [DEBUG] [org.gradle.cache.internal.DefaultFileLockManager] Waiting to acquire shared lock on daemon addresses registry.
2025-10-19T16:05:54.863-0500 [DEBUG] [org.gradle.cache.internal.DefaultFileLockManager] Lock acquired on daemon addresses registry.
2025-10-19T16:05:54.864-0500 [DEBUG] [org.gradle.cache.internal.DefaultFileLockManager] Releasing lock on daemon addresses registry.
2025-10-19T16:05:54.866-0500 [DEBUG] [org.gradle.cache.internal.DefaultFileLockManager] Waiting to acquire shared lock on daemon addresses registry.
2025-10-19T16:05:54.866-0500 [DEBUG] [org.gradle.cache.internal.DefaultFileLockManager] Lock acquired on daemon addresses registry.
2025-10-19T16:05:54.866-0500 [DEBUG] [org.gradle.cache.internal.DefaultFileLockManager] Releasing lock on daemon addresses registry.
2025-10-19T16:05:54.868-0500 [DEBUG] [org.gradle.cache.internal.DefaultFileLockManager] Waiting to acquire shared lock on daemon addresses registry.
2025-10-19T16:05:54.869-0500 [DEBUG] [org.gradle.cache.internal.DefaultFileLockManager] Lock acquired on daemon addresses registry.
2025-10-19T16:05:54.869-0500 [DEBUG] [org.gradle.cache.internal.DefaultFileLockManager] Releasing lock on daemon addresses registry.
2025-10-19T16:06:04.849-0500 [DEBUG] [org.gradle.cache.internal.DefaultFileLockManager] Waiting to acquire shared lock on daemon addresses registry.
2025-10-19T16:06:04.849-0500 [DEBUG] [org.gradle.cache.internal.DefaultFileLockManager] Lock acquired on daemon addresses registry.
2025-10-19T16:06:04.849-0500 [DEBUG] [org.gradle.cache.internal.DefaultFileLockManager] Releasing lock on daemon addresses registry.
2025-10-19T16:06:04.851-0500 [DEBUG] [org.gradle.cache.internal.DefaultFileLockManager] Waiting to acquire shared lock on daemon addresses registry.
2025-10-19T16:06:04.851-0500 [DEBUG] [org.gradle.cache.internal.DefaultFileLockManager] Lock acquired on daemon addresses registry.
2025-10-19T16:06:04.852-0500 [DEBUG] [org.gradle.cache.internal.DefaultFileLockManager] Releasing lock on daemon addresses registry.
2025-10-19T16:06:04.853-0500 [DEBUG] [org.gradle.cache.internal.DefaultFileLockManager] Waiting to acquire shared lock on daemon addresses registry.
2025-10-19T16:06:04.853-0500 [DEBUG] [org.gradle.cache.internal.DefaultFileLockManager] Lock acquired on daemon addresses registry.
2025-10-19T16:06:04.854-0500 [DEBUG] [org.gradle.cache.internal.DefaultFileLockManager] Releasing lock on daemon addresses registry.
2025-10-19T16:06:14.849-0500 [DEBUG] [org.gradle.cache.internal.DefaultFileLockManager] Waiting to acquire shared lock on daemon addresses registry.
2025-10-19T16:06:14.849-0500 [DEBUG] [org.gradle.cache.internal.DefaultFileLockManager] Lock acquired on daemon addresses registry.
2025-10-19T16:06:14.851-0500 [DEBUG] [org.gradle.cache.internal.DefaultFileLockManager] Releasing lock on daemon addresses registry.
2025-10-19T16:06:14.858-0500 [DEBUG] [org.gradle.cache.internal.DefaultFileLockManager] Waiting to acquire shared lock on daemon addresses registry.
2025-10-19T16:06:14.858-0500 [DEBUG] [org.gradle.cache.internal.DefaultFileLockManager] Lock acquired on daemon addresses registry.
2025-10-19T16:06:14.860-0500 [DEBUG] [org.gradle.cache.internal.DefaultFileLockManager] Releasing lock on daemon addresses registry.
2025-10-19T16:06:14.866-0500 [DEBUG] [org.gradle.cache.internal.DefaultFileLockManager] Waiting to acquire shared lock on daemon addresses registry.
2025-10-19T16:06:14.867-0500 [DEBUG] [org.gradle.cache.internal.DefaultFileLockManager] Lock acquired on daemon addresses registry.
2025-10-19T16:06:14.868-0500 [DEBUG] [org.gradle.cache.internal.DefaultFileLockManager] Releasing lock on daemon addresses registry.
2025-10-19T16:06:24.851-0500 [DEBUG] [org.gradle.cache.internal.DefaultFileLockManager] Waiting to acquire shared lock on daemon addresses registry.
2025-10-19T16:06:24.852-0500 [DEBUG] [org.gradle.cache.internal.DefaultFileLockManager] Lock acquired on daemon addresses registry.
2025-10-19T16:06:24.852-0500 [DEBUG] [org.gradle.cache.internal.DefaultFileLockManager] Releasing lock on daemon addresses registry.
2025-10-19T16:06:24.856-0500 [DEBUG] [org.gradle.cache.internal.DefaultFileLockManager] Waiting to acquire shared lock on daemon addresses registry.
2025-10-19T16:06:24.857-0500 [DEBUG] [org.gradle.cache.internal.DefaultFileLockManager] Lock acquired on daemon addresses registry.
2025-10-19T16:06:24.857-0500 [DEBUG] [org.gradle.cache.internal.DefaultFileLockManager] Releasing lock on daemon addresses registry.
2025-10-19T16:06:24.862-0500 [DEBUG] [org.gradle.cache.internal.DefaultFileLockManager] Waiting to acquire shared lock on daemon addresses registry.
2025-10-19T16:06:24.862-0500 [DEBUG] [org.gradle.cache.internal.DefaultFileLockManager] Lock acquired on daemon addresses registry.
2025-10-19T16:06:24.863-0500 [DEBUG] [org.gradle.cache.internal.DefaultFileLockManager] Releasing lock on daemon addresses registry.
2025-10-19T16:06:34.842-0500 [DEBUG] [org.gradle.cache.internal.DefaultFileLockManager] Waiting to acquire shared lock on daemon addresses registry.
2025-10-19T16:06:34.842-0500 [DEBUG] [org.gradle.cache.internal.DefaultFileLockManager] Lock acquired on daemon addresses registry.
2025-10-19T16:06:34.843-0500 [DEBUG] [org.gradle.cache.internal.DefaultFileLockManager] Releasing lock on daemon addresses registry.
2025-10-19T16:06:34.847-0500 [DEBUG] [org.gradle.cache.internal.DefaultFileLockManager] Waiting to acquire shared lock on daemon addresses registry.
2025-10-19T16:06:34.847-0500 [DEBUG] [org.gradle.cache.internal.DefaultFileLockManager] Lock acquired on daemon addresses registry.
2025-10-19T16:06:34.848-0500 [DEBUG] [org.gradle.cache.internal.DefaultFileLockManager] Releasing lock on daemon addresses registry.
2025-10-19T16:06:34.851-0500 [DEBUG] [org.gradle.cache.internal.DefaultFileLockManager] Waiting to acquire shared lock on daemon addresses registry.
2025-10-19T16:06:34.852-0500 [DEBUG] [org.gradle.cache.internal.DefaultFileLockManager] Lock acquired on daemon addresses registry.
2025-10-19T16:06:34.853-0500 [DEBUG] [org.gradle.cache.internal.DefaultFileLockManager] Releasing lock on daemon addresses registry.
2025-10-19T16:06:44.842-0500 [DEBUG] [org.gradle.cache.internal.DefaultFileLockManager] Waiting to acquire shared lock on daemon addresses registry.
2025-10-19T16:06:44.843-0500 [DEBUG] [org.gradle.cache.internal.DefaultFileLockManager] Lock acquired on daemon addresses registry.
2025-10-19T16:06:44.844-0500 [DEBUG] [org.gradle.cache.internal.DefaultFileLockManager] Releasing lock on daemon addresses registry.
2025-10-19T16:06:44.861-0500 [DEBUG] [org.gradle.cache.internal.DefaultFileLockManager] Waiting to acquire shared lock on daemon addresses registry.
2025-10-19T16:06:44.862-0500 [DEBUG] [org.gradle.cache.internal.DefaultFileLockManager] Lock acquired on daemon addresses registry.
2025-10-19T16:06:44.864-0500 [DEBUG] [org.gradle.cache.internal.DefaultFileLockManager] Releasing lock on daemon addresses registry.
2025-10-19T16:06:44.869-0500 [DEBUG] [org.gradle.cache.internal.DefaultFileLockManager] Waiting to acquire shared lock on daemon addresses registry.
2025-10-19T16:06:44.870-0500 [DEBUG] [org.gradle.cache.internal.DefaultFileLockManager] Lock acquired on daemon addresses registry.
2025-10-19T16:06:44.871-0500 [DEBUG] [org.gradle.cache.internal.DefaultFileLockManager] Releasing lock on daemon addresses registry.
2025-10-19T16:06:54.841-0500 [DEBUG] [org.gradle.cache.internal.DefaultFileLockManager] Waiting to acquire shared lock on daemon addresses registry.
2025-10-19T16:06:54.841-0500 [DEBUG] [org.gradle.cache.internal.DefaultFileLockManager] Lock acquired on daemon addresses registry.
2025-10-19T16:06:54.842-0500 [DEBUG] [org.gradle.cache.internal.DefaultFileLockManager] Releasing lock on daemon addresses registry.
2025-10-19T16:06:54.843-0500 [DEBUG] [org.gradle.cache.internal.DefaultFileLockManager] Waiting to acquire shared lock on daemon addresses registry.
2025-10-19T16:06:54.844-0500 [DEBUG] [org.gradle.cache.internal.DefaultFileLockManager] Lock acquired on daemon addresses registry.
2025-10-19T16:06:54.844-0500 [DEBUG] [org.gradle.cache.internal.DefaultFileLockManager] Releasing lock on daemon addresses registry.
2025-10-19T16:06:54.846-0500 [DEBUG] [org.gradle.cache.internal.DefaultFileLockManager] Waiting to acquire shared lock on daemon addresses registry.
2025-10-19T16:06:54.846-0500 [DEBUG] [org.gradle.cache.internal.DefaultFileLockManager] Lock acquired on daemon addresses registry.
2025-10-19T16:06:54.847-0500 [DEBUG] [org.gradle.cache.internal.DefaultFileLockManager] Releasing lock on daemon addresses registry.
2025-10-19T16:07:00.859-0500 [DEBUG] [org.gradle.process.internal.health.memory.DefaultMemoryManager] 841566208 physical memory requested, 676089856 free
2025-10-19T16:07:00.860-0500 [DEBUG] [org.gradle.workers.internal.WorkerDaemonExpiration] Will attempt to release 802 of memory
2025-10-19T16:07:00.860-0500 [DEBUG] [org.gradle.process.internal.health.memory.DefaultMemoryManager] 841566208 physical memory requested, 0 released, 676089856 free
2025-10-19T16:07:04.844-0500 [DEBUG] [org.gradle.cache.internal.DefaultFileLockManager] Waiting to acquire shared lock on daemon addresses registry.
2025-10-19T16:07:04.844-0500 [DEBUG] [org.gradle.cache.internal.DefaultFileLockManager] Lock acquired on daemon addresses registry.
2025-10-19T16:07:04.845-0500 [DEBUG] [org.gradle.cache.internal.DefaultFileLockManager] Releasing lock on daemon addresses registry.
2025-10-19T16:07:04.847-0500 [DEBUG] [org.gradle.cache.internal.DefaultFileLockManager] Waiting to acquire shared lock on daemon addresses registry.
2025-10-19T16:07:04.848-0500 [DEBUG] [org.gradle.cache.internal.DefaultFileLockManager] Lock acquired on daemon addresses registry.
2025-10-19T16:07:04.848-0500 [DEBUG] [org.gradle.cache.internal.DefaultFileLockManager] Releasing lock on daemon addresses registry.
2025-10-19T16:07:04.851-0500 [DEBUG] [org.gradle.cache.internal.DefaultFileLockManager] Waiting to acquire shared lock on daemon addresses registry.
2025-10-19T16:07:04.851-0500 [DEBUG] [org.gradle.cache.internal.DefaultFileLockManager] Lock acquired on daemon addresses registry.
2025-10-19T16:07:04.851-0500 [DEBUG] [org.gradle.cache.internal.DefaultFileLockManager] Releasing lock on daemon addresses registry.
2025-10-19T16:07:05.857-0500 [DEBUG] [org.gradle.process.internal.health.memory.DefaultMemoryManager] 841566208 physical memory requested, 699158528 free
2025-10-19T16:07:05.857-0500 [DEBUG] [org.gradle.workers.internal.WorkerDaemonExpiration] Will attempt to release 802 of memory
2025-10-19T16:07:05.858-0500 [DEBUG] [org.gradle.process.internal.health.memory.DefaultMemoryManager] 841566208 physical memory requested, 0 released, 699158528 free
2025-10-19T16:07:14.847-0500 [DEBUG] [org.gradle.cache.internal.DefaultFileLockManager] Waiting to acquire shared lock on daemon addresses registry.
2025-10-19T16:07:14.847-0500 [DEBUG] [org.gradle.cache.internal.DefaultFileLockManager] Lock acquired on daemon addresses registry.
2025-10-19T16:07:14.848-0500 [DEBUG] [org.gradle.cache.internal.DefaultFileLockManager] Releasing lock on daemon addresses registry.
2025-10-19T16:07:14.851-0500 [DEBUG] [org.gradle.cache.internal.DefaultFileLockManager] Waiting to acquire shared lock on daemon addresses registry.
2025-10-19T16:07:14.852-0500 [DEBUG] [org.gradle.cache.internal.DefaultFileLockManager] Lock acquired on daemon addresses registry.
2025-10-19T16:07:14.852-0500 [DEBUG] [org.gradle.cache.internal.DefaultFileLockManager] Releasing lock on daemon addresses registry.
2025-10-19T16:07:14.855-0500 [DEBUG] [org.gradle.cache.internal.DefaultFileLockManager] Waiting to acquire shared lock on daemon addresses registry.
2025-10-19T16:07:14.856-0500 [DEBUG] [org.gradle.cache.internal.DefaultFileLockManager] Lock acquired on daemon addresses registry.
2025-10-19T16:07:14.856-0500 [DEBUG] [org.gradle.cache.internal.DefaultFileLockManager] Releasing lock on daemon addresses registry.
2025-10-19T16:07:15.862-0500 [DEBUG] [org.gradle.process.internal.health.memory.DefaultMemoryManager] 841566208 physical memory requested, 695402496 free
2025-10-19T16:07:15.865-0500 [DEBUG] [org.gradle.workers.internal.WorkerDaemonExpiration] Will attempt to release 802 of memory
2025-10-19T16:07:15.865-0500 [DEBUG] [org.gradle.process.internal.health.memory.DefaultMemoryManager] 841566208 physical memory requested, 0 released, 695402496 free
2025-10-19T16:07:20.869-0500 [DEBUG] [org.gradle.process.internal.health.memory.DefaultMemoryManager] 841566208 physical memory requested, 604307456 free
2025-10-19T16:07:20.869-0500 [DEBUG] [org.gradle.workers.internal.WorkerDaemonExpiration] Will attempt to release 802 of memory
2025-10-19T16:07:20.870-0500 [DEBUG] [org.gradle.process.internal.health.memory.DefaultMemoryManager] 841566208 physical memory requested, 0 released, 604307456 free
2025-10-19T16:07:24.837-0500 [DEBUG] [org.gradle.cache.internal.DefaultFileLockManager] Waiting to acquire shared lock on daemon addresses registry.
2025-10-19T16:07:24.837-0500 [DEBUG] [org.gradle.cache.internal.DefaultFileLockManager] Lock acquired on daemon addresses registry.
2025-10-19T16:07:24.837-0500 [DEBUG] [org.gradle.cache.internal.DefaultFileLockManager] Releasing lock on daemon addresses registry.
2025-10-19T16:07:24.839-0500 [DEBUG] [org.gradle.cache.internal.DefaultFileLockManager] Waiting to acquire shared lock on daemon addresses registry.
2025-10-19T16:07:24.839-0500 [DEBUG] [org.gradle.cache.internal.DefaultFileLockManager] Lock acquired on daemon addresses registry.
2025-10-19T16:07:24.839-0500 [DEBUG] [org.gradle.cache.internal.DefaultFileLockManager] Releasing lock on daemon addresses registry.
2025-10-19T16:07:24.853-0500 [DEBUG] [org.gradle.cache.internal.DefaultFileLockManager] Waiting to acquire shared lock on daemon addresses registry.
2025-10-19T16:07:24.854-0500 [DEBUG] [org.gradle.cache.internal.DefaultFileLockManager] Lock acquired on daemon addresses registry.
2025-10-19T16:07:24.855-0500 [DEBUG] [org.gradle.cache.internal.DefaultFileLockManager] Releasing lock on daemon addresses registry.
2025-10-19T16:07:25.855-0500 [DEBUG] [org.gradle.process.internal.health.memory.DefaultMemoryManager] 841566208 physical memory requested, 652328960 free
2025-10-19T16:07:25.855-0500 [DEBUG] [org.gradle.workers.internal.WorkerDaemonExpiration] Will attempt to release 802 of memory
2025-10-19T16:07:25.855-0500 [DEBUG] [org.gradle.process.internal.health.memory.DefaultMemoryManager] 841566208 physical memory requested, 0 released, 652328960 free
2025-10-19T16:07:30.861-0500 [DEBUG] [org.gradle.process.internal.health.memory.DefaultMemoryManager] 841566208 physical memory requested, 549269504 free
2025-10-19T16:07:30.862-0500 [DEBUG] [org.gradle.workers.internal.WorkerDaemonExpiration] Will attempt to release 802 of memory
2025-10-19T16:07:30.862-0500 [DEBUG] [org.gradle.process.internal.health.memory.DefaultMemoryManager] 841566208 physical memory requested, 0 released, 549269504 free
2025-10-19T16:07:34.876-0500 [DEBUG] [org.gradle.cache.internal.DefaultFileLockManager] Waiting to acquire shared lock on daemon addresses registry.
2025-10-19T16:07:34.876-0500 [DEBUG] [org.gradle.cache.internal.DefaultFileLockManager] Lock acquired on daemon addresses registry.
2025-10-19T16:07:34.877-0500 [DEBUG] [org.gradle.cache.internal.DefaultFileLockManager] Releasing lock on daemon addresses registry.
2025-10-19T16:07:34.885-0500 [DEBUG] [org.gradle.cache.internal.DefaultFileLockManager] Waiting to acquire shared lock on daemon addresses registry.
2025-10-19T16:07:34.885-0500 [DEBUG] [org.gradle.cache.internal.DefaultFileLockManager] Lock acquired on daemon addresses registry.
2025-10-19T16:07:34.885-0500 [DEBUG] [org.gradle.cache.internal.DefaultFileLockManager] Releasing lock on daemon addresses registry.
2025-10-19T16:07:34.888-0500 [DEBUG] [org.gradle.cache.internal.DefaultFileLockManager] Waiting to acquire shared lock on daemon addresses registry.
2025-10-19T16:07:34.888-0500 [DEBUG] [org.gradle.cache.internal.DefaultFileLockManager] Lock acquired on daemon addresses registry.
2025-10-19T16:07:34.889-0500 [DEBUG] [org.gradle.cache.internal.DefaultFileLockManager] Releasing lock on daemon addresses registry.
2025-10-19T16:07:35.921-0500 [DEBUG] [org.gradle.process.internal.health.memory.DefaultMemoryManager] 841566208 physical memory requested, 569520128 free
2025-10-19T16:07:35.921-0500 [DEBUG] [org.gradle.workers.internal.WorkerDaemonExpiration] Will attempt to release 802 of memory
2025-10-19T16:07:35.957-0500 [DEBUG] [org.gradle.process.internal.health.memory.DefaultMemoryManager] 841566208 physical memory requested, 0 released, 569520128 free
2025-10-19T16:07:44.849-0500 [DEBUG] [org.gradle.cache.internal.DefaultFileLockManager] Waiting to acquire shared lock on daemon addresses registry.
2025-10-19T16:07:44.849-0500 [DEBUG] [org.gradle.cache.internal.DefaultFileLockManager] Lock acquired on daemon addresses registry.
2025-10-19T16:07:44.850-0500 [DEBUG] [org.gradle.cache.internal.DefaultFileLockManager] Releasing lock on daemon addresses registry.
2025-10-19T16:07:44.854-0500 [DEBUG] [org.gradle.cache.internal.DefaultFileLockManager] Waiting to acquire shared lock on daemon addresses registry.
2025-10-19T16:07:44.854-0500 [DEBUG] [org.gradle.cache.internal.DefaultFileLockManager] Lock acquired on daemon addresses registry.
2025-10-19T16:07:44.855-0500 [DEBUG] [org.gradle.cache.internal.DefaultFileLockManager] Releasing lock on daemon addresses registry.
2025-10-19T16:07:44.860-0500 [DEBUG] [org.gradle.cache.internal.DefaultFileLockManager] Waiting to acquire shared lock on daemon addresses registry.
2025-10-19T16:07:44.860-0500 [DEBUG] [org.gradle.cache.internal.DefaultFileLockManager] Lock acquired on daemon addresses registry.
2025-10-19T16:07:44.861-0500 [DEBUG] [org.gradle.cache.internal.DefaultFileLockManager] Releasing lock on daemon addresses registry.
2025-10-19T16:07:54.853-0500 [DEBUG] [org.gradle.cache.internal.DefaultFileLockManager] Waiting to acquire shared lock on daemon addresses registry.
2025-10-19T16:07:54.854-0500 [DEBUG] [org.gradle.cache.internal.DefaultFileLockManager] Lock acquired on daemon addresses registry.
2025-10-19T16:07:54.856-0500 [DEBUG] [org.gradle.cache.internal.DefaultFileLockManager] Releasing lock on daemon addresses registry.
2025-10-19T16:07:54.862-0500 [DEBUG] [org.gradle.cache.internal.DefaultFileLockManager] Waiting to acquire shared lock on daemon addresses registry.
2025-10-19T16:07:54.863-0500 [DEBUG] [org.gradle.cache.internal.DefaultFileLockManager] Lock acquired on daemon addresses registry.
2025-10-19T16:07:54.864-0500 [DEBUG] [org.gradle.cache.internal.DefaultFileLockManager] Releasing lock on daemon addresses registry.
2025-10-19T16:07:54.868-0500 [DEBUG] [org.gradle.cache.internal.DefaultFileLockManager] Waiting to acquire shared lock on daemon addresses registry.
2025-10-19T16:07:54.869-0500 [DEBUG] [org.gradle.cache.internal.DefaultFileLockManager] Lock acquired on daemon addresses registry.
2025-10-19T16:07:54.870-0500 [DEBUG] [org.gradle.cache.internal.DefaultFileLockManager] Releasing lock on daemon addresses registry.
2025-10-19T16:08:04.851-0500 [DEBUG] [org.gradle.cache.internal.DefaultFileLockManager] Waiting to acquire shared lock on daemon addresses registry.
2025-10-19T16:08:04.851-0500 [DEBUG] [org.gradle.cache.internal.DefaultFileLockManager] Lock acquired on daemon addresses registry.
2025-10-19T16:08:04.851-0500 [DEBUG] [org.gradle.cache.internal.DefaultFileLockManager] Releasing lock on daemon addresses registry.
2025-10-19T16:08:04.853-0500 [DEBUG] [org.gradle.cache.internal.DefaultFileLockManager] Waiting to acquire shared lock on daemon addresses registry.
2025-10-19T16:08:04.853-0500 [DEBUG] [org.gradle.cache.internal.DefaultFileLockManager] Lock acquired on daemon addresses registry.
2025-10-19T16:08:04.853-0500 [DEBUG] [org.gradle.cache.internal.DefaultFileLockManager] Releasing lock on daemon addresses registry.
2025-10-19T16:08:04.855-0500 [DEBUG] [org.gradle.cache.internal.DefaultFileLockManager] Waiting to acquire shared lock on daemon addresses registry.
2025-10-19T16:08:04.855-0500 [DEBUG] [org.gradle.cache.internal.DefaultFileLockManager] Lock acquired on daemon addresses registry.
2025-10-19T16:08:04.855-0500 [DEBUG] [org.gradle.cache.internal.DefaultFileLockManager] Releasing lock on daemon addresses registry.
2025-10-19T16:08:14.850-0500 [DEBUG] [org.gradle.cache.internal.DefaultFileLockManager] Waiting to acquire shared lock on daemon addresses registry.
2025-10-19T16:08:14.850-0500 [DEBUG] [org.gradle.cache.internal.DefaultFileLockManager] Lock acquired on daemon addresses registry.
2025-10-19T16:08:14.851-0500 [DEBUG] [org.gradle.cache.internal.DefaultFileLockManager] Releasing lock on daemon addresses registry.
2025-10-19T16:08:14.855-0500 [DEBUG] [org.gradle.cache.internal.DefaultFileLockManager] Waiting to acquire shared lock on daemon addresses registry.
2025-10-19T16:08:14.855-0500 [DEBUG] [org.gradle.cache.internal.DefaultFileLockManager] Lock acquired on daemon addresses registry.
2025-10-19T16:08:14.856-0500 [DEBUG] [org.gradle.cache.internal.DefaultFileLockManager] Releasing lock on daemon addresses registry.
2025-10-19T16:08:14.857-0500 [DEBUG] [org.gradle.cache.internal.DefaultFileLockManager] Waiting to acquire shared lock on daemon addresses registry.
2025-10-19T16:08:14.857-0500 [DEBUG] [org.gradle.cache.internal.DefaultFileLockManager] Lock acquired on daemon addresses registry.
2025-10-19T16:08:14.858-0500 [DEBUG] [org.gradle.cache.internal.DefaultFileLockManager] Releasing lock on daemon addresses registry.
2025-10-19T16:08:15.858-0500 [DEBUG] [org.gradle.process.internal.health.memory.DefaultMemoryManager] 841566208 physical memory requested, 749666304 free
2025-10-19T16:08:15.859-0500 [DEBUG] [org.gradle.workers.internal.WorkerDaemonExpiration] Will attempt to release 802 of memory
2025-10-19T16:08:15.859-0500 [DEBUG] [org.gradle.process.internal.health.memory.DefaultMemoryManager] 841566208 physical memory requested, 0 released, 749666304 free
2025-10-19T16:08:20.859-0500 [DEBUG] [org.gradle.process.internal.health.memory.DefaultMemoryManager] 841566208 physical memory requested, 741322752 free
2025-10-19T16:08:20.859-0500 [DEBUG] [org.gradle.workers.internal.WorkerDaemonExpiration] Will attempt to release 802 of memory
2025-10-19T16:08:20.860-0500 [DEBUG] [org.gradle.process.internal.health.memory.DefaultMemoryManager] 841566208 physical memory requested, 0 released, 741322752 free
2025-10-19T16:08:24.841-0500 [DEBUG] [org.gradle.cache.internal.DefaultFileLockManager] Waiting to acquire shared lock on daemon addresses registry.
2025-10-19T16:08:24.841-0500 [DEBUG] [org.gradle.cache.internal.DefaultFileLockManager] Lock acquired on daemon addresses registry.
2025-10-19T16:08:24.843-0500 [DEBUG] [org.gradle.cache.internal.DefaultFileLockManager] Releasing lock on daemon addresses registry.
2025-10-19T16:08:24.846-0500 [DEBUG] [org.gradle.cache.internal.DefaultFileLockManager] Waiting to acquire shared lock on daemon addresses registry.
2025-10-19T16:08:24.846-0500 [DEBUG] [org.gradle.cache.internal.DefaultFileLockManager] Lock acquired on daemon addresses registry.
2025-10-19T16:08:24.847-0500 [DEBUG] [org.gradle.cache.internal.DefaultFileLockManager] Releasing lock on daemon addresses registry.
2025-10-19T16:08:24.850-0500 [DEBUG] [org.gradle.cache.internal.DefaultFileLockManager] Waiting to acquire shared lock on daemon addresses registry.
2025-10-19T16:08:24.851-0500 [DEBUG] [org.gradle.cache.internal.DefaultFileLockManager] Lock acquired on daemon addresses registry.
2025-10-19T16:08:24.852-0500 [DEBUG] [org.gradle.cache.internal.DefaultFileLockManager] Releasing lock on daemon addresses registry.
2025-10-19T16:08:25.864-0500 [DEBUG] [org.gradle.process.internal.health.memory.DefaultMemoryManager] 841566208 physical memory requested, 639483904 free
2025-10-19T16:08:25.864-0500 [DEBUG] [org.gradle.workers.internal.WorkerDaemonExpiration] Will attempt to release 802 of memory
2025-10-19T16:08:25.864-0500 [DEBUG] [org.gradle.process.internal.health.memory.DefaultMemoryManager] 841566208 physical memory requested, 0 released, 639483904 free
2025-10-19T16:08:30.877-0500 [DEBUG] [org.gradle.process.internal.health.memory.DefaultMemoryManager] 841566208 physical memory requested, 658747392 free
2025-10-19T16:08:30.877-0500 [DEBUG] [org.gradle.workers.internal.WorkerDaemonExpiration] Will attempt to release 802 of memory
2025-10-19T16:08:30.877-0500 [DEBUG] [org.gradle.process.internal.health.memory.DefaultMemoryManager] 841566208 physical memory requested, 0 released, 658747392 free
2025-10-19T16:08:34.845-0500 [DEBUG] [org.gradle.cache.internal.DefaultFileLockManager] Waiting to acquire shared lock on daemon addresses registry.
2025-10-19T16:08:34.845-0500 [DEBUG] [org.gradle.cache.internal.DefaultFileLockManager] Lock acquired on daemon addresses registry.
2025-10-19T16:08:34.845-0500 [DEBUG] [org.gradle.cache.internal.DefaultFileLockManager] Releasing lock on daemon addresses registry.
2025-10-19T16:08:34.847-0500 [DEBUG] [org.gradle.cache.internal.DefaultFileLockManager] Waiting to acquire shared lock on daemon addresses registry.
2025-10-19T16:08:34.847-0500 [DEBUG] [org.gradle.cache.internal.DefaultFileLockManager] Lock acquired on daemon addresses registry.
2025-10-19T16:08:34.848-0500 [DEBUG] [org.gradle.cache.internal.DefaultFileLockManager] Releasing lock on daemon addresses registry.
2025-10-19T16:08:34.849-0500 [DEBUG] [org.gradle.cache.internal.DefaultFileLockManager] Waiting to acquire shared lock on daemon addresses registry.
2025-10-19T16:08:34.849-0500 [DEBUG] [org.gradle.cache.internal.DefaultFileLockManager] Lock acquired on daemon addresses registry.
2025-10-19T16:08:34.850-0500 [DEBUG] [org.gradle.cache.internal.DefaultFileLockManager] Releasing lock on daemon addresses registry.
2025-10-19T16:08:35.855-0500 [DEBUG] [org.gradle.process.internal.health.memory.DefaultMemoryManager] 841566208 physical memory requested, 438333440 free
2025-10-19T16:08:35.855-0500 [DEBUG] [org.gradle.workers.internal.WorkerDaemonExpiration] Will attempt to release 802 of memory
2025-10-19T16:08:35.856-0500 [DEBUG] [org.gradle.process.internal.health.memory.DefaultMemoryManager] 841566208 physical memory requested, 0 released, 438333440 free
2025-10-19T16:08:44.841-0500 [DEBUG] [org.gradle.cache.internal.DefaultFileLockManager] Waiting to acquire shared lock on daemon addresses registry.
2025-10-19T16:08:44.841-0500 [DEBUG] [org.gradle.cache.internal.DefaultFileLockManager] Lock acquired on daemon addresses registry.
2025-10-19T16:08:44.842-0500 [DEBUG] [org.gradle.cache.internal.DefaultFileLockManager] Releasing lock on daemon addresses registry.
2025-10-19T16:08:44.843-0500 [DEBUG] [org.gradle.cache.internal.DefaultFileLockManager] Waiting to acquire shared lock on daemon addresses registry.
2025-10-19T16:08:44.843-0500 [DEBUG] [org.gradle.cache.internal.DefaultFileLockManager] Lock acquired on daemon addresses registry.
2025-10-19T16:08:44.852-0500 [DEBUG] [org.gradle.cache.internal.DefaultFileLockManager] Releasing lock on daemon addresses registry.
2025-10-19T16:08:44.854-0500 [DEBUG] [org.gradle.cache.internal.DefaultFileLockManager] Waiting to acquire shared lock on daemon addresses registry.
2025-10-19T16:08:44.854-0500 [DEBUG] [org.gradle.cache.internal.DefaultFileLockManager] Lock acquired on daemon addresses registry.
2025-10-19T16:08:44.854-0500 [DEBUG] [org.gradle.cache.internal.DefaultFileLockManager] Releasing lock on daemon addresses registry.
2025-10-19T16:08:54.849-0500 [DEBUG] [org.gradle.cache.internal.DefaultFileLockManager] Waiting to acquire shared lock on daemon addresses registry.
2025-10-19T16:08:54.849-0500 [DEBUG] [org.gradle.cache.internal.DefaultFileLockManager] Lock acquired on daemon addresses registry.
2025-10-19T16:08:54.849-0500 [DEBUG] [org.gradle.cache.internal.DefaultFileLockManager] Releasing lock on daemon addresses registry.
2025-10-19T16:08:54.850-0500 [DEBUG] [org.gradle.cache.internal.DefaultFileLockManager] Waiting to acquire shared lock on daemon addresses registry.
2025-10-19T16:08:54.851-0500 [DEBUG] [org.gradle.cache.internal.DefaultFileLockManager] Lock acquired on daemon addresses registry.
2025-10-19T16:08:54.851-0500 [DEBUG] [org.gradle.cache.internal.DefaultFileLockManager] Releasing lock on daemon addresses registry.
2025-10-19T16:08:54.852-0500 [DEBUG] [org.gradle.cache.internal.DefaultFileLockManager] Waiting to acquire shared lock on daemon addresses registry.
2025-10-19T16:08:54.852-0500 [DEBUG] [org.gradle.cache.internal.DefaultFileLockManager] Lock acquired on daemon addresses registry.
2025-10-19T16:08:54.852-0500 [DEBUG] [org.gradle.cache.internal.DefaultFileLockManager] Releasing lock on daemon addresses registry.
2025-10-19T16:08:55.863-0500 [DEBUG] [org.gradle.process.internal.health.memory.DefaultMemoryManager] 841566208 physical memory requested, 716845056 free
2025-10-19T16:08:55.864-0500 [DEBUG] [org.gradle.workers.internal.WorkerDaemonExpiration] Will attempt to release 802 of memory
2025-10-19T16:08:55.864-0500 [DEBUG] [org.gradle.process.internal.health.memory.DefaultMemoryManager] 841566208 physical memory requested, 0 released, 716845056 free
2025-10-19T16:09:00.858-0500 [DEBUG] [org.gradle.process.internal.health.memory.DefaultMemoryManager] 841566208 physical memory requested, 721489920 free
2025-10-19T16:09:00.859-0500 [DEBUG] [org.gradle.workers.internal.WorkerDaemonExpiration] Will attempt to release 802 of memory
2025-10-19T16:09:00.860-0500 [DEBUG] [org.gradle.process.internal.health.memory.DefaultMemoryManager] 841566208 physical memory requested, 0 released, 721489920 free
2025-10-19T16:09:04.841-0500 [DEBUG] [org.gradle.cache.internal.DefaultFileLockManager] Waiting to acquire shared lock on daemon addresses registry.
2025-10-19T16:09:04.841-0500 [DEBUG] [org.gradle.cache.internal.DefaultFileLockManager] Lock acquired on daemon addresses registry.
2025-10-19T16:09:04.842-0500 [DEBUG] [org.gradle.cache.internal.DefaultFileLockManager] Releasing lock on daemon addresses registry.
2025-10-19T16:09:04.844-0500 [DEBUG] [org.gradle.cache.internal.DefaultFileLockManager] Waiting to acquire shared lock on daemon addresses registry.
2025-10-19T16:09:04.844-0500 [DEBUG] [org.gradle.cache.internal.DefaultFileLockManager] Lock acquired on daemon addresses registry.
2025-10-19T16:09:04.844-0500 [DEBUG] [org.gradle.cache.internal.DefaultFileLockManager] Releasing lock on daemon addresses registry.
2025-10-19T16:09:04.846-0500 [DEBUG] [org.gradle.cache.internal.DefaultFileLockManager] Waiting to acquire shared lock on daemon addresses registry.
2025-10-19T16:09:04.846-0500 [DEBUG] [org.gradle.cache.internal.DefaultFileLockManager] Lock acquired on daemon addresses registry.
2025-10-19T16:09:04.847-0500 [DEBUG] [org.gradle.cache.internal.DefaultFileLockManager] Releasing lock on daemon addresses registry.
2025-10-19T16:09:05.868-0500 [DEBUG] [org.gradle.process.internal.health.memory.DefaultMemoryManager] 841566208 physical memory requested, 808194048 free
2025-10-19T16:09:05.868-0500 [DEBUG] [org.gradle.workers.internal.WorkerDaemonExpiration] Will attempt to release 802 of memory
2025-10-19T16:09:05.871-0500 [DEBUG] [org.gradle.process.internal.health.memory.DefaultMemoryManager] 841566208 physical memory requested, 0 released, 808194048 free
2025-10-19T16:09:10.858-0500 [DEBUG] [org.gradle.process.internal.health.memory.DefaultMemoryManager] 841566208 physical memory requested, 835313664 free
2025-10-19T16:09:10.858-0500 [DEBUG] [org.gradle.workers.internal.WorkerDaemonExpiration] Will attempt to release 802 of memory
2025-10-19T16:09:10.858-0500 [DEBUG] [org.gradle.process.internal.health.memory.DefaultMemoryManager] 841566208 physical memory requested, 0 released, 835313664 free
2025-10-19T16:09:14.850-0500 [DEBUG] [org.gradle.cache.internal.DefaultFileLockManager] Waiting to acquire shared lock on daemon addresses registry.
2025-10-19T16:09:14.850-0500 [DEBUG] [org.gradle.cache.internal.DefaultFileLockManager] Lock acquired on daemon addresses registry.
2025-10-19T16:09:14.850-0500 [DEBUG] [org.gradle.cache.internal.DefaultFileLockManager] Releasing lock on daemon addresses registry.
2025-10-19T16:09:14.851-0500 [DEBUG] [org.gradle.cache.internal.DefaultFileLockManager] Waiting to acquire shared lock on daemon addresses registry.
2025-10-19T16:09:14.852-0500 [DEBUG] [org.gradle.cache.internal.DefaultFileLockManager] Lock acquired on daemon addresses registry.
2025-10-19T16:09:14.852-0500 [DEBUG] [org.gradle.cache.internal.DefaultFileLockManager] Releasing lock on daemon addresses registry.
2025-10-19T16:09:14.853-0500 [DEBUG] [org.gradle.cache.internal.DefaultFileLockManager] Waiting to acquire shared lock on daemon addresses registry.
2025-10-19T16:09:14.853-0500 [DEBUG] [org.gradle.cache.internal.DefaultFileLockManager] Lock acquired on daemon addresses registry.
2025-10-19T16:09:14.853-0500 [DEBUG] [org.gradle.cache.internal.DefaultFileLockManager] Releasing lock on daemon addresses registry.
2025-10-19T16:09:15.863-0500 [DEBUG] [org.gradle.process.internal.health.memory.DefaultMemoryManager] 841566208 physical memory requested, 796446720 free
2025-10-19T16:09:15.863-0500 [DEBUG] [org.gradle.workers.internal.WorkerDaemonExpiration] Will attempt to release 802 of memory
2025-10-19T16:09:15.863-0500 [DEBUG] [org.gradle.process.internal.health.memory.DefaultMemoryManager] 841566208 physical memory requested, 0 released, 796446720 free
2025-10-19T16:09:20.861-0500 [DEBUG] [org.gradle.process.internal.health.memory.DefaultMemoryManager] 841566208 physical memory requested, 694079488 free
2025-10-19T16:09:20.862-0500 [DEBUG] [org.gradle.workers.internal.WorkerDaemonExpiration] Will attempt to release 802 of memory
2025-10-19T16:09:20.863-0500 [DEBUG] [org.gradle.process.internal.health.memory.DefaultMemoryManager] 841566208 physical memory requested, 0 released, 694079488 free
2025-10-19T16:09:24.837-0500 [DEBUG] [org.gradle.cache.internal.DefaultFileLockManager] Waiting to acquire shared lock on daemon addresses registry.
2025-10-19T16:09:24.838-0500 [DEBUG] [org.gradle.cache.internal.DefaultFileLockManager] Lock acquired on daemon addresses registry.
2025-10-19T16:09:24.839-0500 [DEBUG] [org.gradle.cache.internal.DefaultFileLockManager] Releasing lock on daemon addresses registry.
2025-10-19T16:09:24.841-0500 [DEBUG] [org.gradle.cache.internal.DefaultFileLockManager] Waiting to acquire shared lock on daemon addresses registry.
2025-10-19T16:09:24.841-0500 [DEBUG] [org.gradle.cache.internal.DefaultFileLockManager] Lock acquired on daemon addresses registry.
2025-10-19T16:09:24.842-0500 [DEBUG] [org.gradle.cache.internal.DefaultFileLockManager] Releasing lock on daemon addresses registry.
2025-10-19T16:09:24.844-0500 [DEBUG] [org.gradle.cache.internal.DefaultFileLockManager] Waiting to acquire shared lock on daemon addresses registry.
2025-10-19T16:09:24.844-0500 [DEBUG] [org.gradle.cache.internal.DefaultFileLockManager] Lock acquired on daemon addresses registry.
2025-10-19T16:09:24.844-0500 [DEBUG] [org.gradle.cache.internal.DefaultFileLockManager] Releasing lock on daemon addresses registry.
2025-10-19T16:09:25.867-0500 [DEBUG] [org.gradle.process.internal.health.memory.DefaultMemoryManager] 841566208 physical memory requested, 698757120 free
2025-10-19T16:09:25.868-0500 [DEBUG] [org.gradle.workers.internal.WorkerDaemonExpiration] Will attempt to release 802 of memory
2025-10-19T16:09:25.868-0500 [DEBUG] [org.gradle.process.internal.health.memory.DefaultMemoryManager] 841566208 physical memory requested, 0 released, 698757120 free
2025-10-19T16:09:30.860-0500 [DEBUG] [org.gradle.process.internal.health.memory.DefaultMemoryManager] 841566208 physical memory requested, 668569600 free
2025-10-19T16:09:30.860-0500 [DEBUG] [org.gradle.workers.internal.WorkerDaemonExpiration] Will attempt to release 802 of memory
2025-10-19T16:09:30.861-0500 [DEBUG] [org.gradle.process.internal.health.memory.DefaultMemoryManager] 841566208 physical memory requested, 0 released, 668569600 free
2025-10-19T16:09:34.864-0500 [DEBUG] [org.gradle.cache.internal.DefaultFileLockManager] Waiting to acquire shared lock on daemon addresses registry.
2025-10-19T16:09:34.865-0500 [DEBUG] [org.gradle.cache.internal.DefaultFileLockManager] Lock acquired on daemon addresses registry.
2025-10-19T16:09:34.866-0500 [DEBUG] [org.gradle.cache.internal.DefaultFileLockManager] Releasing lock on daemon addresses registry.
2025-10-19T16:09:34.869-0500 [DEBUG] [org.gradle.cache.internal.DefaultFileLockManager] Waiting to acquire shared lock on daemon addresses registry.
2025-10-19T16:09:34.870-0500 [DEBUG] [org.gradle.cache.internal.DefaultFileLockManager] Lock acquired on daemon addresses registry.
2025-10-19T16:09:34.873-0500 [DEBUG] [org.gradle.cache.internal.DefaultFileLockManager] Releasing lock on daemon addresses registry.
2025-10-19T16:09:34.874-0500 [DEBUG] [org.gradle.cache.internal.DefaultFileLockManager] Waiting to acquire shared lock on daemon addresses registry.
2025-10-19T16:09:34.875-0500 [DEBUG] [org.gradle.cache.internal.DefaultFileLockManager] Lock acquired on daemon addresses registry.
2025-10-19T16:09:34.875-0500 [DEBUG] [org.gradle.cache.internal.DefaultFileLockManager] Releasing lock on daemon addresses registry.
2025-10-19T16:09:35.859-0500 [DEBUG] [org.gradle.process.internal.health.memory.DefaultMemoryManager] 841566208 physical memory requested, 705662976 free
2025-10-19T16:09:35.859-0500 [DEBUG] [org.gradle.workers.internal.WorkerDaemonExpiration] Will attempt to release 802 of memory
2025-10-19T16:09:35.859-0500 [DEBUG] [org.gradle.process.internal.health.memory.DefaultMemoryManager] 841566208 physical memory requested, 0 released, 705662976 free
2025-10-19T16:09:40.858-0500 [DEBUG] [org.gradle.process.internal.health.memory.DefaultMemoryManager] 841566208 physical memory requested, 743288832 free
2025-10-19T16:09:40.858-0500 [DEBUG] [org.gradle.workers.internal.WorkerDaemonExpiration] Will attempt to release 802 of memory
2025-10-19T16:09:40.859-0500 [DEBUG] [org.gradle.process.internal.health.memory.DefaultMemoryManager] 841566208 physical memory requested, 0 released, 743288832 free
2025-10-19T16:09:44.851-0500 [DEBUG] [org.gradle.cache.internal.DefaultFileLockManager] Waiting to acquire shared lock on daemon addresses registry.
2025-10-19T16:09:44.851-0500 [DEBUG] [org.gradle.cache.internal.DefaultFileLockManager] Lock acquired on daemon addresses registry.
2025-10-19T16:09:44.852-0500 [DEBUG] [org.gradle.cache.internal.DefaultFileLockManager] Releasing lock on daemon addresses registry.
2025-10-19T16:09:44.858-0500 [DEBUG] [org.gradle.cache.internal.DefaultFileLockManager] Waiting to acquire shared lock on daemon addresses registry.
2025-10-19T16:09:44.859-0500 [DEBUG] [org.gradle.cache.internal.DefaultFileLockManager] Lock acquired on daemon addresses registry.
2025-10-19T16:09:44.860-0500 [DEBUG] [org.gradle.cache.internal.DefaultFileLockManager] Releasing lock on daemon addresses registry.
2025-10-19T16:09:44.863-0500 [DEBUG] [org.gradle.cache.internal.DefaultFileLockManager] Waiting to acquire shared lock on daemon addresses registry.
2025-10-19T16:09:44.864-0500 [DEBUG] [org.gradle.cache.internal.DefaultFileLockManager] Lock acquired on daemon addresses registry.
2025-10-19T16:09:44.865-0500 [DEBUG] [org.gradle.cache.internal.DefaultFileLockManager] Releasing lock on daemon addresses registry.
2025-10-19T16:09:45.869-0500 [DEBUG] [org.gradle.process.internal.health.memory.DefaultMemoryManager] 841566208 physical memory requested, 597823488 free
2025-10-19T16:09:45.870-0500 [DEBUG] [org.gradle.workers.internal.WorkerDaemonExpiration] Will attempt to release 802 of memory
2025-10-19T16:09:45.870-0500 [DEBUG] [org.gradle.process.internal.health.memory.DefaultMemoryManager] 841566208 physical memory requested, 0 released, 597823488 free
2025-10-19T16:09:50.870-0500 [DEBUG] [org.gradle.process.internal.health.memory.DefaultMemoryManager] 841566208 physical memory requested, 639352832 free
2025-10-19T16:09:50.870-0500 [DEBUG] [org.gradle.workers.internal.WorkerDaemonExpiration] Will attempt to release 802 of memory
2025-10-19T16:09:50.870-0500 [DEBUG] [org.gradle.process.internal.health.memory.DefaultMemoryManager] 841566208 physical memory requested, 0 released, 639352832 free
2025-10-19T16:09:54.855-0500 [DEBUG] [org.gradle.cache.internal.DefaultFileLockManager] Waiting to acquire shared lock on daemon addresses registry.
2025-10-19T16:09:54.856-0500 [DEBUG] [org.gradle.cache.internal.DefaultFileLockManager] Lock acquired on daemon addresses registry.
2025-10-19T16:09:54.857-0500 [DEBUG] [org.gradle.cache.internal.DefaultFileLockManager] Releasing lock on daemon addresses registry.
2025-10-19T16:09:54.863-0500 [DEBUG] [org.gradle.cache.internal.DefaultFileLockManager] Waiting to acquire shared lock on daemon addresses registry.
2025-10-19T16:09:54.864-0500 [DEBUG] [org.gradle.cache.internal.DefaultFileLockManager] Lock acquired on daemon addresses registry.
2025-10-19T16:09:54.866-0500 [DEBUG] [org.gradle.cache.internal.DefaultFileLockManager] Releasing lock on daemon addresses registry.
2025-10-19T16:09:54.870-0500 [DEBUG] [org.gradle.cache.internal.DefaultFileLockManager] Waiting to acquire shared lock on daemon addresses registry.
2025-10-19T16:09:54.871-0500 [DEBUG] [org.gradle.cache.internal.DefaultFileLockManager] Lock acquired on daemon addresses registry.
2025-10-19T16:09:54.886-0500 [DEBUG] [org.gradle.cache.internal.DefaultFileLockManager] Releasing lock on daemon addresses registry.
2025-10-19T16:09:55.866-0500 [DEBUG] [org.gradle.process.internal.health.memory.DefaultMemoryManager] 841566208 physical memory requested, 670846976 free
2025-10-19T16:09:55.867-0500 [DEBUG] [org.gradle.workers.internal.WorkerDaemonExpiration] Will attempt to release 802 of memory
2025-10-19T16:09:55.867-0500 [DEBUG] [org.gradle.process.internal.health.memory.DefaultMemoryManager] 841566208 physical memory requested, 0 released, 670846976 free
2025-10-19T16:10:00.854-0500 [DEBUG] [org.gradle.process.internal.health.memory.DefaultMemoryManager] 841566208 physical memory requested, 701931520 free
2025-10-19T16:10:00.854-0500 [DEBUG] [org.gradle.workers.internal.WorkerDaemonExpiration] Will attempt to release 802 of memory
2025-10-19T16:10:00.854-0500 [DEBUG] [org.gradle.process.internal.health.memory.DefaultMemoryManager] 841566208 physical memory requested, 0 released, 701931520 free
2025-10-19T16:10:04.843-0500 [DEBUG] [org.gradle.cache.internal.DefaultFileLockManager] Waiting to acquire shared lock on daemon addresses registry.
2025-10-19T16:10:04.844-0500 [DEBUG] [org.gradle.cache.internal.DefaultFileLockManager] Lock acquired on daemon addresses registry.
2025-10-19T16:10:04.845-0500 [DEBUG] [org.gradle.cache.internal.DefaultFileLockManager] Releasing lock on daemon addresses registry.
2025-10-19T16:10:04.849-0500 [DEBUG] [org.gradle.cache.internal.DefaultFileLockManager] Waiting to acquire shared lock on daemon addresses registry.
2025-10-19T16:10:04.850-0500 [DEBUG] [org.gradle.cache.internal.DefaultFileLockManager] Lock acquired on daemon addresses registry.
2025-10-19T16:10:04.851-0500 [DEBUG] [org.gradle.cache.internal.DefaultFileLockManager] Releasing lock on daemon addresses registry.
2025-10-19T16:10:04.855-0500 [DEBUG] [org.gradle.cache.internal.DefaultFileLockManager] Waiting to acquire shared lock on daemon addresses registry.
2025-10-19T16:10:04.856-0500 [DEBUG] [org.gradle.cache.internal.DefaultFileLockManager] Lock acquired on daemon addresses registry.
2025-10-19T16:10:04.857-0500 [DEBUG] [org.gradle.cache.internal.DefaultFileLockManager] Releasing lock on daemon addresses registry.
2025-10-19T16:10:05.869-0500 [DEBUG] [org.gradle.process.internal.health.memory.DefaultMemoryManager] 841566208 physical memory requested, 693112832 free
2025-10-19T16:10:05.869-0500 [DEBUG] [org.gradle.workers.internal.WorkerDaemonExpiration] Will attempt to release 802 of memory
2025-10-19T16:10:05.869-0500 [DEBUG] [org.gradle.process.internal.health.memory.DefaultMemoryManager] 841566208 physical memory requested, 0 released, 693112832 free
2025-10-19T16:10:10.858-0500 [DEBUG] [org.gradle.process.internal.health.memory.DefaultMemoryManager] 841566208 physical memory requested, 776491008 free
2025-10-19T16:10:10.858-0500 [DEBUG] [org.gradle.workers.internal.WorkerDaemonExpiration] Will attempt to release 802 of memory
2025-10-19T16:10:10.858-0500 [DEBUG] [org.gradle.process.internal.health.memory.DefaultMemoryManager] 841566208 physical memory requested, 0 released, 776491008 free
2025-10-19T16:10:14.838-0500 [DEBUG] [org.gradle.cache.internal.DefaultFileLockManager] Waiting to acquire shared lock on daemon addresses registry.
2025-10-19T16:10:14.838-0500 [DEBUG] [org.gradle.cache.internal.DefaultFileLockManager] Lock acquired on daemon addresses registry.
2025-10-19T16:10:14.839-0500 [DEBUG] [org.gradle.cache.internal.DefaultFileLockManager] Releasing lock on daemon addresses registry.
2025-10-19T16:10:14.840-0500 [DEBUG] [org.gradle.cache.internal.DefaultFileLockManager] Waiting to acquire shared lock on daemon addresses registry.
2025-10-19T16:10:14.841-0500 [DEBUG] [org.gradle.cache.internal.DefaultFileLockManager] Lock acquired on daemon addresses registry.
2025-10-19T16:10:14.841-0500 [DEBUG] [org.gradle.cache.internal.DefaultFileLockManager] Releasing lock on daemon addresses registry.
2025-10-19T16:10:14.842-0500 [DEBUG] [org.gradle.cache.internal.DefaultFileLockManager] Waiting to acquire shared lock on daemon addresses registry.
2025-10-19T16:10:14.843-0500 [DEBUG] [org.gradle.cache.internal.DefaultFileLockManager] Lock acquired on daemon addresses registry.
2025-10-19T16:10:14.843-0500 [DEBUG] [org.gradle.cache.internal.DefaultFileLockManager] Releasing lock on daemon addresses registry.
2025-10-19T16:10:24.854-0500 [DEBUG] [org.gradle.cache.internal.DefaultFileLockManager] Waiting to acquire shared lock on daemon addresses registry.
2025-10-19T16:10:24.854-0500 [DEBUG] [org.gradle.cache.internal.DefaultFileLockManager] Lock acquired on daemon addresses registry.
2025-10-19T16:10:24.855-0500 [DEBUG] [org.gradle.cache.internal.DefaultFileLockManager] Releasing lock on daemon addresses registry.
2025-10-19T16:10:24.858-0500 [DEBUG] [org.gradle.cache.internal.DefaultFileLockManager] Waiting to acquire shared lock on daemon addresses registry.
2025-10-19T16:10:24.860-0500 [DEBUG] [org.gradle.cache.internal.DefaultFileLockManager] Lock acquired on daemon addresses registry.
2025-10-19T16:10:24.861-0500 [DEBUG] [org.gradle.cache.internal.DefaultFileLockManager] Releasing lock on daemon addresses registry.
2025-10-19T16:10:24.864-0500 [DEBUG] [org.gradle.cache.internal.DefaultFileLockManager] Waiting to acquire shared lock on daemon addresses registry.
2025-10-19T16:10:24.864-0500 [DEBUG] [org.gradle.cache.internal.DefaultFileLockManager] Lock acquired on daemon addresses registry.
2025-10-19T16:10:24.864-0500 [DEBUG] [org.gradle.cache.internal.DefaultFileLockManager] Releasing lock on daemon addresses registry.
2025-10-19T16:10:25.862-0500 [DEBUG] [org.gradle.process.internal.health.memory.DefaultMemoryManager] 841566208 physical memory requested, 810790912 free
2025-10-19T16:10:25.863-0500 [DEBUG] [org.gradle.workers.internal.WorkerDaemonExpiration] Will attempt to release 802 of memory
2025-10-19T16:10:25.863-0500 [DEBUG] [org.gradle.process.internal.health.memory.DefaultMemoryManager] 841566208 physical memory requested, 0 released, 810790912 free
2025-10-19T16:10:30.869-0500 [DEBUG] [org.gradle.process.internal.health.memory.DefaultMemoryManager] 841566208 physical memory requested, 783687680 free
2025-10-19T16:10:30.881-0500 [DEBUG] [org.gradle.workers.internal.WorkerDaemonExpiration] Will attempt to release 802 of memory
2025-10-19T16:10:30.882-0500 [DEBUG] [org.gradle.process.internal.health.memory.DefaultMemoryManager] 841566208 physical memory requested, 0 released, 783687680 free
2025-10-19T16:10:34.839-0500 [DEBUG] [org.gradle.cache.internal.DefaultFileLockManager] Waiting to acquire shared lock on daemon addresses registry.
2025-10-19T16:10:34.840-0500 [DEBUG] [org.gradle.cache.internal.DefaultFileLockManager] Lock acquired on daemon addresses registry.
2025-10-19T16:10:34.840-0500 [DEBUG] [org.gradle.cache.internal.DefaultFileLockManager] Releasing lock on daemon addresses registry.
2025-10-19T16:10:34.843-0500 [DEBUG] [org.gradle.cache.internal.DefaultFileLockManager] Waiting to acquire shared lock on daemon addresses registry.
2025-10-19T16:10:34.843-0500 [DEBUG] [org.gradle.cache.internal.DefaultFileLockManager] Lock acquired on daemon addresses registry.
2025-10-19T16:10:34.845-0500 [DEBUG] [org.gradle.cache.internal.DefaultFileLockManager] Releasing lock on daemon addresses registry.
2025-10-19T16:10:34.846-0500 [DEBUG] [org.gradle.cache.internal.DefaultFileLockManager] Waiting to acquire shared lock on daemon addresses registry.
2025-10-19T16:10:34.846-0500 [DEBUG] [org.gradle.cache.internal.DefaultFileLockManager] Lock acquired on daemon addresses registry.
2025-10-19T16:10:34.847-0500 [DEBUG] [org.gradle.cache.internal.DefaultFileLockManager] Releasing lock on daemon addresses registry.
2025-10-19T16:10:35.868-0500 [DEBUG] [org.gradle.process.internal.health.memory.DefaultMemoryManager] 841566208 physical memory requested, 781352960 free
2025-10-19T16:10:35.868-0500 [DEBUG] [org.gradle.workers.internal.WorkerDaemonExpiration] Will attempt to release 802 of memory
2025-10-19T16:10:35.868-0500 [DEBUG] [org.gradle.process.internal.health.memory.DefaultMemoryManager] 841566208 physical memory requested, 0 released, 781352960 free
2025-10-19T16:10:40.859-0500 [DEBUG] [org.gradle.process.internal.health.memory.DefaultMemoryManager] 841566208 physical memory requested, 764710912 free
2025-10-19T16:10:40.859-0500 [DEBUG] [org.gradle.workers.internal.WorkerDaemonExpiration] Will attempt to release 802 of memory
2025-10-19T16:10:40.859-0500 [DEBUG] [org.gradle.process.internal.health.memory.DefaultMemoryManager] 841566208 physical memory requested, 0 released, 764710912 free
2025-10-19T16:10:44.843-0500 [DEBUG] [org.gradle.cache.internal.DefaultFileLockManager] Waiting to acquire shared lock on daemon addresses registry.
2025-10-19T16:10:44.843-0500 [DEBUG] [org.gradle.cache.internal.DefaultFileLockManager] Lock acquired on daemon addresses registry.
2025-10-19T16:10:44.844-0500 [DEBUG] [org.gradle.cache.internal.DefaultFileLockManager] Releasing lock on daemon addresses registry.
2025-10-19T16:10:44.846-0500 [DEBUG] [org.gradle.cache.internal.DefaultFileLockManager] Waiting to acquire shared lock on daemon addresses registry.
2025-10-19T16:10:44.846-0500 [DEBUG] [org.gradle.cache.internal.DefaultFileLockManager] Lock acquired on daemon addresses registry.
2025-10-19T16:10:44.846-0500 [DEBUG] [org.gradle.cache.internal.DefaultFileLockManager] Releasing lock on daemon addresses registry.
2025-10-19T16:10:44.848-0500 [DEBUG] [org.gradle.cache.internal.DefaultFileLockManager] Waiting to acquire shared lock on daemon addresses registry.
2025-10-19T16:10:44.848-0500 [DEBUG] [org.gradle.cache.internal.DefaultFileLockManager] Lock acquired on daemon addresses registry.
2025-10-19T16:10:44.848-0500 [DEBUG] [org.gradle.cache.internal.DefaultFileLockManager] Releasing lock on daemon addresses registry.
2025-10-19T16:10:45.860-0500 [DEBUG] [org.gradle.process.internal.health.memory.DefaultMemoryManager] 841566208 physical memory requested, 799121408 free
2025-10-19T16:10:45.860-0500 [DEBUG] [org.gradle.workers.internal.WorkerDaemonExpiration] Will attempt to release 802 of memory
2025-10-19T16:10:45.860-0500 [DEBUG] [org.gradle.process.internal.health.memory.DefaultMemoryManager] 841566208 physical memory requested, 0 released, 799121408 free
2025-10-19T16:10:50.866-0500 [DEBUG] [org.gradle.process.internal.health.memory.DefaultMemoryManager] 841566208 physical memory requested, 746500096 free
2025-10-19T16:10:50.866-0500 [DEBUG] [org.gradle.workers.internal.WorkerDaemonExpiration] Will attempt to release 802 of memory
2025-10-19T16:10:50.866-0500 [DEBUG] [org.gradle.process.internal.health.memory.DefaultMemoryManager] 841566208 physical memory requested, 0 released, 746500096 free
2025-10-19T16:10:54.845-0500 [DEBUG] [org.gradle.cache.internal.DefaultFileLockManager] Waiting to acquire shared lock on daemon addresses registry.
2025-10-19T16:10:54.858-0500 [DEBUG] [org.gradle.cache.internal.DefaultFileLockManager] Lock acquired on daemon addresses registry.
2025-10-19T16:10:54.858-0500 [DEBUG] [org.gradle.cache.internal.DefaultFileLockManager] Releasing lock on daemon addresses registry.
2025-10-19T16:10:54.860-0500 [DEBUG] [org.gradle.cache.internal.DefaultFileLockManager] Waiting to acquire shared lock on daemon addresses registry.
2025-10-19T16:10:54.860-0500 [DEBUG] [org.gradle.cache.internal.DefaultFileLockManager] Lock acquired on daemon addresses registry.
2025-10-19T16:10:54.860-0500 [DEBUG] [org.gradle.cache.internal.DefaultFileLockManager] Releasing lock on daemon addresses registry.
2025-10-19T16:10:54.862-0500 [DEBUG] [org.gradle.cache.internal.DefaultFileLockManager] Waiting to acquire shared lock on daemon addresses registry.
2025-10-19T16:10:54.862-0500 [DEBUG] [org.gradle.cache.internal.DefaultFileLockManager] Lock acquired on daemon addresses registry.
2025-10-19T16:10:54.862-0500 [DEBUG] [org.gradle.cache.internal.DefaultFileLockManager] Releasing lock on daemon addresses registry.
2025-10-19T16:10:55.862-0500 [DEBUG] [org.gradle.process.internal.health.memory.DefaultMemoryManager] 841566208 physical memory requested, 752590848 free
2025-10-19T16:10:55.862-0500 [DEBUG] [org.gradle.workers.internal.WorkerDaemonExpiration] Will attempt to release 802 of memory
2025-10-19T16:10:55.862-0500 [DEBUG] [org.gradle.process.internal.health.memory.DefaultMemoryManager] 841566208 physical memory requested, 0 released, 752590848 free
2025-10-19T16:11:00.867-0500 [DEBUG] [org.gradle.process.internal.health.memory.DefaultMemoryManager] 841566208 physical memory requested, 805036032 free
2025-10-19T16:11:00.867-0500 [DEBUG] [org.gradle.workers.internal.WorkerDaemonExpiration] Will attempt to release 802 of memory
2025-10-19T16:11:00.867-0500 [DEBUG] [org.gradle.process.internal.health.memory.DefaultMemoryManager] 841566208 physical memory requested, 0 released, 805036032 free
2025-10-19T16:11:04.847-0500 [DEBUG] [org.gradle.cache.internal.DefaultFileLockManager] Waiting to acquire shared lock on daemon addresses registry.
2025-10-19T16:11:04.847-0500 [DEBUG] [org.gradle.cache.internal.DefaultFileLockManager] Lock acquired on daemon addresses registry.
2025-10-19T16:11:04.848-0500 [DEBUG] [org.gradle.cache.internal.DefaultFileLockManager] Releasing lock on daemon addresses registry.
2025-10-19T16:11:04.849-0500 [DEBUG] [org.gradle.cache.internal.DefaultFileLockManager] Waiting to acquire shared lock on daemon addresses registry.
2025-10-19T16:11:04.849-0500 [DEBUG] [org.gradle.cache.internal.DefaultFileLockManager] Lock acquired on daemon addresses registry.
2025-10-19T16:11:04.849-0500 [DEBUG] [org.gradle.cache.internal.DefaultFileLockManager] Releasing lock on daemon addresses registry.
2025-10-19T16:11:04.850-0500 [DEBUG] [org.gradle.cache.internal.DefaultFileLockManager] Waiting to acquire shared lock on daemon addresses registry.
2025-10-19T16:11:04.850-0500 [DEBUG] [org.gradle.cache.internal.DefaultFileLockManager] Lock acquired on daemon addresses registry.
2025-10-19T16:11:04.851-0500 [DEBUG] [org.gradle.cache.internal.DefaultFileLockManager] Releasing lock on daemon addresses registry.
2025-10-19T16:11:05.859-0500 [DEBUG] [org.gradle.process.internal.health.memory.DefaultMemoryManager] 841566208 physical memory requested, 771858432 free
2025-10-19T16:11:05.859-0500 [DEBUG] [org.gradle.workers.internal.WorkerDaemonExpiration] Will attempt to release 802 of memory
2025-10-19T16:11:05.859-0500 [DEBUG] [org.gradle.process.internal.health.memory.DefaultMemoryManager] 841566208 physical memory requested, 0 released, 771858432 free
2025-10-19T16:11:10.868-0500 [DEBUG] [org.gradle.process.internal.health.memory.DefaultMemoryManager] 841566208 physical memory requested, 764346368 free
2025-10-19T16:11:10.868-0500 [DEBUG] [org.gradle.workers.internal.WorkerDaemonExpiration] Will attempt to release 802 of memory
2025-10-19T16:11:10.868-0500 [DEBUG] [org.gradle.process.internal.health.memory.DefaultMemoryManager] 841566208 physical memory requested, 0 released, 764346368 free
2025-10-19T16:11:14.841-0500 [DEBUG] [org.gradle.cache.internal.DefaultFileLockManager] Waiting to acquire shared lock on daemon addresses registry.
2025-10-19T16:11:14.841-0500 [DEBUG] [org.gradle.cache.internal.DefaultFileLockManager] Lock acquired on daemon addresses registry.
2025-10-19T16:11:14.841-0500 [DEBUG] [org.gradle.cache.internal.DefaultFileLockManager] Releasing lock on daemon addresses registry.
2025-10-19T16:11:14.844-0500 [DEBUG] [org.gradle.cache.internal.DefaultFileLockManager] Waiting to acquire shared lock on daemon addresses registry.
2025-10-19T16:11:14.844-0500 [DEBUG] [org.gradle.cache.internal.DefaultFileLockManager] Lock acquired on daemon addresses registry.
2025-10-19T16:11:14.844-0500 [DEBUG] [org.gradle.cache.internal.DefaultFileLockManager] Releasing lock on daemon addresses registry.
2025-10-19T16:11:14.846-0500 [DEBUG] [org.gradle.cache.internal.DefaultFileLockManager] Waiting to acquire shared lock on daemon addresses registry.
2025-10-19T16:11:14.846-0500 [DEBUG] [org.gradle.cache.internal.DefaultFileLockManager] Lock acquired on daemon addresses registry.
2025-10-19T16:11:14.847-0500 [DEBUG] [org.gradle.cache.internal.DefaultFileLockManager] Releasing lock on daemon addresses registry.
2025-10-19T16:11:15.854-0500 [DEBUG] [org.gradle.process.internal.health.memory.DefaultMemoryManager] 841566208 physical memory requested, 700731392 free
2025-10-19T16:11:15.855-0500 [DEBUG] [org.gradle.workers.internal.WorkerDaemonExpiration] Will attempt to release 802 of memory
2025-10-19T16:11:15.855-0500 [DEBUG] [org.gradle.process.internal.health.memory.DefaultMemoryManager] 841566208 physical memory requested, 0 released, 700731392 free
2025-10-19T16:11:20.864-0500 [DEBUG] [org.gradle.process.internal.health.memory.DefaultMemoryManager] 841566208 physical memory requested, 694882304 free
2025-10-19T16:11:20.864-0500 [DEBUG] [org.gradle.workers.internal.WorkerDaemonExpiration] Will attempt to release 802 of memory
2025-10-19T16:11:20.864-0500 [DEBUG] [org.gradle.process.internal.health.memory.DefaultMemoryManager] 841566208 physical memory requested, 0 released, 694882304 free
2025-10-19T16:11:24.845-0500 [DEBUG] [org.gradle.cache.internal.DefaultFileLockManager] Waiting to acquire shared lock on daemon addresses registry.
2025-10-19T16:11:24.846-0500 [DEBUG] [org.gradle.cache.internal.DefaultFileLockManager] Lock acquired on daemon addresses registry.
2025-10-19T16:11:24.847-0500 [DEBUG] [org.gradle.cache.internal.DefaultFileLockManager] Releasing lock on daemon addresses registry.
2025-10-19T16:11:24.848-0500 [DEBUG] [org.gradle.cache.internal.DefaultFileLockManager] Waiting to acquire shared lock on daemon addresses registry.
2025-10-19T16:11:24.848-0500 [DEBUG] [org.gradle.cache.internal.DefaultFileLockManager] Lock acquired on daemon addresses registry.
2025-10-19T16:11:24.849-0500 [DEBUG] [org.gradle.cache.internal.DefaultFileLockManager] Releasing lock on daemon addresses registry.
2025-10-19T16:11:24.850-0500 [DEBUG] [org.gradle.cache.internal.DefaultFileLockManager] Waiting to acquire shared lock on daemon addresses registry.
2025-10-19T16:11:24.851-0500 [DEBUG] [org.gradle.cache.internal.DefaultFileLockManager] Lock acquired on daemon addresses registry.
2025-10-19T16:11:24.851-0500 [DEBUG] [org.gradle.cache.internal.DefaultFileLockManager] Releasing lock on daemon addresses registry.
2025-10-19T16:11:25.865-0500 [DEBUG] [org.gradle.process.internal.health.memory.DefaultMemoryManager] 841566208 physical memory requested, 689688576 free
2025-10-19T16:11:25.866-0500 [DEBUG] [org.gradle.workers.internal.WorkerDaemonExpiration] Will attempt to release 802 of memory
2025-10-19T16:11:25.866-0500 [DEBUG] [org.gradle.process.internal.health.memory.DefaultMemoryManager] 841566208 physical memory requested, 0 released, 689688576 free
2025-10-19T16:11:30.876-0500 [DEBUG] [org.gradle.process.internal.health.memory.DefaultMemoryManager] 841566208 physical memory requested, 656437248 free
2025-10-19T16:11:30.895-0500 [DEBUG] [org.gradle.workers.internal.WorkerDaemonExpiration] Will attempt to release 802 of memory
2025-10-19T16:11:30.895-0500 [DEBUG] [org.gradle.process.internal.health.memory.DefaultMemoryManager] 841566208 physical memory requested, 0 released, 656437248 free
2025-10-19T16:11:34.850-0500 [DEBUG] [org.gradle.cache.internal.DefaultFileLockManager] Waiting to acquire shared lock on daemon addresses registry.
2025-10-19T16:11:34.850-0500 [DEBUG] [org.gradle.cache.internal.DefaultFileLockManager] Lock acquired on daemon addresses registry.
2025-10-19T16:11:34.851-0500 [DEBUG] [org.gradle.cache.internal.DefaultFileLockManager] Releasing lock on daemon addresses registry.
2025-10-19T16:11:34.854-0500 [DEBUG] [org.gradle.cache.internal.DefaultFileLockManager] Waiting to acquire shared lock on daemon addresses registry.
2025-10-19T16:11:34.854-0500 [DEBUG] [org.gradle.cache.internal.DefaultFileLockManager] Lock acquired on daemon addresses registry.
2025-10-19T16:11:34.854-0500 [DEBUG] [org.gradle.cache.internal.DefaultFileLockManager] Releasing lock on daemon addresses registry.
2025-10-19T16:11:34.857-0500 [DEBUG] [org.gradle.cache.internal.DefaultFileLockManager] Waiting to acquire shared lock on daemon addresses registry.
2025-10-19T16:11:34.857-0500 [DEBUG] [org.gradle.cache.internal.DefaultFileLockManager] Lock acquired on daemon addresses registry.
2025-10-19T16:11:34.858-0500 [DEBUG] [org.gradle.cache.internal.DefaultFileLockManager] Releasing lock on daemon addresses registry.
2025-10-19T16:11:35.870-0500 [DEBUG] [org.gradle.process.internal.health.memory.DefaultMemoryManager] 841566208 physical memory requested, 655884288 free
2025-10-19T16:11:35.870-0500 [DEBUG] [org.gradle.workers.internal.WorkerDaemonExpiration] Will attempt to release 802 of memory
2025-10-19T16:11:35.871-0500 [DEBUG] [org.gradle.process.internal.health.memory.DefaultMemoryManager] 841566208 physical memory requested, 0 released, 655884288 free
2025-10-19T16:11:40.858-0500 [DEBUG] [org.gradle.process.internal.health.memory.DefaultMemoryManager] 841566208 physical memory requested, 644083712 free
2025-10-19T16:11:40.859-0500 [DEBUG] [org.gradle.workers.internal.WorkerDaemonExpiration] Will attempt to release 802 of memory
2025-10-19T16:11:40.859-0500 [DEBUG] [org.gradle.process.internal.health.memory.DefaultMemoryManager] 841566208 physical memory requested, 0 released, 644083712 free
2025-10-19T16:11:44.865-0500 [DEBUG] [org.gradle.cache.internal.DefaultFileLockManager] Waiting to acquire shared lock on daemon addresses registry.
2025-10-19T16:11:44.865-0500 [DEBUG] [org.gradle.cache.internal.DefaultFileLockManager] Lock acquired on daemon addresses registry.
2025-10-19T16:11:44.866-0500 [DEBUG] [org.gradle.cache.internal.DefaultFileLockManager] Releasing lock on daemon addresses registry.
2025-10-19T16:11:44.869-0500 [DEBUG] [org.gradle.cache.internal.DefaultFileLockManager] Waiting to acquire shared lock on daemon addresses registry.
2025-10-19T16:11:44.870-0500 [DEBUG] [org.gradle.cache.internal.DefaultFileLockManager] Lock acquired on daemon addresses registry.
2025-10-19T16:11:44.877-0500 [DEBUG] [org.gradle.cache.internal.DefaultFileLockManager] Releasing lock on daemon addresses registry.
2025-10-19T16:11:44.880-0500 [DEBUG] [org.gradle.cache.internal.DefaultFileLockManager] Waiting to acquire shared lock on daemon addresses registry.
2025-10-19T16:11:44.881-0500 [DEBUG] [org.gradle.cache.internal.DefaultFileLockManager] Lock acquired on daemon addresses registry.
2025-10-19T16:11:44.882-0500 [DEBUG] [org.gradle.cache.internal.DefaultFileLockManager] Releasing lock on daemon addresses registry.
2025-10-19T16:11:45.858-0500 [DEBUG] [org.gradle.process.internal.health.memory.DefaultMemoryManager] 841566208 physical memory requested, 627515392 free
2025-10-19T16:11:45.858-0500 [DEBUG] [org.gradle.workers.internal.WorkerDaemonExpiration] Will attempt to release 802 of memory
2025-10-19T16:11:45.858-0500 [DEBUG] [org.gradle.process.internal.health.memory.DefaultMemoryManager] 841566208 physical memory requested, 0 released, 627515392 free
2025-10-19T16:11:50.872-0500 [DEBUG] [org.gradle.process.internal.health.memory.DefaultMemoryManager] 841566208 physical memory requested, 592113664 free
2025-10-19T16:11:50.872-0500 [DEBUG] [org.gradle.workers.internal.WorkerDaemonExpiration] Will attempt to release 802 of memory
2025-10-19T16:11:50.873-0500 [DEBUG] [org.gradle.process.internal.health.memory.DefaultMemoryManager] 841566208 physical memory requested, 0 released, 592113664 free
2025-10-19T16:11:54.845-0500 [DEBUG] [org.gradle.cache.internal.DefaultFileLockManager] Waiting to acquire shared lock on daemon addresses registry.
2025-10-19T16:11:54.846-0500 [DEBUG] [org.gradle.cache.internal.DefaultFileLockManager] Lock acquired on daemon addresses registry.
2025-10-19T16:11:54.847-0500 [DEBUG] [org.gradle.cache.internal.DefaultFileLockManager] Releasing lock on daemon addresses registry.
2025-10-19T16:11:54.849-0500 [DEBUG] [org.gradle.cache.internal.DefaultFileLockManager] Waiting to acquire shared lock on daemon addresses registry.
2025-10-19T16:11:54.849-0500 [DEBUG] [org.gradle.cache.internal.DefaultFileLockManager] Lock acquired on daemon addresses registry.
2025-10-19T16:11:54.850-0500 [DEBUG] [org.gradle.cache.internal.DefaultFileLockManager] Releasing lock on daemon addresses registry.
2025-10-19T16:11:54.852-0500 [DEBUG] [org.gradle.cache.internal.DefaultFileLockManager] Waiting to acquire shared lock on daemon addresses registry.
2025-10-19T16:11:54.852-0500 [DEBUG] [org.gradle.cache.internal.DefaultFileLockManager] Lock acquired on daemon addresses registry.
2025-10-19T16:11:54.853-0500 [DEBUG] [org.gradle.cache.internal.DefaultFileLockManager] Releasing lock on daemon addresses registry.
2025-10-19T16:11:55.878-0500 [DEBUG] [org.gradle.process.internal.health.memory.DefaultMemoryManager] 841566208 physical memory requested, 583045120 free
2025-10-19T16:11:55.878-0500 [DEBUG] [org.gradle.workers.internal.WorkerDaemonExpiration] Will attempt to release 802 of memory
2025-10-19T16:11:55.878-0500 [DEBUG] [org.gradle.process.internal.health.memory.DefaultMemoryManager] 841566208 physical memory requested, 0 released, 583045120 free
2025-10-19T16:12:00.866-0500 [DEBUG] [org.gradle.process.internal.health.memory.DefaultMemoryManager] 841566208 physical memory requested, 599498752 free
2025-10-19T16:12:00.866-0500 [DEBUG] [org.gradle.workers.internal.WorkerDaemonExpiration] Will attempt to release 802 of memory
2025-10-19T16:12:00.866-0500 [DEBUG] [org.gradle.process.internal.health.memory.DefaultMemoryManager] 841566208 physical memory requested, 0 released, 599498752 free
2025-10-19T16:12:04.844-0500 [DEBUG] [org.gradle.cache.internal.DefaultFileLockManager] Waiting to acquire shared lock on daemon addresses registry.
2025-10-19T16:12:04.844-0500 [DEBUG] [org.gradle.cache.internal.DefaultFileLockManager] Lock acquired on daemon addresses registry.
2025-10-19T16:12:04.844-0500 [DEBUG] [org.gradle.cache.internal.DefaultFileLockManager] Releasing lock on daemon addresses registry.
2025-10-19T16:12:04.846-0500 [DEBUG] [org.gradle.cache.internal.DefaultFileLockManager] Waiting to acquire shared lock on daemon addresses registry.
2025-10-19T16:12:04.846-0500 [DEBUG] [org.gradle.cache.internal.DefaultFileLockManager] Lock acquired on daemon addresses registry.
2025-10-19T16:12:04.846-0500 [DEBUG] [org.gradle.cache.internal.DefaultFileLockManager] Releasing lock on daemon addresses registry.
2025-10-19T16:12:04.848-0500 [DEBUG] [org.gradle.cache.internal.DefaultFileLockManager] Waiting to acquire shared lock on daemon addresses registry.
2025-10-19T16:12:04.848-0500 [DEBUG] [org.gradle.cache.internal.DefaultFileLockManager] Lock acquired on daemon addresses registry.
2025-10-19T16:12:04.848-0500 [DEBUG] [org.gradle.cache.internal.DefaultFileLockManager] Releasing lock on daemon addresses registry.
2025-10-19T16:12:05.916-0500 [DEBUG] [org.gradle.process.internal.health.memory.DefaultMemoryManager] 841566208 physical memory requested, 594059264 free
2025-10-19T16:12:05.917-0500 [DEBUG] [org.gradle.workers.internal.WorkerDaemonExpiration] Will attempt to release 802 of memory
2025-10-19T16:12:05.917-0500 [DEBUG] [org.gradle.process.internal.health.memory.DefaultMemoryManager] 841566208 physical memory requested, 0 released, 594059264 free
2025-10-19T16:12:10.858-0500 [DEBUG] [org.gradle.process.internal.health.memory.DefaultMemoryManager] 841566208 physical memory requested, 588169216 free
2025-10-19T16:12:10.858-0500 [DEBUG] [org.gradle.workers.internal.WorkerDaemonExpiration] Will attempt to release 802 of memory
2025-10-19T16:12:10.858-0500 [DEBUG] [org.gradle.process.internal.health.memory.DefaultMemoryManager] 841566208 physical memory requested, 0 released, 588169216 free
2025-10-19T16:12:14.848-0500 [DEBUG] [org.gradle.cache.internal.DefaultFileLockManager] Waiting to acquire shared lock on daemon addresses registry.
2025-10-19T16:12:14.849-0500 [DEBUG] [org.gradle.cache.internal.DefaultFileLockManager] Lock acquired on daemon addresses registry.
2025-10-19T16:12:14.849-0500 [DEBUG] [org.gradle.cache.internal.DefaultFileLockManager] Releasing lock on daemon addresses registry.
2025-10-19T16:12:14.860-0500 [DEBUG] [org.gradle.cache.internal.DefaultFileLockManager] Waiting to acquire shared lock on daemon addresses registry.
2025-10-19T16:12:14.860-0500 [DEBUG] [org.gradle.cache.internal.DefaultFileLockManager] Lock acquired on daemon addresses registry.
2025-10-19T16:12:14.862-0500 [DEBUG] [org.gradle.cache.internal.DefaultFileLockManager] Releasing lock on daemon addresses registry.
2025-10-19T16:12:14.865-0500 [DEBUG] [org.gradle.cache.internal.DefaultFileLockManager] Waiting to acquire shared lock on daemon addresses registry.
2025-10-19T16:12:14.866-0500 [DEBUG] [org.gradle.cache.internal.DefaultFileLockManager] Lock acquired on daemon addresses registry.
2025-10-19T16:12:14.872-0500 [DEBUG] [org.gradle.cache.internal.DefaultFileLockManager] Releasing lock on daemon addresses registry.
2025-10-19T16:12:15.858-0500 [DEBUG] [org.gradle.process.internal.health.memory.DefaultMemoryManager] 841566208 physical memory requested, 566382592 free
2025-10-19T16:12:15.858-0500 [DEBUG] [org.gradle.workers.internal.WorkerDaemonExpiration] Will attempt to release 802 of memory
2025-10-19T16:12:15.858-0500 [DEBUG] [org.gradle.process.internal.health.memory.DefaultMemoryManager] 841566208 physical memory requested, 0 released, 566382592 free
2025-10-19T16:12:20.856-0500 [DEBUG] [org.gradle.process.internal.health.memory.DefaultMemoryManager] 841566208 physical memory requested, 565579776 free
2025-10-19T16:12:20.856-0500 [DEBUG] [org.gradle.workers.internal.WorkerDaemonExpiration] Will attempt to release 802 of memory
2025-10-19T16:12:20.856-0500 [DEBUG] [org.gradle.process.internal.health.memory.DefaultMemoryManager] 841566208 physical memory requested, 0 released, 565579776 free
2025-10-19T16:12:24.839-0500 [DEBUG] [org.gradle.cache.internal.DefaultFileLockManager] Waiting to acquire shared lock on daemon addresses registry.
2025-10-19T16:12:24.839-0500 [DEBUG] [org.gradle.cache.internal.DefaultFileLockManager] Lock acquired on daemon addresses registry.
2025-10-19T16:12:24.839-0500 [DEBUG] [org.gradle.cache.internal.DefaultFileLockManager] Releasing lock on daemon addresses registry.
2025-10-19T16:12:24.842-0500 [DEBUG] [org.gradle.cache.internal.DefaultFileLockManager] Waiting to acquire shared lock on daemon addresses registry.
2025-10-19T16:12:24.842-0500 [DEBUG] [org.gradle.cache.internal.DefaultFileLockManager] Lock acquired on daemon addresses registry.
2025-10-19T16:12:24.842-0500 [DEBUG] [org.gradle.cache.internal.DefaultFileLockManager] Releasing lock on daemon addresses registry.
2025-10-19T16:12:24.844-0500 [DEBUG] [org.gradle.cache.internal.DefaultFileLockManager] Waiting to acquire shared lock on daemon addresses registry.
2025-10-19T16:12:24.844-0500 [DEBUG] [org.gradle.cache.internal.DefaultFileLockManager] Lock acquired on daemon addresses registry.
2025-10-19T16:12:24.845-0500 [DEBUG] [org.gradle.cache.internal.DefaultFileLockManager] Releasing lock on daemon addresses registry.
2025-10-19T16:12:25.870-0500 [DEBUG] [org.gradle.process.internal.health.memory.DefaultMemoryManager] 841566208 physical memory requested, 561508352 free
2025-10-19T16:12:25.870-0500 [DEBUG] [org.gradle.workers.internal.WorkerDaemonExpiration] Will attempt to release 802 of memory
2025-10-19T16:12:25.870-0500 [DEBUG] [org.gradle.process.internal.health.memory.DefaultMemoryManager] 841566208 physical memory requested, 0 released, 561508352 free
2025-10-19T16:12:30.872-0500 [DEBUG] [org.gradle.process.internal.health.memory.DefaultMemoryManager] 841566208 physical memory requested, 558870528 free
2025-10-19T16:12:30.872-0500 [DEBUG] [org.gradle.workers.internal.WorkerDaemonExpiration] Will attempt to release 802 of memory
2025-10-19T16:12:30.882-0500 [DEBUG] [org.gradle.process.internal.health.memory.DefaultMemoryManager] 841566208 physical memory requested, 0 released, 558870528 free
2025-10-19T16:12:34.838-0500 [DEBUG] [org.gradle.cache.internal.DefaultFileLockManager] Waiting to acquire shared lock on daemon addresses registry.
2025-10-19T16:12:34.839-0500 [DEBUG] [org.gradle.cache.internal.DefaultFileLockManager] Lock acquired on daemon addresses registry.
2025-10-19T16:12:34.839-0500 [DEBUG] [org.gradle.cache.internal.DefaultFileLockManager] Releasing lock on daemon addresses registry.
2025-10-19T16:12:34.840-0500 [DEBUG] [org.gradle.cache.internal.DefaultFileLockManager] Waiting to acquire shared lock on daemon addresses registry.
2025-10-19T16:12:34.851-0500 [DEBUG] [org.gradle.cache.internal.DefaultFileLockManager] Lock acquired on daemon addresses registry.
2025-10-19T16:12:34.851-0500 [DEBUG] [org.gradle.cache.internal.DefaultFileLockManager] Releasing lock on daemon addresses registry.
2025-10-19T16:12:34.853-0500 [DEBUG] [org.gradle.cache.internal.DefaultFileLockManager] Waiting to acquire shared lock on daemon addresses registry.
2025-10-19T16:12:34.853-0500 [DEBUG] [org.gradle.cache.internal.DefaultFileLockManager] Lock acquired on daemon addresses registry.
2025-10-19T16:12:34.853-0500 [DEBUG] [org.gradle.cache.internal.DefaultFileLockManager] Releasing lock on daemon addresses registry.
2025-10-19T16:12:35.856-0500 [DEBUG] [org.gradle.process.internal.health.memory.DefaultMemoryManager] 841566208 physical memory requested, 587218944 free
2025-10-19T16:12:35.869-0500 [DEBUG] [org.gradle.workers.internal.WorkerDaemonExpiration] Will attempt to release 802 of memory
2025-10-19T16:12:35.869-0500 [DEBUG] [org.gradle.process.internal.health.memory.DefaultMemoryManager] 841566208 physical memory requested, 0 released, 587218944 free
2025-10-19T16:12:40.860-0500 [DEBUG] [org.gradle.process.internal.health.memory.DefaultMemoryManager] 841566208 physical memory requested, 573874176 free
2025-10-19T16:12:40.875-0500 [DEBUG] [org.gradle.workers.internal.WorkerDaemonExpiration] Will attempt to release 802 of memory
2025-10-19T16:12:40.875-0500 [DEBUG] [org.gradle.process.internal.health.memory.DefaultMemoryManager] 841566208 physical memory requested, 0 released, 573874176 free
2025-10-19T16:12:44.849-0500 [DEBUG] [org.gradle.cache.internal.DefaultFileLockManager] Waiting to acquire shared lock on daemon addresses registry.
2025-10-19T16:12:44.863-0500 [DEBUG] [org.gradle.cache.internal.DefaultFileLockManager] Lock acquired on daemon addresses registry.
2025-10-19T16:12:44.863-0500 [DEBUG] [org.gradle.cache.internal.DefaultFileLockManager] Releasing lock on daemon addresses registry.
2025-10-19T16:12:44.865-0500 [DEBUG] [org.gradle.cache.internal.DefaultFileLockManager] Waiting to acquire shared lock on daemon addresses registry.
2025-10-19T16:12:44.865-0500 [DEBUG] [org.gradle.cache.internal.DefaultFileLockManager] Lock acquired on daemon addresses registry.
2025-10-19T16:12:44.866-0500 [DEBUG] [org.gradle.cache.internal.DefaultFileLockManager] Releasing lock on daemon addresses registry.
2025-10-19T16:12:44.868-0500 [DEBUG] [org.gradle.cache.internal.DefaultFileLockManager] Waiting to acquire shared lock on daemon addresses registry.
2025-10-19T16:12:44.868-0500 [DEBUG] [org.gradle.cache.internal.DefaultFileLockManager] Lock acquired on daemon addresses registry.
2025-10-19T16:12:44.868-0500 [DEBUG] [org.gradle.cache.internal.DefaultFileLockManager] Releasing lock on daemon addresses registry.
2025-10-19T16:12:45.868-0500 [DEBUG] [org.gradle.process.internal.health.memory.DefaultMemoryManager] 841566208 physical memory requested, 580710400 free
2025-10-19T16:12:45.869-0500 [DEBUG] [org.gradle.workers.internal.WorkerDaemonExpiration] Will attempt to release 802 of memory
2025-10-19T16:12:45.869-0500 [DEBUG] [org.gradle.process.internal.health.memory.DefaultMemoryManager] 841566208 physical memory requested, 0 released, 580710400 free
2025-10-19T16:12:50.863-0500 [DEBUG] [org.gradle.process.internal.health.memory.DefaultMemoryManager] 841566208 physical memory requested, 656543744 free
2025-10-19T16:12:50.863-0500 [DEBUG] [org.gradle.workers.internal.WorkerDaemonExpiration] Will attempt to release 802 of memory
2025-10-19T16:12:50.863-0500 [DEBUG] [org.gradle.process.internal.health.memory.DefaultMemoryManager] 841566208 physical memory requested, 0 released, 656543744 free
2025-10-19T16:12:54.844-0500 [DEBUG] [org.gradle.cache.internal.DefaultFileLockManager] Waiting to acquire shared lock on daemon addresses registry.
2025-10-19T16:12:54.844-0500 [DEBUG] [org.gradle.cache.internal.DefaultFileLockManager] Lock acquired on daemon addresses registry.
2025-10-19T16:12:54.845-0500 [DEBUG] [org.gradle.cache.internal.DefaultFileLockManager] Releasing lock on daemon addresses registry.
2025-10-19T16:12:54.848-0500 [DEBUG] [org.gradle.cache.internal.DefaultFileLockManager] Waiting to acquire shared lock on daemon addresses registry.
2025-10-19T16:12:54.848-0500 [DEBUG] [org.gradle.cache.internal.DefaultFileLockManager] Lock acquired on daemon addresses registry.
2025-10-19T16:12:54.849-0500 [DEBUG] [org.gradle.cache.internal.DefaultFileLockManager] Releasing lock on daemon addresses registry.
2025-10-19T16:12:54.850-0500 [DEBUG] [org.gradle.cache.internal.DefaultFileLockManager] Waiting to acquire shared lock on daemon addresses registry.
2025-10-19T16:12:54.851-0500 [DEBUG] [org.gradle.cache.internal.DefaultFileLockManager] Lock acquired on daemon addresses registry.
2025-10-19T16:12:54.852-0500 [DEBUG] [org.gradle.cache.internal.DefaultFileLockManager] Releasing lock on daemon addresses registry.
2025-10-19T16:13:00.859-0500 [DEBUG] [org.gradle.process.internal.health.memory.DefaultMemoryManager] 841566208 physical memory requested, 788439040 free
2025-10-19T16:13:00.859-0500 [DEBUG] [org.gradle.workers.internal.WorkerDaemonExpiration] Will attempt to release 802 of memory
2025-10-19T16:13:00.859-0500 [DEBUG] [org.gradle.process.internal.health.memory.DefaultMemoryManager] 841566208 physical memory requested, 0 released, 788439040 free
2025-10-19T16:13:04.844-0500 [DEBUG] [org.gradle.cache.internal.DefaultFileLockManager] Waiting to acquire shared lock on daemon addresses registry.
2025-10-19T16:13:04.844-0500 [DEBUG] [org.gradle.cache.internal.DefaultFileLockManager] Lock acquired on daemon addresses registry.
2025-10-19T16:13:04.845-0500 [DEBUG] [org.gradle.cache.internal.DefaultFileLockManager] Releasing lock on daemon addresses registry.
2025-10-19T16:13:04.846-0500 [DEBUG] [org.gradle.cache.internal.DefaultFileLockManager] Waiting to acquire shared lock on daemon addresses registry.
2025-10-19T16:13:04.846-0500 [DEBUG] [org.gradle.cache.internal.DefaultFileLockManager] Lock acquired on daemon addresses registry.
2025-10-19T16:13:04.847-0500 [DEBUG] [org.gradle.cache.internal.DefaultFileLockManager] Releasing lock on daemon addresses registry.
2025-10-19T16:13:04.848-0500 [DEBUG] [org.gradle.cache.internal.DefaultFileLockManager] Waiting to acquire shared lock on daemon addresses registry.
2025-10-19T16:13:04.848-0500 [DEBUG] [org.gradle.cache.internal.DefaultFileLockManager] Lock acquired on daemon addresses registry.
2025-10-19T16:13:04.849-0500 [DEBUG] [org.gradle.cache.internal.DefaultFileLockManager] Releasing lock on daemon addresses registry.
2025-10-19T16:13:05.864-0500 [DEBUG] [org.gradle.process.internal.health.memory.DefaultMemoryManager] 841566208 physical memory requested, 677036032 free
2025-10-19T16:13:05.864-0500 [DEBUG] [org.gradle.workers.internal.WorkerDaemonExpiration] Will attempt to release 802 of memory
2025-10-19T16:13:05.865-0500 [DEBUG] [org.gradle.process.internal.health.memory.DefaultMemoryManager] 841566208 physical memory requested, 0 released, 677036032 free
2025-10-19T16:13:10.865-0500 [DEBUG] [org.gradle.process.internal.health.memory.DefaultMemoryManager] 841566208 physical memory requested, 651026432 free
2025-10-19T16:13:10.866-0500 [DEBUG] [org.gradle.workers.internal.WorkerDaemonExpiration] Will attempt to release 802 of memory
2025-10-19T16:13:10.876-0500 [DEBUG] [org.gradle.process.internal.health.memory.DefaultMemoryManager] 841566208 physical memory requested, 0 released, 651026432 free
2025-10-19T16:13:14.838-0500 [DEBUG] [org.gradle.cache.internal.DefaultFileLockManager] Waiting to acquire shared lock on daemon addresses registry.
2025-10-19T16:13:14.838-0500 [DEBUG] [org.gradle.cache.internal.DefaultFileLockManager] Lock acquired on daemon addresses registry.
2025-10-19T16:13:14.838-0500 [DEBUG] [org.gradle.cache.internal.DefaultFileLockManager] Releasing lock on daemon addresses registry.
2025-10-19T16:13:14.840-0500 [DEBUG] [org.gradle.cache.internal.DefaultFileLockManager] Waiting to acquire shared lock on daemon addresses registry.
2025-10-19T16:13:14.840-0500 [DEBUG] [org.gradle.cache.internal.DefaultFileLockManager] Lock acquired on daemon addresses registry.
2025-10-19T16:13:14.840-0500 [DEBUG] [org.gradle.cache.internal.DefaultFileLockManager] Releasing lock on daemon addresses registry.
2025-10-19T16:13:14.842-0500 [DEBUG] [org.gradle.cache.internal.DefaultFileLockManager] Waiting to acquire shared lock on daemon addresses registry.
2025-10-19T16:13:14.842-0500 [DEBUG] [org.gradle.cache.internal.DefaultFileLockManager] Lock acquired on daemon addresses registry.
2025-10-19T16:13:14.842-0500 [DEBUG] [org.gradle.cache.internal.DefaultFileLockManager] Releasing lock on daemon addresses registry.
2025-10-19T16:13:15.868-0500 [DEBUG] [org.gradle.process.internal.health.memory.DefaultMemoryManager] 841566208 physical memory requested, 615178240 free
2025-10-19T16:13:15.868-0500 [DEBUG] [org.gradle.workers.internal.WorkerDaemonExpiration] Will attempt to release 802 of memory
2025-10-19T16:13:15.868-0500 [DEBUG] [org.gradle.process.internal.health.memory.DefaultMemoryManager] 841566208 physical memory requested, 0 released, 615178240 free
2025-10-19T16:13:20.856-0500 [DEBUG] [org.gradle.process.internal.health.memory.DefaultMemoryManager] 841566208 physical memory requested, 655880192 free
2025-10-19T16:13:20.857-0500 [DEBUG] [org.gradle.workers.internal.WorkerDaemonExpiration] Will attempt to release 802 of memory
2025-10-19T16:13:20.859-0500 [DEBUG] [org.gradle.process.internal.health.memory.DefaultMemoryManager] 841566208 physical memory requested, 0 released, 655880192 free
2025-10-19T16:13:24.841-0500 [DEBUG] [org.gradle.cache.internal.DefaultFileLockManager] Waiting to acquire shared lock on daemon addresses registry.
2025-10-19T16:13:24.841-0500 [DEBUG] [org.gradle.cache.internal.DefaultFileLockManager] Lock acquired on daemon addresses registry.
2025-10-19T16:13:24.842-0500 [DEBUG] [org.gradle.cache.internal.DefaultFileLockManager] Releasing lock on daemon addresses registry.
2025-10-19T16:13:24.844-0500 [DEBUG] [org.gradle.cache.internal.DefaultFileLockManager] Waiting to acquire shared lock on daemon addresses registry.
2025-10-19T16:13:24.844-0500 [DEBUG] [org.gradle.cache.internal.DefaultFileLockManager] Lock acquired on daemon addresses registry.
2025-10-19T16:13:24.844-0500 [DEBUG] [org.gradle.cache.internal.DefaultFileLockManager] Releasing lock on daemon addresses registry.
2025-10-19T16:13:24.847-0500 [DEBUG] [org.gradle.cache.internal.DefaultFileLockManager] Waiting to acquire shared lock on daemon addresses registry.
2025-10-19T16:13:24.847-0500 [DEBUG] [org.gradle.cache.internal.DefaultFileLockManager] Lock acquired on daemon addresses registry.
2025-10-19T16:13:24.847-0500 [DEBUG] [org.gradle.cache.internal.DefaultFileLockManager] Releasing lock on daemon addresses registry.
2025-10-19T16:13:25.866-0500 [DEBUG] [org.gradle.process.internal.health.memory.DefaultMemoryManager] 841566208 physical memory requested, 665763840 free
2025-10-19T16:13:25.867-0500 [DEBUG] [org.gradle.workers.internal.WorkerDaemonExpiration] Will attempt to release 802 of memory
2025-10-19T16:13:25.867-0500 [DEBUG] [org.gradle.process.internal.health.memory.DefaultMemoryManager] 841566208 physical memory requested, 0 released, 665763840 free
2025-10-19T16:13:30.867-0500 [DEBUG] [org.gradle.process.internal.health.memory.DefaultMemoryManager] 841566208 physical memory requested, 665825280 free
2025-10-19T16:13:30.867-0500 [DEBUG] [org.gradle.workers.internal.WorkerDaemonExpiration] Will attempt to release 802 of memory
2025-10-19T16:13:30.867-0500 [DEBUG] [org.gradle.process.internal.health.memory.DefaultMemoryManager] 841566208 physical memory requested, 0 released, 665825280 free
2025-10-19T16:13:34.845-0500 [DEBUG] [org.gradle.cache.internal.DefaultFileLockManager] Waiting to acquire shared lock on daemon addresses registry.
2025-10-19T16:13:34.845-0500 [DEBUG] [org.gradle.cache.internal.DefaultFileLockManager] Lock acquired on daemon addresses registry.
2025-10-19T16:13:34.845-0500 [DEBUG] [org.gradle.cache.internal.DefaultFileLockManager] Releasing lock on daemon addresses registry.
2025-10-19T16:13:34.846-0500 [DEBUG] [org.gradle.cache.internal.DefaultFileLockManager] Waiting to acquire shared lock on daemon addresses registry.
2025-10-19T16:13:34.846-0500 [DEBUG] [org.gradle.cache.internal.DefaultFileLockManager] Lock acquired on daemon addresses registry.
2025-10-19T16:13:34.847-0500 [DEBUG] [org.gradle.cache.internal.DefaultFileLockManager] Releasing lock on daemon addresses registry.
2025-10-19T16:13:34.848-0500 [DEBUG] [org.gradle.cache.internal.DefaultFileLockManager] Waiting to acquire shared lock on daemon addresses registry.
2025-10-19T16:13:34.862-0500 [DEBUG] [org.gradle.cache.internal.DefaultFileLockManager] Lock acquired on daemon addresses registry.
2025-10-19T16:13:34.862-0500 [DEBUG] [org.gradle.cache.internal.DefaultFileLockManager] Releasing lock on daemon addresses registry.
2025-10-19T16:13:35.859-0500 [DEBUG] [org.gradle.process.internal.health.memory.DefaultMemoryManager] 841566208 physical memory requested, 705425408 free
2025-10-19T16:13:35.859-0500 [DEBUG] [org.gradle.workers.internal.WorkerDaemonExpiration] Will attempt to release 802 of memory
2025-10-19T16:13:35.860-0500 [DEBUG] [org.gradle.process.internal.health.memory.DefaultMemoryManager] 841566208 physical memory requested, 0 released, 705425408 free
2025-10-19T16:13:40.861-0500 [DEBUG] [org.gradle.process.internal.health.memory.DefaultMemoryManager] 841566208 physical memory requested, 693133312 free
2025-10-19T16:13:40.861-0500 [DEBUG] [org.gradle.workers.internal.WorkerDaemonExpiration] Will attempt to release 802 of memory
2025-10-19T16:13:40.861-0500 [DEBUG] [org.gradle.process.internal.health.memory.DefaultMemoryManager] 841566208 physical memory requested, 0 released, 693133312 free
2025-10-19T16:13:44.840-0500 [DEBUG] [org.gradle.cache.internal.DefaultFileLockManager] Waiting to acquire shared lock on daemon addresses registry.
2025-10-19T16:13:44.840-0500 [DEBUG] [org.gradle.cache.internal.DefaultFileLockManager] Lock acquired on daemon addresses registry.
2025-10-19T16:13:44.840-0500 [DEBUG] [org.gradle.cache.internal.DefaultFileLockManager] Releasing lock on daemon addresses registry.
2025-10-19T16:13:44.842-0500 [DEBUG] [org.gradle.cache.internal.DefaultFileLockManager] Waiting to acquire shared lock on daemon addresses registry.
2025-10-19T16:13:44.842-0500 [DEBUG] [org.gradle.cache.internal.DefaultFileLockManager] Lock acquired on daemon addresses registry.
2025-10-19T16:13:44.842-0500 [DEBUG] [org.gradle.cache.internal.DefaultFileLockManager] Releasing lock on daemon addresses registry.
2025-10-19T16:13:44.843-0500 [DEBUG] [org.gradle.cache.internal.DefaultFileLockManager] Waiting to acquire shared lock on daemon addresses registry.
2025-10-19T16:13:44.843-0500 [DEBUG] [org.gradle.cache.internal.DefaultFileLockManager] Lock acquired on daemon addresses registry.
2025-10-19T16:13:44.843-0500 [DEBUG] [org.gradle.cache.internal.DefaultFileLockManager] Releasing lock on daemon addresses registry.
2025-10-19T16:13:45.856-0500 [DEBUG] [org.gradle.process.internal.health.memory.DefaultMemoryManager] 841566208 physical memory requested, 712810496 free
2025-10-19T16:13:45.856-0500 [DEBUG] [org.gradle.workers.internal.WorkerDaemonExpiration] Will attempt to release 802 of memory
2025-10-19T16:13:45.869-0500 [DEBUG] [org.gradle.process.internal.health.memory.DefaultMemoryManager] 841566208 physical memory requested, 0 released, 712810496 free
2025-10-19T16:13:50.860-0500 [DEBUG] [org.gradle.process.internal.health.memory.DefaultMemoryManager] 841566208 physical memory requested, 709574656 free
2025-10-19T16:13:50.860-0500 [DEBUG] [org.gradle.workers.internal.WorkerDaemonExpiration] Will attempt to release 802 of memory
2025-10-19T16:13:50.861-0500 [DEBUG] [org.gradle.process.internal.health.memory.DefaultMemoryManager] 841566208 physical memory requested, 0 released, 709574656 free
2025-10-19T16:13:54.849-0500 [DEBUG] [org.gradle.cache.internal.DefaultFileLockManager] Waiting to acquire shared lock on daemon addresses registry.
2025-10-19T16:13:54.850-0500 [DEBUG] [org.gradle.cache.internal.DefaultFileLockManager] Lock acquired on daemon addresses registry.
2025-10-19T16:13:54.851-0500 [DEBUG] [org.gradle.cache.internal.DefaultFileLockManager] Releasing lock on daemon addresses registry.
2025-10-19T16:13:54.856-0500 [DEBUG] [org.gradle.cache.internal.DefaultFileLockManager] Waiting to acquire shared lock on daemon addresses registry.
2025-10-19T16:13:54.856-0500 [DEBUG] [org.gradle.cache.internal.DefaultFileLockManager] Lock acquired on daemon addresses registry.
2025-10-19T16:13:54.857-0500 [DEBUG] [org.gradle.cache.internal.DefaultFileLockManager] Releasing lock on daemon addresses registry.
2025-10-19T16:13:54.860-0500 [DEBUG] [org.gradle.cache.internal.DefaultFileLockManager] Waiting to acquire shared lock on daemon addresses registry.
2025-10-19T16:13:54.861-0500 [DEBUG] [org.gradle.cache.internal.DefaultFileLockManager] Lock acquired on daemon addresses registry.
2025-10-19T16:13:54.861-0500 [DEBUG] [org.gradle.cache.internal.DefaultFileLockManager] Releasing lock on daemon addresses registry.
2025-10-19T16:13:55.856-0500 [DEBUG] [org.gradle.process.internal.health.memory.DefaultMemoryManager] 841566208 physical memory requested, 724602880 free
2025-10-19T16:13:55.856-0500 [DEBUG] [org.gradle.workers.internal.WorkerDaemonExpiration] Will attempt to release 802 of memory
2025-10-19T16:13:55.856-0500 [DEBUG] [org.gradle.process.internal.health.memory.DefaultMemoryManager] 841566208 physical memory requested, 0 released, 724602880 free
2025-10-19T16:14:00.862-0500 [DEBUG] [org.gradle.process.internal.health.memory.DefaultMemoryManager] 841566208 physical memory requested, 704770048 free
2025-10-19T16:14:00.862-0500 [DEBUG] [org.gradle.workers.internal.WorkerDaemonExpiration] Will attempt to release 802 of memory
2025-10-19T16:14:00.862-0500 [DEBUG] [org.gradle.process.internal.health.memory.DefaultMemoryManager] 841566208 physical memory requested, 0 released, 704770048 free
2025-10-19T16:14:04.847-0500 [DEBUG] [org.gradle.cache.internal.DefaultFileLockManager] Waiting to acquire shared lock on daemon addresses registry.
2025-10-19T16:14:04.847-0500 [DEBUG] [org.gradle.cache.internal.DefaultFileLockManager] Lock acquired on daemon addresses registry.
2025-10-19T16:14:04.848-0500 [DEBUG] [org.gradle.cache.internal.DefaultFileLockManager] Releasing lock on daemon addresses registry.
2025-10-19T16:14:04.849-0500 [DEBUG] [org.gradle.cache.internal.DefaultFileLockManager] Waiting to acquire shared lock on daemon addresses registry.
2025-10-19T16:14:04.849-0500 [DEBUG] [org.gradle.cache.internal.DefaultFileLockManager] Lock acquired on daemon addresses registry.
2025-10-19T16:14:04.849-0500 [DEBUG] [org.gradle.cache.internal.DefaultFileLockManager] Releasing lock on daemon addresses registry.
2025-10-19T16:14:04.850-0500 [DEBUG] [org.gradle.cache.internal.DefaultFileLockManager] Waiting to acquire shared lock on daemon addresses registry.
2025-10-19T16:14:04.850-0500 [DEBUG] [org.gradle.cache.internal.DefaultFileLockManager] Lock acquired on daemon addresses registry.
2025-10-19T16:14:04.851-0500 [DEBUG] [org.gradle.cache.internal.DefaultFileLockManager] Releasing lock on daemon addresses registry.
2025-10-19T16:14:05.860-0500 [DEBUG] [org.gradle.process.internal.health.memory.DefaultMemoryManager] 841566208 physical memory requested, 726052864 free
2025-10-19T16:14:05.861-0500 [DEBUG] [org.gradle.workers.internal.WorkerDaemonExpiration] Will attempt to release 802 of memory
2025-10-19T16:14:05.861-0500 [DEBUG] [org.gradle.process.internal.health.memory.DefaultMemoryManager] 841566208 physical memory requested, 0 released, 726052864 free
2025-10-19T16:14:10.862-0500 [DEBUG] [org.gradle.process.internal.health.memory.DefaultMemoryManager] 841566208 physical memory requested, 691093504 free
2025-10-19T16:14:10.862-0500 [DEBUG] [org.gradle.workers.internal.WorkerDaemonExpiration] Will attempt to release 802 of memory
2025-10-19T16:14:10.862-0500 [DEBUG] [org.gradle.process.internal.health.memory.DefaultMemoryManager] 841566208 physical memory requested, 0 released, 691093504 free
2025-10-19T16:14:14.837-0500 [DEBUG] [org.gradle.cache.internal.DefaultFileLockManager] Waiting to acquire shared lock on daemon addresses registry.
2025-10-19T16:14:14.837-0500 [DEBUG] [org.gradle.cache.internal.DefaultFileLockManager] Lock acquired on daemon addresses registry.
2025-10-19T16:14:14.838-0500 [DEBUG] [org.gradle.cache.internal.DefaultFileLockManager] Releasing lock on daemon addresses registry.
2025-10-19T16:14:14.841-0500 [DEBUG] [org.gradle.cache.internal.DefaultFileLockManager] Waiting to acquire shared lock on daemon addresses registry.
2025-10-19T16:14:14.841-0500 [DEBUG] [org.gradle.cache.internal.DefaultFileLockManager] Lock acquired on daemon addresses registry.
2025-10-19T16:14:14.842-0500 [DEBUG] [org.gradle.cache.internal.DefaultFileLockManager] Releasing lock on daemon addresses registry.
2025-10-19T16:14:14.844-0500 [DEBUG] [org.gradle.cache.internal.DefaultFileLockManager] Waiting to acquire shared lock on daemon addresses registry.
2025-10-19T16:14:14.845-0500 [DEBUG] [org.gradle.cache.internal.DefaultFileLockManager] Lock acquired on daemon addresses registry.
2025-10-19T16:14:14.845-0500 [DEBUG] [org.gradle.cache.internal.DefaultFileLockManager] Releasing lock on daemon addresses registry.
2025-10-19T16:14:15.870-0500 [DEBUG] [org.gradle.process.internal.health.memory.DefaultMemoryManager] 841566208 physical memory requested, 488984576 free
2025-10-19T16:14:15.870-0500 [DEBUG] [org.gradle.workers.internal.WorkerDaemonExpiration] Will attempt to release 802 of memory
2025-10-19T16:14:15.870-0500 [DEBUG] [org.gradle.process.internal.health.memory.DefaultMemoryManager] 841566208 physical memory requested, 0 released, 488984576 free
2025-10-19T16:14:24.843-0500 [DEBUG] [org.gradle.cache.internal.DefaultFileLockManager] Waiting to acquire shared lock on daemon addresses registry.
2025-10-19T16:14:24.844-0500 [DEBUG] [org.gradle.cache.internal.DefaultFileLockManager] Lock acquired on daemon addresses registry.
2025-10-19T16:14:24.844-0500 [DEBUG] [org.gradle.cache.internal.DefaultFileLockManager] Releasing lock on daemon addresses registry.
2025-10-19T16:14:24.846-0500 [DEBUG] [org.gradle.cache.internal.DefaultFileLockManager] Waiting to acquire shared lock on daemon addresses registry.
2025-10-19T16:14:24.846-0500 [DEBUG] [org.gradle.cache.internal.DefaultFileLockManager] Lock acquired on daemon addresses registry.
2025-10-19T16:14:24.854-0500 [DEBUG] [org.gradle.cache.internal.DefaultFileLockManager] Releasing lock on daemon addresses registry.
2025-10-19T16:14:24.856-0500 [DEBUG] [org.gradle.cache.internal.DefaultFileLockManager] Waiting to acquire shared lock on daemon addresses registry.
2025-10-19T16:14:24.857-0500 [DEBUG] [org.gradle.cache.internal.DefaultFileLockManager] Lock acquired on daemon addresses registry.
2025-10-19T16:14:24.857-0500 [DEBUG] [org.gradle.cache.internal.DefaultFileLockManager] Releasing lock on daemon addresses registry.
2025-10-19T16:14:30.860-0500 [DEBUG] [org.gradle.process.internal.health.memory.DefaultMemoryManager] 841566208 physical memory requested, 816701440 free
2025-10-19T16:14:30.860-0500 [DEBUG] [org.gradle.workers.internal.WorkerDaemonExpiration] Will attempt to release 802 of memory
2025-10-19T16:14:30.860-0500 [DEBUG] [org.gradle.process.internal.health.memory.DefaultMemoryManager] 841566208 physical memory requested, 0 released, 816701440 free
2025-10-19T16:14:34.837-0500 [DEBUG] [org.gradle.cache.internal.DefaultFileLockManager] Waiting to acquire shared lock on daemon addresses registry.
2025-10-19T16:14:34.837-0500 [DEBUG] [org.gradle.cache.internal.DefaultFileLockManager] Lock acquired on daemon addresses registry.
2025-10-19T16:14:34.837-0500 [DEBUG] [org.gradle.cache.internal.DefaultFileLockManager] Releasing lock on daemon addresses registry.
2025-10-19T16:14:34.839-0500 [DEBUG] [org.gradle.cache.internal.DefaultFileLockManager] Waiting to acquire shared lock on daemon addresses registry.
2025-10-19T16:14:34.840-0500 [DEBUG] [org.gradle.cache.internal.DefaultFileLockManager] Lock acquired on daemon addresses registry.
2025-10-19T16:14:34.840-0500 [DEBUG] [org.gradle.cache.internal.DefaultFileLockManager] Releasing lock on daemon addresses registry.
2025-10-19T16:14:34.841-0500 [DEBUG] [org.gradle.cache.internal.DefaultFileLockManager] Waiting to acquire shared lock on daemon addresses registry.
2025-10-19T16:14:34.841-0500 [DEBUG] [org.gradle.cache.internal.DefaultFileLockManager] Lock acquired on daemon addresses registry.
2025-10-19T16:14:34.842-0500 [DEBUG] [org.gradle.cache.internal.DefaultFileLockManager] Releasing lock on daemon addresses registry.
2025-10-19T16:14:40.863-0500 [DEBUG] [org.gradle.process.internal.health.memory.DefaultMemoryManager] 841566208 physical memory requested, 706842624 free
2025-10-19T16:14:40.863-0500 [DEBUG] [org.gradle.workers.internal.WorkerDaemonExpiration] Will attempt to release 802 of memory
2025-10-19T16:14:40.864-0500 [DEBUG] [org.gradle.process.internal.health.memory.DefaultMemoryManager] 841566208 physical memory requested, 0 released, 706842624 free
2025-10-19T16:14:44.849-0500 [DEBUG] [org.gradle.cache.internal.DefaultFileLockManager] Waiting to acquire shared lock on daemon addresses registry.
2025-10-19T16:14:44.850-0500 [DEBUG] [org.gradle.cache.internal.DefaultFileLockManager] Lock acquired on daemon addresses registry.
2025-10-19T16:14:44.852-0500 [DEBUG] [org.gradle.cache.internal.DefaultFileLockManager] Releasing lock on daemon addresses registry.
2025-10-19T16:14:44.857-0500 [DEBUG] [org.gradle.cache.internal.DefaultFileLockManager] Waiting to acquire shared lock on daemon addresses registry.
2025-10-19T16:14:44.857-0500 [DEBUG] [org.gradle.cache.internal.DefaultFileLockManager] Lock acquired on daemon addresses registry.
2025-10-19T16:14:44.859-0500 [DEBUG] [org.gradle.cache.internal.DefaultFileLockManager] Releasing lock on daemon addresses registry.
2025-10-19T16:14:44.863-0500 [DEBUG] [org.gradle.cache.internal.DefaultFileLockManager] Waiting to acquire shared lock on daemon addresses registry.
2025-10-19T16:14:44.864-0500 [DEBUG] [org.gradle.cache.internal.DefaultFileLockManager] Lock acquired on daemon addresses registry.
2025-10-19T16:14:44.866-0500 [DEBUG] [org.gradle.cache.internal.DefaultFileLockManager] Releasing lock on daemon addresses registry.
2025-10-19T16:14:45.854-0500 [DEBUG] [org.gradle.process.internal.health.memory.DefaultMemoryManager] 841566208 physical memory requested, 724733952 free
2025-10-19T16:14:45.864-0500 [DEBUG] [org.gradle.workers.internal.WorkerDaemonExpiration] Will attempt to release 802 of memory
2025-10-19T16:14:45.865-0500 [DEBUG] [org.gradle.process.internal.health.memory.DefaultMemoryManager] 841566208 physical memory requested, 0 released, 724733952 free
2025-10-19T16:14:50.866-0500 [DEBUG] [org.gradle.process.internal.health.memory.DefaultMemoryManager] 841566208 physical memory requested, 741515264 free
2025-10-19T16:14:50.866-0500 [DEBUG] [org.gradle.workers.internal.WorkerDaemonExpiration] Will attempt to release 802 of memory
2025-10-19T16:14:50.867-0500 [DEBUG] [org.gradle.process.internal.health.memory.DefaultMemoryManager] 841566208 physical memory requested, 0 released, 741515264 free
2025-10-19T16:14:54.849-0500 [DEBUG] [org.gradle.cache.internal.DefaultFileLockManager] Waiting to acquire shared lock on daemon addresses registry.
2025-10-19T16:14:54.850-0500 [DEBUG] [org.gradle.cache.internal.DefaultFileLockManager] Lock acquired on daemon addresses registry.
2025-10-19T16:14:54.851-0500 [DEBUG] [org.gradle.cache.internal.DefaultFileLockManager] Releasing lock on daemon addresses registry.
2025-10-19T16:14:54.854-0500 [DEBUG] [org.gradle.cache.internal.DefaultFileLockManager] Waiting to acquire shared lock on daemon addresses registry.
2025-10-19T16:14:54.854-0500 [DEBUG] [org.gradle.cache.internal.DefaultFileLockManager] Lock acquired on daemon addresses registry.
2025-10-19T16:14:54.855-0500 [DEBUG] [org.gradle.cache.internal.DefaultFileLockManager] Releasing lock on daemon addresses registry.
2025-10-19T16:14:54.857-0500 [DEBUG] [org.gradle.cache.internal.DefaultFileLockManager] Waiting to acquire shared lock on daemon addresses registry.
2025-10-19T16:14:54.857-0500 [DEBUG] [org.gradle.cache.internal.DefaultFileLockManager] Lock acquired on daemon addresses registry.
2025-10-19T16:14:54.858-0500 [DEBUG] [org.gradle.cache.internal.DefaultFileLockManager] Releasing lock on daemon addresses registry.
2025-10-19T16:14:55.869-0500 [DEBUG] [org.gradle.process.internal.health.memory.DefaultMemoryManager] 841566208 physical memory requested, 661762048 free
2025-10-19T16:14:55.869-0500 [DEBUG] [org.gradle.workers.internal.WorkerDaemonExpiration] Will attempt to release 802 of memory
2025-10-19T16:14:55.869-0500 [DEBUG] [org.gradle.process.internal.health.memory.DefaultMemoryManager] 841566208 physical memory requested, 0 released, 661762048 free
2025-10-19T16:15:00.869-0500 [DEBUG] [org.gradle.process.internal.health.memory.DefaultMemoryManager] 841566208 physical memory requested, 607846400 free
2025-10-19T16:15:00.869-0500 [DEBUG] [org.gradle.workers.internal.WorkerDaemonExpiration] Will attempt to release 802 of memory
2025-10-19T16:15:00.869-0500 [DEBUG] [org.gradle.process.internal.health.memory.DefaultMemoryManager] 841566208 physical memory requested, 0 released, 607846400 free
2025-10-19T16:15:04.842-0500 [DEBUG] [org.gradle.cache.internal.DefaultFileLockManager] Waiting to acquire shared lock on daemon addresses registry.
2025-10-19T16:15:04.842-0500 [DEBUG] [org.gradle.cache.internal.DefaultFileLockManager] Lock acquired on daemon addresses registry.
2025-10-19T16:15:04.843-0500 [DEBUG] [org.gradle.cache.internal.DefaultFileLockManager] Releasing lock on daemon addresses registry.
2025-10-19T16:15:04.845-0500 [DEBUG] [org.gradle.cache.internal.DefaultFileLockManager] Waiting to acquire shared lock on daemon addresses registry.
2025-10-19T16:15:04.845-0500 [DEBUG] [org.gradle.cache.internal.DefaultFileLockManager] Lock acquired on daemon addresses registry.
2025-10-19T16:15:04.846-0500 [DEBUG] [org.gradle.cache.internal.DefaultFileLockManager] Releasing lock on daemon addresses registry.
2025-10-19T16:15:04.847-0500 [DEBUG] [org.gradle.cache.internal.DefaultFileLockManager] Waiting to acquire shared lock on daemon addresses registry.
2025-10-19T16:15:04.847-0500 [DEBUG] [org.gradle.cache.internal.DefaultFileLockManager] Lock acquired on daemon addresses registry.
2025-10-19T16:15:04.848-0500 [DEBUG] [org.gradle.cache.internal.DefaultFileLockManager] Releasing lock on daemon addresses registry.
2025-10-19T16:15:05.862-0500 [DEBUG] [org.gradle.process.internal.health.memory.DefaultMemoryManager] 841566208 physical memory requested, 504397824 free
2025-10-19T16:15:05.862-0500 [DEBUG] [org.gradle.workers.internal.WorkerDaemonExpiration] Will attempt to release 802 of memory
2025-10-19T16:15:05.862-0500 [DEBUG] [org.gradle.process.internal.health.memory.DefaultMemoryManager] 841566208 physical memory requested, 0 released, 504397824 free
2025-10-19T16:15:10.866-0500 [DEBUG] [org.gradle.process.internal.health.memory.DefaultMemoryManager] 841566208 physical memory requested, 514682880 free
2025-10-19T16:15:10.866-0500 [DEBUG] [org.gradle.workers.internal.WorkerDaemonExpiration] Will attempt to release 802 of memory
2025-10-19T16:15:10.867-0500 [DEBUG] [org.gradle.process.internal.health.memory.DefaultMemoryManager] 841566208 physical memory requested, 0 released, 514682880 free
2025-10-19T16:15:14.837-0500 [DEBUG] [org.gradle.cache.internal.DefaultFileLockManager] Waiting to acquire shared lock on daemon addresses registry.
2025-10-19T16:15:14.837-0500 [DEBUG] [org.gradle.cache.internal.DefaultFileLockManager] Lock acquired on daemon addresses registry.
2025-10-19T16:15:14.877-0500 [DEBUG] [org.gradle.cache.internal.DefaultFileLockManager] Releasing lock on daemon addresses registry.
2025-10-19T16:15:14.879-0500 [DEBUG] [org.gradle.cache.internal.DefaultFileLockManager] Waiting to acquire shared lock on daemon addresses registry.
2025-10-19T16:15:14.880-0500 [DEBUG] [org.gradle.cache.internal.DefaultFileLockManager] Lock acquired on daemon addresses registry.
2025-10-19T16:15:14.880-0500 [DEBUG] [org.gradle.cache.internal.DefaultFileLockManager] Releasing lock on daemon addresses registry.
2025-10-19T16:15:14.882-0500 [DEBUG] [org.gradle.cache.internal.DefaultFileLockManager] Waiting to acquire shared lock on daemon addresses registry.
2025-10-19T16:15:14.883-0500 [DEBUG] [org.gradle.cache.internal.DefaultFileLockManager] Lock acquired on daemon addresses registry.
2025-10-19T16:15:14.905-0500 [DEBUG] [org.gradle.cache.internal.DefaultFileLockManager] Releasing lock on daemon addresses registry.
2025-10-19T16:15:24.843-0500 [DEBUG] [org.gradle.cache.internal.DefaultFileLockManager] Waiting to acquire shared lock on daemon addresses registry.
2025-10-19T16:15:24.844-0500 [DEBUG] [org.gradle.cache.internal.DefaultFileLockManager] Lock acquired on daemon addresses registry.
2025-10-19T16:15:24.845-0500 [DEBUG] [org.gradle.cache.internal.DefaultFileLockManager] Releasing lock on daemon addresses registry.
2025-10-19T16:15:24.850-0500 [DEBUG] [org.gradle.cache.internal.DefaultFileLockManager] Waiting to acquire shared lock on daemon addresses registry.
2025-10-19T16:15:24.850-0500 [DEBUG] [org.gradle.cache.internal.DefaultFileLockManager] Lock acquired on daemon addresses registry.
2025-10-19T16:15:24.851-0500 [DEBUG] [org.gradle.cache.internal.DefaultFileLockManager] Releasing lock on daemon addresses registry.
2025-10-19T16:15:24.854-0500 [DEBUG] [org.gradle.cache.internal.DefaultFileLockManager] Waiting to acquire shared lock on daemon addresses registry.
2025-10-19T16:15:24.855-0500 [DEBUG] [org.gradle.cache.internal.DefaultFileLockManager] Lock acquired on daemon addresses registry.
2025-10-19T16:15:24.856-0500 [DEBUG] [org.gradle.cache.internal.DefaultFileLockManager] Releasing lock on daemon addresses registry.
2025-10-19T16:15:34.854-0500 [DEBUG] [org.gradle.cache.internal.DefaultFileLockManager] Waiting to acquire shared lock on daemon addresses registry.
2025-10-19T16:15:34.854-0500 [DEBUG] [org.gradle.cache.internal.DefaultFileLockManager] Lock acquired on daemon addresses registry.
2025-10-19T16:15:34.856-0500 [DEBUG] [org.gradle.cache.internal.DefaultFileLockManager] Releasing lock on daemon addresses registry.
2025-10-19T16:15:34.863-0500 [DEBUG] [org.gradle.cache.internal.DefaultFileLockManager] Waiting to acquire shared lock on daemon addresses registry.
2025-10-19T16:15:34.864-0500 [DEBUG] [org.gradle.cache.internal.DefaultFileLockManager] Lock acquired on daemon addresses registry.
2025-10-19T16:15:34.865-0500 [DEBUG] [org.gradle.cache.internal.DefaultFileLockManager] Releasing lock on daemon addresses registry.
2025-10-19T16:15:34.871-0500 [DEBUG] [org.gradle.cache.internal.DefaultFileLockManager] Waiting to acquire shared lock on daemon addresses registry.
2025-10-19T16:15:34.872-0500 [DEBUG] [org.gradle.cache.internal.DefaultFileLockManager] Lock acquired on daemon addresses registry.
2025-10-19T16:15:34.875-0500 [DEBUG] [org.gradle.cache.internal.DefaultFileLockManager] Releasing lock on daemon addresses registry.
2025-10-19T16:15:44.844-0500 [DEBUG] [org.gradle.cache.internal.DefaultFileLockManager] Waiting to acquire shared lock on daemon addresses registry.
2025-10-19T16:15:44.845-0500 [DEBUG] [org.gradle.cache.internal.DefaultFileLockManager] Lock acquired on daemon addresses registry.
2025-10-19T16:15:44.846-0500 [DEBUG] [org.gradle.cache.internal.DefaultFileLockManager] Releasing lock on daemon addresses registry.
2025-10-19T16:15:44.851-0500 [DEBUG] [org.gradle.cache.internal.DefaultFileLockManager] Waiting to acquire shared lock on daemon addresses registry.
2025-10-19T16:15:44.852-0500 [DEBUG] [org.gradle.cache.internal.DefaultFileLockManager] Lock acquired on daemon addresses registry.
2025-10-19T16:15:44.853-0500 [DEBUG] [org.gradle.cache.internal.DefaultFileLockManager] Releasing lock on daemon addresses registry.
2025-10-19T16:15:44.859-0500 [DEBUG] [org.gradle.cache.internal.DefaultFileLockManager] Waiting to acquire shared lock on daemon addresses registry.
2025-10-19T16:15:44.859-0500 [DEBUG] [org.gradle.cache.internal.DefaultFileLockManager] Lock acquired on daemon addresses registry.
2025-10-19T16:15:44.860-0500 [DEBUG] [org.gradle.cache.internal.DefaultFileLockManager] Releasing lock on daemon addresses registry.
2025-10-19T16:15:54.848-0500 [DEBUG] [org.gradle.cache.internal.DefaultFileLockManager] Waiting to acquire shared lock on daemon addresses registry.
2025-10-19T16:15:54.848-0500 [DEBUG] [org.gradle.cache.internal.DefaultFileLockManager] Lock acquired on daemon addresses registry.
2025-10-19T16:15:54.851-0500 [DEBUG] [org.gradle.cache.internal.DefaultFileLockManager] Releasing lock on daemon addresses registry.
2025-10-19T16:15:54.853-0500 [DEBUG] [org.gradle.cache.internal.DefaultFileLockManager] Waiting to acquire shared lock on daemon addresses registry.
2025-10-19T16:15:54.854-0500 [DEBUG] [org.gradle.cache.internal.DefaultFileLockManager] Lock acquired on daemon addresses registry.
2025-10-19T16:15:54.854-0500 [DEBUG] [org.gradle.cache.internal.DefaultFileLockManager] Releasing lock on daemon addresses registry.
2025-10-19T16:15:54.856-0500 [DEBUG] [org.gradle.cache.internal.DefaultFileLockManager] Waiting to acquire shared lock on daemon addresses registry.
2025-10-19T16:15:54.856-0500 [DEBUG] [org.gradle.cache.internal.DefaultFileLockManager] Lock acquired on daemon addresses registry.
2025-10-19T16:15:54.858-0500 [DEBUG] [org.gradle.cache.internal.DefaultFileLockManager] Releasing lock on daemon addresses registry.
2025-10-19T16:16:04.840-0500 [DEBUG] [org.gradle.cache.internal.DefaultFileLockManager] Waiting to acquire shared lock on daemon addresses registry.
2025-10-19T16:16:04.840-0500 [DEBUG] [org.gradle.cache.internal.DefaultFileLockManager] Lock acquired on daemon addresses registry.
2025-10-19T16:16:04.841-0500 [DEBUG] [org.gradle.cache.internal.DefaultFileLockManager] Releasing lock on daemon addresses registry.
2025-10-19T16:16:04.843-0500 [DEBUG] [org.gradle.cache.internal.DefaultFileLockManager] Waiting to acquire shared lock on daemon addresses registry.
2025-10-19T16:16:04.843-0500 [DEBUG] [org.gradle.cache.internal.DefaultFileLockManager] Lock acquired on daemon addresses registry.
2025-10-19T16:16:04.844-0500 [DEBUG] [org.gradle.cache.internal.DefaultFileLockManager] Releasing lock on daemon addresses registry.
2025-10-19T16:16:04.846-0500 [DEBUG] [org.gradle.cache.internal.DefaultFileLockManager] Waiting to acquire shared lock on daemon addresses registry.
2025-10-19T16:16:04.846-0500 [DEBUG] [org.gradle.cache.internal.DefaultFileLockManager] Lock acquired on daemon addresses registry.
2025-10-19T16:16:04.846-0500 [DEBUG] [org.gradle.cache.internal.DefaultFileLockManager] Releasing lock on daemon addresses registry.
2025-10-19T16:16:14.843-0500 [DEBUG] [org.gradle.cache.internal.DefaultFileLockManager] Waiting to acquire shared lock on daemon addresses registry.
2025-10-19T16:16:14.844-0500 [DEBUG] [org.gradle.cache.internal.DefaultFileLockManager] Lock acquired on daemon addresses registry.
2025-10-19T16:16:14.845-0500 [DEBUG] [org.gradle.cache.internal.DefaultFileLockManager] Releasing lock on daemon addresses registry.
2025-10-19T16:16:14.852-0500 [DEBUG] [org.gradle.cache.internal.DefaultFileLockManager] Waiting to acquire shared lock on daemon addresses registry.
2025-10-19T16:16:14.853-0500 [DEBUG] [org.gradle.cache.internal.DefaultFileLockManager] Lock acquired on daemon addresses registry.
2025-10-19T16:16:14.855-0500 [DEBUG] [org.gradle.cache.internal.DefaultFileLockManager] Releasing lock on daemon addresses registry.
2025-10-19T16:16:14.862-0500 [DEBUG] [org.gradle.cache.internal.DefaultFileLockManager] Waiting to acquire shared lock on daemon addresses registry.
2025-10-19T16:16:14.862-0500 [DEBUG] [org.gradle.cache.internal.DefaultFileLockManager] Lock acquired on daemon addresses registry.
2025-10-19T16:16:14.864-0500 [DEBUG] [org.gradle.cache.internal.DefaultFileLockManager] Releasing lock on daemon addresses registry.
2025-10-19T16:16:24.846-0500 [DEBUG] [org.gradle.cache.internal.DefaultFileLockManager] Waiting to acquire shared lock on daemon addresses registry.
2025-10-19T16:16:24.846-0500 [DEBUG] [org.gradle.cache.internal.DefaultFileLockManager] Lock acquired on daemon addresses registry.
2025-10-19T16:16:24.847-0500 [DEBUG] [org.gradle.cache.internal.DefaultFileLockManager] Releasing lock on daemon addresses registry.
2025-10-19T16:16:24.852-0500 [DEBUG] [org.gradle.cache.internal.DefaultFileLockManager] Waiting to acquire shared lock on daemon addresses registry.
2025-10-19T16:16:24.853-0500 [DEBUG] [org.gradle.cache.internal.DefaultFileLockManager] Lock acquired on daemon addresses registry.
2025-10-19T16:16:24.854-0500 [DEBUG] [org.gradle.cache.internal.DefaultFileLockManager] Releasing lock on daemon addresses registry.
2025-10-19T16:16:24.859-0500 [DEBUG] [org.gradle.cache.internal.DefaultFileLockManager] Waiting to acquire shared lock on daemon addresses registry.
2025-10-19T16:16:24.871-0500 [DEBUG] [org.gradle.cache.internal.DefaultFileLockManager] Lock acquired on daemon addresses registry.
2025-10-19T16:16:24.872-0500 [DEBUG] [org.gradle.cache.internal.DefaultFileLockManager] Releasing lock on daemon addresses registry.
2025-10-19T16:16:34.843-0500 [DEBUG] [org.gradle.cache.internal.DefaultFileLockManager] Waiting to acquire shared lock on daemon addresses registry.
2025-10-19T16:16:34.857-0500 [DEBUG] [org.gradle.cache.internal.DefaultFileLockManager] Lock acquired on daemon addresses registry.
2025-10-19T16:16:34.858-0500 [DEBUG] [org.gradle.cache.internal.DefaultFileLockManager] Releasing lock on daemon addresses registry.
2025-10-19T16:16:34.863-0500 [DEBUG] [org.gradle.cache.internal.DefaultFileLockManager] Waiting to acquire shared lock on daemon addresses registry.
2025-10-19T16:16:34.864-0500 [DEBUG] [org.gradle.cache.internal.DefaultFileLockManager] Lock acquired on daemon addresses registry.
2025-10-19T16:16:34.865-0500 [DEBUG] [org.gradle.cache.internal.DefaultFileLockManager] Releasing lock on daemon addresses registry.
2025-10-19T16:16:34.870-0500 [DEBUG] [org.gradle.cache.internal.DefaultFileLockManager] Waiting to acquire shared lock on daemon addresses registry.
2025-10-19T16:16:34.871-0500 [DEBUG] [org.gradle.cache.internal.DefaultFileLockManager] Lock acquired on daemon addresses registry.
2025-10-19T16:16:34.873-0500 [DEBUG] [org.gradle.cache.internal.DefaultFileLockManager] Releasing lock on daemon addresses registry.
2025-10-19T16:16:44.847-0500 [DEBUG] [org.gradle.cache.internal.DefaultFileLockManager] Waiting to acquire shared lock on daemon addresses registry.
2025-10-19T16:16:44.847-0500 [DEBUG] [org.gradle.cache.internal.DefaultFileLockManager] Lock acquired on daemon addresses registry.
2025-10-19T16:16:44.848-0500 [DEBUG] [org.gradle.cache.internal.DefaultFileLockManager] Releasing lock on daemon addresses registry.
2025-10-19T16:16:44.850-0500 [DEBUG] [org.gradle.cache.internal.DefaultFileLockManager] Waiting to acquire shared lock on daemon addresses registry.
2025-10-19T16:16:44.851-0500 [DEBUG] [org.gradle.cache.internal.DefaultFileLockManager] Lock acquired on daemon addresses registry.
2025-10-19T16:16:44.851-0500 [DEBUG] [org.gradle.cache.internal.DefaultFileLockManager] Releasing lock on daemon addresses registry.
2025-10-19T16:16:44.852-0500 [DEBUG] [org.gradle.cache.internal.DefaultFileLockManager] Waiting to acquire shared lock on daemon addresses registry.
2025-10-19T16:16:44.852-0500 [DEBUG] [org.gradle.cache.internal.DefaultFileLockManager] Lock acquired on daemon addresses registry.
2025-10-19T16:16:44.853-0500 [DEBUG] [org.gradle.cache.internal.DefaultFileLockManager] Releasing lock on daemon addresses registry.
2025-10-19T16:16:54.838-0500 [DEBUG] [org.gradle.cache.internal.DefaultFileLockManager] Waiting to acquire shared lock on daemon addresses registry.
2025-10-19T16:16:54.839-0500 [DEBUG] [org.gradle.cache.internal.DefaultFileLockManager] Lock acquired on daemon addresses registry.
2025-10-19T16:16:54.839-0500 [DEBUG] [org.gradle.cache.internal.DefaultFileLockManager] Releasing lock on daemon addresses registry.
2025-10-19T16:16:54.840-0500 [DEBUG] [org.gradle.cache.internal.DefaultFileLockManager] Waiting to acquire shared lock on daemon addresses registry.
2025-10-19T16:16:54.841-0500 [DEBUG] [org.gradle.cache.internal.DefaultFileLockManager] Lock acquired on daemon addresses registry.
2025-10-19T16:16:54.841-0500 [DEBUG] [org.gradle.cache.internal.DefaultFileLockManager] Releasing lock on daemon addresses registry.
2025-10-19T16:16:54.842-0500 [DEBUG] [org.gradle.cache.internal.DefaultFileLockManager] Waiting to acquire shared lock on daemon addresses registry.
2025-10-19T16:16:54.843-0500 [DEBUG] [org.gradle.cache.internal.DefaultFileLockManager] Lock acquired on daemon addresses registry.
2025-10-19T16:16:54.843-0500 [DEBUG] [org.gradle.cache.internal.DefaultFileLockManager] Releasing lock on daemon addresses registry.
2025-10-19T16:17:04.852-0500 [DEBUG] [org.gradle.cache.internal.DefaultFileLockManager] Waiting to acquire shared lock on daemon addresses registry.
2025-10-19T16:17:04.852-0500 [DEBUG] [org.gradle.cache.internal.DefaultFileLockManager] Lock acquired on daemon addresses registry.
2025-10-19T16:17:04.867-0500 [DEBUG] [org.gradle.cache.internal.DefaultFileLockManager] Releasing lock on daemon addresses registry.
2025-10-19T16:17:04.871-0500 [DEBUG] [org.gradle.cache.internal.DefaultFileLockManager] Waiting to acquire shared lock on daemon addresses registry.
2025-10-19T16:17:04.872-0500 [DEBUG] [org.gradle.cache.internal.DefaultFileLockManager] Lock acquired on daemon addresses registry.
2025-10-19T16:17:04.873-0500 [DEBUG] [org.gradle.cache.internal.DefaultFileLockManager] Releasing lock on daemon addresses registry.
2025-10-19T16:17:04.876-0500 [DEBUG] [org.gradle.cache.internal.DefaultFileLockManager] Waiting to acquire shared lock on daemon addresses registry.
2025-10-19T16:17:04.877-0500 [DEBUG] [org.gradle.cache.internal.DefaultFileLockManager] Lock acquired on daemon addresses registry.
2025-10-19T16:17:04.878-0500 [DEBUG] [org.gradle.cache.internal.DefaultFileLockManager] Releasing lock on daemon addresses registry.
2025-10-19T16:17:14.850-0500 [DEBUG] [org.gradle.cache.internal.DefaultFileLockManager] Waiting to acquire shared lock on daemon addresses registry.
2025-10-19T16:17:14.850-0500 [DEBUG] [org.gradle.cache.internal.DefaultFileLockManager] Lock acquired on daemon addresses registry.
2025-10-19T16:17:14.851-0500 [DEBUG] [org.gradle.cache.internal.DefaultFileLockManager] Releasing lock on daemon addresses registry.
2025-10-19T16:17:14.859-0500 [DEBUG] [org.gradle.cache.internal.DefaultFileLockManager] Waiting to acquire shared lock on daemon addresses registry.
2025-10-19T16:17:14.860-0500 [DEBUG] [org.gradle.cache.internal.DefaultFileLockManager] Lock acquired on daemon addresses registry.
2025-10-19T16:17:14.860-0500 [DEBUG] [org.gradle.cache.internal.DefaultFileLockManager] Releasing lock on daemon addresses registry.
2025-10-19T16:17:14.861-0500 [DEBUG] [org.gradle.cache.internal.DefaultFileLockManager] Waiting to acquire shared lock on daemon addresses registry.
2025-10-19T16:17:14.862-0500 [DEBUG] [org.gradle.cache.internal.DefaultFileLockManager] Lock acquired on daemon addresses registry.
2025-10-19T16:17:14.862-0500 [DEBUG] [org.gradle.cache.internal.DefaultFileLockManager] Releasing lock on daemon addresses registry.
2025-10-19T16:17:24.851-0500 [DEBUG] [org.gradle.cache.internal.DefaultFileLockManager] Waiting to acquire shared lock on daemon addresses registry.
2025-10-19T16:17:24.852-0500 [DEBUG] [org.gradle.cache.internal.DefaultFileLockManager] Lock acquired on daemon addresses registry.
2025-10-19T16:17:24.853-0500 [DEBUG] [org.gradle.cache.internal.DefaultFileLockManager] Releasing lock on daemon addresses registry.
2025-10-19T16:17:24.860-0500 [DEBUG] [org.gradle.cache.internal.DefaultFileLockManager] Waiting to acquire shared lock on daemon addresses registry.
2025-10-19T16:17:24.860-0500 [DEBUG] [org.gradle.cache.internal.DefaultFileLockManager] Lock acquired on daemon addresses registry.
2025-10-19T16:17:24.862-0500 [DEBUG] [org.gradle.cache.internal.DefaultFileLockManager] Releasing lock on daemon addresses registry.
2025-10-19T16:17:24.867-0500 [DEBUG] [org.gradle.cache.internal.DefaultFileLockManager] Waiting to acquire shared lock on daemon addresses registry.
2025-10-19T16:17:24.868-0500 [DEBUG] [org.gradle.cache.internal.DefaultFileLockManager] Lock acquired on daemon addresses registry.
2025-10-19T16:17:24.869-0500 [DEBUG] [org.gradle.cache.internal.DefaultFileLockManager] Releasing lock on daemon addresses registry.
2025-10-19T16:17:34.836-0500 [DEBUG] [org.gradle.cache.internal.DefaultFileLockManager] Waiting to acquire shared lock on daemon addresses registry.
2025-10-19T16:17:34.837-0500 [DEBUG] [org.gradle.cache.internal.DefaultFileLockManager] Lock acquired on daemon addresses registry.
2025-10-19T16:17:34.837-0500 [DEBUG] [org.gradle.cache.internal.DefaultFileLockManager] Releasing lock on daemon addresses registry.
2025-10-19T16:17:34.839-0500 [DEBUG] [org.gradle.cache.internal.DefaultFileLockManager] Waiting to acquire shared lock on daemon addresses registry.
2025-10-19T16:17:34.839-0500 [DEBUG] [org.gradle.cache.internal.DefaultFileLockManager] Lock acquired on daemon addresses registry.
2025-10-19T16:17:34.839-0500 [DEBUG] [org.gradle.cache.internal.DefaultFileLockManager] Releasing lock on daemon addresses registry.
2025-10-19T16:17:34.840-0500 [DEBUG] [org.gradle.cache.internal.DefaultFileLockManager] Waiting to acquire shared lock on daemon addresses registry.
2025-10-19T16:17:34.840-0500 [DEBUG] [org.gradle.cache.internal.DefaultFileLockManager] Lock acquired on daemon addresses registry.
2025-10-19T16:17:34.841-0500 [DEBUG] [org.gradle.cache.internal.DefaultFileLockManager] Releasing lock on daemon addresses registry.
2025-10-19T16:17:35.864-0500 [DEBUG] [org.gradle.process.internal.health.memory.DefaultMemoryManager] 841566208 physical memory requested, 841207808 free
2025-10-19T16:17:35.865-0500 [DEBUG] [org.gradle.workers.internal.WorkerDaemonExpiration] Will attempt to release 802 of memory
2025-10-19T16:17:35.865-0500 [DEBUG] [org.gradle.process.internal.health.memory.DefaultMemoryManager] 841566208 physical memory requested, 0 released, 841207808 free
2025-10-19T16:17:40.896-0500 [DEBUG] [org.gradle.process.internal.health.memory.DefaultMemoryManager] 841566208 physical memory requested, 500310016 free
2025-10-19T16:17:40.896-0500 [DEBUG] [org.gradle.workers.internal.WorkerDaemonExpiration] Will attempt to release 802 of memory
2025-10-19T16:17:40.899-0500 [DEBUG] [org.gradle.process.internal.health.memory.DefaultMemoryManager] 841566208 physical memory requested, 0 released, 500310016 free
2025-10-19T16:17:44.850-0500 [DEBUG] [org.gradle.cache.internal.DefaultFileLockManager] Waiting to acquire shared lock on daemon addresses registry.
2025-10-19T16:17:44.850-0500 [DEBUG] [org.gradle.cache.internal.DefaultFileLockManager] Lock acquired on daemon addresses registry.
2025-10-19T16:17:44.852-0500 [DEBUG] [org.gradle.cache.internal.DefaultFileLockManager] Releasing lock on daemon addresses registry.
2025-10-19T16:17:44.855-0500 [DEBUG] [org.gradle.cache.internal.DefaultFileLockManager] Waiting to acquire shared lock on daemon addresses registry.
2025-10-19T16:17:44.855-0500 [DEBUG] [org.gradle.cache.internal.DefaultFileLockManager] Lock acquired on daemon addresses registry.
2025-10-19T16:17:44.855-0500 [DEBUG] [org.gradle.cache.internal.DefaultFileLockManager] Releasing lock on daemon addresses registry.
2025-10-19T16:17:44.857-0500 [DEBUG] [org.gradle.cache.internal.DefaultFileLockManager] Waiting to acquire shared lock on daemon addresses registry.
2025-10-19T16:17:44.857-0500 [DEBUG] [org.gradle.cache.internal.DefaultFileLockManager] Lock acquired on daemon addresses registry.
2025-10-19T16:17:44.858-0500 [DEBUG] [org.gradle.cache.internal.DefaultFileLockManager] Releasing lock on daemon addresses registry.
2025-10-19T16:17:45.868-0500 [DEBUG] [org.gradle.process.internal.health.memory.DefaultMemoryManager] 841566208 physical memory requested, 638672896 free
2025-10-19T16:17:45.868-0500 [DEBUG] [org.gradle.workers.internal.WorkerDaemonExpiration] Will attempt to release 802 of memory
2025-10-19T16:17:45.868-0500 [DEBUG] [org.gradle.process.internal.health.memory.DefaultMemoryManager] 841566208 physical memory requested, 0 released, 638672896 free
2025-10-19T16:17:50.859-0500 [DEBUG] [org.gradle.process.internal.health.memory.DefaultMemoryManager] 841566208 physical memory requested, 659603456 free
2025-10-19T16:17:50.860-0500 [DEBUG] [org.gradle.workers.internal.WorkerDaemonExpiration] Will attempt to release 802 of memory
2025-10-19T16:17:50.860-0500 [DEBUG] [org.gradle.process.internal.health.memory.DefaultMemoryManager] 841566208 physical memory requested, 0 released, 659603456 free
2025-10-19T16:17:54.839-0500 [DEBUG] [org.gradle.cache.internal.DefaultFileLockManager] Waiting to acquire shared lock on daemon addresses registry.
2025-10-19T16:17:54.839-0500 [DEBUG] [org.gradle.cache.internal.DefaultFileLockManager] Lock acquired on daemon addresses registry.
2025-10-19T16:17:54.839-0500 [DEBUG] [org.gradle.cache.internal.DefaultFileLockManager] Releasing lock on daemon addresses registry.
2025-10-19T16:17:54.840-0500 [DEBUG] [org.gradle.cache.internal.DefaultFileLockManager] Waiting to acquire shared lock on daemon addresses registry.
2025-10-19T16:17:54.840-0500 [DEBUG] [org.gradle.cache.internal.DefaultFileLockManager] Lock acquired on daemon addresses registry.
2025-10-19T16:17:54.841-0500 [DEBUG] [org.gradle.cache.internal.DefaultFileLockManager] Releasing lock on daemon addresses registry.
2025-10-19T16:17:54.842-0500 [DEBUG] [org.gradle.cache.internal.DefaultFileLockManager] Waiting to acquire shared lock on daemon addresses registry.
2025-10-19T16:17:54.842-0500 [DEBUG] [org.gradle.cache.internal.DefaultFileLockManager] Lock acquired on daemon addresses registry.
2025-10-19T16:17:54.842-0500 [DEBUG] [org.gradle.cache.internal.DefaultFileLockManager] Releasing lock on daemon addresses registry.
2025-10-19T16:18:04.848-0500 [DEBUG] [org.gradle.cache.internal.DefaultFileLockManager] Waiting to acquire shared lock on daemon addresses registry.
2025-10-19T16:18:04.848-0500 [DEBUG] [org.gradle.cache.internal.DefaultFileLockManager] Lock acquired on daemon addresses registry.
2025-10-19T16:18:04.850-0500 [DEBUG] [org.gradle.cache.internal.DefaultFileLockManager] Releasing lock on daemon addresses registry.
2025-10-19T16:18:04.855-0500 [DEBUG] [org.gradle.cache.internal.DefaultFileLockManager] Waiting to acquire shared lock on daemon addresses registry.
2025-10-19T16:18:04.855-0500 [DEBUG] [org.gradle.cache.internal.DefaultFileLockManager] Lock acquired on daemon addresses registry.
2025-10-19T16:18:04.856-0500 [DEBUG] [org.gradle.cache.internal.DefaultFileLockManager] Releasing lock on daemon addresses registry.
2025-10-19T16:18:04.861-0500 [DEBUG] [org.gradle.cache.internal.DefaultFileLockManager] Waiting to acquire shared lock on daemon addresses registry.
2025-10-19T16:18:04.861-0500 [DEBUG] [org.gradle.cache.internal.DefaultFileLockManager] Lock acquired on daemon addresses registry.
2025-10-19T16:18:04.862-0500 [DEBUG] [org.gradle.cache.internal.DefaultFileLockManager] Releasing lock on daemon addresses registry.
2025-10-19T16:18:14.845-0500 [DEBUG] [org.gradle.cache.internal.DefaultFileLockManager] Waiting to acquire shared lock on daemon addresses registry.
2025-10-19T16:18:14.845-0500 [DEBUG] [org.gradle.cache.internal.DefaultFileLockManager] Lock acquired on daemon addresses registry.
2025-10-19T16:18:14.846-0500 [DEBUG] [org.gradle.cache.internal.DefaultFileLockManager] Releasing lock on daemon addresses registry.
2025-10-19T16:18:14.847-0500 [DEBUG] [org.gradle.cache.internal.DefaultFileLockManager] Waiting to acquire shared lock on daemon addresses registry.
2025-10-19T16:18:14.847-0500 [DEBUG] [org.gradle.cache.internal.DefaultFileLockManager] Lock acquired on daemon addresses registry.
2025-10-19T16:18:14.848-0500 [DEBUG] [org.gradle.cache.internal.DefaultFileLockManager] Releasing lock on daemon addresses registry.
2025-10-19T16:18:14.849-0500 [DEBUG] [org.gradle.cache.internal.DefaultFileLockManager] Waiting to acquire shared lock on daemon addresses registry.
2025-10-19T16:18:14.849-0500 [DEBUG] [org.gradle.cache.internal.DefaultFileLockManager] Lock acquired on daemon addresses registry.
2025-10-19T16:18:14.849-0500 [DEBUG] [org.gradle.cache.internal.DefaultFileLockManager] Releasing lock on daemon addresses registry.
2025-10-19T16:18:24.847-0500 [DEBUG] [org.gradle.cache.internal.DefaultFileLockManager] Waiting to acquire shared lock on daemon addresses registry.
2025-10-19T16:18:24.847-0500 [DEBUG] [org.gradle.cache.internal.DefaultFileLockManager] Lock acquired on daemon addresses registry.
2025-10-19T16:18:24.847-0500 [DEBUG] [org.gradle.cache.internal.DefaultFileLockManager] Releasing lock on daemon addresses registry.
2025-10-19T16:18:24.848-0500 [DEBUG] [org.gradle.cache.internal.DefaultFileLockManager] Waiting to acquire shared lock on daemon addresses registry.
2025-10-19T16:18:24.848-0500 [DEBUG] [org.gradle.cache.internal.DefaultFileLockManager] Lock acquired on daemon addresses registry.
2025-10-19T16:18:24.849-0500 [DEBUG] [org.gradle.cache.internal.DefaultFileLockManager] Releasing lock on daemon addresses registry.
2025-10-19T16:18:24.850-0500 [DEBUG] [org.gradle.cache.internal.DefaultFileLockManager] Waiting to acquire shared lock on daemon addresses registry.
2025-10-19T16:18:24.850-0500 [DEBUG] [org.gradle.cache.internal.DefaultFileLockManager] Lock acquired on daemon addresses registry.
2025-10-19T16:18:24.850-0500 [DEBUG] [org.gradle.cache.internal.DefaultFileLockManager] Releasing lock on daemon addresses registry.
2025-10-19T16:18:34.852-0500 [DEBUG] [org.gradle.cache.internal.DefaultFileLockManager] Waiting to acquire shared lock on daemon addresses registry.
2025-10-19T16:18:34.852-0500 [DEBUG] [org.gradle.cache.internal.DefaultFileLockManager] Lock acquired on daemon addresses registry.
2025-10-19T16:18:34.853-0500 [DEBUG] [org.gradle.cache.internal.DefaultFileLockManager] Releasing lock on daemon addresses registry.
2025-10-19T16:18:34.859-0500 [DEBUG] [org.gradle.cache.internal.DefaultFileLockManager] Waiting to acquire shared lock on daemon addresses registry.
2025-10-19T16:18:34.859-0500 [DEBUG] [org.gradle.cache.internal.DefaultFileLockManager] Lock acquired on daemon addresses registry.
2025-10-19T16:18:34.860-0500 [DEBUG] [org.gradle.cache.internal.DefaultFileLockManager] Releasing lock on daemon addresses registry.
2025-10-19T16:18:34.864-0500 [DEBUG] [org.gradle.cache.internal.DefaultFileLockManager] Waiting to acquire shared lock on daemon addresses registry.
2025-10-19T16:18:34.865-0500 [DEBUG] [org.gradle.cache.internal.DefaultFileLockManager] Lock acquired on daemon addresses registry.
2025-10-19T16:18:34.872-0500 [DEBUG] [org.gradle.cache.internal.DefaultFileLockManager] Releasing lock on daemon addresses registry.
2025-10-19T16:18:44.843-0500 [DEBUG] [org.gradle.cache.internal.DefaultFileLockManager] Waiting to acquire shared lock on daemon addresses registry.
2025-10-19T16:18:44.857-0500 [DEBUG] [org.gradle.cache.internal.DefaultFileLockManager] Lock acquired on daemon addresses registry.
2025-10-19T16:18:44.858-0500 [DEBUG] [org.gradle.cache.internal.DefaultFileLockManager] Releasing lock on daemon addresses registry.
2025-10-19T16:18:44.860-0500 [DEBUG] [org.gradle.cache.internal.DefaultFileLockManager] Waiting to acquire shared lock on daemon addresses registry.
2025-10-19T16:18:44.860-0500 [DEBUG] [org.gradle.cache.internal.DefaultFileLockManager] Lock acquired on daemon addresses registry.
2025-10-19T16:18:44.861-0500 [DEBUG] [org.gradle.cache.internal.DefaultFileLockManager] Releasing lock on daemon addresses registry.
2025-10-19T16:18:44.863-0500 [DEBUG] [org.gradle.cache.internal.DefaultFileLockManager] Waiting to acquire shared lock on daemon addresses registry.
2025-10-19T16:18:44.863-0500 [DEBUG] [org.gradle.cache.internal.DefaultFileLockManager] Lock acquired on daemon addresses registry.
2025-10-19T16:18:44.864-0500 [DEBUG] [org.gradle.cache.internal.DefaultFileLockManager] Releasing lock on daemon addresses registry.
2025-10-19T16:18:45.861-0500 [DEBUG] [org.gradle.process.internal.health.memory.DefaultMemoryManager] 841566208 physical memory requested, 828579840 free
2025-10-19T16:18:45.861-0500 [DEBUG] [org.gradle.workers.internal.WorkerDaemonExpiration] Will attempt to release 802 of memory
2025-10-19T16:18:45.861-0500 [DEBUG] [org.gradle.process.internal.health.memory.DefaultMemoryManager] 841566208 physical memory requested, 0 released, 828579840 free
2025-10-19T16:18:50.855-0500 [DEBUG] [org.gradle.process.internal.health.memory.DefaultMemoryManager] 841566208 physical memory requested, 786010112 free
2025-10-19T16:18:50.856-0500 [DEBUG] [org.gradle.workers.internal.WorkerDaemonExpiration] Will attempt to release 802 of memory
2025-10-19T16:18:50.856-0500 [DEBUG] [org.gradle.process.internal.health.memory.DefaultMemoryManager] 841566208 physical memory requested, 0 released, 786010112 free
2025-10-19T16:18:54.839-0500 [DEBUG] [org.gradle.cache.internal.DefaultFileLockManager] Waiting to acquire shared lock on daemon addresses registry.
2025-10-19T16:18:54.840-0500 [DEBUG] [org.gradle.cache.internal.DefaultFileLockManager] Lock acquired on daemon addresses registry.
2025-10-19T16:18:54.842-0500 [DEBUG] [org.gradle.cache.internal.DefaultFileLockManager] Releasing lock on daemon addresses registry.
2025-10-19T16:18:54.844-0500 [DEBUG] [org.gradle.cache.internal.DefaultFileLockManager] Waiting to acquire shared lock on daemon addresses registry.
2025-10-19T16:18:54.844-0500 [DEBUG] [org.gradle.cache.internal.DefaultFileLockManager] Lock acquired on daemon addresses registry.
2025-10-19T16:18:54.847-0500 [DEBUG] [org.gradle.cache.internal.DefaultFileLockManager] Releasing lock on daemon addresses registry.
2025-10-19T16:18:54.849-0500 [DEBUG] [org.gradle.cache.internal.DefaultFileLockManager] Waiting to acquire shared lock on daemon addresses registry.
2025-10-19T16:18:54.849-0500 [DEBUG] [org.gradle.cache.internal.DefaultFileLockManager] Lock acquired on daemon addresses registry.
2025-10-19T16:18:54.850-0500 [DEBUG] [org.gradle.cache.internal.DefaultFileLockManager] Releasing lock on daemon addresses registry.
2025-10-19T16:18:55.856-0500 [DEBUG] [org.gradle.process.internal.health.memory.DefaultMemoryManager] 841566208 physical memory requested, 688193536 free
2025-10-19T16:18:55.857-0500 [DEBUG] [org.gradle.workers.internal.WorkerDaemonExpiration] Will attempt to release 802 of memory
2025-10-19T16:18:55.857-0500 [DEBUG] [org.gradle.process.internal.health.memory.DefaultMemoryManager] 841566208 physical memory requested, 0 released, 688193536 free
2025-10-19T16:19:00.859-0500 [DEBUG] [org.gradle.process.internal.health.memory.DefaultMemoryManager] 841566208 physical memory requested, 610684928 free
2025-10-19T16:19:00.859-0500 [DEBUG] [org.gradle.workers.internal.WorkerDaemonExpiration] Will attempt to release 802 of memory
2025-10-19T16:19:00.859-0500 [DEBUG] [org.gradle.process.internal.health.memory.DefaultMemoryManager] 841566208 physical memory requested, 0 released, 610684928 free
2025-10-19T16:19:04.852-0500 [DEBUG] [org.gradle.cache.internal.DefaultFileLockManager] Waiting to acquire shared lock on daemon addresses registry.
2025-10-19T16:19:04.852-0500 [DEBUG] [org.gradle.cache.internal.DefaultFileLockManager] Lock acquired on daemon addresses registry.
2025-10-19T16:19:04.853-0500 [DEBUG] [org.gradle.cache.internal.DefaultFileLockManager] Releasing lock on daemon addresses registry.
2025-10-19T16:19:04.856-0500 [DEBUG] [org.gradle.cache.internal.DefaultFileLockManager] Waiting to acquire shared lock on daemon addresses registry.
2025-10-19T16:19:04.856-0500 [DEBUG] [org.gradle.cache.internal.DefaultFileLockManager] Lock acquired on daemon addresses registry.
2025-10-19T16:19:04.857-0500 [DEBUG] [org.gradle.cache.internal.DefaultFileLockManager] Releasing lock on daemon addresses registry.
2025-10-19T16:19:04.859-0500 [DEBUG] [org.gradle.cache.internal.DefaultFileLockManager] Waiting to acquire shared lock on daemon addresses registry.
2025-10-19T16:19:04.859-0500 [DEBUG] [org.gradle.cache.internal.DefaultFileLockManager] Lock acquired on daemon addresses registry.
2025-10-19T16:19:04.859-0500 [DEBUG] [org.gradle.cache.internal.DefaultFileLockManager] Releasing lock on daemon addresses registry.
2025-10-19T16:19:05.862-0500 [DEBUG] [org.gradle.process.internal.health.memory.DefaultMemoryManager] 841566208 physical memory requested, 626946048 free
2025-10-19T16:19:05.863-0500 [DEBUG] [org.gradle.workers.internal.WorkerDaemonExpiration] Will attempt to release 802 of memory
2025-10-19T16:19:05.863-0500 [DEBUG] [org.gradle.process.internal.health.memory.DefaultMemoryManager] 841566208 physical memory requested, 0 released, 626946048 free
2025-10-19T16:19:10.866-0500 [DEBUG] [org.gradle.process.internal.health.memory.DefaultMemoryManager] 841566208 physical memory requested, 625623040 free
2025-10-19T16:19:10.866-0500 [DEBUG] [org.gradle.workers.internal.WorkerDaemonExpiration] Will attempt to release 802 of memory
2025-10-19T16:19:10.866-0500 [DEBUG] [org.gradle.process.internal.health.memory.DefaultMemoryManager] 841566208 physical memory requested, 0 released, 625623040 free
2025-10-19T16:19:14.841-0500 [DEBUG] [org.gradle.cache.internal.DefaultFileLockManager] Waiting to acquire shared lock on daemon addresses registry.
2025-10-19T16:19:14.841-0500 [DEBUG] [org.gradle.cache.internal.DefaultFileLockManager] Lock acquired on daemon addresses registry.
2025-10-19T16:19:14.842-0500 [DEBUG] [org.gradle.cache.internal.DefaultFileLockManager] Releasing lock on daemon addresses registry.
2025-10-19T16:19:14.856-0500 [DEBUG] [org.gradle.cache.internal.DefaultFileLockManager] Waiting to acquire shared lock on daemon addresses registry.
2025-10-19T16:19:14.856-0500 [DEBUG] [org.gradle.cache.internal.DefaultFileLockManager] Lock acquired on daemon addresses registry.
2025-10-19T16:19:14.856-0500 [DEBUG] [org.gradle.cache.internal.DefaultFileLockManager] Releasing lock on daemon addresses registry.
2025-10-19T16:19:14.858-0500 [DEBUG] [org.gradle.cache.internal.DefaultFileLockManager] Waiting to acquire shared lock on daemon addresses registry.
2025-10-19T16:19:14.858-0500 [DEBUG] [org.gradle.cache.internal.DefaultFileLockManager] Lock acquired on daemon addresses registry.
2025-10-19T16:19:14.859-0500 [DEBUG] [org.gradle.cache.internal.DefaultFileLockManager] Releasing lock on daemon addresses registry.
2025-10-19T16:19:15.870-0500 [DEBUG] [org.gradle.process.internal.health.memory.DefaultMemoryManager] 841566208 physical memory requested, 641204224 free
2025-10-19T16:19:15.870-0500 [DEBUG] [org.gradle.workers.internal.WorkerDaemonExpiration] Will attempt to release 802 of memory
2025-10-19T16:19:15.870-0500 [DEBUG] [org.gradle.process.internal.health.memory.DefaultMemoryManager] 841566208 physical memory requested, 0 released, 641204224 free
2025-10-19T16:19:20.861-0500 [DEBUG] [org.gradle.process.internal.health.memory.DefaultMemoryManager] 841566208 physical memory requested, 663547904 free
2025-10-19T16:19:20.861-0500 [DEBUG] [org.gradle.workers.internal.WorkerDaemonExpiration] Will attempt to release 802 of memory
2025-10-19T16:19:20.862-0500 [DEBUG] [org.gradle.process.internal.health.memory.DefaultMemoryManager] 841566208 physical memory requested, 0 released, 663547904 free
2025-10-19T16:19:24.836-0500 [DEBUG] [org.gradle.cache.internal.DefaultFileLockManager] Waiting to acquire shared lock on daemon addresses registry.
2025-10-19T16:19:24.836-0500 [DEBUG] [org.gradle.cache.internal.DefaultFileLockManager] Lock acquired on daemon addresses registry.
2025-10-19T16:19:24.837-0500 [DEBUG] [org.gradle.cache.internal.DefaultFileLockManager] Releasing lock on daemon addresses registry.
2025-10-19T16:19:24.838-0500 [DEBUG] [org.gradle.cache.internal.DefaultFileLockManager] Waiting to acquire shared lock on daemon addresses registry.
2025-10-19T16:19:24.838-0500 [DEBUG] [org.gradle.cache.internal.DefaultFileLockManager] Lock acquired on daemon addresses registry.
2025-10-19T16:19:24.838-0500 [DEBUG] [org.gradle.cache.internal.DefaultFileLockManager] Releasing lock on daemon addresses registry.
2025-10-19T16:19:24.839-0500 [DEBUG] [org.gradle.cache.internal.DefaultFileLockManager] Waiting to acquire shared lock on daemon addresses registry.
2025-10-19T16:19:24.839-0500 [DEBUG] [org.gradle.cache.internal.DefaultFileLockManager] Lock acquired on daemon addresses registry.
2025-10-19T16:19:24.840-0500 [DEBUG] [org.gradle.cache.internal.DefaultFileLockManager] Releasing lock on daemon addresses registry.
2025-10-19T16:19:25.858-0500 [DEBUG] [org.gradle.process.internal.health.memory.DefaultMemoryManager] 841566208 physical memory requested, 681541632 free
2025-10-19T16:19:25.858-0500 [DEBUG] [org.gradle.workers.internal.WorkerDaemonExpiration] Will attempt to release 802 of memory
2025-10-19T16:19:25.858-0500 [DEBUG] [org.gradle.process.internal.health.memory.DefaultMemoryManager] 841566208 physical memory requested, 0 released, 681541632 free
2025-10-19T16:19:30.874-0500 [DEBUG] [org.gradle.process.internal.health.memory.DefaultMemoryManager] 841566208 physical memory requested, 652881920 free
2025-10-19T16:19:30.874-0500 [DEBUG] [org.gradle.workers.internal.WorkerDaemonExpiration] Will attempt to release 802 of memory
2025-10-19T16:19:30.874-0500 [DEBUG] [org.gradle.process.internal.health.memory.DefaultMemoryManager] 841566208 physical memory requested, 0 released, 652881920 free
2025-10-19T16:19:34.847-0500 [DEBUG] [org.gradle.cache.internal.DefaultFileLockManager] Waiting to acquire shared lock on daemon addresses registry.
2025-10-19T16:19:34.847-0500 [DEBUG] [org.gradle.cache.internal.DefaultFileLockManager] Lock acquired on daemon addresses registry.
2025-10-19T16:19:34.848-0500 [DEBUG] [org.gradle.cache.internal.DefaultFileLockManager] Releasing lock on daemon addresses registry.
2025-10-19T16:19:34.849-0500 [DEBUG] [org.gradle.cache.internal.DefaultFileLockManager] Waiting to acquire shared lock on daemon addresses registry.
2025-10-19T16:19:34.849-0500 [DEBUG] [org.gradle.cache.internal.DefaultFileLockManager] Lock acquired on daemon addresses registry.
2025-10-19T16:19:34.850-0500 [DEBUG] [org.gradle.cache.internal.DefaultFileLockManager] Releasing lock on daemon addresses registry.
2025-10-19T16:19:34.851-0500 [DEBUG] [org.gradle.cache.internal.DefaultFileLockManager] Waiting to acquire shared lock on daemon addresses registry.
2025-10-19T16:19:34.851-0500 [DEBUG] [org.gradle.cache.internal.DefaultFileLockManager] Lock acquired on daemon addresses registry.
2025-10-19T16:19:34.852-0500 [DEBUG] [org.gradle.cache.internal.DefaultFileLockManager] Releasing lock on daemon addresses registry.
2025-10-19T16:19:35.866-0500 [DEBUG] [org.gradle.process.internal.health.memory.DefaultMemoryManager] 841566208 physical memory requested, 541499392 free
2025-10-19T16:19:35.866-0500 [DEBUG] [org.gradle.workers.internal.WorkerDaemonExpiration] Will attempt to release 802 of memory
2025-10-19T16:19:35.866-0500 [DEBUG] [org.gradle.process.internal.health.memory.DefaultMemoryManager] 841566208 physical memory requested, 0 released, 541499392 free
2025-10-19T16:19:40.861-0500 [DEBUG] [org.gradle.process.internal.health.memory.DefaultMemoryManager] 841566208 physical memory requested, 748654592 free
2025-10-19T16:19:40.861-0500 [DEBUG] [org.gradle.workers.internal.WorkerDaemonExpiration] Will attempt to release 802 of memory
2025-10-19T16:19:40.861-0500 [DEBUG] [org.gradle.process.internal.health.memory.DefaultMemoryManager] 841566208 physical memory requested, 0 released, 748654592 free
2025-10-19T16:19:44.836-0500 [DEBUG] [org.gradle.cache.internal.DefaultFileLockManager] Waiting to acquire shared lock on daemon addresses registry.
2025-10-19T16:19:44.837-0500 [DEBUG] [org.gradle.cache.internal.DefaultFileLockManager] Lock acquired on daemon addresses registry.
2025-10-19T16:19:44.838-0500 [DEBUG] [org.gradle.cache.internal.DefaultFileLockManager] Releasing lock on daemon addresses registry.
2025-10-19T16:19:44.840-0500 [DEBUG] [org.gradle.cache.internal.DefaultFileLockManager] Waiting to acquire shared lock on daemon addresses registry.
2025-10-19T16:19:44.840-0500 [DEBUG] [org.gradle.cache.internal.DefaultFileLockManager] Lock acquired on daemon addresses registry.
2025-10-19T16:19:44.841-0500 [DEBUG] [org.gradle.cache.internal.DefaultFileLockManager] Releasing lock on daemon addresses registry.
2025-10-19T16:19:44.842-0500 [DEBUG] [org.gradle.cache.internal.DefaultFileLockManager] Waiting to acquire shared lock on daemon addresses registry.
2025-10-19T16:19:44.842-0500 [DEBUG] [org.gradle.cache.internal.DefaultFileLockManager] Lock acquired on daemon addresses registry.
2025-10-19T16:19:44.842-0500 [DEBUG] [org.gradle.cache.internal.DefaultFileLockManager] Releasing lock on daemon addresses registry.
2025-10-19T16:19:54.851-0500 [DEBUG] [org.gradle.cache.internal.DefaultFileLockManager] Waiting to acquire shared lock on daemon addresses registry.
2025-10-19T16:19:54.852-0500 [DEBUG] [org.gradle.cache.internal.DefaultFileLockManager] Lock acquired on daemon addresses registry.
2025-10-19T16:19:54.853-0500 [DEBUG] [org.gradle.cache.internal.DefaultFileLockManager] Releasing lock on daemon addresses registry.
2025-10-19T16:19:54.857-0500 [DEBUG] [org.gradle.cache.internal.DefaultFileLockManager] Waiting to acquire shared lock on daemon addresses registry.
2025-10-19T16:19:54.857-0500 [DEBUG] [org.gradle.cache.internal.DefaultFileLockManager] Lock acquired on daemon addresses registry.
2025-10-19T16:19:54.858-0500 [DEBUG] [org.gradle.cache.internal.DefaultFileLockManager] Releasing lock on daemon addresses registry.
2025-10-19T16:19:54.862-0500 [DEBUG] [org.gradle.cache.internal.DefaultFileLockManager] Waiting to acquire shared lock on daemon addresses registry.
2025-10-19T16:19:54.863-0500 [DEBUG] [org.gradle.cache.internal.DefaultFileLockManager] Lock acquired on daemon addresses registry.
2025-10-19T16:19:54.864-0500 [DEBUG] [org.gradle.cache.internal.DefaultFileLockManager] Releasing lock on daemon addresses registry.
2025-10-19T16:20:00.864-0500 [DEBUG] [org.gradle.process.internal.health.memory.DefaultMemoryManager] 841566208 physical memory requested, 755261440 free
2025-10-19T16:20:00.864-0500 [DEBUG] [org.gradle.workers.internal.WorkerDaemonExpiration] Will attempt to release 802 of memory
2025-10-19T16:20:00.864-0500 [DEBUG] [org.gradle.process.internal.health.memory.DefaultMemoryManager] 841566208 physical memory requested, 0 released, 755261440 free
2025-10-19T16:20:04.843-0500 [DEBUG] [org.gradle.cache.internal.DefaultFileLockManager] Waiting to acquire shared lock on daemon addresses registry.
2025-10-19T16:20:04.843-0500 [DEBUG] [org.gradle.cache.internal.DefaultFileLockManager] Lock acquired on daemon addresses registry.
2025-10-19T16:20:04.845-0500 [DEBUG] [org.gradle.cache.internal.DefaultFileLockManager] Releasing lock on daemon addresses registry.
2025-10-19T16:20:04.850-0500 [DEBUG] [org.gradle.cache.internal.DefaultFileLockManager] Waiting to acquire shared lock on daemon addresses registry.
2025-10-19T16:20:04.851-0500 [DEBUG] [org.gradle.cache.internal.DefaultFileLockManager] Lock acquired on daemon addresses registry.
2025-10-19T16:20:04.853-0500 [DEBUG] [org.gradle.cache.internal.DefaultFileLockManager] Releasing lock on daemon addresses registry.
2025-10-19T16:20:04.857-0500 [DEBUG] [org.gradle.cache.internal.DefaultFileLockManager] Waiting to acquire shared lock on daemon addresses registry.
2025-10-19T16:20:04.858-0500 [DEBUG] [org.gradle.cache.internal.DefaultFileLockManager] Lock acquired on daemon addresses registry.
2025-10-19T16:20:04.859-0500 [DEBUG] [org.gradle.cache.internal.DefaultFileLockManager] Releasing lock on daemon addresses registry.
2025-10-19T16:20:05.868-0500 [DEBUG] [org.gradle.process.internal.health.memory.DefaultMemoryManager] 841566208 physical memory requested, 696320000 free
2025-10-19T16:20:05.868-0500 [DEBUG] [org.gradle.workers.internal.WorkerDaemonExpiration] Will attempt to release 802 of memory
2025-10-19T16:20:05.869-0500 [DEBUG] [org.gradle.process.internal.health.memory.DefaultMemoryManager] 841566208 physical memory requested, 0 released, 696320000 free
2025-10-19T16:20:10.856-0500 [DEBUG] [org.gradle.process.internal.health.memory.DefaultMemoryManager] 841566208 physical memory requested, 712368128 free
2025-10-19T16:20:10.856-0500 [DEBUG] [org.gradle.workers.internal.WorkerDaemonExpiration] Will attempt to release 802 of memory
2025-10-19T16:20:10.857-0500 [DEBUG] [org.gradle.process.internal.health.memory.DefaultMemoryManager] 841566208 physical memory requested, 0 released, 712368128 free
2025-10-19T16:20:14.850-0500 [DEBUG] [org.gradle.cache.internal.DefaultFileLockManager] Waiting to acquire shared lock on daemon addresses registry.
2025-10-19T16:20:14.851-0500 [DEBUG] [org.gradle.cache.internal.DefaultFileLockManager] Lock acquired on daemon addresses registry.
2025-10-19T16:20:14.852-0500 [DEBUG] [org.gradle.cache.internal.DefaultFileLockManager] Releasing lock on daemon addresses registry.
2025-10-19T16:20:14.856-0500 [DEBUG] [org.gradle.cache.internal.DefaultFileLockManager] Waiting to acquire shared lock on daemon addresses registry.
2025-10-19T16:20:14.856-0500 [DEBUG] [org.gradle.cache.internal.DefaultFileLockManager] Lock acquired on daemon addresses registry.
2025-10-19T16:20:14.857-0500 [DEBUG] [org.gradle.cache.internal.DefaultFileLockManager] Releasing lock on daemon addresses registry.
2025-10-19T16:20:14.934-0500 [DEBUG] [org.gradle.cache.internal.DefaultFileLockManager] Waiting to acquire shared lock on daemon addresses registry.
2025-10-19T16:20:14.935-0500 [DEBUG] [org.gradle.cache.internal.DefaultFileLockManager] Lock acquired on daemon addresses registry.
2025-10-19T16:20:14.936-0500 [DEBUG] [org.gradle.cache.internal.DefaultFileLockManager] Releasing lock on daemon addresses registry.
2025-10-19T16:20:15.864-0500 [DEBUG] [org.gradle.process.internal.health.memory.DefaultMemoryManager] 841566208 physical memory requested, 528384000 free
2025-10-19T16:20:15.864-0500 [DEBUG] [org.gradle.workers.internal.WorkerDaemonExpiration] Will attempt to release 802 of memory
2025-10-19T16:20:15.864-0500 [DEBUG] [org.gradle.process.internal.health.memory.DefaultMemoryManager] 841566208 physical memory requested, 0 released, 528384000 free
2025-10-19T16:20:24.850-0500 [DEBUG] [org.gradle.cache.internal.DefaultFileLockManager] Waiting to acquire shared lock on daemon addresses registry.
2025-10-19T16:20:24.851-0500 [DEBUG] [org.gradle.cache.internal.DefaultFileLockManager] Lock acquired on daemon addresses registry.
2025-10-19T16:20:24.864-0500 [DEBUG] [org.gradle.cache.internal.DefaultFileLockManager] Releasing lock on daemon addresses registry.
2025-10-19T16:20:24.868-0500 [DEBUG] [org.gradle.cache.internal.DefaultFileLockManager] Waiting to acquire shared lock on daemon addresses registry.
2025-10-19T16:20:24.868-0500 [DEBUG] [org.gradle.cache.internal.DefaultFileLockManager] Lock acquired on daemon addresses registry.
2025-10-19T16:20:24.868-0500 [DEBUG] [org.gradle.cache.internal.DefaultFileLockManager] Releasing lock on daemon addresses registry.
2025-10-19T16:20:24.871-0500 [DEBUG] [org.gradle.cache.internal.DefaultFileLockManager] Waiting to acquire shared lock on daemon addresses registry.
2025-10-19T16:20:24.871-0500 [DEBUG] [org.gradle.cache.internal.DefaultFileLockManager] Lock acquired on daemon addresses registry.
2025-10-19T16:20:24.873-0500 [DEBUG] [org.gradle.cache.internal.DefaultFileLockManager] Releasing lock on daemon addresses registry.
2025-10-19T16:20:34.836-0500 [DEBUG] [org.gradle.cache.internal.DefaultFileLockManager] Waiting to acquire shared lock on daemon addresses registry.
2025-10-19T16:20:34.836-0500 [DEBUG] [org.gradle.cache.internal.DefaultFileLockManager] Lock acquired on daemon addresses registry.
2025-10-19T16:20:34.836-0500 [DEBUG] [org.gradle.cache.internal.DefaultFileLockManager] Releasing lock on daemon addresses registry.
2025-10-19T16:20:34.840-0500 [DEBUG] [org.gradle.cache.internal.DefaultFileLockManager] Waiting to acquire shared lock on daemon addresses registry.
2025-10-19T16:20:34.840-0500 [DEBUG] [org.gradle.cache.internal.DefaultFileLockManager] Lock acquired on daemon addresses registry.
2025-10-19T16:20:34.840-0500 [DEBUG] [org.gradle.cache.internal.DefaultFileLockManager] Releasing lock on daemon addresses registry.
2025-10-19T16:20:34.842-0500 [DEBUG] [org.gradle.cache.internal.DefaultFileLockManager] Waiting to acquire shared lock on daemon addresses registry.
2025-10-19T16:20:34.842-0500 [DEBUG] [org.gradle.cache.internal.DefaultFileLockManager] Lock acquired on daemon addresses registry.
2025-10-19T16:20:34.843-0500 [DEBUG] [org.gradle.cache.internal.DefaultFileLockManager] Releasing lock on daemon addresses registry.
2025-10-19T16:20:44.837-0500 [DEBUG] [org.gradle.cache.internal.DefaultFileLockManager] Waiting to acquire shared lock on daemon addresses registry.
2025-10-19T16:20:44.837-0500 [DEBUG] [org.gradle.cache.internal.DefaultFileLockManager] Lock acquired on daemon addresses registry.
2025-10-19T16:20:44.838-0500 [DEBUG] [org.gradle.cache.internal.DefaultFileLockManager] Releasing lock on daemon addresses registry.
2025-10-19T16:20:44.840-0500 [DEBUG] [org.gradle.cache.internal.DefaultFileLockManager] Waiting to acquire shared lock on daemon addresses registry.
2025-10-19T16:20:44.840-0500 [DEBUG] [org.gradle.cache.internal.DefaultFileLockManager] Lock acquired on daemon addresses registry.
2025-10-19T16:20:44.841-0500 [DEBUG] [org.gradle.cache.internal.DefaultFileLockManager] Releasing lock on daemon addresses registry.
2025-10-19T16:20:44.842-0500 [DEBUG] [org.gradle.cache.internal.DefaultFileLockManager] Waiting to acquire shared lock on daemon addresses registry.
2025-10-19T16:20:44.842-0500 [DEBUG] [org.gradle.cache.internal.DefaultFileLockManager] Lock acquired on daemon addresses registry.
2025-10-19T16:20:44.842-0500 [DEBUG] [org.gradle.cache.internal.DefaultFileLockManager] Releasing lock on daemon addresses registry.
2025-10-19T16:20:54.843-0500 [DEBUG] [org.gradle.cache.internal.DefaultFileLockManager] Waiting to acquire shared lock on daemon addresses registry.
2025-10-19T16:20:54.843-0500 [DEBUG] [org.gradle.cache.internal.DefaultFileLockManager] Lock acquired on daemon addresses registry.
2025-10-19T16:20:54.844-0500 [DEBUG] [org.gradle.cache.internal.DefaultFileLockManager] Releasing lock on daemon addresses registry.
2025-10-19T16:20:54.846-0500 [DEBUG] [org.gradle.cache.internal.DefaultFileLockManager] Waiting to acquire shared lock on daemon addresses registry.
2025-10-19T16:20:54.847-0500 [DEBUG] [org.gradle.cache.internal.DefaultFileLockManager] Lock acquired on daemon addresses registry.
2025-10-19T16:20:54.847-0500 [DEBUG] [org.gradle.cache.internal.DefaultFileLockManager] Releasing lock on daemon addresses registry.
2025-10-19T16:20:54.848-0500 [DEBUG] [org.gradle.cache.internal.DefaultFileLockManager] Waiting to acquire shared lock on daemon addresses registry.
2025-10-19T16:20:54.849-0500 [DEBUG] [org.gradle.cache.internal.DefaultFileLockManager] Lock acquired on daemon addresses registry.
2025-10-19T16:20:54.849-0500 [DEBUG] [org.gradle.cache.internal.DefaultFileLockManager] Releasing lock on daemon addresses registry.
2025-10-19T16:21:00.863-0500 [DEBUG] [org.gradle.process.internal.health.memory.DefaultMemoryManager] 841566208 physical memory requested, 825409536 free
2025-10-19T16:21:00.864-0500 [DEBUG] [org.gradle.workers.internal.WorkerDaemonExpiration] Will attempt to release 802 of memory
2025-10-19T16:21:00.864-0500 [DEBUG] [org.gradle.process.internal.health.memory.DefaultMemoryManager] 841566208 physical memory requested, 0 released, 825409536 free
2025-10-19T16:21:04.845-0500 [DEBUG] [org.gradle.cache.internal.DefaultFileLockManager] Waiting to acquire shared lock on daemon addresses registry.
2025-10-19T16:21:04.845-0500 [DEBUG] [org.gradle.cache.internal.DefaultFileLockManager] Lock acquired on daemon addresses registry.
2025-10-19T16:21:04.846-0500 [DEBUG] [org.gradle.cache.internal.DefaultFileLockManager] Releasing lock on daemon addresses registry.
2025-10-19T16:21:04.848-0500 [DEBUG] [org.gradle.cache.internal.DefaultFileLockManager] Waiting to acquire shared lock on daemon addresses registry.
2025-10-19T16:21:04.848-0500 [DEBUG] [org.gradle.cache.internal.DefaultFileLockManager] Lock acquired on daemon addresses registry.
2025-10-19T16:21:04.849-0500 [DEBUG] [org.gradle.cache.internal.DefaultFileLockManager] Releasing lock on daemon addresses registry.
2025-10-19T16:21:04.851-0500 [DEBUG] [org.gradle.cache.internal.DefaultFileLockManager] Waiting to acquire shared lock on daemon addresses registry.
2025-10-19T16:21:04.851-0500 [DEBUG] [org.gradle.cache.internal.DefaultFileLockManager] Lock acquired on daemon addresses registry.
2025-10-19T16:21:04.863-0500 [DEBUG] [org.gradle.cache.internal.DefaultFileLockManager] Releasing lock on daemon addresses registry.
2025-10-19T16:21:05.857-0500 [DEBUG] [org.gradle.process.internal.health.memory.DefaultMemoryManager] 841566208 physical memory requested, 808325120 free
2025-10-19T16:21:05.857-0500 [DEBUG] [org.gradle.workers.internal.WorkerDaemonExpiration] Will attempt to release 802 of memory
2025-10-19T16:21:05.867-0500 [DEBUG] [org.gradle.process.internal.health.memory.DefaultMemoryManager] 841566208 physical memory requested, 0 released, 808325120 free
2025-10-19T16:21:10.855-0500 [DEBUG] [org.gradle.process.internal.health.memory.DefaultMemoryManager] 841566208 physical memory requested, 829284352 free
2025-10-19T16:21:10.855-0500 [DEBUG] [org.gradle.workers.internal.WorkerDaemonExpiration] Will attempt to release 802 of memory
2025-10-19T16:21:10.856-0500 [DEBUG] [org.gradle.process.internal.health.memory.DefaultMemoryManager] 841566208 physical memory requested, 0 released, 829284352 free
2025-10-19T16:21:14.842-0500 [DEBUG] [org.gradle.cache.internal.DefaultFileLockManager] Waiting to acquire shared lock on daemon addresses registry.
2025-10-19T16:21:14.843-0500 [DEBUG] [org.gradle.cache.internal.DefaultFileLockManager] Lock acquired on daemon addresses registry.
2025-10-19T16:21:14.844-0500 [DEBUG] [org.gradle.cache.internal.DefaultFileLockManager] Releasing lock on daemon addresses registry.
2025-10-19T16:21:14.851-0500 [DEBUG] [org.gradle.cache.internal.DefaultFileLockManager] Waiting to acquire shared lock on daemon addresses registry.
2025-10-19T16:21:14.851-0500 [DEBUG] [org.gradle.cache.internal.DefaultFileLockManager] Lock acquired on daemon addresses registry.
2025-10-19T16:21:14.852-0500 [DEBUG] [org.gradle.cache.internal.DefaultFileLockManager] Releasing lock on daemon addresses registry.
2025-10-19T16:21:14.856-0500 [DEBUG] [org.gradle.cache.internal.DefaultFileLockManager] Waiting to acquire shared lock on daemon addresses registry.
2025-10-19T16:21:14.856-0500 [DEBUG] [org.gradle.cache.internal.DefaultFileLockManager] Lock acquired on daemon addresses registry.
2025-10-19T16:21:14.857-0500 [DEBUG] [org.gradle.cache.internal.DefaultFileLockManager] Releasing lock on daemon addresses registry.
2025-10-19T16:21:15.867-0500 [DEBUG] [org.gradle.process.internal.health.memory.DefaultMemoryManager] 841566208 physical memory requested, 796815360 free
2025-10-19T16:21:15.867-0500 [DEBUG] [org.gradle.workers.internal.WorkerDaemonExpiration] Will attempt to release 802 of memory
2025-10-19T16:21:15.868-0500 [DEBUG] [org.gradle.process.internal.health.memory.DefaultMemoryManager] 841566208 physical memory requested, 0 released, 796815360 free
2025-10-19T16:21:20.863-0500 [DEBUG] [org.gradle.process.internal.health.memory.DefaultMemoryManager] 841566208 physical memory requested, 758988800 free
2025-10-19T16:21:20.865-0500 [DEBUG] [org.gradle.workers.internal.WorkerDaemonExpiration] Will attempt to release 802 of memory
2025-10-19T16:21:20.865-0500 [DEBUG] [org.gradle.process.internal.health.memory.DefaultMemoryManager] 841566208 physical memory requested, 0 released, 758988800 free
2025-10-19T16:21:24.844-0500 [DEBUG] [org.gradle.cache.internal.DefaultFileLockManager] Waiting to acquire shared lock on daemon addresses registry.
2025-10-19T16:21:24.844-0500 [DEBUG] [org.gradle.cache.internal.DefaultFileLockManager] Lock acquired on daemon addresses registry.
2025-10-19T16:21:24.844-0500 [DEBUG] [org.gradle.cache.internal.DefaultFileLockManager] Releasing lock on daemon addresses registry.
2025-10-19T16:21:24.846-0500 [DEBUG] [org.gradle.cache.internal.DefaultFileLockManager] Waiting to acquire shared lock on daemon addresses registry.
2025-10-19T16:21:24.846-0500 [DEBUG] [org.gradle.cache.internal.DefaultFileLockManager] Lock acquired on daemon addresses registry.
2025-10-19T16:21:24.846-0500 [DEBUG] [org.gradle.cache.internal.DefaultFileLockManager] Releasing lock on daemon addresses registry.
2025-10-19T16:21:24.848-0500 [DEBUG] [org.gradle.cache.internal.DefaultFileLockManager] Waiting to acquire shared lock on daemon addresses registry.
2025-10-19T16:21:24.848-0500 [DEBUG] [org.gradle.cache.internal.DefaultFileLockManager] Lock acquired on daemon addresses registry.
2025-10-19T16:21:24.848-0500 [DEBUG] [org.gradle.cache.internal.DefaultFileLockManager] Releasing lock on daemon addresses registry.
2025-10-19T16:21:25.857-0500 [DEBUG] [org.gradle.process.internal.health.memory.DefaultMemoryManager] 841566208 physical memory requested, 746479616 free
2025-10-19T16:21:25.859-0500 [DEBUG] [org.gradle.workers.internal.WorkerDaemonExpiration] Will attempt to release 802 of memory
2025-10-19T16:21:25.859-0500 [DEBUG] [org.gradle.process.internal.health.memory.DefaultMemoryManager] 841566208 physical memory requested, 0 released, 746479616 free
2025-10-19T16:21:30.864-0500 [DEBUG] [org.gradle.process.internal.health.memory.DefaultMemoryManager] 841566208 physical memory requested, 703504384 free
2025-10-19T16:21:30.864-0500 [DEBUG] [org.gradle.workers.internal.WorkerDaemonExpiration] Will attempt to release 802 of memory
2025-10-19T16:21:30.864-0500 [DEBUG] [org.gradle.process.internal.health.memory.DefaultMemoryManager] 841566208 physical memory requested, 0 released, 703504384 free
2025-10-19T16:21:34.850-0500 [DEBUG] [org.gradle.cache.internal.DefaultFileLockManager] Waiting to acquire shared lock on daemon addresses registry.
2025-10-19T16:21:34.850-0500 [DEBUG] [org.gradle.cache.internal.DefaultFileLockManager] Lock acquired on daemon addresses registry.
2025-10-19T16:21:34.851-0500 [DEBUG] [org.gradle.cache.internal.DefaultFileLockManager] Releasing lock on daemon addresses registry.
2025-10-19T16:21:34.852-0500 [DEBUG] [org.gradle.cache.internal.DefaultFileLockManager] Waiting to acquire shared lock on daemon addresses registry.
2025-10-19T16:21:34.852-0500 [DEBUG] [org.gradle.cache.internal.DefaultFileLockManager] Lock acquired on daemon addresses registry.
2025-10-19T16:21:34.853-0500 [DEBUG] [org.gradle.cache.internal.DefaultFileLockManager] Releasing lock on daemon addresses registry.
2025-10-19T16:21:34.855-0500 [DEBUG] [org.gradle.cache.internal.DefaultFileLockManager] Waiting to acquire shared lock on daemon addresses registry.
2025-10-19T16:21:34.855-0500 [DEBUG] [org.gradle.cache.internal.DefaultFileLockManager] Lock acquired on daemon addresses registry.
2025-10-19T16:21:34.855-0500 [DEBUG] [org.gradle.cache.internal.DefaultFileLockManager] Releasing lock on daemon addresses registry.
2025-10-19T16:21:35.858-0500 [DEBUG] [org.gradle.process.internal.health.memory.DefaultMemoryManager] 841566208 physical memory requested, 806195200 free
2025-10-19T16:21:35.858-0500 [DEBUG] [org.gradle.workers.internal.WorkerDaemonExpiration] Will attempt to release 802 of memory
2025-10-19T16:21:35.858-0500 [DEBUG] [org.gradle.process.internal.health.memory.DefaultMemoryManager] 841566208 physical memory requested, 0 released, 806195200 free
2025-10-19T16:21:40.865-0500 [DEBUG] [org.gradle.process.internal.health.memory.DefaultMemoryManager] 841566208 physical memory requested, 655392768 free
2025-10-19T16:21:40.865-0500 [DEBUG] [org.gradle.workers.internal.WorkerDaemonExpiration] Will attempt to release 802 of memory
2025-10-19T16:21:40.866-0500 [DEBUG] [org.gradle.process.internal.health.memory.DefaultMemoryManager] 841566208 physical memory requested, 0 released, 655392768 free
2025-10-19T16:21:44.845-0500 [DEBUG] [org.gradle.cache.internal.DefaultFileLockManager] Waiting to acquire shared lock on daemon addresses registry.
2025-10-19T16:21:44.846-0500 [DEBUG] [org.gradle.cache.internal.DefaultFileLockManager] Lock acquired on daemon addresses registry.
2025-10-19T16:21:44.847-0500 [DEBUG] [org.gradle.cache.internal.DefaultFileLockManager] Releasing lock on daemon addresses registry.
2025-10-19T16:21:44.856-0500 [DEBUG] [org.gradle.cache.internal.DefaultFileLockManager] Waiting to acquire shared lock on daemon addresses registry.
2025-10-19T16:21:44.857-0500 [DEBUG] [org.gradle.cache.internal.DefaultFileLockManager] Lock acquired on daemon addresses registry.
2025-10-19T16:21:44.859-0500 [DEBUG] [org.gradle.cache.internal.DefaultFileLockManager] Releasing lock on daemon addresses registry.
2025-10-19T16:21:44.870-0500 [DEBUG] [org.gradle.cache.internal.DefaultFileLockManager] Waiting to acquire shared lock on daemon addresses registry.
2025-10-19T16:21:44.870-0500 [DEBUG] [org.gradle.cache.internal.DefaultFileLockManager] Lock acquired on daemon addresses registry.
2025-10-19T16:21:44.872-0500 [DEBUG] [org.gradle.cache.internal.DefaultFileLockManager] Releasing lock on daemon addresses registry.
2025-10-19T16:21:45.859-0500 [DEBUG] [org.gradle.process.internal.health.memory.DefaultMemoryManager] 841566208 physical memory requested, 635863040 free
2025-10-19T16:21:45.859-0500 [DEBUG] [org.gradle.workers.internal.WorkerDaemonExpiration] Will attempt to release 802 of memory
2025-10-19T16:21:45.859-0500 [DEBUG] [org.gradle.process.internal.health.memory.DefaultMemoryManager] 841566208 physical memory requested, 0 released, 635863040 free
2025-10-19T16:21:50.860-0500 [DEBUG] [org.gradle.process.internal.health.memory.DefaultMemoryManager] 841566208 physical memory requested, 716263424 free
2025-10-19T16:21:50.861-0500 [DEBUG] [org.gradle.workers.internal.WorkerDaemonExpiration] Will attempt to release 802 of memory
2025-10-19T16:21:50.861-0500 [DEBUG] [org.gradle.process.internal.health.memory.DefaultMemoryManager] 841566208 physical memory requested, 0 released, 716263424 free
2025-10-19T16:21:54.840-0500 [DEBUG] [org.gradle.cache.internal.DefaultFileLockManager] Waiting to acquire shared lock on daemon addresses registry.
2025-10-19T16:21:54.841-0500 [DEBUG] [org.gradle.cache.internal.DefaultFileLockManager] Lock acquired on daemon addresses registry.
2025-10-19T16:21:54.841-0500 [DEBUG] [org.gradle.cache.internal.DefaultFileLockManager] Releasing lock on daemon addresses registry.
2025-10-19T16:21:54.843-0500 [DEBUG] [org.gradle.cache.internal.DefaultFileLockManager] Waiting to acquire shared lock on daemon addresses registry.
2025-10-19T16:21:54.843-0500 [DEBUG] [org.gradle.cache.internal.DefaultFileLockManager] Lock acquired on daemon addresses registry.
2025-10-19T16:21:54.844-0500 [DEBUG] [org.gradle.cache.internal.DefaultFileLockManager] Releasing lock on daemon addresses registry.
2025-10-19T16:21:54.845-0500 [DEBUG] [org.gradle.cache.internal.DefaultFileLockManager] Waiting to acquire shared lock on daemon addresses registry.
2025-10-19T16:21:54.845-0500 [DEBUG] [org.gradle.cache.internal.DefaultFileLockManager] Lock acquired on daemon addresses registry.
2025-10-19T16:21:54.845-0500 [DEBUG] [org.gradle.cache.internal.DefaultFileLockManager] Releasing lock on daemon addresses registry.
2025-10-19T16:21:55.858-0500 [DEBUG] [org.gradle.process.internal.health.memory.DefaultMemoryManager] 841566208 physical memory requested, 667746304 free
2025-10-19T16:21:55.858-0500 [DEBUG] [org.gradle.workers.internal.WorkerDaemonExpiration] Will attempt to release 802 of memory
2025-10-19T16:21:55.858-0500 [DEBUG] [org.gradle.process.internal.health.memory.DefaultMemoryManager] 841566208 physical memory requested, 0 released, 667746304 free
2025-10-19T16:22:00.870-0500 [DEBUG] [org.gradle.process.internal.health.memory.DefaultMemoryManager] 841566208 physical memory requested, 727166976 free
2025-10-19T16:22:00.870-0500 [DEBUG] [org.gradle.workers.internal.WorkerDaemonExpiration] Will attempt to release 802 of memory
2025-10-19T16:22:00.870-0500 [DEBUG] [org.gradle.process.internal.health.memory.DefaultMemoryManager] 841566208 physical memory requested, 0 released, 727166976 free
2025-10-19T16:22:04.840-0500 [DEBUG] [org.gradle.cache.internal.DefaultFileLockManager] Waiting to acquire shared lock on daemon addresses registry.
2025-10-19T16:22:04.840-0500 [DEBUG] [org.gradle.cache.internal.DefaultFileLockManager] Lock acquired on daemon addresses registry.
2025-10-19T16:22:04.841-0500 [DEBUG] [org.gradle.cache.internal.DefaultFileLockManager] Releasing lock on daemon addresses registry.
2025-10-19T16:22:04.843-0500 [DEBUG] [org.gradle.cache.internal.DefaultFileLockManager] Waiting to acquire shared lock on daemon addresses registry.
2025-10-19T16:22:04.843-0500 [DEBUG] [org.gradle.cache.internal.DefaultFileLockManager] Lock acquired on daemon addresses registry.
2025-10-19T16:22:04.844-0500 [DEBUG] [org.gradle.cache.internal.DefaultFileLockManager] Releasing lock on daemon addresses registry.
2025-10-19T16:22:04.846-0500 [DEBUG] [org.gradle.cache.internal.DefaultFileLockManager] Waiting to acquire shared lock on daemon addresses registry.
2025-10-19T16:22:04.847-0500 [DEBUG] [org.gradle.cache.internal.DefaultFileLockManager] Lock acquired on daemon addresses registry.
2025-10-19T16:22:04.847-0500 [DEBUG] [org.gradle.cache.internal.DefaultFileLockManager] Releasing lock on daemon addresses registry.
2025-10-19T16:22:05.896-0500 [DEBUG] [org.gradle.process.internal.health.memory.DefaultMemoryManager] 841566208 physical memory requested, 625512448 free
2025-10-19T16:22:05.897-0500 [DEBUG] [org.gradle.workers.internal.WorkerDaemonExpiration] Will attempt to release 802 of memory
2025-10-19T16:22:05.897-0500 [DEBUG] [org.gradle.process.internal.health.memory.DefaultMemoryManager] 841566208 physical memory requested, 0 released, 625512448 free
2025-10-19T16:22:10.861-0500 [DEBUG] [org.gradle.process.internal.health.memory.DefaultMemoryManager] 841566208 physical memory requested, 702197760 free
2025-10-19T16:22:10.861-0500 [DEBUG] [org.gradle.workers.internal.WorkerDaemonExpiration] Will attempt to release 802 of memory
2025-10-19T16:22:10.861-0500 [DEBUG] [org.gradle.process.internal.health.memory.DefaultMemoryManager] 841566208 physical memory requested, 0 released, 702197760 free
2025-10-19T16:22:14.838-0500 [DEBUG] [org.gradle.cache.internal.DefaultFileLockManager] Waiting to acquire shared lock on daemon addresses registry.
2025-10-19T16:22:14.839-0500 [DEBUG] [org.gradle.cache.internal.DefaultFileLockManager] Lock acquired on daemon addresses registry.
2025-10-19T16:22:14.839-0500 [DEBUG] [org.gradle.cache.internal.DefaultFileLockManager] Releasing lock on daemon addresses registry.
2025-10-19T16:22:14.842-0500 [DEBUG] [org.gradle.cache.internal.DefaultFileLockManager] Waiting to acquire shared lock on daemon addresses registry.
2025-10-19T16:22:14.842-0500 [DEBUG] [org.gradle.cache.internal.DefaultFileLockManager] Lock acquired on daemon addresses registry.
2025-10-19T16:22:14.843-0500 [DEBUG] [org.gradle.cache.internal.DefaultFileLockManager] Releasing lock on daemon addresses registry.
2025-10-19T16:22:14.845-0500 [DEBUG] [org.gradle.cache.internal.DefaultFileLockManager] Waiting to acquire shared lock on daemon addresses registry.
2025-10-19T16:22:14.845-0500 [DEBUG] [org.gradle.cache.internal.DefaultFileLockManager] Lock acquired on daemon addresses registry.
2025-10-19T16:22:14.846-0500 [DEBUG] [org.gradle.cache.internal.DefaultFileLockManager] Releasing lock on daemon addresses registry.
2025-10-19T16:22:15.870-0500 [DEBUG] [org.gradle.process.internal.health.memory.DefaultMemoryManager] 841566208 physical memory requested, 805163008 free
2025-10-19T16:22:15.870-0500 [DEBUG] [org.gradle.workers.internal.WorkerDaemonExpiration] Will attempt to release 802 of memory
2025-10-19T16:22:15.884-0500 [DEBUG] [org.gradle.process.internal.health.memory.DefaultMemoryManager] 841566208 physical memory requested, 0 released, 805163008 free
2025-10-19T16:22:24.850-0500 [DEBUG] [org.gradle.cache.internal.DefaultFileLockManager] Waiting to acquire shared lock on daemon addresses registry.
2025-10-19T16:22:24.851-0500 [DEBUG] [org.gradle.cache.internal.DefaultFileLockManager] Lock acquired on daemon addresses registry.
2025-10-19T16:22:24.852-0500 [DEBUG] [org.gradle.cache.internal.DefaultFileLockManager] Releasing lock on daemon addresses registry.
2025-10-19T16:22:24.857-0500 [DEBUG] [org.gradle.cache.internal.DefaultFileLockManager] Waiting to acquire shared lock on daemon addresses registry.
2025-10-19T16:22:24.857-0500 [DEBUG] [org.gradle.cache.internal.DefaultFileLockManager] Lock acquired on daemon addresses registry.
2025-10-19T16:22:24.858-0500 [DEBUG] [org.gradle.cache.internal.DefaultFileLockManager] Releasing lock on daemon addresses registry.
2025-10-19T16:22:24.862-0500 [DEBUG] [org.gradle.cache.internal.DefaultFileLockManager] Waiting to acquire shared lock on daemon addresses registry.
2025-10-19T16:22:24.862-0500 [DEBUG] [org.gradle.cache.internal.DefaultFileLockManager] Lock acquired on daemon addresses registry.
2025-10-19T16:22:24.863-0500 [DEBUG] [org.gradle.cache.internal.DefaultFileLockManager] Releasing lock on daemon addresses registry.
2025-10-19T16:22:34.844-0500 [DEBUG] [org.gradle.cache.internal.DefaultFileLockManager] Waiting to acquire shared lock on daemon addresses registry.
2025-10-19T16:22:34.845-0500 [DEBUG] [org.gradle.cache.internal.DefaultFileLockManager] Lock acquired on daemon addresses registry.
2025-10-19T16:22:34.845-0500 [DEBUG] [org.gradle.cache.internal.DefaultFileLockManager] Releasing lock on daemon addresses registry.
2025-10-19T16:22:34.846-0500 [DEBUG] [org.gradle.cache.internal.DefaultFileLockManager] Waiting to acquire shared lock on daemon addresses registry.
2025-10-19T16:22:34.847-0500 [DEBUG] [org.gradle.cache.internal.DefaultFileLockManager] Lock acquired on daemon addresses registry.
2025-10-19T16:22:34.847-0500 [DEBUG] [org.gradle.cache.internal.DefaultFileLockManager] Releasing lock on daemon addresses registry.
2025-10-19T16:22:34.848-0500 [DEBUG] [org.gradle.cache.internal.DefaultFileLockManager] Waiting to acquire shared lock on daemon addresses registry.
2025-10-19T16:22:34.848-0500 [DEBUG] [org.gradle.cache.internal.DefaultFileLockManager] Lock acquired on daemon addresses registry.
2025-10-19T16:22:34.848-0500 [DEBUG] [org.gradle.cache.internal.DefaultFileLockManager] Releasing lock on daemon addresses registry.
2025-10-19T16:22:44.837-0500 [DEBUG] [org.gradle.cache.internal.DefaultFileLockManager] Waiting to acquire shared lock on daemon addresses registry.
2025-10-19T16:22:44.838-0500 [DEBUG] [org.gradle.cache.internal.DefaultFileLockManager] Lock acquired on daemon addresses registry.
2025-10-19T16:22:44.839-0500 [DEBUG] [org.gradle.cache.internal.DefaultFileLockManager] Releasing lock on daemon addresses registry.
2025-10-19T16:22:44.843-0500 [DEBUG] [org.gradle.cache.internal.DefaultFileLockManager] Waiting to acquire shared lock on daemon addresses registry.
2025-10-19T16:22:44.844-0500 [DEBUG] [org.gradle.cache.internal.DefaultFileLockManager] Lock acquired on daemon addresses registry.
2025-10-19T16:22:44.845-0500 [DEBUG] [org.gradle.cache.internal.DefaultFileLockManager] Releasing lock on daemon addresses registry.
2025-10-19T16:22:44.848-0500 [DEBUG] [org.gradle.cache.internal.DefaultFileLockManager] Waiting to acquire shared lock on daemon addresses registry.
2025-10-19T16:22:44.848-0500 [DEBUG] [org.gradle.cache.internal.DefaultFileLockManager] Lock acquired on daemon addresses registry.
2025-10-19T16:22:44.848-0500 [DEBUG] [org.gradle.cache.internal.DefaultFileLockManager] Releasing lock on daemon addresses registry.
2025-10-19T16:22:45.878-0500 [DEBUG] [org.gradle.process.internal.health.memory.DefaultMemoryManager] 841566208 physical memory requested, 702935040 free
2025-10-19T16:22:45.878-0500 [DEBUG] [org.gradle.workers.internal.WorkerDaemonExpiration] Will attempt to release 802 of memory
2025-10-19T16:22:45.878-0500 [DEBUG] [org.gradle.process.internal.health.memory.DefaultMemoryManager] 841566208 physical memory requested, 0 released, 702935040 free
2025-10-19T16:22:50.868-0500 [DEBUG] [org.gradle.process.internal.health.memory.DefaultMemoryManager] 841566208 physical memory requested, 592363520 free
2025-10-19T16:22:50.869-0500 [DEBUG] [org.gradle.workers.internal.WorkerDaemonExpiration] Will attempt to release 802 of memory
2025-10-19T16:22:50.869-0500 [DEBUG] [org.gradle.process.internal.health.memory.DefaultMemoryManager] 841566208 physical memory requested, 0 released, 592363520 free
2025-10-19T16:22:54.848-0500 [DEBUG] [org.gradle.cache.internal.DefaultFileLockManager] Waiting to acquire shared lock on daemon addresses registry.
2025-10-19T16:22:54.848-0500 [DEBUG] [org.gradle.cache.internal.DefaultFileLockManager] Lock acquired on daemon addresses registry.
2025-10-19T16:22:54.849-0500 [DEBUG] [org.gradle.cache.internal.DefaultFileLockManager] Releasing lock on daemon addresses registry.
2025-10-19T16:22:54.852-0500 [DEBUG] [org.gradle.cache.internal.DefaultFileLockManager] Waiting to acquire shared lock on daemon addresses registry.
2025-10-19T16:22:54.853-0500 [DEBUG] [org.gradle.cache.internal.DefaultFileLockManager] Lock acquired on daemon addresses registry.
2025-10-19T16:22:54.854-0500 [DEBUG] [org.gradle.cache.internal.DefaultFileLockManager] Releasing lock on daemon addresses registry.
2025-10-19T16:22:54.857-0500 [DEBUG] [org.gradle.cache.internal.DefaultFileLockManager] Waiting to acquire shared lock on daemon addresses registry.
2025-10-19T16:22:54.857-0500 [DEBUG] [org.gradle.cache.internal.DefaultFileLockManager] Lock acquired on daemon addresses registry.
2025-10-19T16:22:54.858-0500 [DEBUG] [org.gradle.cache.internal.DefaultFileLockManager] Releasing lock on daemon addresses registry.
2025-10-19T16:22:55.865-0500 [DEBUG] [org.gradle.process.internal.health.memory.DefaultMemoryManager] 841566208 physical memory requested, 834568192 free
2025-10-19T16:22:55.865-0500 [DEBUG] [org.gradle.workers.internal.WorkerDaemonExpiration] Will attempt to release 802 of memory
2025-10-19T16:22:55.865-0500 [DEBUG] [org.gradle.process.internal.health.memory.DefaultMemoryManager] 841566208 physical memory requested, 0 released, 834568192 free
2025-10-19T16:23:04.835-0500 [DEBUG] [org.gradle.cache.internal.DefaultFileLockManager] Waiting to acquire shared lock on daemon addresses registry.
2025-10-19T16:23:04.835-0500 [DEBUG] [org.gradle.cache.internal.DefaultFileLockManager] Lock acquired on daemon addresses registry.
2025-10-19T16:23:04.836-0500 [DEBUG] [org.gradle.cache.internal.DefaultFileLockManager] Releasing lock on daemon addresses registry.
2025-10-19T16:23:04.837-0500 [DEBUG] [org.gradle.cache.internal.DefaultFileLockManager] Waiting to acquire shared lock on daemon addresses registry.
2025-10-19T16:23:04.837-0500 [DEBUG] [org.gradle.cache.internal.DefaultFileLockManager] Lock acquired on daemon addresses registry.
2025-10-19T16:23:04.838-0500 [DEBUG] [org.gradle.cache.internal.DefaultFileLockManager] Releasing lock on daemon addresses registry.
2025-10-19T16:23:04.839-0500 [DEBUG] [org.gradle.cache.internal.DefaultFileLockManager] Waiting to acquire shared lock on daemon addresses registry.
2025-10-19T16:23:04.839-0500 [DEBUG] [org.gradle.cache.internal.DefaultFileLockManager] Lock acquired on daemon addresses registry.
2025-10-19T16:23:04.841-0500 [DEBUG] [org.gradle.cache.internal.DefaultFileLockManager] Releasing lock on daemon addresses registry.
2025-10-19T16:23:10.855-0500 [DEBUG] [org.gradle.process.internal.health.memory.DefaultMemoryManager] 841566208 physical memory requested, 793702400 free
2025-10-19T16:23:10.855-0500 [DEBUG] [org.gradle.workers.internal.WorkerDaemonExpiration] Will attempt to release 802 of memory
2025-10-19T16:23:10.855-0500 [DEBUG] [org.gradle.process.internal.health.memory.DefaultMemoryManager] 841566208 physical memory requested, 0 released, 793702400 free
2025-10-19T16:23:14.853-0500 [DEBUG] [org.gradle.cache.internal.DefaultFileLockManager] Waiting to acquire shared lock on daemon addresses registry.
2025-10-19T16:23:14.853-0500 [DEBUG] [org.gradle.cache.internal.DefaultFileLockManager] Lock acquired on daemon addresses registry.
2025-10-19T16:23:14.854-0500 [DEBUG] [org.gradle.cache.internal.DefaultFileLockManager] Releasing lock on daemon addresses registry.
2025-10-19T16:23:14.858-0500 [DEBUG] [org.gradle.cache.internal.DefaultFileLockManager] Waiting to acquire shared lock on daemon addresses registry.
2025-10-19T16:23:14.858-0500 [DEBUG] [org.gradle.cache.internal.DefaultFileLockManager] Lock acquired on daemon addresses registry.
2025-10-19T16:23:14.859-0500 [DEBUG] [org.gradle.cache.internal.DefaultFileLockManager] Releasing lock on daemon addresses registry.
2025-10-19T16:23:14.862-0500 [DEBUG] [org.gradle.cache.internal.DefaultFileLockManager] Waiting to acquire shared lock on daemon addresses registry.
2025-10-19T16:23:14.862-0500 [DEBUG] [org.gradle.cache.internal.DefaultFileLockManager] Lock acquired on daemon addresses registry.
2025-10-19T16:23:14.863-0500 [DEBUG] [org.gradle.cache.internal.DefaultFileLockManager] Releasing lock on daemon addresses registry.
2025-10-19T16:23:15.866-0500 [DEBUG] [org.gradle.process.internal.health.memory.DefaultMemoryManager] 841566208 physical memory requested, 757231616 free
2025-10-19T16:23:15.866-0500 [DEBUG] [org.gradle.workers.internal.WorkerDaemonExpiration] Will attempt to release 802 of memory
2025-10-19T16:23:15.867-0500 [DEBUG] [org.gradle.process.internal.health.memory.DefaultMemoryManager] 841566208 physical memory requested, 0 released, 757231616 free
2025-10-19T16:23:24.853-0500 [DEBUG] [org.gradle.cache.internal.DefaultFileLockManager] Waiting to acquire shared lock on daemon addresses registry.
2025-10-19T16:23:24.853-0500 [DEBUG] [org.gradle.cache.internal.DefaultFileLockManager] Lock acquired on daemon addresses registry.
2025-10-19T16:23:24.868-0500 [DEBUG] [org.gradle.cache.internal.DefaultFileLockManager] Releasing lock on daemon addresses registry.
2025-10-19T16:23:24.873-0500 [DEBUG] [org.gradle.cache.internal.DefaultFileLockManager] Waiting to acquire shared lock on daemon addresses registry.
2025-10-19T16:23:24.874-0500 [DEBUG] [org.gradle.cache.internal.DefaultFileLockManager] Lock acquired on daemon addresses registry.
2025-10-19T16:23:24.874-0500 [DEBUG] [org.gradle.cache.internal.DefaultFileLockManager] Releasing lock on daemon addresses registry.
2025-10-19T16:23:24.879-0500 [DEBUG] [org.gradle.cache.internal.DefaultFileLockManager] Waiting to acquire shared lock on daemon addresses registry.
2025-10-19T16:23:24.879-0500 [DEBUG] [org.gradle.cache.internal.DefaultFileLockManager] Lock acquired on daemon addresses registry.
2025-10-19T16:23:24.880-0500 [DEBUG] [org.gradle.cache.internal.DefaultFileLockManager] Releasing lock on daemon addresses registry.
2025-10-19T16:23:34.840-0500 [DEBUG] [org.gradle.cache.internal.DefaultFileLockManager] Waiting to acquire shared lock on daemon addresses registry.
2025-10-19T16:23:34.841-0500 [DEBUG] [org.gradle.cache.internal.DefaultFileLockManager] Lock acquired on daemon addresses registry.
2025-10-19T16:23:34.842-0500 [DEBUG] [org.gradle.cache.internal.DefaultFileLockManager] Releasing lock on daemon addresses registry.
2025-10-19T16:23:34.846-0500 [DEBUG] [org.gradle.cache.internal.DefaultFileLockManager] Waiting to acquire shared lock on daemon addresses registry.
2025-10-19T16:23:34.846-0500 [DEBUG] [org.gradle.cache.internal.DefaultFileLockManager] Lock acquired on daemon addresses registry.
2025-10-19T16:23:34.862-0500 [DEBUG] [org.gradle.cache.internal.DefaultFileLockManager] Releasing lock on daemon addresses registry.
2025-10-19T16:23:34.867-0500 [DEBUG] [org.gradle.cache.internal.DefaultFileLockManager] Waiting to acquire shared lock on daemon addresses registry.
2025-10-19T16:23:34.867-0500 [DEBUG] [org.gradle.cache.internal.DefaultFileLockManager] Lock acquired on daemon addresses registry.
2025-10-19T16:23:34.868-0500 [DEBUG] [org.gradle.cache.internal.DefaultFileLockManager] Releasing lock on daemon addresses registry.
2025-10-19T16:23:44.859-0500 [DEBUG] [org.gradle.cache.internal.DefaultFileLockManager] Waiting to acquire shared lock on daemon addresses registry.
2025-10-19T16:23:44.859-0500 [DEBUG] [org.gradle.cache.internal.DefaultFileLockManager] Lock acquired on daemon addresses registry.
2025-10-19T16:23:44.860-0500 [DEBUG] [org.gradle.cache.internal.DefaultFileLockManager] Releasing lock on daemon addresses registry.
2025-10-19T16:23:44.861-0500 [DEBUG] [org.gradle.cache.internal.DefaultFileLockManager] Waiting to acquire shared lock on daemon addresses registry.
2025-10-19T16:23:44.861-0500 [DEBUG] [org.gradle.cache.internal.DefaultFileLockManager] Lock acquired on daemon addresses registry.
2025-10-19T16:23:44.862-0500 [DEBUG] [org.gradle.cache.internal.DefaultFileLockManager] Releasing lock on daemon addresses registry.
2025-10-19T16:23:44.863-0500 [DEBUG] [org.gradle.cache.internal.DefaultFileLockManager] Waiting to acquire shared lock on daemon addresses registry.
2025-10-19T16:23:44.864-0500 [DEBUG] [org.gradle.cache.internal.DefaultFileLockManager] Lock acquired on daemon addresses registry.
2025-10-19T16:23:44.864-0500 [DEBUG] [org.gradle.cache.internal.DefaultFileLockManager] Releasing lock on daemon addresses registry.
2025-10-19T16:23:54.855-0500 [DEBUG] [org.gradle.cache.internal.DefaultFileLockManager] Waiting to acquire shared lock on daemon addresses registry.
2025-10-19T16:23:54.856-0500 [DEBUG] [org.gradle.cache.internal.DefaultFileLockManager] Lock acquired on daemon addresses registry.
2025-10-19T16:23:54.857-0500 [DEBUG] [org.gradle.cache.internal.DefaultFileLockManager] Releasing lock on daemon addresses registry.
2025-10-19T16:23:54.864-0500 [DEBUG] [org.gradle.cache.internal.DefaultFileLockManager] Waiting to acquire shared lock on daemon addresses registry.
2025-10-19T16:23:54.865-0500 [DEBUG] [org.gradle.cache.internal.DefaultFileLockManager] Lock acquired on daemon addresses registry.
2025-10-19T16:23:54.866-0500 [DEBUG] [org.gradle.cache.internal.DefaultFileLockManager] Releasing lock on daemon addresses registry.
2025-10-19T16:23:54.872-0500 [DEBUG] [org.gradle.cache.internal.DefaultFileLockManager] Waiting to acquire shared lock on daemon addresses registry.
2025-10-19T16:23:54.872-0500 [DEBUG] [org.gradle.cache.internal.DefaultFileLockManager] Lock acquired on daemon addresses registry.
2025-10-19T16:23:54.874-0500 [DEBUG] [org.gradle.cache.internal.DefaultFileLockManager] Releasing lock on daemon addresses registry.
2025-10-19T16:24:04.848-0500 [DEBUG] [org.gradle.cache.internal.DefaultFileLockManager] Waiting to acquire shared lock on daemon addresses registry.
2025-10-19T16:24:04.849-0500 [DEBUG] [org.gradle.cache.internal.DefaultFileLockManager] Lock acquired on daemon addresses registry.
2025-10-19T16:24:04.850-0500 [DEBUG] [org.gradle.cache.internal.DefaultFileLockManager] Releasing lock on daemon addresses registry.
2025-10-19T16:24:04.854-0500 [DEBUG] [org.gradle.cache.internal.DefaultFileLockManager] Waiting to acquire shared lock on daemon addresses registry.
2025-10-19T16:24:04.855-0500 [DEBUG] [org.gradle.cache.internal.DefaultFileLockManager] Lock acquired on daemon addresses registry.
2025-10-19T16:24:04.856-0500 [DEBUG] [org.gradle.cache.internal.DefaultFileLockManager] Releasing lock on daemon addresses registry.
2025-10-19T16:24:04.860-0500 [DEBUG] [org.gradle.cache.internal.DefaultFileLockManager] Waiting to acquire shared lock on daemon addresses registry.
2025-10-19T16:24:04.860-0500 [DEBUG] [org.gradle.cache.internal.DefaultFileLockManager] Lock acquired on daemon addresses registry.
2025-10-19T16:24:04.861-0500 [DEBUG] [org.gradle.cache.internal.DefaultFileLockManager] Releasing lock on daemon addresses registry.
2025-10-19T16:24:14.844-0500 [DEBUG] [org.gradle.cache.internal.DefaultFileLockManager] Waiting to acquire shared lock on daemon addresses registry.
2025-10-19T16:24:14.845-0500 [DEBUG] [org.gradle.cache.internal.DefaultFileLockManager] Lock acquired on daemon addresses registry.
2025-10-19T16:24:14.845-0500 [DEBUG] [org.gradle.cache.internal.DefaultFileLockManager] Releasing lock on daemon addresses registry.
2025-10-19T16:24:14.846-0500 [DEBUG] [org.gradle.cache.internal.DefaultFileLockManager] Waiting to acquire shared lock on daemon addresses registry.
2025-10-19T16:24:14.847-0500 [DEBUG] [org.gradle.cache.internal.DefaultFileLockManager] Lock acquired on daemon addresses registry.
2025-10-19T16:24:14.847-0500 [DEBUG] [org.gradle.cache.internal.DefaultFileLockManager] Releasing lock on daemon addresses registry.
2025-10-19T16:24:14.848-0500 [DEBUG] [org.gradle.cache.internal.DefaultFileLockManager] Waiting to acquire shared lock on daemon addresses registry.
2025-10-19T16:24:14.848-0500 [DEBUG] [org.gradle.cache.internal.DefaultFileLockManager] Lock acquired on daemon addresses registry.
2025-10-19T16:24:14.849-0500 [DEBUG] [org.gradle.cache.internal.DefaultFileLockManager] Releasing lock on daemon addresses registry.
2025-10-19T16:24:15.861-0500 [DEBUG] [org.gradle.process.internal.health.memory.DefaultMemoryManager] 841566208 physical memory requested, 764923904 free
2025-10-19T16:24:15.862-0500 [DEBUG] [org.gradle.workers.internal.WorkerDaemonExpiration] Will attempt to release 802 of memory
2025-10-19T16:24:15.862-0500 [DEBUG] [org.gradle.process.internal.health.memory.DefaultMemoryManager] 841566208 physical memory requested, 0 released, 764923904 free
2025-10-19T16:24:20.864-0500 [DEBUG] [org.gradle.process.internal.health.memory.DefaultMemoryManager] 841566208 physical memory requested, 801484800 free
2025-10-19T16:24:20.864-0500 [DEBUG] [org.gradle.workers.internal.WorkerDaemonExpiration] Will attempt to release 802 of memory
2025-10-19T16:24:20.865-0500 [DEBUG] [org.gradle.process.internal.health.memory.DefaultMemoryManager] 841566208 physical memory requested, 0 released, 801484800 free
2025-10-19T16:24:24.844-0500 [DEBUG] [org.gradle.cache.internal.DefaultFileLockManager] Waiting to acquire shared lock on daemon addresses registry.
2025-10-19T16:24:24.844-0500 [DEBUG] [org.gradle.cache.internal.DefaultFileLockManager] Lock acquired on daemon addresses registry.
2025-10-19T16:24:24.846-0500 [DEBUG] [org.gradle.cache.internal.DefaultFileLockManager] Releasing lock on daemon addresses registry.
2025-10-19T16:24:24.851-0500 [DEBUG] [org.gradle.cache.internal.DefaultFileLockManager] Waiting to acquire shared lock on daemon addresses registry.
2025-10-19T16:24:24.851-0500 [DEBUG] [org.gradle.cache.internal.DefaultFileLockManager] Lock acquired on daemon addresses registry.
2025-10-19T16:24:24.852-0500 [DEBUG] [org.gradle.cache.internal.DefaultFileLockManager] Releasing lock on daemon addresses registry.
2025-10-19T16:24:24.857-0500 [DEBUG] [org.gradle.cache.internal.DefaultFileLockManager] Waiting to acquire shared lock on daemon addresses registry.
2025-10-19T16:24:24.857-0500 [DEBUG] [org.gradle.cache.internal.DefaultFileLockManager] Lock acquired on daemon addresses registry.
2025-10-19T16:24:24.858-0500 [DEBUG] [org.gradle.cache.internal.DefaultFileLockManager] Releasing lock on daemon addresses registry.
2025-10-19T16:24:25.856-0500 [DEBUG] [org.gradle.process.internal.health.memory.DefaultMemoryManager] 841566208 physical memory requested, 778928128 free
2025-10-19T16:24:25.870-0500 [DEBUG] [org.gradle.workers.internal.WorkerDaemonExpiration] Will attempt to release 802 of memory
2025-10-19T16:24:25.871-0500 [DEBUG] [org.gradle.process.internal.health.memory.DefaultMemoryManager] 841566208 physical memory requested, 0 released, 778928128 free
2025-10-19T16:24:30.862-0500 [DEBUG] [org.gradle.process.internal.health.memory.DefaultMemoryManager] 841566208 physical memory requested, 721096704 free
2025-10-19T16:24:30.862-0500 [DEBUG] [org.gradle.workers.internal.WorkerDaemonExpiration] Will attempt to release 802 of memory
2025-10-19T16:24:30.862-0500 [DEBUG] [org.gradle.process.internal.health.memory.DefaultMemoryManager] 841566208 physical memory requested, 0 released, 721096704 free
2025-10-19T16:24:34.840-0500 [DEBUG] [org.gradle.cache.internal.DefaultFileLockManager] Waiting to acquire shared lock on daemon addresses registry.
2025-10-19T16:24:34.841-0500 [DEBUG] [org.gradle.cache.internal.DefaultFileLockManager] Lock acquired on daemon addresses registry.
2025-10-19T16:24:34.842-0500 [DEBUG] [org.gradle.cache.internal.DefaultFileLockManager] Releasing lock on daemon addresses registry.
2025-10-19T16:24:34.847-0500 [DEBUG] [org.gradle.cache.internal.DefaultFileLockManager] Waiting to acquire shared lock on daemon addresses registry.
2025-10-19T16:24:34.848-0500 [DEBUG] [org.gradle.cache.internal.DefaultFileLockManager] Lock acquired on daemon addresses registry.
2025-10-19T16:24:34.849-0500 [DEBUG] [org.gradle.cache.internal.DefaultFileLockManager] Releasing lock on daemon addresses registry.
2025-10-19T16:24:34.852-0500 [DEBUG] [org.gradle.cache.internal.DefaultFileLockManager] Waiting to acquire shared lock on daemon addresses registry.
2025-10-19T16:24:34.852-0500 [DEBUG] [org.gradle.cache.internal.DefaultFileLockManager] Lock acquired on daemon addresses registry.
2025-10-19T16:24:34.867-0500 [DEBUG] [org.gradle.cache.internal.DefaultFileLockManager] Releasing lock on daemon addresses registry.
2025-10-19T16:24:35.866-0500 [DEBUG] [org.gradle.process.internal.health.memory.DefaultMemoryManager] 841566208 physical memory requested, 696328192 free
2025-10-19T16:24:35.867-0500 [DEBUG] [org.gradle.workers.internal.WorkerDaemonExpiration] Will attempt to release 802 of memory
2025-10-19T16:24:35.867-0500 [DEBUG] [org.gradle.process.internal.health.memory.DefaultMemoryManager] 841566208 physical memory requested, 0 released, 696328192 free
2025-10-19T16:24:40.859-0500 [DEBUG] [org.gradle.process.internal.health.memory.DefaultMemoryManager] 841566208 physical memory requested, 651755520 free
2025-10-19T16:24:40.859-0500 [DEBUG] [org.gradle.workers.internal.WorkerDaemonExpiration] Will attempt to release 802 of memory
2025-10-19T16:24:40.859-0500 [DEBUG] [org.gradle.process.internal.health.memory.DefaultMemoryManager] 841566208 physical memory requested, 0 released, 651755520 free
2025-10-19T16:24:44.847-0500 [DEBUG] [org.gradle.cache.internal.DefaultFileLockManager] Waiting to acquire shared lock on daemon addresses registry.
2025-10-19T16:24:44.847-0500 [DEBUG] [org.gradle.cache.internal.DefaultFileLockManager] Lock acquired on daemon addresses registry.
2025-10-19T16:24:44.848-0500 [DEBUG] [org.gradle.cache.internal.DefaultFileLockManager] Releasing lock on daemon addresses registry.
2025-10-19T16:24:44.853-0500 [DEBUG] [org.gradle.cache.internal.DefaultFileLockManager] Waiting to acquire shared lock on daemon addresses registry.
2025-10-19T16:24:44.854-0500 [DEBUG] [org.gradle.cache.internal.DefaultFileLockManager] Lock acquired on daemon addresses registry.
2025-10-19T16:24:44.855-0500 [DEBUG] [org.gradle.cache.internal.DefaultFileLockManager] Releasing lock on daemon addresses registry.
2025-10-19T16:24:44.860-0500 [DEBUG] [org.gradle.cache.internal.DefaultFileLockManager] Waiting to acquire shared lock on daemon addresses registry.
2025-10-19T16:24:44.860-0500 [DEBUG] [org.gradle.cache.internal.DefaultFileLockManager] Lock acquired on daemon addresses registry.
2025-10-19T16:24:44.861-0500 [DEBUG] [org.gradle.cache.internal.DefaultFileLockManager] Releasing lock on daemon addresses registry.
2025-10-19T16:24:45.859-0500 [DEBUG] [org.gradle.process.internal.health.memory.DefaultMemoryManager] 841566208 physical memory requested, 642584576 free
2025-10-19T16:24:45.860-0500 [DEBUG] [org.gradle.workers.internal.WorkerDaemonExpiration] Will attempt to release 802 of memory
2025-10-19T16:24:45.860-0500 [DEBUG] [org.gradle.process.internal.health.memory.DefaultMemoryManager] 841566208 physical memory requested, 0 released, 642584576 free
2025-10-19T16:24:50.860-0500 [DEBUG] [org.gradle.process.internal.health.memory.DefaultMemoryManager] 841566208 physical memory requested, 641634304 free
2025-10-19T16:24:50.860-0500 [DEBUG] [org.gradle.workers.internal.WorkerDaemonExpiration] Will attempt to release 802 of memory
2025-10-19T16:24:50.860-0500 [DEBUG] [org.gradle.process.internal.health.memory.DefaultMemoryManager] 841566208 physical memory requested, 0 released, 641634304 free
2025-10-19T16:24:54.867-0500 [DEBUG] [org.gradle.cache.internal.DefaultFileLockManager] Waiting to acquire shared lock on daemon addresses registry.
2025-10-19T16:24:54.868-0500 [DEBUG] [org.gradle.cache.internal.DefaultFileLockManager] Lock acquired on daemon addresses registry.
2025-10-19T16:24:54.869-0500 [DEBUG] [org.gradle.cache.internal.DefaultFileLockManager] Releasing lock on daemon addresses registry.
2025-10-19T16:24:54.873-0500 [DEBUG] [org.gradle.cache.internal.DefaultFileLockManager] Waiting to acquire shared lock on daemon addresses registry.
2025-10-19T16:24:54.874-0500 [DEBUG] [org.gradle.cache.internal.DefaultFileLockManager] Lock acquired on daemon addresses registry.
2025-10-19T16:24:54.874-0500 [DEBUG] [org.gradle.cache.internal.DefaultFileLockManager] Releasing lock on daemon addresses registry.
2025-10-19T16:24:54.878-0500 [DEBUG] [org.gradle.cache.internal.DefaultFileLockManager] Waiting to acquire shared lock on daemon addresses registry.
2025-10-19T16:24:54.878-0500 [DEBUG] [org.gradle.cache.internal.DefaultFileLockManager] Lock acquired on daemon addresses registry.
2025-10-19T16:24:54.879-0500 [DEBUG] [org.gradle.cache.internal.DefaultFileLockManager] Releasing lock on daemon addresses registry.
2025-10-19T16:24:55.862-0500 [DEBUG] [org.gradle.process.internal.health.memory.DefaultMemoryManager] 841566208 physical memory requested, 670089216 free
2025-10-19T16:24:55.863-0500 [DEBUG] [org.gradle.workers.internal.WorkerDaemonExpiration] Will attempt to release 802 of memory
2025-10-19T16:24:55.863-0500 [DEBUG] [org.gradle.process.internal.health.memory.DefaultMemoryManager] 841566208 physical memory requested, 0 released, 670089216 free
2025-10-19T16:25:00.859-0500 [DEBUG] [org.gradle.process.internal.health.memory.DefaultMemoryManager] 841566208 physical memory requested, 664948736 free
2025-10-19T16:25:00.860-0500 [DEBUG] [org.gradle.workers.internal.WorkerDaemonExpiration] Will attempt to release 802 of memory
2025-10-19T16:25:00.861-0500 [DEBUG] [org.gradle.process.internal.health.memory.DefaultMemoryManager] 841566208 physical memory requested, 0 released, 664948736 free
2025-10-19T16:25:04.847-0500 [DEBUG] [org.gradle.cache.internal.DefaultFileLockManager] Waiting to acquire shared lock on daemon addresses registry.
2025-10-19T16:25:04.847-0500 [DEBUG] [org.gradle.cache.internal.DefaultFileLockManager] Lock acquired on daemon addresses registry.
2025-10-19T16:25:04.861-0500 [DEBUG] [org.gradle.cache.internal.DefaultFileLockManager] Releasing lock on daemon addresses registry.
2025-10-19T16:25:04.864-0500 [DEBUG] [org.gradle.cache.internal.DefaultFileLockManager] Waiting to acquire shared lock on daemon addresses registry.
2025-10-19T16:25:04.864-0500 [DEBUG] [org.gradle.cache.internal.DefaultFileLockManager] Lock acquired on daemon addresses registry.
2025-10-19T16:25:04.864-0500 [DEBUG] [org.gradle.cache.internal.DefaultFileLockManager] Releasing lock on daemon addresses registry.
2025-10-19T16:25:04.866-0500 [DEBUG] [org.gradle.cache.internal.DefaultFileLockManager] Waiting to acquire shared lock on daemon addresses registry.
2025-10-19T16:25:04.867-0500 [DEBUG] [org.gradle.cache.internal.DefaultFileLockManager] Lock acquired on daemon addresses registry.
2025-10-19T16:25:04.867-0500 [DEBUG] [org.gradle.cache.internal.DefaultFileLockManager] Releasing lock on daemon addresses registry.
2025-10-19T16:25:05.861-0500 [DEBUG] [org.gradle.process.internal.health.memory.DefaultMemoryManager] 841566208 physical memory requested, 663818240 free
2025-10-19T16:25:05.862-0500 [DEBUG] [org.gradle.workers.internal.WorkerDaemonExpiration] Will attempt to release 802 of memory
2025-10-19T16:25:05.862-0500 [DEBUG] [org.gradle.process.internal.health.memory.DefaultMemoryManager] 841566208 physical memory requested, 0 released, 663818240 free
2025-10-19T16:25:10.861-0500 [DEBUG] [org.gradle.process.internal.health.memory.DefaultMemoryManager] 841566208 physical memory requested, 685928448 free
2025-10-19T16:25:10.862-0500 [DEBUG] [org.gradle.workers.internal.WorkerDaemonExpiration] Will attempt to release 802 of memory
2025-10-19T16:25:10.862-0500 [DEBUG] [org.gradle.process.internal.health.memory.DefaultMemoryManager] 841566208 physical memory requested, 0 released, 685928448 free
2025-10-19T16:25:14.846-0500 [DEBUG] [org.gradle.cache.internal.DefaultFileLockManager] Waiting to acquire shared lock on daemon addresses registry.
2025-10-19T16:25:14.846-0500 [DEBUG] [org.gradle.cache.internal.DefaultFileLockManager] Lock acquired on daemon addresses registry.
2025-10-19T16:25:14.847-0500 [DEBUG] [org.gradle.cache.internal.DefaultFileLockManager] Releasing lock on daemon addresses registry.
2025-10-19T16:25:14.852-0500 [DEBUG] [org.gradle.cache.internal.DefaultFileLockManager] Waiting to acquire shared lock on daemon addresses registry.
2025-10-19T16:25:14.853-0500 [DEBUG] [org.gradle.cache.internal.DefaultFileLockManager] Lock acquired on daemon addresses registry.
2025-10-19T16:25:14.854-0500 [DEBUG] [org.gradle.cache.internal.DefaultFileLockManager] Releasing lock on daemon addresses registry.
2025-10-19T16:25:14.858-0500 [DEBUG] [org.gradle.cache.internal.DefaultFileLockManager] Waiting to acquire shared lock on daemon addresses registry.
2025-10-19T16:25:14.858-0500 [DEBUG] [org.gradle.cache.internal.DefaultFileLockManager] Lock acquired on daemon addresses registry.
2025-10-19T16:25:14.859-0500 [DEBUG] [org.gradle.cache.internal.DefaultFileLockManager] Releasing lock on daemon addresses registry.
2025-10-19T16:25:15.872-0500 [DEBUG] [org.gradle.process.internal.health.memory.DefaultMemoryManager] 841566208 physical memory requested, 707510272 free
2025-10-19T16:25:15.872-0500 [DEBUG] [org.gradle.workers.internal.WorkerDaemonExpiration] Will attempt to release 802 of memory
2025-10-19T16:25:15.885-0500 [DEBUG] [org.gradle.process.internal.health.memory.DefaultMemoryManager] 841566208 physical memory requested, 0 released, 707510272 free
2025-10-19T16:25:24.842-0500 [DEBUG] [org.gradle.cache.internal.DefaultFileLockManager] Waiting to acquire shared lock on daemon addresses registry.
2025-10-19T16:25:24.842-0500 [DEBUG] [org.gradle.cache.internal.DefaultFileLockManager] Lock acquired on daemon addresses registry.
2025-10-19T16:25:24.843-0500 [DEBUG] [org.gradle.cache.internal.DefaultFileLockManager] Releasing lock on daemon addresses registry.
2025-10-19T16:25:24.844-0500 [DEBUG] [org.gradle.cache.internal.DefaultFileLockManager] Waiting to acquire shared lock on daemon addresses registry.
2025-10-19T16:25:24.844-0500 [DEBUG] [org.gradle.cache.internal.DefaultFileLockManager] Lock acquired on daemon addresses registry.
2025-10-19T16:25:24.855-0500 [DEBUG] [org.gradle.cache.internal.DefaultFileLockManager] Releasing lock on daemon addresses registry.
2025-10-19T16:25:24.856-0500 [DEBUG] [org.gradle.cache.internal.DefaultFileLockManager] Waiting to acquire shared lock on daemon addresses registry.
2025-10-19T16:25:24.857-0500 [DEBUG] [org.gradle.cache.internal.DefaultFileLockManager] Lock acquired on daemon addresses registry.
2025-10-19T16:25:24.857-0500 [DEBUG] [org.gradle.cache.internal.DefaultFileLockManager] Releasing lock on daemon addresses registry.
2025-10-19T16:25:34.844-0500 [DEBUG] [org.gradle.cache.internal.DefaultFileLockManager] Waiting to acquire shared lock on daemon addresses registry.
2025-10-19T16:25:34.845-0500 [DEBUG] [org.gradle.cache.internal.DefaultFileLockManager] Lock acquired on daemon addresses registry.
2025-10-19T16:25:34.845-0500 [DEBUG] [org.gradle.cache.internal.DefaultFileLockManager] Releasing lock on daemon addresses registry.
2025-10-19T16:25:34.860-0500 [DEBUG] [org.gradle.cache.internal.DefaultFileLockManager] Waiting to acquire shared lock on daemon addresses registry.
2025-10-19T16:25:34.860-0500 [DEBUG] [org.gradle.cache.internal.DefaultFileLockManager] Lock acquired on daemon addresses registry.
2025-10-19T16:25:34.861-0500 [DEBUG] [org.gradle.cache.internal.DefaultFileLockManager] Releasing lock on daemon addresses registry.
2025-10-19T16:25:34.862-0500 [DEBUG] [org.gradle.cache.internal.DefaultFileLockManager] Waiting to acquire shared lock on daemon addresses registry.
2025-10-19T16:25:34.862-0500 [DEBUG] [org.gradle.cache.internal.DefaultFileLockManager] Lock acquired on daemon addresses registry.
2025-10-19T16:25:34.863-0500 [DEBUG] [org.gradle.cache.internal.DefaultFileLockManager] Releasing lock on daemon addresses registry.
2025-10-19T16:25:44.839-0500 [DEBUG] [org.gradle.cache.internal.DefaultFileLockManager] Waiting to acquire shared lock on daemon addresses registry.
2025-10-19T16:25:44.839-0500 [DEBUG] [org.gradle.cache.internal.DefaultFileLockManager] Lock acquired on daemon addresses registry.
2025-10-19T16:25:44.840-0500 [DEBUG] [org.gradle.cache.internal.DefaultFileLockManager] Releasing lock on daemon addresses registry.
2025-10-19T16:25:44.841-0500 [DEBUG] [org.gradle.cache.internal.DefaultFileLockManager] Waiting to acquire shared lock on daemon addresses registry.
2025-10-19T16:25:44.842-0500 [DEBUG] [org.gradle.cache.internal.DefaultFileLockManager] Lock acquired on daemon addresses registry.
2025-10-19T16:25:44.842-0500 [DEBUG] [org.gradle.cache.internal.DefaultFileLockManager] Releasing lock on daemon addresses registry.
2025-10-19T16:25:44.843-0500 [DEBUG] [org.gradle.cache.internal.DefaultFileLockManager] Waiting to acquire shared lock on daemon addresses registry.
2025-10-19T16:25:44.843-0500 [DEBUG] [org.gradle.cache.internal.DefaultFileLockManager] Lock acquired on daemon addresses registry.
2025-10-19T16:25:44.844-0500 [DEBUG] [org.gradle.cache.internal.DefaultFileLockManager] Releasing lock on daemon addresses registry.
2025-10-19T16:25:54.849-0500 [DEBUG] [org.gradle.cache.internal.DefaultFileLockManager] Waiting to acquire shared lock on daemon addresses registry.
2025-10-19T16:25:54.849-0500 [DEBUG] [org.gradle.cache.internal.DefaultFileLockManager] Lock acquired on daemon addresses registry.
2025-10-19T16:25:54.850-0500 [DEBUG] [org.gradle.cache.internal.DefaultFileLockManager] Releasing lock on daemon addresses registry.
2025-10-19T16:25:54.856-0500 [DEBUG] [org.gradle.cache.internal.DefaultFileLockManager] Waiting to acquire shared lock on daemon addresses registry.
2025-10-19T16:25:54.856-0500 [DEBUG] [org.gradle.cache.internal.DefaultFileLockManager] Lock acquired on daemon addresses registry.
2025-10-19T16:25:54.857-0500 [DEBUG] [org.gradle.cache.internal.DefaultFileLockManager] Releasing lock on daemon addresses registry.
2025-10-19T16:25:54.861-0500 [DEBUG] [org.gradle.cache.internal.DefaultFileLockManager] Waiting to acquire shared lock on daemon addresses registry.
2025-10-19T16:25:54.862-0500 [DEBUG] [org.gradle.cache.internal.DefaultFileLockManager] Lock acquired on daemon addresses registry.
2025-10-19T16:25:54.863-0500 [DEBUG] [org.gradle.cache.internal.DefaultFileLockManager] Releasing lock on daemon addresses registry.
2025-10-19T16:26:04.845-0500 [DEBUG] [org.gradle.cache.internal.DefaultFileLockManager] Waiting to acquire shared lock on daemon addresses registry.
2025-10-19T16:26:04.845-0500 [DEBUG] [org.gradle.cache.internal.DefaultFileLockManager] Lock acquired on daemon addresses registry.
2025-10-19T16:26:04.848-0500 [DEBUG] [org.gradle.cache.internal.DefaultFileLockManager] Releasing lock on daemon addresses registry.
2025-10-19T16:26:04.853-0500 [DEBUG] [org.gradle.cache.internal.DefaultFileLockManager] Waiting to acquire shared lock on daemon addresses registry.
2025-10-19T16:26:04.853-0500 [DEBUG] [org.gradle.cache.internal.DefaultFileLockManager] Lock acquired on daemon addresses registry.
2025-10-19T16:26:04.854-0500 [DEBUG] [org.gradle.cache.internal.DefaultFileLockManager] Releasing lock on daemon addresses registry.
2025-10-19T16:26:04.858-0500 [DEBUG] [org.gradle.cache.internal.DefaultFileLockManager] Waiting to acquire shared lock on daemon addresses registry.
2025-10-19T16:26:04.859-0500 [DEBUG] [org.gradle.cache.internal.DefaultFileLockManager] Lock acquired on daemon addresses registry.
2025-10-19T16:26:04.859-0500 [DEBUG] [org.gradle.cache.internal.DefaultFileLockManager] Releasing lock on daemon addresses registry.
2025-10-19T16:26:14.846-0500 [DEBUG] [org.gradle.cache.internal.DefaultFileLockManager] Waiting to acquire shared lock on daemon addresses registry.
2025-10-19T16:26:14.847-0500 [DEBUG] [org.gradle.cache.internal.DefaultFileLockManager] Lock acquired on daemon addresses registry.
2025-10-19T16:26:14.862-0500 [DEBUG] [org.gradle.cache.internal.DefaultFileLockManager] Releasing lock on daemon addresses registry.
2025-10-19T16:26:14.878-0500 [DEBUG] [org.gradle.cache.internal.DefaultFileLockManager] Waiting to acquire shared lock on daemon addresses registry.
2025-10-19T16:26:14.878-0500 [DEBUG] [org.gradle.cache.internal.DefaultFileLockManager] Lock acquired on daemon addresses registry.
2025-10-19T16:26:14.879-0500 [DEBUG] [org.gradle.cache.internal.DefaultFileLockManager] Releasing lock on daemon addresses registry.
2025-10-19T16:26:14.887-0500 [DEBUG] [org.gradle.cache.internal.DefaultFileLockManager] Waiting to acquire shared lock on daemon addresses registry.
2025-10-19T16:26:14.888-0500 [DEBUG] [org.gradle.cache.internal.DefaultFileLockManager] Lock acquired on daemon addresses registry.
2025-10-19T16:26:14.890-0500 [DEBUG] [org.gradle.cache.internal.DefaultFileLockManager] Releasing lock on daemon addresses registry.
2025-10-19T16:26:24.836-0500 [DEBUG] [org.gradle.cache.internal.DefaultFileLockManager] Waiting to acquire shared lock on daemon addresses registry.
2025-10-19T16:26:24.836-0500 [DEBUG] [org.gradle.cache.internal.DefaultFileLockManager] Lock acquired on daemon addresses registry.
2025-10-19T16:26:24.837-0500 [DEBUG] [org.gradle.cache.internal.DefaultFileLockManager] Releasing lock on daemon addresses registry.
2025-10-19T16:26:24.840-0500 [DEBUG] [org.gradle.cache.internal.DefaultFileLockManager] Waiting to acquire shared lock on daemon addresses registry.
2025-10-19T16:26:24.840-0500 [DEBUG] [org.gradle.cache.internal.DefaultFileLockManager] Lock acquired on daemon addresses registry.
2025-10-19T16:26:24.840-0500 [DEBUG] [org.gradle.cache.internal.DefaultFileLockManager] Releasing lock on daemon addresses registry.
2025-10-19T16:26:24.841-0500 [DEBUG] [org.gradle.cache.internal.DefaultFileLockManager] Waiting to acquire shared lock on daemon addresses registry.
2025-10-19T16:26:24.842-0500 [DEBUG] [org.gradle.cache.internal.DefaultFileLockManager] Lock acquired on daemon addresses registry.
2025-10-19T16:26:24.842-0500 [DEBUG] [org.gradle.cache.internal.DefaultFileLockManager] Releasing lock on daemon addresses registry.
2025-10-19T16:26:30.864-0500 [DEBUG] [org.gradle.process.internal.health.memory.DefaultMemoryManager] 841566208 physical memory requested, 804859904 free
2025-10-19T16:26:30.864-0500 [DEBUG] [org.gradle.workers.internal.WorkerDaemonExpiration] Will attempt to release 802 of memory
2025-10-19T16:26:30.865-0500 [DEBUG] [org.gradle.process.internal.health.memory.DefaultMemoryManager] 841566208 physical memory requested, 0 released, 804859904 free
2025-10-19T16:26:34.841-0500 [DEBUG] [org.gradle.cache.internal.DefaultFileLockManager] Waiting to acquire shared lock on daemon addresses registry.
2025-10-19T16:26:34.841-0500 [DEBUG] [org.gradle.cache.internal.DefaultFileLockManager] Lock acquired on daemon addresses registry.
2025-10-19T16:26:34.842-0500 [DEBUG] [org.gradle.cache.internal.DefaultFileLockManager] Releasing lock on daemon addresses registry.
2025-10-19T16:26:34.844-0500 [DEBUG] [org.gradle.cache.internal.DefaultFileLockManager] Waiting to acquire shared lock on daemon addresses registry.
2025-10-19T16:26:34.844-0500 [DEBUG] [org.gradle.cache.internal.DefaultFileLockManager] Lock acquired on daemon addresses registry.
2025-10-19T16:26:34.845-0500 [DEBUG] [org.gradle.cache.internal.DefaultFileLockManager] Releasing lock on daemon addresses registry.
2025-10-19T16:26:34.850-0500 [DEBUG] [org.gradle.cache.internal.DefaultFileLockManager] Waiting to acquire shared lock on daemon addresses registry.
2025-10-19T16:26:34.850-0500 [DEBUG] [org.gradle.cache.internal.DefaultFileLockManager] Lock acquired on daemon addresses registry.
2025-10-19T16:26:34.851-0500 [DEBUG] [org.gradle.cache.internal.DefaultFileLockManager] Releasing lock on daemon addresses registry.
2025-10-19T16:26:35.854-0500 [DEBUG] [org.gradle.process.internal.health.memory.DefaultMemoryManager] 841566208 physical memory requested, 636862464 free
2025-10-19T16:26:35.855-0500 [DEBUG] [org.gradle.workers.internal.WorkerDaemonExpiration] Will attempt to release 802 of memory
2025-10-19T16:26:35.855-0500 [DEBUG] [org.gradle.process.internal.health.memory.DefaultMemoryManager] 841566208 physical memory requested, 0 released, 636862464 free
2025-10-19T16:26:40.865-0500 [DEBUG] [org.gradle.process.internal.health.memory.DefaultMemoryManager] 841566208 physical memory requested, 673943552 free
2025-10-19T16:26:40.866-0500 [DEBUG] [org.gradle.workers.internal.WorkerDaemonExpiration] Will attempt to release 802 of memory
2025-10-19T16:26:40.867-0500 [DEBUG] [org.gradle.process.internal.health.memory.DefaultMemoryManager] 841566208 physical memory requested, 0 released, 673943552 free
2025-10-19T16:26:44.853-0500 [DEBUG] [org.gradle.cache.internal.DefaultFileLockManager] Waiting to acquire shared lock on daemon addresses registry.
2025-10-19T16:26:44.853-0500 [DEBUG] [org.gradle.cache.internal.DefaultFileLockManager] Lock acquired on daemon addresses registry.
2025-10-19T16:26:44.854-0500 [DEBUG] [org.gradle.cache.internal.DefaultFileLockManager] Releasing lock on daemon addresses registry.
2025-10-19T16:26:44.855-0500 [DEBUG] [org.gradle.cache.internal.DefaultFileLockManager] Waiting to acquire shared lock on daemon addresses registry.
2025-10-19T16:26:44.855-0500 [DEBUG] [org.gradle.cache.internal.DefaultFileLockManager] Lock acquired on daemon addresses registry.
2025-10-19T16:26:44.856-0500 [DEBUG] [org.gradle.cache.internal.DefaultFileLockManager] Releasing lock on daemon addresses registry.
2025-10-19T16:26:44.858-0500 [DEBUG] [org.gradle.cache.internal.DefaultFileLockManager] Waiting to acquire shared lock on daemon addresses registry.
2025-10-19T16:26:44.858-0500 [DEBUG] [org.gradle.cache.internal.DefaultFileLockManager] Lock acquired on daemon addresses registry.
2025-10-19T16:26:44.859-0500 [DEBUG] [org.gradle.cache.internal.DefaultFileLockManager] Releasing lock on daemon addresses registry.
2025-10-19T16:26:45.859-0500 [DEBUG] [org.gradle.process.internal.health.memory.DefaultMemoryManager] 841566208 physical memory requested, 617984000 free
2025-10-19T16:26:45.860-0500 [DEBUG] [org.gradle.workers.internal.WorkerDaemonExpiration] Will attempt to release 802 of memory
2025-10-19T16:26:45.860-0500 [DEBUG] [org.gradle.process.internal.health.memory.DefaultMemoryManager] 841566208 physical memory requested, 0 released, 617984000 free
2025-10-19T16:26:50.856-0500 [DEBUG] [org.gradle.process.internal.health.memory.DefaultMemoryManager] 841566208 physical memory requested, 663588864 free
2025-10-19T16:26:50.856-0500 [DEBUG] [org.gradle.workers.internal.WorkerDaemonExpiration] Will attempt to release 802 of memory
2025-10-19T16:26:50.857-0500 [DEBUG] [org.gradle.process.internal.health.memory.DefaultMemoryManager] 841566208 physical memory requested, 0 released, 663588864 free
2025-10-19T16:26:54.837-0500 [DEBUG] [org.gradle.cache.internal.DefaultFileLockManager] Waiting to acquire shared lock on daemon addresses registry.
2025-10-19T16:26:54.837-0500 [DEBUG] [org.gradle.cache.internal.DefaultFileLockManager] Lock acquired on daemon addresses registry.
2025-10-19T16:26:54.837-0500 [DEBUG] [org.gradle.cache.internal.DefaultFileLockManager] Releasing lock on daemon addresses registry.
2025-10-19T16:26:54.853-0500 [DEBUG] [org.gradle.cache.internal.DefaultFileLockManager] Waiting to acquire shared lock on daemon addresses registry.
2025-10-19T16:26:54.854-0500 [DEBUG] [org.gradle.cache.internal.DefaultFileLockManager] Lock acquired on daemon addresses registry.
2025-10-19T16:26:54.855-0500 [DEBUG] [org.gradle.cache.internal.DefaultFileLockManager] Releasing lock on daemon addresses registry.
2025-10-19T16:26:54.857-0500 [DEBUG] [org.gradle.cache.internal.DefaultFileLockManager] Waiting to acquire shared lock on daemon addresses registry.
2025-10-19T16:26:54.857-0500 [DEBUG] [org.gradle.cache.internal.DefaultFileLockManager] Lock acquired on daemon addresses registry.
2025-10-19T16:26:54.858-0500 [DEBUG] [org.gradle.cache.internal.DefaultFileLockManager] Releasing lock on daemon addresses registry.
2025-10-19T16:26:55.867-0500 [DEBUG] [org.gradle.process.internal.health.memory.DefaultMemoryManager] 841566208 physical memory requested, 704253952 free
2025-10-19T16:26:55.867-0500 [DEBUG] [org.gradle.workers.internal.WorkerDaemonExpiration] Will attempt to release 802 of memory
2025-10-19T16:26:55.867-0500 [DEBUG] [org.gradle.process.internal.health.memory.DefaultMemoryManager] 841566208 physical memory requested, 0 released, 704253952 free
2025-10-19T16:27:00.862-0500 [DEBUG] [org.gradle.process.internal.health.memory.DefaultMemoryManager] 841566208 physical memory requested, 759279616 free
2025-10-19T16:27:00.863-0500 [DEBUG] [org.gradle.workers.internal.WorkerDaemonExpiration] Will attempt to release 802 of memory
2025-10-19T16:27:00.863-0500 [DEBUG] [org.gradle.process.internal.health.memory.DefaultMemoryManager] 841566208 physical memory requested, 0 released, 759279616 free
2025-10-19T16:27:04.836-0500 [DEBUG] [org.gradle.cache.internal.DefaultFileLockManager] Waiting to acquire shared lock on daemon addresses registry.
2025-10-19T16:27:04.836-0500 [DEBUG] [org.gradle.cache.internal.DefaultFileLockManager] Lock acquired on daemon addresses registry.
2025-10-19T16:27:04.837-0500 [DEBUG] [org.gradle.cache.internal.DefaultFileLockManager] Releasing lock on daemon addresses registry.
2025-10-19T16:27:04.838-0500 [DEBUG] [org.gradle.cache.internal.DefaultFileLockManager] Waiting to acquire shared lock on daemon addresses registry.
2025-10-19T16:27:04.838-0500 [DEBUG] [org.gradle.cache.internal.DefaultFileLockManager] Lock acquired on daemon addresses registry.
2025-10-19T16:27:04.839-0500 [DEBUG] [org.gradle.cache.internal.DefaultFileLockManager] Releasing lock on daemon addresses registry.
2025-10-19T16:27:04.840-0500 [DEBUG] [org.gradle.cache.internal.DefaultFileLockManager] Waiting to acquire shared lock on daemon addresses registry.
2025-10-19T16:27:04.840-0500 [DEBUG] [org.gradle.cache.internal.DefaultFileLockManager] Lock acquired on daemon addresses registry.
2025-10-19T16:27:04.840-0500 [DEBUG] [org.gradle.cache.internal.DefaultFileLockManager] Releasing lock on daemon addresses registry.
2025-10-19T16:27:05.869-0500 [DEBUG] [org.gradle.process.internal.health.memory.DefaultMemoryManager] 841566208 physical memory requested, 737591296 free
2025-10-19T16:27:05.869-0500 [DEBUG] [org.gradle.workers.internal.WorkerDaemonExpiration] Will attempt to release 802 of memory
2025-10-19T16:27:05.869-0500 [DEBUG] [org.gradle.process.internal.health.memory.DefaultMemoryManager] 841566208 physical memory requested, 0 released, 737591296 free
2025-10-19T16:27:10.860-0500 [DEBUG] [org.gradle.process.internal.health.memory.DefaultMemoryManager] 841566208 physical memory requested, 741146624 free
2025-10-19T16:27:10.874-0500 [DEBUG] [org.gradle.workers.internal.WorkerDaemonExpiration] Will attempt to release 802 of memory
2025-10-19T16:27:10.875-0500 [DEBUG] [org.gradle.process.internal.health.memory.DefaultMemoryManager] 841566208 physical memory requested, 0 released, 741146624 free
2025-10-19T16:27:14.848-0500 [DEBUG] [org.gradle.cache.internal.DefaultFileLockManager] Waiting to acquire shared lock on daemon addresses registry.
2025-10-19T16:27:14.848-0500 [DEBUG] [org.gradle.cache.internal.DefaultFileLockManager] Lock acquired on daemon addresses registry.
2025-10-19T16:27:14.849-0500 [DEBUG] [org.gradle.cache.internal.DefaultFileLockManager] Releasing lock on daemon addresses registry.
2025-10-19T16:27:14.854-0500 [DEBUG] [org.gradle.cache.internal.DefaultFileLockManager] Waiting to acquire shared lock on daemon addresses registry.
2025-10-19T16:27:14.855-0500 [DEBUG] [org.gradle.cache.internal.DefaultFileLockManager] Lock acquired on daemon addresses registry.
2025-10-19T16:27:14.856-0500 [DEBUG] [org.gradle.cache.internal.DefaultFileLockManager] Releasing lock on daemon addresses registry.
2025-10-19T16:27:14.861-0500 [DEBUG] [org.gradle.cache.internal.DefaultFileLockManager] Waiting to acquire shared lock on daemon addresses registry.
2025-10-19T16:27:14.861-0500 [DEBUG] [org.gradle.cache.internal.DefaultFileLockManager] Lock acquired on daemon addresses registry.
2025-10-19T16:27:14.862-0500 [DEBUG] [org.gradle.cache.internal.DefaultFileLockManager] Releasing lock on daemon addresses registry.
2025-10-19T16:27:15.868-0500 [DEBUG] [org.gradle.process.internal.health.memory.DefaultMemoryManager] 841566208 physical memory requested, 738390016 free
2025-10-19T16:27:15.868-0500 [DEBUG] [org.gradle.workers.internal.WorkerDaemonExpiration] Will attempt to release 802 of memory
2025-10-19T16:27:15.868-0500 [DEBUG] [org.gradle.process.internal.health.memory.DefaultMemoryManager] 841566208 physical memory requested, 0 released, 738390016 free
2025-10-19T16:27:20.858-0500 [DEBUG] [org.gradle.process.internal.health.memory.DefaultMemoryManager] 841566208 physical memory requested, 775147520 free
2025-10-19T16:27:20.859-0500 [DEBUG] [org.gradle.workers.internal.WorkerDaemonExpiration] Will attempt to release 802 of memory
2025-10-19T16:27:20.859-0500 [DEBUG] [org.gradle.process.internal.health.memory.DefaultMemoryManager] 841566208 physical memory requested, 0 released, 775147520 free
2025-10-19T16:27:24.836-0500 [DEBUG] [org.gradle.cache.internal.DefaultFileLockManager] Waiting to acquire shared lock on daemon addresses registry.
2025-10-19T16:27:24.836-0500 [DEBUG] [org.gradle.cache.internal.DefaultFileLockManager] Lock acquired on daemon addresses registry.
2025-10-19T16:27:24.836-0500 [DEBUG] [org.gradle.cache.internal.DefaultFileLockManager] Releasing lock on daemon addresses registry.
2025-10-19T16:27:24.838-0500 [DEBUG] [org.gradle.cache.internal.DefaultFileLockManager] Waiting to acquire shared lock on daemon addresses registry.
2025-10-19T16:27:24.838-0500 [DEBUG] [org.gradle.cache.internal.DefaultFileLockManager] Lock acquired on daemon addresses registry.
2025-10-19T16:27:24.838-0500 [DEBUG] [org.gradle.cache.internal.DefaultFileLockManager] Releasing lock on daemon addresses registry.
2025-10-19T16:27:24.839-0500 [DEBUG] [org.gradle.cache.internal.DefaultFileLockManager] Waiting to acquire shared lock on daemon addresses registry.
2025-10-19T16:27:24.839-0500 [DEBUG] [org.gradle.cache.internal.DefaultFileLockManager] Lock acquired on daemon addresses registry.
2025-10-19T16:27:24.840-0500 [DEBUG] [org.gradle.cache.internal.DefaultFileLockManager] Releasing lock on daemon addresses registry.
2025-10-19T16:27:25.867-0500 [DEBUG] [org.gradle.process.internal.health.memory.DefaultMemoryManager] 841566208 physical memory requested, 735076352 free
2025-10-19T16:27:25.867-0500 [DEBUG] [org.gradle.workers.internal.WorkerDaemonExpiration] Will attempt to release 802 of memory
2025-10-19T16:27:25.868-0500 [DEBUG] [org.gradle.process.internal.health.memory.DefaultMemoryManager] 841566208 physical memory requested, 0 released, 735076352 free
2025-10-19T16:27:31.449-0500 [DEBUG] [org.gradle.internal.remote.internal.inet.TcpIncomingConnector] Accepted connection from /127.0.0.1:63329 to /127.0.0.1:9663.
2025-10-19T16:27:32.435-0500 [DEBUG] [org.gradle.launcher.daemon.server.SynchronizedDispatchConnection] thread 157: received class org.gradle.launcher.daemon.protocol.Build
2025-10-19T16:27:32.435-0500 [DEBUG] [org.gradle.launcher.daemon.server.DefaultDaemonConnection] thread 157: Received non-IO message from client: Build{id=8644a8a0-964c-45fb-a1c4-f83d09f2b881, currentDir=C:\Users\sebgo\AndroidStudioProjects\mytaxitravel}
2025-10-19T16:27:32.436-0500 [INFO] [org.gradle.launcher.daemon.server.DefaultIncomingConnectionHandler] Received command: Build{id=8644a8a0-964c-45fb-a1c4-f83d09f2b881, currentDir=C:\Users\sebgo\AndroidStudioProjects\mytaxitravel}.
2025-10-19T16:27:32.436-0500 [DEBUG] [org.gradle.launcher.daemon.server.DefaultIncomingConnectionHandler] Starting executing command: Build{id=8644a8a0-964c-45fb-a1c4-f83d09f2b881, currentDir=C:\Users\sebgo\AndroidStudioProjects\mytaxitravel} with connection: socket connection from /127.0.0.1:9663 to /127.0.0.1:63329.
2025-10-19T16:27:32.444-0500 [DEBUG] [org.gradle.launcher.daemon.server.DaemonStateCoordinator] Command execution: started DaemonCommandExecution[command = Build{id=8644a8a0-964c-45fb-a1c4-f83d09f2b881, currentDir=C:\Users\sebgo\AndroidStudioProjects\mytaxitravel}, connection = DefaultDaemonConnection: socket connection from /127.0.0.1:9663 to /127.0.0.1:63329] after 40.47313333333333 minutes of idle
2025-10-19T16:27:32.445-0500 [INFO] [org.gradle.launcher.daemon.server.DaemonRegistryUpdater] Marking the daemon as busy, address: [f405c26b-1a4f-404c-bcce-31001897b2f9 port:9663, addresses:[localhost/127.0.0.1]]
2025-10-19T16:27:32.445-0500 [DEBUG] [org.gradle.launcher.daemon.registry.PersistentDaemonRegistry] Marking busy by address: [f405c26b-1a4f-404c-bcce-31001897b2f9 port:9663, addresses:[localhost/127.0.0.1]]
2025-10-19T16:27:32.447-0500 [DEBUG] [org.gradle.cache.internal.DefaultFileLockManager] Waiting to acquire exclusive lock on daemon addresses registry.
2025-10-19T16:27:32.452-0500 [DEBUG] [org.gradle.cache.internal.DefaultFileLockManager] Lock acquired on daemon addresses registry.
2025-10-19T16:27:32.456-0500 [DEBUG] [org.gradle.cache.internal.DefaultFileLockManager] Releasing lock on daemon addresses registry.
2025-10-19T16:27:32.456-0500 [DEBUG] [org.gradle.launcher.daemon.server.DaemonStateCoordinator] resetting idle timer
2025-10-19T16:27:32.457-0500 [DEBUG] [org.gradle.launcher.daemon.server.DaemonStateCoordinator] daemon is running. Sleeping until state changes.
2025-10-19T16:27:32.460-0500 [INFO] [org.gradle.launcher.daemon.server.exec.StartBuildOrRespondWithBusy] Daemon is about to start building Build{id=8644a8a0-964c-45fb-a1c4-f83d09f2b881, currentDir=C:\Users\sebgo\AndroidStudioProjects\mytaxitravel}. Dispatching build started information...
2025-10-19T16:27:32.461-0500 [DEBUG] [org.gradle.launcher.daemon.server.SynchronizedDispatchConnection] thread 159: dispatching org.gradle.launcher.daemon.protocol.BuildStarted@696d90a1
2025-10-19T16:27:32.471-0500 [DEBUG] [org.gradle.launcher.daemon.server.exec.EstablishBuildEnvironment] Configuring env variables: [USERDOMAIN_ROAMINGPROFILE, LOCALAPPDATA, PROCESSOR_LEVEL, EFC_19740_1262719628, USERDOMAIN, LOGONSERVER, FPS_BROWSER_APP_PROFILE_STRING, JAVA_HOME, SESSIONNAME, ALLUSERSPROFILE, PROCESSOR_ARCHITECTURE, PSModulePath, SystemDrive, OneDrive, APPDATA, EFC_19740_3789132940, USERNAME, EFC_19740_2283032206, ProgramFiles(x86), EFC_19740_2775293581, CommonProgramFiles, Path, FPS_BROWSER_USER_PROFILE_STRING, EFC_19740_1592913036, PATHEXT, DriverData, OS, COMPUTERNAME, PROCESSOR_REVISION, CommonProgramW6432, PyCharm Community Edition, ComSpec, ProgramData, ProgramW6432, TEMP, HOMEPATH, SystemRoot, PROCESSOR_IDENTIFIER, HOMEDRIVE, USERPROFILE, TMP, CommonProgramFiles(x86), ProgramFiles, PUBLIC, windir, NUMBER_OF_PROCESSORS, =::, ZES_ENABLE_SYSMAN]
2025-10-19T16:27:32.849-0500 [DEBUG] [org.gradle.launcher.daemon.server.exec.LogToClient] About to start relaying all logs to the client via the connection.
2025-10-19T16:27:32.852-0500 [INFO] [org.gradle.launcher.daemon.server.exec.LogToClient] The client will now receive all logging from the daemon (pid: 13352). The daemon log file: C:\Users\sebgo\AndroidStudioProjects\mytaxitravel\gradle\daemon\8.13\daemon-13352.out.log
2025-10-19T16:27:33.280-0500 [INFO] [org.gradle.launcher.daemon.server.exec.LogAndCheckHealth] Starting 2nd build in daemon [uptime: 41 mins 28.83 secs, performance: 99%, GC rate: 0.00/s, heap usage: 0% of 2 GiB]
2025-10-19T16:27:33.286-0500 [DEBUG] [org.gradle.launcher.daemon.server.exec.ExecuteBuild] The daemon has started executing the build.
2025-10-19T16:27:33.286-0500 [DEBUG] [org.gradle.launcher.daemon.server.exec.ExecuteBuild] Executing build with daemon context: DefaultDaemonContext[uid=ad1f97aa-deb6-4201-a923-b3d21c62b572,javaHome=F:\Android Studio\jbr,javaVersion=21,javaVendor=JetBrains s.r.o.,daemonRegistryDir=C:\Users\sebgo\AndroidStudioProjects\mytaxitravel\gradle\daemon,pid=13352,idleTimeout=10800000,priority=NORMAL,applyInstrumentationAgent=true,nativeServicesMode=ENABLED,daemonOpts=-Xmx2048m,-Dfile.encoding=UTF-8,-Duser.country=CO,-Duser.language=es,-Duser.variant]

BUILD SUCCESSFUL in 11s
2025-10-19T16:27:42.805-0500 [DEBUG] [org.gradle.launcher.daemon.server.exec.ExecuteBuild] The daemon has finished executing the build.
2025-10-19T16:27:42.818-0500 [DEBUG] [org.gradle.launcher.daemon.server.DaemonStateCoordinator] daemon is running. Sleeping until state changes.
2025-10-19T16:27:42.818-0500 [DEBUG] [org.gradle.launcher.daemon.server.DaemonStateCoordinator] Command execution: finished waiting for DaemonCommandExecution[command = Build{id=8644a8a0-964c-45fb-a1c4-f83d09f2b881, currentDir=C:\Users\sebgo\AndroidStudioProjects\mytaxitravel}, connection = DefaultDaemonConnection: socket connection from /127.0.0.1:9663 to /127.0.0.1:63329]. Result org.gradle.launcher.daemon.server.DaemonStateCoordinator@54aaec79 with state Busy
2025-10-19T16:27:42.818-0500 [DEBUG] [org.gradle.launcher.daemon.server.DaemonStateCoordinator] Command execution: completed DaemonCommandExecution[command = Build{id=8644a8a0-964c-45fb-a1c4-f83d09f2b881, currentDir=C:\Users\sebgo\AndroidStudioProjects\mytaxitravel}, connection = DefaultDaemonConnection: socket connection from /127.0.0.1:9663 to /127.0.0.1:63329]
2025-10-19T16:27:42.818-0500 [DEBUG] [org.gradle.launcher.daemon.server.DaemonStateCoordinator] resetting idle timer
2025-10-19T16:27:42.818-0500 [INFO] [org.gradle.launcher.daemon.server.DaemonRegistryUpdater] Marking the daemon as idle, address: [f405c26b-1a4f-404c-bcce-31001897b2f9 port:9663, addresses:[localhost/127.0.0.1]]
2025-10-19T16:27:42.818-0500 [DEBUG] [org.gradle.launcher.daemon.registry.PersistentDaemonRegistry] Marking busy by address: [f405c26b-1a4f-404c-bcce-31001897b2f9 port:9663, addresses:[localhost/127.0.0.1]]
2025-10-19T16:27:42.821-0500 [DEBUG] [org.gradle.cache.internal.DefaultFileLockManager] Waiting to acquire exclusive lock on daemon addresses registry.
2025-10-19T16:27:42.821-0500 [DEBUG] [org.gradle.cache.internal.DefaultFileLockManager] Lock acquired on daemon addresses registry.
2025-10-19T16:27:42.824-0500 [DEBUG] [org.gradle.cache.internal.DefaultFileLockManager] Releasing lock on daemon addresses registry.
2025-10-19T16:27:42.826-0500 [DEBUG] [org.gradle.launcher.daemon.server.exec.ReturnResult] Daemon is dispatching the build result: Success[value=org.gradle.launcher.exec.BuildActionResult@7a3cea84]
2025-10-19T16:27:42.826-0500 [DEBUG] [org.gradle.launcher.daemon.server.SynchronizedDispatchConnection] thread 156: dispatching Success[value=org.gradle.launcher.exec.BuildActionResult@7a3cea84]
2025-10-19T16:27:42.828-0500 [DEBUG] [org.gradle.launcher.daemon.server.DaemonStateCoordinator] daemon is running. Sleeping until state changes.
2025-10-19T16:27:42.831-0500 [DEBUG] [org.gradle.launcher.daemon.server.SynchronizedDispatchConnection] thread 157: received class org.gradle.launcher.daemon.protocol.CloseInput
2025-10-19T16:27:42.831-0500 [DEBUG] [org.gradle.launcher.daemon.server.DefaultDaemonConnection] thread 157: Received IO message from client: org.gradle.launcher.daemon.protocol.CloseInput@46696908
2025-10-19T16:27:42.831-0500 [DEBUG] [org.gradle.launcher.daemon.server.SynchronizedDispatchConnection] thread 157: received class org.gradle.launcher.daemon.protocol.Finished
2025-10-19T16:27:42.831-0500 [DEBUG] [org.gradle.launcher.daemon.server.DefaultDaemonConnection] thread 157: Received non-IO message from client: org.gradle.launcher.daemon.protocol.Finished@48ae9fb5
2025-10-19T16:27:42.832-0500 [DEBUG] [org.gradle.internal.remote.internal.inet.SocketConnection] Discarding EOFException: java.io.EOFException
2025-10-19T16:27:42.832-0500 [DEBUG] [org.gradle.launcher.daemon.server.SynchronizedDispatchConnection] thread 157: received null
2025-10-19T16:27:42.832-0500 [DEBUG] [org.gradle.launcher.daemon.server.DefaultDaemonConnection] thread 157: Received end-of-input from client.
2025-10-19T16:27:42.846-0500 [DEBUG] [org.gradle.launcher.daemon.server.DefaultIncomingConnectionHandler] Finishing executing command: Build{id=8644a8a0-964c-45fb-a1c4-f83d09f2b881, currentDir=C:\Users\sebgo\AndroidStudioProjects\mytaxitravel}
2025-10-19T16:27:42.846-0500 [WARN] [org.gradle.launcher.daemon.server.DefaultIncomingConnectionHandler] Timed out waiting for finished message from client socket connection from /127.0.0.1:9663 to /127.0.0.1:63329. Discarding connection.
2025-10-19T16:27:42.846-0500 [DEBUG] [org.gradle.launcher.daemon.server.SynchronizedDispatchConnection] thread 156: stopping connection
2025-10-19T16:27:42.852-0500 [DEBUG] [org.gradle.launcher.daemon.server.SynchronizedDispatchConnection] thread 156: stopping connection
2025-10-19T16:27:42.923-0500 [DEBUG] [org.gradle.launcher.daemon.server.exec.CleanUpVirtualFileSystemAfterBuild] Cleaning virtual file system after build finished
2025-10-19T16:27:44.892-0500 [DEBUG] [org.gradle.cache.internal.DefaultFileLockManager] Waiting to acquire shared lock on daemon addresses registry.
2025-10-19T16:27:44.892-0500 [DEBUG] [org.gradle.cache.internal.DefaultFileLockManager] Lock acquired on daemon addresses registry.
2025-10-19T16:27:44.909-0500 [DEBUG] [org.gradle.cache.internal.DefaultFileLockManager] Releasing lock on daemon addresses registry.
2025-10-19T16:27:44.912-0500 [DEBUG] [org.gradle.cache.internal.DefaultFileLockManager] Waiting to acquire shared lock on daemon addresses registry.
2025-10-19T16:27:44.912-0500 [DEBUG] [org.gradle.cache.internal.DefaultFileLockManager] Lock acquired on daemon addresses registry.
2025-10-19T16:27:44.913-0500 [DEBUG] [org.gradle.cache.internal.DefaultFileLockManager] Releasing lock on daemon addresses registry.
2025-10-19T16:27:45.866-0500 [DEBUG] [org.gradle.process.internal.health.memory.DefaultMemoryManager] 841566208 physical memory requested, 574623744 free
2025-10-19T16:27:45.866-0500 [DEBUG] [org.gradle.workers.internal.WorkerDaemonExpiration] Will attempt to release 802 of memory
2025-10-19T16:27:45.866-0500 [DEBUG] [org.gradle.process.internal.health.memory.DefaultMemoryManager] 841566208 physical memory requested, 0 released, 574623744 free
2025-10-19T16:27:50.865-0500 [DEBUG] [org.gradle.process.internal.health.memory.DefaultMemoryManager] 841566208 physical memory requested, 757346304 free
2025-10-19T16:27:50.865-0500 [DEBUG] [org.gradle.workers.internal.WorkerDaemonExpiration] Will attempt to release 802 of memory
2025-10-19T16:27:50.866-0500 [DEBUG] [org.gradle.process.internal.health.memory.DefaultMemoryManager] 841566208 physical memory requested, 0 released, 757346304 free
2025-10-19T16:27:54.851-0500 [DEBUG] [org.gradle.cache.internal.DefaultFileLockManager] Waiting to acquire shared lock on daemon addresses registry.
2025-10-19T16:27:54.851-0500 [DEBUG] [org.gradle.cache.internal.DefaultFileLockManager] Lock acquired on daemon addresses registry.
2025-10-19T16:27:54.852-0500 [DEBUG] [org.gradle.cache.internal.DefaultFileLockManager] Releasing lock on daemon addresses registry.
2025-10-19T16:27:54.857-0500 [DEBUG] [org.gradle.cache.internal.DefaultFileLockManager] Waiting to acquire shared lock on daemon addresses registry.
2025-10-19T16:27:54.857-0500 [DEBUG] [org.gradle.cache.internal.DefaultFileLockManager] Lock acquired on daemon addresses registry.
2025-10-19T16:27:54.861-0500 [DEBUG] [org.gradle.cache.internal.DefaultFileLockManager] Releasing lock on daemon addresses registry.
2025-10-19T16:27:54.866-0500 [DEBUG] [org.gradle.cache.internal.DefaultFileLockManager] Waiting to acquire shared lock on daemon addresses registry.
2025-10-19T16:27:54.867-0500 [DEBUG] [org.gradle.cache.internal.DefaultFileLockManager] Lock acquired on daemon addresses registry.
2025-10-19T16:27:54.868-0500 [DEBUG] [org.gradle.cache.internal.DefaultFileLockManager] Releasing lock on daemon addresses registry.
2025-10-19T16:27:55.869-0500 [DEBUG] [org.gradle.process.internal.health.memory.DefaultMemoryManager] 841566208 physical memory requested, 521482240 free
2025-10-19T16:27:55.869-0500 [DEBUG] [org.gradle.workers.internal.WorkerDaemonExpiration] Will attempt to release 802 of memory
2025-10-19T16:27:55.869-0500 [DEBUG] [org.gradle.process.internal.health.memory.DefaultMemoryManager] 841566208 physical memory requested, 0 released, 521482240 free
2025-10-19T16:28:04.849-0500 [DEBUG] [org.gradle.cache.internal.DefaultFileLockManager] Waiting to acquire shared lock on daemon addresses registry.
2025-10-19T16:28:04.850-0500 [DEBUG] [org.gradle.cache.internal.DefaultFileLockManager] Lock acquired on daemon addresses registry.
2025-10-19T16:28:04.850-0500 [DEBUG] [org.gradle.cache.internal.DefaultFileLockManager] Releasing lock on daemon addresses registry.
2025-10-19T16:28:04.864-0500 [DEBUG] [org.gradle.cache.internal.DefaultFileLockManager] Waiting to acquire shared lock on daemon addresses registry.
2025-10-19T16:28:04.864-0500 [DEBUG] [org.gradle.cache.internal.DefaultFileLockManager] Lock acquired on daemon addresses registry.
2025-10-19T16:28:04.865-0500 [DEBUG] [org.gradle.cache.internal.DefaultFileLockManager] Releasing lock on daemon addresses registry.
2025-10-19T16:28:04.867-0500 [DEBUG] [org.gradle.cache.internal.DefaultFileLockManager] Waiting to acquire shared lock on daemon addresses registry.
2025-10-19T16:28:04.867-0500 [DEBUG] [org.gradle.cache.internal.DefaultFileLockManager] Lock acquired on daemon addresses registry.
2025-10-19T16:28:04.868-0500 [DEBUG] [org.gradle.cache.internal.DefaultFileLockManager] Releasing lock on daemon addresses registry.
2025-10-19T16:28:14.850-0500 [DEBUG] [org.gradle.cache.internal.DefaultFileLockManager] Waiting to acquire shared lock on daemon addresses registry.
2025-10-19T16:28:14.851-0500 [DEBUG] [org.gradle.cache.internal.DefaultFileLockManager] Lock acquired on daemon addresses registry.
2025-10-19T16:28:14.851-0500 [DEBUG] [org.gradle.cache.internal.DefaultFileLockManager] Releasing lock on daemon addresses registry.
2025-10-19T16:28:14.853-0500 [DEBUG] [org.gradle.cache.internal.DefaultFileLockManager] Waiting to acquire shared lock on daemon addresses registry.
2025-10-19T16:28:14.853-0500 [DEBUG] [org.gradle.cache.internal.DefaultFileLockManager] Lock acquired on daemon addresses registry.
2025-10-19T16:28:14.853-0500 [DEBUG] [org.gradle.cache.internal.DefaultFileLockManager] Releasing lock on daemon addresses registry.
2025-10-19T16:28:14.854-0500 [DEBUG] [org.gradle.cache.internal.DefaultFileLockManager] Waiting to acquire shared lock on daemon addresses registry.
2025-10-19T16:28:14.854-0500 [DEBUG] [org.gradle.cache.internal.DefaultFileLockManager] Lock acquired on daemon addresses registry.
2025-10-19T16:28:14.855-0500 [DEBUG] [org.gradle.cache.internal.DefaultFileLockManager] Releasing lock on daemon addresses registry.
2025-10-19T16:28:20.857-0500 [DEBUG] [org.gradle.process.internal.health.memory.DefaultMemoryManager] 841566208 physical memory requested, 709836800 free
2025-10-19T16:28:20.857-0500 [DEBUG] [org.gradle.workers.internal.WorkerDaemonExpiration] Will attempt to release 802 of memory
2025-10-19T16:28:20.858-0500 [DEBUG] [org.gradle.process.internal.health.memory.DefaultMemoryManager] 841566208 physical memory requested, 0 released, 709836800 free
2025-10-19T16:28:24.844-0500 [DEBUG] [org.gradle.cache.internal.DefaultFileLockManager] Waiting to acquire shared lock on daemon addresses registry.
2025-10-19T16:28:24.845-0500 [DEBUG] [org.gradle.cache.internal.DefaultFileLockManager] Lock acquired on daemon addresses registry.
2025-10-19T16:28:24.846-0500 [DEBUG] [org.gradle.cache.internal.DefaultFileLockManager] Releasing lock on daemon addresses registry.
2025-10-19T16:28:24.847-0500 [DEBUG] [org.gradle.cache.internal.DefaultFileLockManager] Waiting to acquire shared lock on daemon addresses registry.
2025-10-19T16:28:24.848-0500 [DEBUG] [org.gradle.cache.internal.DefaultFileLockManager] Lock acquired on daemon addresses registry.
2025-10-19T16:28:24.848-0500 [DEBUG] [org.gradle.cache.internal.DefaultFileLockManager] Releasing lock on daemon addresses registry.
2025-10-19T16:28:24.850-0500 [DEBUG] [org.gradle.cache.internal.DefaultFileLockManager] Waiting to acquire shared lock on daemon addresses registry.
2025-10-19T16:28:24.850-0500 [DEBUG] [org.gradle.cache.internal.DefaultFileLockManager] Lock acquired on daemon addresses registry.
2025-10-19T16:28:24.850-0500 [DEBUG] [org.gradle.cache.internal.DefaultFileLockManager] Releasing lock on daemon addresses registry.
2025-10-19T16:28:25.868-0500 [DEBUG] [org.gradle.process.internal.health.memory.DefaultMemoryManager] 841566208 physical memory requested, 596111360 free
2025-10-19T16:28:25.868-0500 [DEBUG] [org.gradle.workers.internal.WorkerDaemonExpiration] Will attempt to release 802 of memory
2025-10-19T16:28:25.868-0500 [DEBUG] [org.gradle.process.internal.health.memory.DefaultMemoryManager] 841566208 physical memory requested, 0 released, 596111360 free
2025-10-19T16:28:30.862-0500 [DEBUG] [org.gradle.process.internal.health.memory.DefaultMemoryManager] 841566208 physical memory requested, 424103936 free
2025-10-19T16:28:30.863-0500 [DEBUG] [org.gradle.workers.internal.WorkerDaemonExpiration] Will attempt to release 802 of memory
2025-10-19T16:28:30.864-0500 [DEBUG] [org.gradle.process.internal.health.memory.DefaultMemoryManager] 841566208 physical memory requested, 0 released, 424103936 free
2025-10-19T16:28:34.849-0500 [DEBUG] [org.gradle.cache.internal.DefaultFileLockManager] Waiting to acquire shared lock on daemon addresses registry.
2025-10-19T16:28:34.852-0500 [DEBUG] [org.gradle.cache.internal.DefaultFileLockManager] Lock acquired on daemon addresses registry.
2025-10-19T16:28:34.853-0500 [DEBUG] [org.gradle.cache.internal.DefaultFileLockManager] Releasing lock on daemon addresses registry.
2025-10-19T16:28:34.858-0500 [DEBUG] [org.gradle.cache.internal.DefaultFileLockManager] Waiting to acquire shared lock on daemon addresses registry.
2025-10-19T16:28:34.858-0500 [DEBUG] [org.gradle.cache.internal.DefaultFileLockManager] Lock acquired on daemon addresses registry.
2025-10-19T16:28:34.859-0500 [DEBUG] [org.gradle.cache.internal.DefaultFileLockManager] Releasing lock on daemon addresses registry.
2025-10-19T16:28:34.863-0500 [DEBUG] [org.gradle.cache.internal.DefaultFileLockManager] Waiting to acquire shared lock on daemon addresses registry.
2025-10-19T16:28:34.863-0500 [DEBUG] [org.gradle.cache.internal.DefaultFileLockManager] Lock acquired on daemon addresses registry.
2025-10-19T16:28:34.863-0500 [DEBUG] [org.gradle.cache.internal.DefaultFileLockManager] Releasing lock on daemon addresses registry.
2025-10-19T16:28:44.841-0500 [DEBUG] [org.gradle.cache.internal.DefaultFileLockManager] Waiting to acquire shared lock on daemon addresses registry.
2025-10-19T16:28:44.841-0500 [DEBUG] [org.gradle.cache.internal.DefaultFileLockManager] Lock acquired on daemon addresses registry.
2025-10-19T16:28:44.841-0500 [DEBUG] [org.gradle.cache.internal.DefaultFileLockManager] Releasing lock on daemon addresses registry.
2025-10-19T16:28:44.843-0500 [DEBUG] [org.gradle.cache.internal.DefaultFileLockManager] Waiting to acquire shared lock on daemon addresses registry.
2025-10-19T16:28:44.844-0500 [DEBUG] [org.gradle.cache.internal.DefaultFileLockManager] Lock acquired on daemon addresses registry.
2025-10-19T16:28:44.844-0500 [DEBUG] [org.gradle.cache.internal.DefaultFileLockManager] Releasing lock on daemon addresses registry.
2025-10-19T16:28:44.846-0500 [DEBUG] [org.gradle.cache.internal.DefaultFileLockManager] Waiting to acquire shared lock on daemon addresses registry.
2025-10-19T16:28:44.846-0500 [DEBUG] [org.gradle.cache.internal.DefaultFileLockManager] Lock acquired on daemon addresses registry.
2025-10-19T16:28:44.847-0500 [DEBUG] [org.gradle.cache.internal.DefaultFileLockManager] Releasing lock on daemon addresses registry.
2025-10-19T16:28:54.838-0500 [DEBUG] [org.gradle.cache.internal.DefaultFileLockManager] Waiting to acquire shared lock on daemon addresses registry.
2025-10-19T16:28:54.839-0500 [DEBUG] [org.gradle.cache.internal.DefaultFileLockManager] Lock acquired on daemon addresses registry.
2025-10-19T16:28:54.839-0500 [DEBUG] [org.gradle.cache.internal.DefaultFileLockManager] Releasing lock on daemon addresses registry.
2025-10-19T16:28:54.842-0500 [DEBUG] [org.gradle.cache.internal.DefaultFileLockManager] Waiting to acquire shared lock on daemon addresses registry.
2025-10-19T16:28:54.842-0500 [DEBUG] [org.gradle.cache.internal.DefaultFileLockManager] Lock acquired on daemon addresses registry.
2025-10-19T16:28:54.842-0500 [DEBUG] [org.gradle.cache.internal.DefaultFileLockManager] Releasing lock on daemon addresses registry.
2025-10-19T16:28:54.845-0500 [DEBUG] [org.gradle.cache.internal.DefaultFileLockManager] Waiting to acquire shared lock on daemon addresses registry.
2025-10-19T16:28:54.845-0500 [DEBUG] [org.gradle.cache.internal.DefaultFileLockManager] Lock acquired on daemon addresses registry.
2025-10-19T16:28:54.845-0500 [DEBUG] [org.gradle.cache.internal.DefaultFileLockManager] Releasing lock on daemon addresses registry.
2025-10-19T16:29:04.851-0500 [DEBUG] [org.gradle.cache.internal.DefaultFileLockManager] Waiting to acquire shared lock on daemon addresses registry.
2025-10-19T16:29:04.851-0500 [DEBUG] [org.gradle.cache.internal.DefaultFileLockManager] Lock acquired on daemon addresses registry.
2025-10-19T16:29:04.852-0500 [DEBUG] [org.gradle.cache.internal.DefaultFileLockManager] Releasing lock on daemon addresses registry.
2025-10-19T16:29:04.855-0500 [DEBUG] [org.gradle.cache.internal.DefaultFileLockManager] Waiting to acquire shared lock on daemon addresses registry.
2025-10-19T16:29:04.855-0500 [DEBUG] [org.gradle.cache.internal.DefaultFileLockManager] Lock acquired on daemon addresses registry.
2025-10-19T16:29:04.856-0500 [DEBUG] [org.gradle.cache.internal.DefaultFileLockManager] Releasing lock on daemon addresses registry.
2025-10-19T16:29:04.857-0500 [DEBUG] [org.gradle.cache.internal.DefaultFileLockManager] Waiting to acquire shared lock on daemon addresses registry.
2025-10-19T16:29:04.857-0500 [DEBUG] [org.gradle.cache.internal.DefaultFileLockManager] Lock acquired on daemon addresses registry.
2025-10-19T16:29:04.858-0500 [DEBUG] [org.gradle.cache.internal.DefaultFileLockManager] Releasing lock on daemon addresses registry.
2025-10-19T16:29:14.847-0500 [DEBUG] [org.gradle.cache.internal.DefaultFileLockManager] Waiting to acquire shared lock on daemon addresses registry.
2025-10-19T16:29:14.848-0500 [DEBUG] [org.gradle.cache.internal.DefaultFileLockManager] Lock acquired on daemon addresses registry.
2025-10-19T16:29:14.848-0500 [DEBUG] [org.gradle.cache.internal.DefaultFileLockManager] Releasing lock on daemon addresses registry.
2025-10-19T16:29:14.850-0500 [DEBUG] [org.gradle.cache.internal.DefaultFileLockManager] Waiting to acquire shared lock on daemon addresses registry.
2025-10-19T16:29:14.850-0500 [DEBUG] [org.gradle.cache.internal.DefaultFileLockManager] Lock acquired on daemon addresses registry.
2025-10-19T16:29:14.850-0500 [DEBUG] [org.gradle.cache.internal.DefaultFileLockManager] Releasing lock on daemon addresses registry.
2025-10-19T16:29:14.852-0500 [DEBUG] [org.gradle.cache.internal.DefaultFileLockManager] Waiting to acquire shared lock on daemon addresses registry.
2025-10-19T16:29:14.852-0500 [DEBUG] [org.gradle.cache.internal.DefaultFileLockManager] Lock acquired on daemon addresses registry.
2025-10-19T16:29:14.852-0500 [DEBUG] [org.gradle.cache.internal.DefaultFileLockManager] Releasing lock on daemon addresses registry.
2025-10-19T16:29:24.850-0500 [DEBUG] [org.gradle.cache.internal.DefaultFileLockManager] Waiting to acquire shared lock on daemon addresses registry.
2025-10-19T16:29:24.850-0500 [DEBUG] [org.gradle.cache.internal.DefaultFileLockManager] Lock acquired on daemon addresses registry.
2025-10-19T16:29:24.850-0500 [DEBUG] [org.gradle.cache.internal.DefaultFileLockManager] Releasing lock on daemon addresses registry.
2025-10-19T16:29:24.852-0500 [DEBUG] [org.gradle.cache.internal.DefaultFileLockManager] Waiting to acquire shared lock on daemon addresses registry.
2025-10-19T16:29:24.853-0500 [DEBUG] [org.gradle.cache.internal.DefaultFileLockManager] Lock acquired on daemon addresses registry.
2025-10-19T16:29:24.853-0500 [DEBUG] [org.gradle.cache.internal.DefaultFileLockManager] Releasing lock on daemon addresses registry.
2025-10-19T16:29:24.855-0500 [DEBUG] [org.gradle.cache.internal.DefaultFileLockManager] Waiting to acquire shared lock on daemon addresses registry.
2025-10-19T16:29:24.855-0500 [DEBUG] [org.gradle.cache.internal.DefaultFileLockManager] Lock acquired on daemon addresses registry.
2025-10-19T16:29:24.856-0500 [DEBUG] [org.gradle.cache.internal.DefaultFileLockManager] Releasing lock on daemon addresses registry.
2025-10-19T16:29:34.847-0500 [DEBUG] [org.gradle.cache.internal.DefaultFileLockManager] Waiting to acquire shared lock on daemon addresses registry.
2025-10-19T16:29:34.847-0500 [DEBUG] [org.gradle.cache.internal.DefaultFileLockManager] Lock acquired on daemon addresses registry.
2025-10-19T16:29:34.847-0500 [DEBUG] [org.gradle.cache.internal.DefaultFileLockManager] Releasing lock on daemon addresses registry.
2025-10-19T16:29:34.849-0500 [DEBUG] [org.gradle.cache.internal.DefaultFileLockManager] Waiting to acquire shared lock on daemon addresses registry.
2025-10-19T16:29:34.849-0500 [DEBUG] [org.gradle.cache.internal.DefaultFileLockManager] Lock acquired on daemon addresses registry.
2025-10-19T16:29:34.849-0500 [DEBUG] [org.gradle.cache.internal.DefaultFileLockManager] Releasing lock on daemon addresses registry.
2025-10-19T16:29:34.851-0500 [DEBUG] [org.gradle.cache.internal.DefaultFileLockManager] Waiting to acquire shared lock on daemon addresses registry.
2025-10-19T16:29:34.851-0500 [DEBUG] [org.gradle.cache.internal.DefaultFileLockManager] Lock acquired on daemon addresses registry.
2025-10-19T16:29:34.852-0500 [DEBUG] [org.gradle.cache.internal.DefaultFileLockManager] Releasing lock on daemon addresses registry.
2025-10-19T16:29:35.865-0500 [DEBUG] [org.gradle.process.internal.health.memory.DefaultMemoryManager] 841566208 physical memory requested, 777990144 free
2025-10-19T16:29:35.865-0500 [DEBUG] [org.gradle.workers.internal.WorkerDaemonExpiration] Will attempt to release 802 of memory
2025-10-19T16:29:35.865-0500 [DEBUG] [org.gradle.process.internal.health.memory.DefaultMemoryManager] 841566208 physical memory requested, 0 released, 777990144 free
2025-10-19T16:29:44.844-0500 [DEBUG] [org.gradle.cache.internal.DefaultFileLockManager] Waiting to acquire shared lock on daemon addresses registry.
2025-10-19T16:29:44.845-0500 [DEBUG] [org.gradle.cache.internal.DefaultFileLockManager] Lock acquired on daemon addresses registry.
2025-10-19T16:29:44.846-0500 [DEBUG] [org.gradle.cache.internal.DefaultFileLockManager] Releasing lock on daemon addresses registry.
2025-10-19T16:29:44.853-0500 [DEBUG] [org.gradle.cache.internal.DefaultFileLockManager] Waiting to acquire shared lock on daemon addresses registry.
2025-10-19T16:29:44.860-0500 [DEBUG] [org.gradle.cache.internal.DefaultFileLockManager] Lock acquired on daemon addresses registry.
2025-10-19T16:29:44.862-0500 [DEBUG] [org.gradle.cache.internal.DefaultFileLockManager] Releasing lock on daemon addresses registry.
2025-10-19T16:29:44.867-0500 [DEBUG] [org.gradle.cache.internal.DefaultFileLockManager] Waiting to acquire shared lock on daemon addresses registry.
2025-10-19T16:29:44.868-0500 [DEBUG] [org.gradle.cache.internal.DefaultFileLockManager] Lock acquired on daemon addresses registry.
2025-10-19T16:29:44.869-0500 [DEBUG] [org.gradle.cache.internal.DefaultFileLockManager] Releasing lock on daemon addresses registry.
2025-10-19T16:29:54.848-0500 [DEBUG] [org.gradle.cache.internal.DefaultFileLockManager] Waiting to acquire shared lock on daemon addresses registry.
2025-10-19T16:29:54.848-0500 [DEBUG] [org.gradle.cache.internal.DefaultFileLockManager] Lock acquired on daemon addresses registry.
2025-10-19T16:29:54.848-0500 [DEBUG] [org.gradle.cache.internal.DefaultFileLockManager] Releasing lock on daemon addresses registry.
2025-10-19T16:29:54.850-0500 [DEBUG] [org.gradle.cache.internal.DefaultFileLockManager] Waiting to acquire shared lock on daemon addresses registry.
2025-10-19T16:29:54.850-0500 [DEBUG] [org.gradle.cache.internal.DefaultFileLockManager] Lock acquired on daemon addresses registry.
2025-10-19T16:29:54.850-0500 [DEBUG] [org.gradle.cache.internal.DefaultFileLockManager] Releasing lock on daemon addresses registry.
2025-10-19T16:29:54.852-0500 [DEBUG] [org.gradle.cache.internal.DefaultFileLockManager] Waiting to acquire shared lock on daemon addresses registry.
2025-10-19T16:29:54.852-0500 [DEBUG] [org.gradle.cache.internal.DefaultFileLockManager] Lock acquired on daemon addresses registry.
2025-10-19T16:29:54.852-0500 [DEBUG] [org.gradle.cache.internal.DefaultFileLockManager] Releasing lock on daemon addresses registry.
2025-10-19T16:29:55.866-0500 [DEBUG] [org.gradle.process.internal.health.memory.DefaultMemoryManager] 841566208 physical memory requested, 747409408 free
2025-10-19T16:29:55.866-0500 [DEBUG] [org.gradle.workers.internal.WorkerDaemonExpiration] Will attempt to release 802 of memory
2025-10-19T16:29:55.866-0500 [DEBUG] [org.gradle.process.internal.health.memory.DefaultMemoryManager] 841566208 physical memory requested, 0 released, 747409408 free
2025-10-19T16:30:00.858-0500 [DEBUG] [org.gradle.process.internal.health.memory.DefaultMemoryManager] 841566208 physical memory requested, 645910528 free
2025-10-19T16:30:00.859-0500 [DEBUG] [org.gradle.workers.internal.WorkerDaemonExpiration] Will attempt to release 802 of memory
2025-10-19T16:30:00.859-0500 [DEBUG] [org.gradle.process.internal.health.memory.DefaultMemoryManager] 841566208 physical memory requested, 0 released, 645910528 free
2025-10-19T16:30:04.847-0500 [DEBUG] [org.gradle.cache.internal.DefaultFileLockManager] Waiting to acquire shared lock on daemon addresses registry.
2025-10-19T16:30:04.847-0500 [DEBUG] [org.gradle.cache.internal.DefaultFileLockManager] Lock acquired on daemon addresses registry.
2025-10-19T16:30:04.848-0500 [DEBUG] [org.gradle.cache.internal.DefaultFileLockManager] Releasing lock on daemon addresses registry.
2025-10-19T16:30:04.851-0500 [DEBUG] [org.gradle.cache.internal.DefaultFileLockManager] Waiting to acquire shared lock on daemon addresses registry.
2025-10-19T16:30:04.851-0500 [DEBUG] [org.gradle.cache.internal.DefaultFileLockManager] Lock acquired on daemon addresses registry.
2025-10-19T16:30:04.852-0500 [DEBUG] [org.gradle.cache.internal.DefaultFileLockManager] Releasing lock on daemon addresses registry.
2025-10-19T16:30:04.854-0500 [DEBUG] [org.gradle.cache.internal.DefaultFileLockManager] Waiting to acquire shared lock on daemon addresses registry.
2025-10-19T16:30:04.854-0500 [DEBUG] [org.gradle.cache.internal.DefaultFileLockManager] Lock acquired on daemon addresses registry.
2025-10-19T16:30:04.855-0500 [DEBUG] [org.gradle.cache.internal.DefaultFileLockManager] Releasing lock on daemon addresses registry.
2025-10-19T16:30:05.863-0500 [DEBUG] [org.gradle.process.internal.health.memory.DefaultMemoryManager] 841566208 physical memory requested, 641617920 free
2025-10-19T16:30:05.864-0500 [DEBUG] [org.gradle.workers.internal.WorkerDaemonExpiration] Will attempt to release 802 of memory
2025-10-19T16:30:05.868-0500 [DEBUG] [org.gradle.process.internal.health.memory.DefaultMemoryManager] 841566208 physical memory requested, 0 released, 641617920 free
2025-10-19T16:30:10.864-0500 [DEBUG] [org.gradle.process.internal.health.memory.DefaultMemoryManager] 841566208 physical memory requested, 639463424 free
2025-10-19T16:30:10.864-0500 [DEBUG] [org.gradle.workers.internal.WorkerDaemonExpiration] Will attempt to release 802 of memory
2025-10-19T16:30:10.864-0500 [DEBUG] [org.gradle.process.internal.health.memory.DefaultMemoryManager] 841566208 physical memory requested, 0 released, 639463424 free
2025-10-19T16:30:14.853-0500 [DEBUG] [org.gradle.cache.internal.DefaultFileLockManager] Waiting to acquire shared lock on daemon addresses registry.
2025-10-19T16:30:14.854-0500 [DEBUG] [org.gradle.cache.internal.DefaultFileLockManager] Lock acquired on daemon addresses registry.
2025-10-19T16:30:14.854-0500 [DEBUG] [org.gradle.cache.internal.DefaultFileLockManager] Releasing lock on daemon addresses registry.
2025-10-19T16:30:14.863-0500 [DEBUG] [org.gradle.cache.internal.DefaultFileLockManager] Waiting to acquire shared lock on daemon addresses registry.
2025-10-19T16:30:14.863-0500 [DEBUG] [org.gradle.cache.internal.DefaultFileLockManager] Lock acquired on daemon addresses registry.
2025-10-19T16:30:14.864-0500 [DEBUG] [org.gradle.cache.internal.DefaultFileLockManager] Releasing lock on daemon addresses registry.
2025-10-19T16:30:14.866-0500 [DEBUG] [org.gradle.cache.internal.DefaultFileLockManager] Waiting to acquire shared lock on daemon addresses registry.
2025-10-19T16:30:14.866-0500 [DEBUG] [org.gradle.cache.internal.DefaultFileLockManager] Lock acquired on daemon addresses registry.
2025-10-19T16:30:14.866-0500 [DEBUG] [org.gradle.cache.internal.DefaultFileLockManager] Releasing lock on daemon addresses registry.
2025-10-19T16:30:15.862-0500 [DEBUG] [org.gradle.process.internal.health.memory.DefaultMemoryManager] 841566208 physical memory requested, 702222336 free
2025-10-19T16:30:15.862-0500 [DEBUG] [org.gradle.workers.internal.WorkerDaemonExpiration] Will attempt to release 802 of memory
2025-10-19T16:30:15.863-0500 [DEBUG] [org.gradle.process.internal.health.memory.DefaultMemoryManager] 841566208 physical memory requested, 0 released, 702222336 free
2025-10-19T16:30:24.845-0500 [DEBUG] [org.gradle.cache.internal.DefaultFileLockManager] Waiting to acquire shared lock on daemon addresses registry.
2025-10-19T16:30:24.845-0500 [DEBUG] [org.gradle.cache.internal.DefaultFileLockManager] Lock acquired on daemon addresses registry.
2025-10-19T16:30:24.845-0500 [DEBUG] [org.gradle.cache.internal.DefaultFileLockManager] Releasing lock on daemon addresses registry.
2025-10-19T16:30:24.846-0500 [DEBUG] [org.gradle.cache.internal.DefaultFileLockManager] Waiting to acquire shared lock on daemon addresses registry.
2025-10-19T16:30:24.846-0500 [DEBUG] [org.gradle.cache.internal.DefaultFileLockManager] Lock acquired on daemon addresses registry.
2025-10-19T16:30:24.846-0500 [DEBUG] [org.gradle.cache.internal.DefaultFileLockManager] Releasing lock on daemon addresses registry.
2025-10-19T16:30:24.848-0500 [DEBUG] [org.gradle.cache.internal.DefaultFileLockManager] Waiting to acquire shared lock on daemon addresses registry.
2025-10-19T16:30:24.848-0500 [DEBUG] [org.gradle.cache.internal.DefaultFileLockManager] Lock acquired on daemon addresses registry.
2025-10-19T16:30:24.848-0500 [DEBUG] [org.gradle.cache.internal.DefaultFileLockManager] Releasing lock on daemon addresses registry.
2025-10-19T16:30:34.848-0500 [DEBUG] [org.gradle.cache.internal.DefaultFileLockManager] Waiting to acquire shared lock on daemon addresses registry.
2025-10-19T16:30:34.848-0500 [DEBUG] [org.gradle.cache.internal.DefaultFileLockManager] Lock acquired on daemon addresses registry.
2025-10-19T16:30:34.849-0500 [DEBUG] [org.gradle.cache.internal.DefaultFileLockManager] Releasing lock on daemon addresses registry.
2025-10-19T16:30:34.851-0500 [DEBUG] [org.gradle.cache.internal.DefaultFileLockManager] Waiting to acquire shared lock on daemon addresses registry.
2025-10-19T16:30:34.851-0500 [DEBUG] [org.gradle.cache.internal.DefaultFileLockManager] Lock acquired on daemon addresses registry.
2025-10-19T16:30:34.852-0500 [DEBUG] [org.gradle.cache.internal.DefaultFileLockManager] Releasing lock on daemon addresses registry.
2025-10-19T16:30:34.854-0500 [DEBUG] [org.gradle.cache.internal.DefaultFileLockManager] Waiting to acquire shared lock on daemon addresses registry.
2025-10-19T16:30:34.854-0500 [DEBUG] [org.gradle.cache.internal.DefaultFileLockManager] Lock acquired on daemon addresses registry.
2025-10-19T16:30:34.855-0500 [DEBUG] [org.gradle.cache.internal.DefaultFileLockManager] Releasing lock on daemon addresses registry.
2025-10-19T16:30:44.840-0500 [DEBUG] [org.gradle.cache.internal.DefaultFileLockManager] Waiting to acquire shared lock on daemon addresses registry.
2025-10-19T16:30:44.840-0500 [DEBUG] [org.gradle.cache.internal.DefaultFileLockManager] Lock acquired on daemon addresses registry.
2025-10-19T16:30:44.841-0500 [DEBUG] [org.gradle.cache.internal.DefaultFileLockManager] Releasing lock on daemon addresses registry.
2025-10-19T16:30:44.842-0500 [DEBUG] [org.gradle.cache.internal.DefaultFileLockManager] Waiting to acquire shared lock on daemon addresses registry.
2025-10-19T16:30:44.843-0500 [DEBUG] [org.gradle.cache.internal.DefaultFileLockManager] Lock acquired on daemon addresses registry.
2025-10-19T16:30:44.843-0500 [DEBUG] [org.gradle.cache.internal.DefaultFileLockManager] Releasing lock on daemon addresses registry.
2025-10-19T16:30:44.845-0500 [DEBUG] [org.gradle.cache.internal.DefaultFileLockManager] Waiting to acquire shared lock on daemon addresses registry.
2025-10-19T16:30:44.845-0500 [DEBUG] [org.gradle.cache.internal.DefaultFileLockManager] Lock acquired on daemon addresses registry.
2025-10-19T16:30:44.845-0500 [DEBUG] [org.gradle.cache.internal.DefaultFileLockManager] Releasing lock on daemon addresses registry.
2025-10-19T16:30:54.846-0500 [DEBUG] [org.gradle.cache.internal.DefaultFileLockManager] Waiting to acquire shared lock on daemon addresses registry.
2025-10-19T16:30:54.846-0500 [DEBUG] [org.gradle.cache.internal.DefaultFileLockManager] Lock acquired on daemon addresses registry.
2025-10-19T16:30:54.847-0500 [DEBUG] [org.gradle.cache.internal.DefaultFileLockManager] Releasing lock on daemon addresses registry.
2025-10-19T16:30:54.850-0500 [DEBUG] [org.gradle.cache.internal.DefaultFileLockManager] Waiting to acquire shared lock on daemon addresses registry.
2025-10-19T16:30:54.850-0500 [DEBUG] [org.gradle.cache.internal.DefaultFileLockManager] Lock acquired on daemon addresses registry.
2025-10-19T16:30:54.850-0500 [DEBUG] [org.gradle.cache.internal.DefaultFileLockManager] Releasing lock on daemon addresses registry.
2025-10-19T16:30:54.853-0500 [DEBUG] [org.gradle.cache.internal.DefaultFileLockManager] Waiting to acquire shared lock on daemon addresses registry.
2025-10-19T16:30:54.853-0500 [DEBUG] [org.gradle.cache.internal.DefaultFileLockManager] Lock acquired on daemon addresses registry.
2025-10-19T16:30:54.854-0500 [DEBUG] [org.gradle.cache.internal.DefaultFileLockManager] Releasing lock on daemon addresses registry.
2025-10-19T16:31:04.848-0500 [DEBUG] [org.gradle.cache.internal.DefaultFileLockManager] Waiting to acquire shared lock on daemon addresses registry.
2025-10-19T16:31:04.849-0500 [DEBUG] [org.gradle.cache.internal.DefaultFileLockManager] Lock acquired on daemon addresses registry.
2025-10-19T16:31:04.850-0500 [DEBUG] [org.gradle.cache.internal.DefaultFileLockManager] Releasing lock on daemon addresses registry.
2025-10-19T16:31:04.852-0500 [DEBUG] [org.gradle.cache.internal.DefaultFileLockManager] Waiting to acquire shared lock on daemon addresses registry.
2025-10-19T16:31:04.853-0500 [DEBUG] [org.gradle.cache.internal.DefaultFileLockManager] Lock acquired on daemon addresses registry.
2025-10-19T16:31:04.853-0500 [DEBUG] [org.gradle.cache.internal.DefaultFileLockManager] Releasing lock on daemon addresses registry.
2025-10-19T16:31:04.854-0500 [DEBUG] [org.gradle.cache.internal.DefaultFileLockManager] Waiting to acquire shared lock on daemon addresses registry.
2025-10-19T16:31:04.854-0500 [DEBUG] [org.gradle.cache.internal.DefaultFileLockManager] Lock acquired on daemon addresses registry.
2025-10-19T16:31:04.855-0500 [DEBUG] [org.gradle.cache.internal.DefaultFileLockManager] Releasing lock on daemon addresses registry.
2025-10-19T16:31:05.860-0500 [DEBUG] [org.gradle.process.internal.health.memory.DefaultMemoryManager] 841566208 physical memory requested, 781684736 free
2025-10-19T16:31:05.861-0500 [DEBUG] [org.gradle.workers.internal.WorkerDaemonExpiration] Will attempt to release 802 of memory
2025-10-19T16:31:05.861-0500 [DEBUG] [org.gradle.process.internal.health.memory.DefaultMemoryManager] 841566208 physical memory requested, 0 released, 781684736 free
2025-10-19T16:31:10.857-0500 [DEBUG] [org.gradle.process.internal.health.memory.DefaultMemoryManager] 841566208 physical memory requested, 822886400 free
2025-10-19T16:31:10.858-0500 [DEBUG] [org.gradle.workers.internal.WorkerDaemonExpiration] Will attempt to release 802 of memory
2025-10-19T16:31:10.858-0500 [DEBUG] [org.gradle.process.internal.health.memory.DefaultMemoryManager] 841566208 physical memory requested, 0 released, 822886400 free
2025-10-19T16:31:14.847-0500 [DEBUG] [org.gradle.cache.internal.DefaultFileLockManager] Waiting to acquire shared lock on daemon addresses registry.
2025-10-19T16:31:14.848-0500 [DEBUG] [org.gradle.cache.internal.DefaultFileLockManager] Lock acquired on daemon addresses registry.
2025-10-19T16:31:14.849-0500 [DEBUG] [org.gradle.cache.internal.DefaultFileLockManager] Releasing lock on daemon addresses registry.
2025-10-19T16:31:14.855-0500 [DEBUG] [org.gradle.cache.internal.DefaultFileLockManager] Waiting to acquire shared lock on daemon addresses registry.
2025-10-19T16:31:14.855-0500 [DEBUG] [org.gradle.cache.internal.DefaultFileLockManager] Lock acquired on daemon addresses registry.
2025-10-19T16:31:14.857-0500 [DEBUG] [org.gradle.cache.internal.DefaultFileLockManager] Releasing lock on daemon addresses registry.
2025-10-19T16:31:14.862-0500 [DEBUG] [org.gradle.cache.internal.DefaultFileLockManager] Waiting to acquire shared lock on daemon addresses registry.
2025-10-19T16:31:14.862-0500 [DEBUG] [org.gradle.cache.internal.DefaultFileLockManager] Lock acquired on daemon addresses registry.
2025-10-19T16:31:14.864-0500 [DEBUG] [org.gradle.cache.internal.DefaultFileLockManager] Releasing lock on daemon addresses registry.
2025-10-19T16:31:24.850-0500 [DEBUG] [org.gradle.cache.internal.DefaultFileLockManager] Waiting to acquire shared lock on daemon addresses registry.
2025-10-19T16:31:24.850-0500 [DEBUG] [org.gradle.cache.internal.DefaultFileLockManager] Lock acquired on daemon addresses registry.
2025-10-19T16:31:24.851-0500 [DEBUG] [org.gradle.cache.internal.DefaultFileLockManager] Releasing lock on daemon addresses registry.
2025-10-19T16:31:24.852-0500 [DEBUG] [org.gradle.cache.internal.DefaultFileLockManager] Waiting to acquire shared lock on daemon addresses registry.
2025-10-19T16:31:24.852-0500 [DEBUG] [org.gradle.cache.internal.DefaultFileLockManager] Lock acquired on daemon addresses registry.
2025-10-19T16:31:24.853-0500 [DEBUG] [org.gradle.cache.internal.DefaultFileLockManager] Releasing lock on daemon addresses registry.
2025-10-19T16:31:24.854-0500 [DEBUG] [org.gradle.cache.internal.DefaultFileLockManager] Waiting to acquire shared lock on daemon addresses registry.
2025-10-19T16:31:24.854-0500 [DEBUG] [org.gradle.cache.internal.DefaultFileLockManager] Lock acquired on daemon addresses registry.
2025-10-19T16:31:24.855-0500 [DEBUG] [org.gradle.cache.internal.DefaultFileLockManager] Releasing lock on daemon addresses registry.
2025-10-19T16:31:34.851-0500 [DEBUG] [org.gradle.cache.internal.DefaultFileLockManager] Waiting to acquire shared lock on daemon addresses registry.
2025-10-19T16:31:34.851-0500 [DEBUG] [org.gradle.cache.internal.DefaultFileLockManager] Lock acquired on daemon addresses registry.
2025-10-19T16:31:34.852-0500 [DEBUG] [org.gradle.cache.internal.DefaultFileLockManager] Releasing lock on daemon addresses registry.
2025-10-19T16:31:34.857-0500 [DEBUG] [org.gradle.cache.internal.DefaultFileLockManager] Waiting to acquire shared lock on daemon addresses registry.
2025-10-19T16:31:34.857-0500 [DEBUG] [org.gradle.cache.internal.DefaultFileLockManager] Lock acquired on daemon addresses registry.
2025-10-19T16:31:34.858-0500 [DEBUG] [org.gradle.cache.internal.DefaultFileLockManager] Releasing lock on daemon addresses registry.
2025-10-19T16:31:34.863-0500 [DEBUG] [org.gradle.cache.internal.DefaultFileLockManager] Waiting to acquire shared lock on daemon addresses registry.
2025-10-19T16:31:34.863-0500 [DEBUG] [org.gradle.cache.internal.DefaultFileLockManager] Lock acquired on daemon addresses registry.
2025-10-19T16:31:34.864-0500 [DEBUG] [org.gradle.cache.internal.DefaultFileLockManager] Releasing lock on daemon addresses registry.
2025-10-19T16:31:44.845-0500 [DEBUG] [org.gradle.cache.internal.DefaultFileLockManager] Waiting to acquire shared lock on daemon addresses registry.
2025-10-19T16:31:44.845-0500 [DEBUG] [org.gradle.cache.internal.DefaultFileLockManager] Lock acquired on daemon addresses registry.
2025-10-19T16:31:44.846-0500 [DEBUG] [org.gradle.cache.internal.DefaultFileLockManager] Releasing lock on daemon addresses registry.
2025-10-19T16:31:44.847-0500 [DEBUG] [org.gradle.cache.internal.DefaultFileLockManager] Waiting to acquire shared lock on daemon addresses registry.
2025-10-19T16:31:44.847-0500 [DEBUG] [org.gradle.cache.internal.DefaultFileLockManager] Lock acquired on daemon addresses registry.
2025-10-19T16:31:44.848-0500 [DEBUG] [org.gradle.cache.internal.DefaultFileLockManager] Releasing lock on daemon addresses registry.
2025-10-19T16:31:44.849-0500 [DEBUG] [org.gradle.cache.internal.DefaultFileLockManager] Waiting to acquire shared lock on daemon addresses registry.
2025-10-19T16:31:44.849-0500 [DEBUG] [org.gradle.cache.internal.DefaultFileLockManager] Lock acquired on daemon addresses registry.
2025-10-19T16:31:44.850-0500 [DEBUG] [org.gradle.cache.internal.DefaultFileLockManager] Releasing lock on daemon addresses registry.
2025-10-19T16:31:54.846-0500 [DEBUG] [org.gradle.cache.internal.DefaultFileLockManager] Waiting to acquire shared lock on daemon addresses registry.
2025-10-19T16:31:54.846-0500 [DEBUG] [org.gradle.cache.internal.DefaultFileLockManager] Lock acquired on daemon addresses registry.
2025-10-19T16:31:54.847-0500 [DEBUG] [org.gradle.cache.internal.DefaultFileLockManager] Releasing lock on daemon addresses registry.
2025-10-19T16:31:54.852-0500 [DEBUG] [org.gradle.cache.internal.DefaultFileLockManager] Waiting to acquire shared lock on daemon addresses registry.
2025-10-19T16:31:54.852-0500 [DEBUG] [org.gradle.cache.internal.DefaultFileLockManager] Lock acquired on daemon addresses registry.
2025-10-19T16:31:54.853-0500 [DEBUG] [org.gradle.cache.internal.DefaultFileLockManager] Releasing lock on daemon addresses registry.
2025-10-19T16:31:54.859-0500 [DEBUG] [org.gradle.cache.internal.DefaultFileLockManager] Waiting to acquire shared lock on daemon addresses registry.
2025-10-19T16:31:54.860-0500 [DEBUG] [org.gradle.cache.internal.DefaultFileLockManager] Lock acquired on daemon addresses registry.
2025-10-19T16:31:54.861-0500 [DEBUG] [org.gradle.cache.internal.DefaultFileLockManager] Releasing lock on daemon addresses registry.
2025-10-19T16:32:00.868-0500 [DEBUG] [org.gradle.process.internal.health.memory.DefaultMemoryManager] 841566208 physical memory requested, 827432960 free
2025-10-19T16:32:00.868-0500 [DEBUG] [org.gradle.workers.internal.WorkerDaemonExpiration] Will attempt to release 802 of memory
2025-10-19T16:32:00.868-0500 [DEBUG] [org.gradle.process.internal.health.memory.DefaultMemoryManager] 841566208 physical memory requested, 0 released, 827432960 free
2025-10-19T16:32:04.845-0500 [DEBUG] [org.gradle.cache.internal.DefaultFileLockManager] Waiting to acquire shared lock on daemon addresses registry.
2025-10-19T16:32:04.846-0500 [DEBUG] [org.gradle.cache.internal.DefaultFileLockManager] Lock acquired on daemon addresses registry.
2025-10-19T16:32:04.847-0500 [DEBUG] [org.gradle.cache.internal.DefaultFileLockManager] Releasing lock on daemon addresses registry.
2025-10-19T16:32:04.852-0500 [DEBUG] [org.gradle.cache.internal.DefaultFileLockManager] Waiting to acquire shared lock on daemon addresses registry.
2025-10-19T16:32:04.853-0500 [DEBUG] [org.gradle.cache.internal.DefaultFileLockManager] Lock acquired on daemon addresses registry.
2025-10-19T16:32:04.857-0500 [DEBUG] [org.gradle.cache.internal.DefaultFileLockManager] Releasing lock on daemon addresses registry.
2025-10-19T16:32:04.861-0500 [DEBUG] [org.gradle.cache.internal.DefaultFileLockManager] Waiting to acquire shared lock on daemon addresses registry.
2025-10-19T16:32:04.861-0500 [DEBUG] [org.gradle.cache.internal.DefaultFileLockManager] Lock acquired on daemon addresses registry.
2025-10-19T16:32:04.862-0500 [DEBUG] [org.gradle.cache.internal.DefaultFileLockManager] Releasing lock on daemon addresses registry.
2025-10-19T16:32:10.863-0500 [DEBUG] [org.gradle.process.internal.health.memory.DefaultMemoryManager] 841566208 physical memory requested, 820469760 free
2025-10-19T16:32:10.864-0500 [DEBUG] [org.gradle.workers.internal.WorkerDaemonExpiration] Will attempt to release 802 of memory
2025-10-19T16:32:10.864-0500 [DEBUG] [org.gradle.process.internal.health.memory.DefaultMemoryManager] 841566208 physical memory requested, 0 released, 820469760 free
2025-10-19T16:32:14.843-0500 [DEBUG] [org.gradle.cache.internal.DefaultFileLockManager] Waiting to acquire shared lock on daemon addresses registry.
2025-10-19T16:32:14.844-0500 [DEBUG] [org.gradle.cache.internal.DefaultFileLockManager] Lock acquired on daemon addresses registry.
2025-10-19T16:32:14.845-0500 [DEBUG] [org.gradle.cache.internal.DefaultFileLockManager] Releasing lock on daemon addresses registry.
2025-10-19T16:32:14.848-0500 [DEBUG] [org.gradle.cache.internal.DefaultFileLockManager] Waiting to acquire shared lock on daemon addresses registry.
2025-10-19T16:32:14.849-0500 [DEBUG] [org.gradle.cache.internal.DefaultFileLockManager] Lock acquired on daemon addresses registry.
2025-10-19T16:32:14.850-0500 [DEBUG] [org.gradle.cache.internal.DefaultFileLockManager] Releasing lock on daemon addresses registry.
2025-10-19T16:32:14.854-0500 [DEBUG] [org.gradle.cache.internal.DefaultFileLockManager] Waiting to acquire shared lock on daemon addresses registry.
2025-10-19T16:32:14.854-0500 [DEBUG] [org.gradle.cache.internal.DefaultFileLockManager] Lock acquired on daemon addresses registry.
2025-10-19T16:32:14.855-0500 [DEBUG] [org.gradle.cache.internal.DefaultFileLockManager] Releasing lock on daemon addresses registry.
2025-10-19T16:32:15.867-0500 [DEBUG] [org.gradle.process.internal.health.memory.DefaultMemoryManager] 841566208 physical memory requested, 791355392 free
2025-10-19T16:32:15.867-0500 [DEBUG] [org.gradle.workers.internal.WorkerDaemonExpiration] Will attempt to release 802 of memory
2025-10-19T16:32:15.867-0500 [DEBUG] [org.gradle.process.internal.health.memory.DefaultMemoryManager] 841566208 physical memory requested, 0 released, 791355392 free
2025-10-19T16:32:20.865-0500 [DEBUG] [org.gradle.process.internal.health.memory.DefaultMemoryManager] 841566208 physical memory requested, 734597120 free
2025-10-19T16:32:20.865-0500 [DEBUG] [org.gradle.workers.internal.WorkerDaemonExpiration] Will attempt to release 802 of memory
2025-10-19T16:32:20.865-0500 [DEBUG] [org.gradle.process.internal.health.memory.DefaultMemoryManager] 841566208 physical memory requested, 0 released, 734597120 free
2025-10-19T16:32:24.843-0500 [DEBUG] [org.gradle.cache.internal.DefaultFileLockManager] Waiting to acquire shared lock on daemon addresses registry.
2025-10-19T16:32:24.843-0500 [DEBUG] [org.gradle.cache.internal.DefaultFileLockManager] Lock acquired on daemon addresses registry.
2025-10-19T16:32:24.844-0500 [DEBUG] [org.gradle.cache.internal.DefaultFileLockManager] Releasing lock on daemon addresses registry.
2025-10-19T16:32:24.845-0500 [DEBUG] [org.gradle.cache.internal.DefaultFileLockManager] Waiting to acquire shared lock on daemon addresses registry.
2025-10-19T16:32:24.845-0500 [DEBUG] [org.gradle.cache.internal.DefaultFileLockManager] Lock acquired on daemon addresses registry.
2025-10-19T16:32:24.845-0500 [DEBUG] [org.gradle.cache.internal.DefaultFileLockManager] Releasing lock on daemon addresses registry.
2025-10-19T16:32:24.846-0500 [DEBUG] [org.gradle.cache.internal.DefaultFileLockManager] Waiting to acquire shared lock on daemon addresses registry.
2025-10-19T16:32:24.846-0500 [DEBUG] [org.gradle.cache.internal.DefaultFileLockManager] Lock acquired on daemon addresses registry.
2025-10-19T16:32:24.846-0500 [DEBUG] [org.gradle.cache.internal.DefaultFileLockManager] Releasing lock on daemon addresses registry.
2025-10-19T16:32:25.860-0500 [DEBUG] [org.gradle.process.internal.health.memory.DefaultMemoryManager] 841566208 physical memory requested, 667066368 free
2025-10-19T16:32:25.860-0500 [DEBUG] [org.gradle.workers.internal.WorkerDaemonExpiration] Will attempt to release 802 of memory
2025-10-19T16:32:25.860-0500 [DEBUG] [org.gradle.process.internal.health.memory.DefaultMemoryManager] 841566208 physical memory requested, 0 released, 667066368 free
2025-10-19T16:32:30.882-0500 [DEBUG] [org.gradle.process.internal.health.memory.DefaultMemoryManager] 841566208 physical memory requested, 667373568 free
2025-10-19T16:32:30.883-0500 [DEBUG] [org.gradle.workers.internal.WorkerDaemonExpiration] Will attempt to release 802 of memory
2025-10-19T16:32:30.883-0500 [DEBUG] [org.gradle.process.internal.health.memory.DefaultMemoryManager] 841566208 physical memory requested, 0 released, 667373568 free
2025-10-19T16:32:34.844-0500 [DEBUG] [org.gradle.cache.internal.DefaultFileLockManager] Waiting to acquire shared lock on daemon addresses registry.
2025-10-19T16:32:34.844-0500 [DEBUG] [org.gradle.cache.internal.DefaultFileLockManager] Lock acquired on daemon addresses registry.
2025-10-19T16:32:34.845-0500 [DEBUG] [org.gradle.cache.internal.DefaultFileLockManager] Releasing lock on daemon addresses registry.
2025-10-19T16:32:34.846-0500 [DEBUG] [org.gradle.cache.internal.DefaultFileLockManager] Waiting to acquire shared lock on daemon addresses registry.
2025-10-19T16:32:34.846-0500 [DEBUG] [org.gradle.cache.internal.DefaultFileLockManager] Lock acquired on daemon addresses registry.
2025-10-19T16:32:34.848-0500 [DEBUG] [org.gradle.cache.internal.DefaultFileLockManager] Releasing lock on daemon addresses registry.
2025-10-19T16:32:34.849-0500 [DEBUG] [org.gradle.cache.internal.DefaultFileLockManager] Waiting to acquire shared lock on daemon addresses registry.
2025-10-19T16:32:34.849-0500 [DEBUG] [org.gradle.cache.internal.DefaultFileLockManager] Lock acquired on daemon addresses registry.
2025-10-19T16:32:34.849-0500 [DEBUG] [org.gradle.cache.internal.DefaultFileLockManager] Releasing lock on daemon addresses registry.
2025-10-19T16:32:35.869-0500 [DEBUG] [org.gradle.process.internal.health.memory.DefaultMemoryManager] 841566208 physical memory requested, 552435712 free
2025-10-19T16:32:35.869-0500 [DEBUG] [org.gradle.workers.internal.WorkerDaemonExpiration] Will attempt to release 802 of memory
2025-10-19T16:32:35.870-0500 [DEBUG] [org.gradle.process.internal.health.memory.DefaultMemoryManager] 841566208 physical memory requested, 0 released, 552435712 free
2025-10-19T16:32:40.867-0500 [DEBUG] [org.gradle.process.internal.health.memory.DefaultMemoryManager] 841566208 physical memory requested, 617984000 free
2025-10-19T16:32:40.868-0500 [DEBUG] [org.gradle.workers.internal.WorkerDaemonExpiration] Will attempt to release 802 of memory
2025-10-19T16:32:40.868-0500 [DEBUG] [org.gradle.process.internal.health.memory.DefaultMemoryManager] 841566208 physical memory requested, 0 released, 617984000 free
2025-10-19T16:32:44.844-0500 [DEBUG] [org.gradle.cache.internal.DefaultFileLockManager] Waiting to acquire shared lock on daemon addresses registry.
2025-10-19T16:32:44.844-0500 [DEBUG] [org.gradle.cache.internal.DefaultFileLockManager] Lock acquired on daemon addresses registry.
2025-10-19T16:32:44.845-0500 [DEBUG] [org.gradle.cache.internal.DefaultFileLockManager] Releasing lock on daemon addresses registry.
2025-10-19T16:32:44.846-0500 [DEBUG] [org.gradle.cache.internal.DefaultFileLockManager] Waiting to acquire shared lock on daemon addresses registry.
2025-10-19T16:32:44.846-0500 [DEBUG] [org.gradle.cache.internal.DefaultFileLockManager] Lock acquired on daemon addresses registry.
2025-10-19T16:32:44.847-0500 [DEBUG] [org.gradle.cache.internal.DefaultFileLockManager] Releasing lock on daemon addresses registry.
2025-10-19T16:32:44.848-0500 [DEBUG] [org.gradle.cache.internal.DefaultFileLockManager] Waiting to acquire shared lock on daemon addresses registry.
2025-10-19T16:32:44.848-0500 [DEBUG] [org.gradle.cache.internal.DefaultFileLockManager] Lock acquired on daemon addresses registry.
2025-10-19T16:32:44.849-0500 [DEBUG] [org.gradle.cache.internal.DefaultFileLockManager] Releasing lock on daemon addresses registry.
2025-10-19T16:32:45.854-0500 [DEBUG] [org.gradle.process.internal.health.memory.DefaultMemoryManager] 841566208 physical memory requested, 605790208 free
2025-10-19T16:32:45.855-0500 [DEBUG] [org.gradle.workers.internal.WorkerDaemonExpiration] Will attempt to release 802 of memory
2025-10-19T16:32:45.855-0500 [DEBUG] [org.gradle.process.internal.health.memory.DefaultMemoryManager] 841566208 physical memory requested, 0 released, 605790208 free
2025-10-19T16:32:50.864-0500 [DEBUG] [org.gradle.process.internal.health.memory.DefaultMemoryManager] 841566208 physical memory requested, 605442048 free
2025-10-19T16:32:50.864-0500 [DEBUG] [org.gradle.workers.internal.WorkerDaemonExpiration] Will attempt to release 802 of memory
2025-10-19T16:32:50.864-0500 [DEBUG] [org.gradle.process.internal.health.memory.DefaultMemoryManager] 841566208 physical memory requested, 0 released, 605442048 free
2025-10-19T16:32:54.845-0500 [DEBUG] [org.gradle.cache.internal.DefaultFileLockManager] Waiting to acquire shared lock on daemon addresses registry.
2025-10-19T16:32:54.845-0500 [DEBUG] [org.gradle.cache.internal.DefaultFileLockManager] Lock acquired on daemon addresses registry.
2025-10-19T16:32:54.846-0500 [DEBUG] [org.gradle.cache.internal.DefaultFileLockManager] Releasing lock on daemon addresses registry.
2025-10-19T16:32:54.851-0500 [DEBUG] [org.gradle.cache.internal.DefaultFileLockManager] Waiting to acquire shared lock on daemon addresses registry.
2025-10-19T16:32:54.851-0500 [DEBUG] [org.gradle.cache.internal.DefaultFileLockManager] Lock acquired on daemon addresses registry.
2025-10-19T16:32:54.852-0500 [DEBUG] [org.gradle.cache.internal.DefaultFileLockManager] Releasing lock on daemon addresses registry.
2025-10-19T16:32:54.856-0500 [DEBUG] [org.gradle.cache.internal.DefaultFileLockManager] Waiting to acquire shared lock on daemon addresses registry.
2025-10-19T16:32:54.856-0500 [DEBUG] [org.gradle.cache.internal.DefaultFileLockManager] Lock acquired on daemon addresses registry.
2025-10-19T16:32:54.857-0500 [DEBUG] [org.gradle.cache.internal.DefaultFileLockManager] Releasing lock on daemon addresses registry.
2025-10-19T16:32:55.865-0500 [DEBUG] [org.gradle.process.internal.health.memory.DefaultMemoryManager] 841566208 physical memory requested, 606523392 free
2025-10-19T16:32:55.865-0500 [DEBUG] [org.gradle.workers.internal.WorkerDaemonExpiration] Will attempt to release 802 of memory
2025-10-19T16:32:55.865-0500 [DEBUG] [org.gradle.process.internal.health.memory.DefaultMemoryManager] 841566208 physical memory requested, 0 released, 606523392 free
2025-10-19T16:33:00.867-0500 [DEBUG] [org.gradle.process.internal.health.memory.DefaultMemoryManager] 841566208 physical memory requested, 598609920 free
2025-10-19T16:33:00.867-0500 [DEBUG] [org.gradle.workers.internal.WorkerDaemonExpiration] Will attempt to release 802 of memory
2025-10-19T16:33:00.868-0500 [DEBUG] [org.gradle.process.internal.health.memory.DefaultMemoryManager] 841566208 physical memory requested, 0 released, 598609920 free
2025-10-19T16:33:04.847-0500 [DEBUG] [org.gradle.cache.internal.DefaultFileLockManager] Waiting to acquire shared lock on daemon addresses registry.
2025-10-19T16:33:04.847-0500 [DEBUG] [org.gradle.cache.internal.DefaultFileLockManager] Lock acquired on daemon addresses registry.
2025-10-19T16:33:04.848-0500 [DEBUG] [org.gradle.cache.internal.DefaultFileLockManager] Releasing lock on daemon addresses registry.
2025-10-19T16:33:04.853-0500 [DEBUG] [org.gradle.cache.internal.DefaultFileLockManager] Waiting to acquire shared lock on daemon addresses registry.
2025-10-19T16:33:04.853-0500 [DEBUG] [org.gradle.cache.internal.DefaultFileLockManager] Lock acquired on daemon addresses registry.
2025-10-19T16:33:04.854-0500 [DEBUG] [org.gradle.cache.internal.DefaultFileLockManager] Releasing lock on daemon addresses registry.
2025-10-19T16:33:04.858-0500 [DEBUG] [org.gradle.cache.internal.DefaultFileLockManager] Waiting to acquire shared lock on daemon addresses registry.
2025-10-19T16:33:04.859-0500 [DEBUG] [org.gradle.cache.internal.DefaultFileLockManager] Lock acquired on daemon addresses registry.
2025-10-19T16:33:04.860-0500 [DEBUG] [org.gradle.cache.internal.DefaultFileLockManager] Releasing lock on daemon addresses registry.
2025-10-19T16:33:05.869-0500 [DEBUG] [org.gradle.process.internal.health.memory.DefaultMemoryManager] 841566208 physical memory requested, 581160960 free
2025-10-19T16:33:05.870-0500 [DEBUG] [org.gradle.workers.internal.WorkerDaemonExpiration] Will attempt to release 802 of memory
2025-10-19T16:33:05.870-0500 [DEBUG] [org.gradle.process.internal.health.memory.DefaultMemoryManager] 841566208 physical memory requested, 0 released, 581160960 free
2025-10-19T16:33:10.859-0500 [DEBUG] [org.gradle.process.internal.health.memory.DefaultMemoryManager] 841566208 physical memory requested, 549376000 free
2025-10-19T16:33:10.859-0500 [DEBUG] [org.gradle.workers.internal.WorkerDaemonExpiration] Will attempt to release 802 of memory
2025-10-19T16:33:10.859-0500 [DEBUG] [org.gradle.process.internal.health.memory.DefaultMemoryManager] 841566208 physical memory requested, 0 released, 549376000 free
2025-10-19T16:33:14.841-0500 [DEBUG] [org.gradle.cache.internal.DefaultFileLockManager] Waiting to acquire shared lock on daemon addresses registry.
2025-10-19T16:33:14.841-0500 [DEBUG] [org.gradle.cache.internal.DefaultFileLockManager] Lock acquired on daemon addresses registry.
2025-10-19T16:33:14.842-0500 [DEBUG] [org.gradle.cache.internal.DefaultFileLockManager] Releasing lock on daemon addresses registry.
2025-10-19T16:33:14.845-0500 [DEBUG] [org.gradle.cache.internal.DefaultFileLockManager] Waiting to acquire shared lock on daemon addresses registry.
2025-10-19T16:33:14.845-0500 [DEBUG] [org.gradle.cache.internal.DefaultFileLockManager] Lock acquired on daemon addresses registry.
2025-10-19T16:33:14.846-0500 [DEBUG] [org.gradle.cache.internal.DefaultFileLockManager] Releasing lock on daemon addresses registry.
2025-10-19T16:33:14.849-0500 [DEBUG] [org.gradle.cache.internal.DefaultFileLockManager] Waiting to acquire shared lock on daemon addresses registry.
2025-10-19T16:33:14.849-0500 [DEBUG] [org.gradle.cache.internal.DefaultFileLockManager] Lock acquired on daemon addresses registry.
2025-10-19T16:33:14.849-0500 [DEBUG] [org.gradle.cache.internal.DefaultFileLockManager] Releasing lock on daemon addresses registry.
2025-10-19T16:33:15.866-0500 [DEBUG] [org.gradle.process.internal.health.memory.DefaultMemoryManager] 841566208 physical memory requested, 521232384 free
2025-10-19T16:33:15.866-0500 [DEBUG] [org.gradle.workers.internal.WorkerDaemonExpiration] Will attempt to release 802 of memory
2025-10-19T16:33:15.867-0500 [DEBUG] [org.gradle.process.internal.health.memory.DefaultMemoryManager] 841566208 physical memory requested, 0 released, 521232384 free
2025-10-19T16:33:20.857-0500 [DEBUG] [org.gradle.process.internal.health.memory.DefaultMemoryManager] 841566208 physical memory requested, 536379392 free
2025-10-19T16:33:20.857-0500 [DEBUG] [org.gradle.workers.internal.WorkerDaemonExpiration] Will attempt to release 802 of memory
2025-10-19T16:33:20.857-0500 [DEBUG] [org.gradle.process.internal.health.memory.DefaultMemoryManager] 841566208 physical memory requested, 0 released, 536379392 free
2025-10-19T16:33:24.845-0500 [DEBUG] [org.gradle.cache.internal.DefaultFileLockManager] Waiting to acquire shared lock on daemon addresses registry.
2025-10-19T16:33:24.845-0500 [DEBUG] [org.gradle.cache.internal.DefaultFileLockManager] Lock acquired on daemon addresses registry.
2025-10-19T16:33:24.846-0500 [DEBUG] [org.gradle.cache.internal.DefaultFileLockManager] Releasing lock on daemon addresses registry.
2025-10-19T16:33:24.852-0500 [DEBUG] [org.gradle.cache.internal.DefaultFileLockManager] Waiting to acquire shared lock on daemon addresses registry.
2025-10-19T16:33:24.853-0500 [DEBUG] [org.gradle.cache.internal.DefaultFileLockManager] Lock acquired on daemon addresses registry.
2025-10-19T16:33:24.854-0500 [DEBUG] [org.gradle.cache.internal.DefaultFileLockManager] Releasing lock on daemon addresses registry.
2025-10-19T16:33:24.857-0500 [DEBUG] [org.gradle.cache.internal.DefaultFileLockManager] Waiting to acquire shared lock on daemon addresses registry.
2025-10-19T16:33:24.857-0500 [DEBUG] [org.gradle.cache.internal.DefaultFileLockManager] Lock acquired on daemon addresses registry.
2025-10-19T16:33:24.858-0500 [DEBUG] [org.gradle.cache.internal.DefaultFileLockManager] Releasing lock on daemon addresses registry.
2025-10-19T16:33:25.864-0500 [DEBUG] [org.gradle.process.internal.health.memory.DefaultMemoryManager] 841566208 physical memory requested, 533618688 free
2025-10-19T16:33:25.864-0500 [DEBUG] [org.gradle.workers.internal.WorkerDaemonExpiration] Will attempt to release 802 of memory
2025-10-19T16:33:25.865-0500 [DEBUG] [org.gradle.process.internal.health.memory.DefaultMemoryManager] 841566208 physical memory requested, 0 released, 533618688 free
2025-10-19T16:33:30.859-0500 [DEBUG] [org.gradle.process.internal.health.memory.DefaultMemoryManager] 841566208 physical memory requested, 526553088 free
2025-10-19T16:33:30.873-0500 [DEBUG] [org.gradle.workers.internal.WorkerDaemonExpiration] Will attempt to release 802 of memory
2025-10-19T16:33:30.874-0500 [DEBUG] [org.gradle.process.internal.health.memory.DefaultMemoryManager] 841566208 physical memory requested, 0 released, 526553088 free
2025-10-19T16:33:34.849-0500 [DEBUG] [org.gradle.cache.internal.DefaultFileLockManager] Waiting to acquire shared lock on daemon addresses registry.
2025-10-19T16:33:34.849-0500 [DEBUG] [org.gradle.cache.internal.DefaultFileLockManager] Lock acquired on daemon addresses registry.
2025-10-19T16:33:34.849-0500 [DEBUG] [org.gradle.cache.internal.DefaultFileLockManager] Releasing lock on daemon addresses registry.
2025-10-19T16:33:34.852-0500 [DEBUG] [org.gradle.cache.internal.DefaultFileLockManager] Waiting to acquire shared lock on daemon addresses registry.
2025-10-19T16:33:34.852-0500 [DEBUG] [org.gradle.cache.internal.DefaultFileLockManager] Lock acquired on daemon addresses registry.
2025-10-19T16:33:34.853-0500 [DEBUG] [org.gradle.cache.internal.DefaultFileLockManager] Releasing lock on daemon addresses registry.
2025-10-19T16:33:34.886-0500 [DEBUG] [org.gradle.cache.internal.DefaultFileLockManager] Waiting to acquire shared lock on daemon addresses registry.
2025-10-19T16:33:34.886-0500 [DEBUG] [org.gradle.cache.internal.DefaultFileLockManager] Lock acquired on daemon addresses registry.
2025-10-19T16:33:34.886-0500 [DEBUG] [org.gradle.cache.internal.DefaultFileLockManager] Releasing lock on daemon addresses registry.
2025-10-19T16:33:35.861-0500 [DEBUG] [org.gradle.process.internal.health.memory.DefaultMemoryManager] 841566208 physical memory requested, 535801856 free
2025-10-19T16:33:35.861-0500 [DEBUG] [org.gradle.workers.internal.WorkerDaemonExpiration] Will attempt to release 802 of memory
2025-10-19T16:33:35.862-0500 [DEBUG] [org.gradle.process.internal.health.memory.DefaultMemoryManager] 841566208 physical memory requested, 0 released, 535801856 free
2025-10-19T16:33:40.874-0500 [DEBUG] [org.gradle.process.internal.health.memory.DefaultMemoryManager] 841566208 physical memory requested, 545198080 free
2025-10-19T16:33:40.874-0500 [DEBUG] [org.gradle.workers.internal.WorkerDaemonExpiration] Will attempt to release 802 of memory
2025-10-19T16:33:40.874-0500 [DEBUG] [org.gradle.process.internal.health.memory.DefaultMemoryManager] 841566208 physical memory requested, 0 released, 545198080 free
2025-10-19T16:33:44.849-0500 [DEBUG] [org.gradle.cache.internal.DefaultFileLockManager] Waiting to acquire shared lock on daemon addresses registry.
2025-10-19T16:33:44.850-0500 [DEBUG] [org.gradle.cache.internal.DefaultFileLockManager] Lock acquired on daemon addresses registry.
2025-10-19T16:33:44.851-0500 [DEBUG] [org.gradle.cache.internal.DefaultFileLockManager] Releasing lock on daemon addresses registry.
2025-10-19T16:33:44.855-0500 [DEBUG] [org.gradle.cache.internal.DefaultFileLockManager] Waiting to acquire shared lock on daemon addresses registry.
2025-10-19T16:33:44.855-0500 [DEBUG] [org.gradle.cache.internal.DefaultFileLockManager] Lock acquired on daemon addresses registry.
2025-10-19T16:33:44.856-0500 [DEBUG] [org.gradle.cache.internal.DefaultFileLockManager] Releasing lock on daemon addresses registry.
2025-10-19T16:33:44.859-0500 [DEBUG] [org.gradle.cache.internal.DefaultFileLockManager] Waiting to acquire shared lock on daemon addresses registry.
2025-10-19T16:33:44.859-0500 [DEBUG] [org.gradle.cache.internal.DefaultFileLockManager] Lock acquired on daemon addresses registry.
2025-10-19T16:33:44.859-0500 [DEBUG] [org.gradle.cache.internal.DefaultFileLockManager] Releasing lock on daemon addresses registry.
2025-10-19T16:33:45.865-0500 [DEBUG] [org.gradle.process.internal.health.memory.DefaultMemoryManager] 841566208 physical memory requested, 550236160 free
2025-10-19T16:33:45.865-0500 [DEBUG] [org.gradle.workers.internal.WorkerDaemonExpiration] Will attempt to release 802 of memory
2025-10-19T16:33:45.865-0500 [DEBUG] [org.gradle.process.internal.health.memory.DefaultMemoryManager] 841566208 physical memory requested, 0 released, 550236160 free
2025-10-19T16:33:50.869-0500 [DEBUG] [org.gradle.process.internal.health.memory.DefaultMemoryManager] 841566208 physical memory requested, 548970496 free
2025-10-19T16:33:50.870-0500 [DEBUG] [org.gradle.workers.internal.WorkerDaemonExpiration] Will attempt to release 802 of memory
2025-10-19T16:33:50.870-0500 [DEBUG] [org.gradle.process.internal.health.memory.DefaultMemoryManager] 841566208 physical memory requested, 0 released, 548970496 free
2025-10-19T16:33:54.842-0500 [DEBUG] [org.gradle.cache.internal.DefaultFileLockManager] Waiting to acquire shared lock on daemon addresses registry.
2025-10-19T16:33:54.842-0500 [DEBUG] [org.gradle.cache.internal.DefaultFileLockManager] Lock acquired on daemon addresses registry.
2025-10-19T16:33:54.843-0500 [DEBUG] [org.gradle.cache.internal.DefaultFileLockManager] Releasing lock on daemon addresses registry.
2025-10-19T16:33:54.848-0500 [DEBUG] [org.gradle.cache.internal.DefaultFileLockManager] Waiting to acquire shared lock on daemon addresses registry.
2025-10-19T16:33:54.848-0500 [DEBUG] [org.gradle.cache.internal.DefaultFileLockManager] Lock acquired on daemon addresses registry.
2025-10-19T16:33:54.849-0500 [DEBUG] [org.gradle.cache.internal.DefaultFileLockManager] Releasing lock on daemon addresses registry.
2025-10-19T16:33:54.853-0500 [DEBUG] [org.gradle.cache.internal.DefaultFileLockManager] Waiting to acquire shared lock on daemon addresses registry.
2025-10-19T16:33:54.854-0500 [DEBUG] [org.gradle.cache.internal.DefaultFileLockManager] Lock acquired on daemon addresses registry.
2025-10-19T16:33:54.868-0500 [DEBUG] [org.gradle.cache.internal.DefaultFileLockManager] Releasing lock on daemon addresses registry.
2025-10-19T16:33:55.863-0500 [DEBUG] [org.gradle.process.internal.health.memory.DefaultMemoryManager] 841566208 physical memory requested, 549314560 free
2025-10-19T16:33:55.864-0500 [DEBUG] [org.gradle.workers.internal.WorkerDaemonExpiration] Will attempt to release 802 of memory
2025-10-19T16:33:55.864-0500 [DEBUG] [org.gradle.process.internal.health.memory.DefaultMemoryManager] 841566208 physical memory requested, 0 released, 549314560 free
2025-10-19T16:34:00.854-0500 [DEBUG] [org.gradle.process.internal.health.memory.DefaultMemoryManager] 841566208 physical memory requested, 557056000 free
2025-10-19T16:34:00.855-0500 [DEBUG] [org.gradle.workers.internal.WorkerDaemonExpiration] Will attempt to release 802 of memory
2025-10-19T16:34:00.855-0500 [DEBUG] [org.gradle.process.internal.health.memory.DefaultMemoryManager] 841566208 physical memory requested, 0 released, 557056000 free
2025-10-19T16:34:04.851-0500 [DEBUG] [org.gradle.cache.internal.DefaultFileLockManager] Waiting to acquire shared lock on daemon addresses registry.
2025-10-19T16:34:04.852-0500 [DEBUG] [org.gradle.cache.internal.DefaultFileLockManager] Lock acquired on daemon addresses registry.
2025-10-19T16:34:04.853-0500 [DEBUG] [org.gradle.cache.internal.DefaultFileLockManager] Releasing lock on daemon addresses registry.
2025-10-19T16:34:04.858-0500 [DEBUG] [org.gradle.cache.internal.DefaultFileLockManager] Waiting to acquire shared lock on daemon addresses registry.
2025-10-19T16:34:04.858-0500 [DEBUG] [org.gradle.cache.internal.DefaultFileLockManager] Lock acquired on daemon addresses registry.
2025-10-19T16:34:04.859-0500 [DEBUG] [org.gradle.cache.internal.DefaultFileLockManager] Releasing lock on daemon addresses registry.
2025-10-19T16:34:04.863-0500 [DEBUG] [org.gradle.cache.internal.DefaultFileLockManager] Waiting to acquire shared lock on daemon addresses registry.
2025-10-19T16:34:04.864-0500 [DEBUG] [org.gradle.cache.internal.DefaultFileLockManager] Lock acquired on daemon addresses registry.
2025-10-19T16:34:04.865-0500 [DEBUG] [org.gradle.cache.internal.DefaultFileLockManager] Releasing lock on daemon addresses registry.
2025-10-19T16:34:05.859-0500 [DEBUG] [org.gradle.process.internal.health.memory.DefaultMemoryManager] 841566208 physical memory requested, 558645248 free
2025-10-19T16:34:05.860-0500 [DEBUG] [org.gradle.workers.internal.WorkerDaemonExpiration] Will attempt to release 802 of memory
2025-10-19T16:34:05.860-0500 [DEBUG] [org.gradle.process.internal.health.memory.DefaultMemoryManager] 841566208 physical memory requested, 0 released, 558645248 free
2025-10-19T16:34:10.864-0500 [DEBUG] [org.gradle.process.internal.health.memory.DefaultMemoryManager] 841566208 physical memory requested, 558698496 free
2025-10-19T16:34:10.864-0500 [DEBUG] [org.gradle.workers.internal.WorkerDaemonExpiration] Will attempt to release 802 of memory
2025-10-19T16:34:10.864-0500 [DEBUG] [org.gradle.process.internal.health.memory.DefaultMemoryManager] 841566208 physical memory requested, 0 released, 558698496 free
2025-10-19T16:34:14.846-0500 [DEBUG] [org.gradle.cache.internal.DefaultFileLockManager] Waiting to acquire shared lock on daemon addresses registry.
2025-10-19T16:34:14.846-0500 [DEBUG] [org.gradle.cache.internal.DefaultFileLockManager] Lock acquired on daemon addresses registry.
2025-10-19T16:34:14.847-0500 [DEBUG] [org.gradle.cache.internal.DefaultFileLockManager] Releasing lock on daemon addresses registry.
2025-10-19T16:34:14.852-0500 [DEBUG] [org.gradle.cache.internal.DefaultFileLockManager] Waiting to acquire shared lock on daemon addresses registry.
2025-10-19T16:34:14.852-0500 [DEBUG] [org.gradle.cache.internal.DefaultFileLockManager] Lock acquired on daemon addresses registry.
2025-10-19T16:34:14.853-0500 [DEBUG] [org.gradle.cache.internal.DefaultFileLockManager] Releasing lock on daemon addresses registry.
2025-10-19T16:34:14.858-0500 [DEBUG] [org.gradle.cache.internal.DefaultFileLockManager] Waiting to acquire shared lock on daemon addresses registry.
2025-10-19T16:34:14.858-0500 [DEBUG] [org.gradle.cache.internal.DefaultFileLockManager] Lock acquired on daemon addresses registry.
2025-10-19T16:34:14.859-0500 [DEBUG] [org.gradle.cache.internal.DefaultFileLockManager] Releasing lock on daemon addresses registry.
2025-10-19T16:34:15.855-0500 [DEBUG] [org.gradle.process.internal.health.memory.DefaultMemoryManager] 841566208 physical memory requested, 559329280 free
2025-10-19T16:34:15.856-0500 [DEBUG] [org.gradle.workers.internal.WorkerDaemonExpiration] Will attempt to release 802 of memory
2025-10-19T16:34:15.856-0500 [DEBUG] [org.gradle.process.internal.health.memory.DefaultMemoryManager] 841566208 physical memory requested, 0 released, 559329280 free
2025-10-19T16:34:20.855-0500 [DEBUG] [org.gradle.process.internal.health.memory.DefaultMemoryManager] 841566208 physical memory requested, 559022080 free
2025-10-19T16:34:20.855-0500 [DEBUG] [org.gradle.workers.internal.WorkerDaemonExpiration] Will attempt to release 802 of memory
2025-10-19T16:34:20.856-0500 [DEBUG] [org.gradle.process.internal.health.memory.DefaultMemoryManager] 841566208 physical memory requested, 0 released, 559022080 free
2025-10-19T16:34:24.856-0500 [DEBUG] [org.gradle.cache.internal.DefaultFileLockManager] Waiting to acquire shared lock on daemon addresses registry.
2025-10-19T16:34:24.856-0500 [DEBUG] [org.gradle.cache.internal.DefaultFileLockManager] Lock acquired on daemon addresses registry.
2025-10-19T16:34:24.869-0500 [DEBUG] [org.gradle.cache.internal.DefaultFileLockManager] Releasing lock on daemon addresses registry.
2025-10-19T16:34:24.871-0500 [DEBUG] [org.gradle.cache.internal.DefaultFileLockManager] Waiting to acquire shared lock on daemon addresses registry.
2025-10-19T16:34:24.871-0500 [DEBUG] [org.gradle.cache.internal.DefaultFileLockManager] Lock acquired on daemon addresses registry.
2025-10-19T16:34:24.872-0500 [DEBUG] [org.gradle.cache.internal.DefaultFileLockManager] Releasing lock on daemon addresses registry.
2025-10-19T16:34:24.873-0500 [DEBUG] [org.gradle.cache.internal.DefaultFileLockManager] Waiting to acquire shared lock on daemon addresses registry.
2025-10-19T16:34:24.873-0500 [DEBUG] [org.gradle.cache.internal.DefaultFileLockManager] Lock acquired on daemon addresses registry.
2025-10-19T16:34:24.874-0500 [DEBUG] [org.gradle.cache.internal.DefaultFileLockManager] Releasing lock on daemon addresses registry.
2025-10-19T16:34:25.864-0500 [DEBUG] [org.gradle.process.internal.health.memory.DefaultMemoryManager] 841566208 physical memory requested, 567873536 free
2025-10-19T16:34:25.864-0500 [DEBUG] [org.gradle.workers.internal.WorkerDaemonExpiration] Will attempt to release 802 of memory
2025-10-19T16:34:25.864-0500 [DEBUG] [org.gradle.process.internal.health.memory.DefaultMemoryManager] 841566208 physical memory requested, 0 released, 567873536 free
2025-10-19T16:34:30.866-0500 [DEBUG] [org.gradle.process.internal.health.memory.DefaultMemoryManager] 841566208 physical memory requested, 547962880 free
2025-10-19T16:34:30.866-0500 [DEBUG] [org.gradle.workers.internal.WorkerDaemonExpiration] Will attempt to release 802 of memory
2025-10-19T16:34:30.866-0500 [DEBUG] [org.gradle.process.internal.health.memory.DefaultMemoryManager] 841566208 physical memory requested, 0 released, 547962880 free
2025-10-19T16:34:34.843-0500 [DEBUG] [org.gradle.cache.internal.DefaultFileLockManager] Waiting to acquire shared lock on daemon addresses registry.
2025-10-19T16:34:34.844-0500 [DEBUG] [org.gradle.cache.internal.DefaultFileLockManager] Lock acquired on daemon addresses registry.
2025-10-19T16:34:34.845-0500 [DEBUG] [org.gradle.cache.internal.DefaultFileLockManager] Releasing lock on daemon addresses registry.
2025-10-19T16:34:34.849-0500 [DEBUG] [org.gradle.cache.internal.DefaultFileLockManager] Waiting to acquire shared lock on daemon addresses registry.
2025-10-19T16:34:34.850-0500 [DEBUG] [org.gradle.cache.internal.DefaultFileLockManager] Lock acquired on daemon addresses registry.
2025-10-19T16:34:34.851-0500 [DEBUG] [org.gradle.cache.internal.DefaultFileLockManager] Releasing lock on daemon addresses registry.
2025-10-19T16:34:34.855-0500 [DEBUG] [org.gradle.cache.internal.DefaultFileLockManager] Waiting to acquire shared lock on daemon addresses registry.
2025-10-19T16:34:34.855-0500 [DEBUG] [org.gradle.cache.internal.DefaultFileLockManager] Lock acquired on daemon addresses registry.
2025-10-19T16:34:34.856-0500 [DEBUG] [org.gradle.cache.internal.DefaultFileLockManager] Releasing lock on daemon addresses registry.
2025-10-19T16:34:35.856-0500 [DEBUG] [org.gradle.process.internal.health.memory.DefaultMemoryManager] 841566208 physical memory requested, 548143104 free
2025-10-19T16:34:35.856-0500 [DEBUG] [org.gradle.workers.internal.WorkerDaemonExpiration] Will attempt to release 802 of memory
2025-10-19T16:34:35.857-0500 [DEBUG] [org.gradle.process.internal.health.memory.DefaultMemoryManager] 841566208 physical memory requested, 0 released, 548143104 free
2025-10-19T16:34:40.865-0500 [DEBUG] [org.gradle.process.internal.health.memory.DefaultMemoryManager] 841566208 physical memory requested, 532303872 free
2025-10-19T16:34:40.866-0500 [DEBUG] [org.gradle.workers.internal.WorkerDaemonExpiration] Will attempt to release 802 of memory
2025-10-19T16:34:40.866-0500 [DEBUG] [org.gradle.process.internal.health.memory.DefaultMemoryManager] 841566208 physical memory requested, 0 released, 532303872 free
2025-10-19T16:34:44.845-0500 [DEBUG] [org.gradle.cache.internal.DefaultFileLockManager] Waiting to acquire shared lock on daemon addresses registry.
2025-10-19T16:34:44.846-0500 [DEBUG] [org.gradle.cache.internal.DefaultFileLockManager] Lock acquired on daemon addresses registry.
2025-10-19T16:34:44.847-0500 [DEBUG] [org.gradle.cache.internal.DefaultFileLockManager] Releasing lock on daemon addresses registry.
2025-10-19T16:34:44.853-0500 [DEBUG] [org.gradle.cache.internal.DefaultFileLockManager] Waiting to acquire shared lock on daemon addresses registry.
2025-10-19T16:34:44.853-0500 [DEBUG] [org.gradle.cache.internal.DefaultFileLockManager] Lock acquired on daemon addresses registry.
2025-10-19T16:34:44.854-0500 [DEBUG] [org.gradle.cache.internal.DefaultFileLockManager] Releasing lock on daemon addresses registry.
2025-10-19T16:34:44.858-0500 [DEBUG] [org.gradle.cache.internal.DefaultFileLockManager] Waiting to acquire shared lock on daemon addresses registry.
2025-10-19T16:34:44.859-0500 [DEBUG] [org.gradle.cache.internal.DefaultFileLockManager] Lock acquired on daemon addresses registry.
2025-10-19T16:34:44.859-0500 [DEBUG] [org.gradle.cache.internal.DefaultFileLockManager] Releasing lock on daemon addresses registry.
2025-10-19T16:34:45.856-0500 [DEBUG] [org.gradle.process.internal.health.memory.DefaultMemoryManager] 841566208 physical memory requested, 530522112 free
2025-10-19T16:34:45.856-0500 [DEBUG] [org.gradle.workers.internal.WorkerDaemonExpiration] Will attempt to release 802 of memory
2025-10-19T16:34:45.857-0500 [DEBUG] [org.gradle.process.internal.health.memory.DefaultMemoryManager] 841566208 physical memory requested, 0 released, 530522112 free
2025-10-19T16:34:50.864-0500 [DEBUG] [org.gradle.process.internal.health.memory.DefaultMemoryManager] 841566208 physical memory requested, 530681856 free
2025-10-19T16:34:50.864-0500 [DEBUG] [org.gradle.workers.internal.WorkerDaemonExpiration] Will attempt to release 802 of memory
2025-10-19T16:34:50.865-0500 [DEBUG] [org.gradle.process.internal.health.memory.DefaultMemoryManager] 841566208 physical memory requested, 0 released, 530681856 free
2025-10-19T16:34:54.840-0500 [DEBUG] [org.gradle.cache.internal.DefaultFileLockManager] Waiting to acquire shared lock on daemon addresses registry.
2025-10-19T16:34:54.841-0500 [DEBUG] [org.gradle.cache.internal.DefaultFileLockManager] Lock acquired on daemon addresses registry.
2025-10-19T16:34:54.842-0500 [DEBUG] [org.gradle.cache.internal.DefaultFileLockManager] Releasing lock on daemon addresses registry.
2025-10-19T16:34:54.847-0500 [DEBUG] [org.gradle.cache.internal.DefaultFileLockManager] Waiting to acquire shared lock on daemon addresses registry.
2025-10-19T16:34:54.847-0500 [DEBUG] [org.gradle.cache.internal.DefaultFileLockManager] Lock acquired on daemon addresses registry.
2025-10-19T16:34:54.848-0500 [DEBUG] [org.gradle.cache.internal.DefaultFileLockManager] Releasing lock on daemon addresses registry.
2025-10-19T16:34:54.853-0500 [DEBUG] [org.gradle.cache.internal.DefaultFileLockManager] Waiting to acquire shared lock on daemon addresses registry.
2025-10-19T16:34:54.853-0500 [DEBUG] [org.gradle.cache.internal.DefaultFileLockManager] Lock acquired on daemon addresses registry.
2025-10-19T16:34:54.854-0500 [DEBUG] [org.gradle.cache.internal.DefaultFileLockManager] Releasing lock on daemon addresses registry.
2025-10-19T16:34:55.863-0500 [DEBUG] [org.gradle.process.internal.health.memory.DefaultMemoryManager] 841566208 physical memory requested, 532541440 free
2025-10-19T16:34:55.863-0500 [DEBUG] [org.gradle.workers.internal.WorkerDaemonExpiration] Will attempt to release 802 of memory
2025-10-19T16:34:55.863-0500 [DEBUG] [org.gradle.process.internal.health.memory.DefaultMemoryManager] 841566208 physical memory requested, 0 released, 532541440 free
2025-10-19T16:35:00.855-0500 [DEBUG] [org.gradle.process.internal.health.memory.DefaultMemoryManager] 841566208 physical memory requested, 793587712 free
2025-10-19T16:35:00.855-0500 [DEBUG] [org.gradle.workers.internal.WorkerDaemonExpiration] Will attempt to release 802 of memory
2025-10-19T16:35:00.856-0500 [DEBUG] [org.gradle.process.internal.health.memory.DefaultMemoryManager] 841566208 physical memory requested, 0 released, 793587712 free
2025-10-19T16:35:04.852-0500 [DEBUG] [org.gradle.cache.internal.DefaultFileLockManager] Waiting to acquire shared lock on daemon addresses registry.
2025-10-19T16:35:04.852-0500 [DEBUG] [org.gradle.cache.internal.DefaultFileLockManager] Lock acquired on daemon addresses registry.
2025-10-19T16:35:04.853-0500 [DEBUG] [org.gradle.cache.internal.DefaultFileLockManager] Releasing lock on daemon addresses registry.
2025-10-19T16:35:04.858-0500 [DEBUG] [org.gradle.cache.internal.DefaultFileLockManager] Waiting to acquire shared lock on daemon addresses registry.
2025-10-19T16:35:04.858-0500 [DEBUG] [org.gradle.cache.internal.DefaultFileLockManager] Lock acquired on daemon addresses registry.
2025-10-19T16:35:04.859-0500 [DEBUG] [org.gradle.cache.internal.DefaultFileLockManager] Releasing lock on daemon addresses registry.
2025-10-19T16:35:04.863-0500 [DEBUG] [org.gradle.cache.internal.DefaultFileLockManager] Waiting to acquire shared lock on daemon addresses registry.
2025-10-19T16:35:04.864-0500 [DEBUG] [org.gradle.cache.internal.DefaultFileLockManager] Lock acquired on daemon addresses registry.
2025-10-19T16:35:04.864-0500 [DEBUG] [org.gradle.cache.internal.DefaultFileLockManager] Releasing lock on daemon addresses registry.
2025-10-19T16:35:05.863-0500 [DEBUG] [org.gradle.process.internal.health.memory.DefaultMemoryManager] 841566208 physical memory requested, 747417600 free
2025-10-19T16:35:05.863-0500 [DEBUG] [org.gradle.workers.internal.WorkerDaemonExpiration] Will attempt to release 802 of memory
2025-10-19T16:35:05.863-0500 [DEBUG] [org.gradle.process.internal.health.memory.DefaultMemoryManager] 841566208 physical memory requested, 0 released, 747417600 free
2025-10-19T16:35:10.863-0500 [DEBUG] [org.gradle.process.internal.health.memory.DefaultMemoryManager] 841566208 physical memory requested, 747626496 free
2025-10-19T16:35:10.863-0500 [DEBUG] [org.gradle.workers.internal.WorkerDaemonExpiration] Will attempt to release 802 of memory
2025-10-19T16:35:10.864-0500 [DEBUG] [org.gradle.process.internal.health.memory.DefaultMemoryManager] 841566208 physical memory requested, 0 released, 747626496 free
2025-10-19T16:35:14.840-0500 [DEBUG] [org.gradle.cache.internal.DefaultFileLockManager] Waiting to acquire shared lock on daemon addresses registry.
2025-10-19T16:35:14.841-0500 [DEBUG] [org.gradle.cache.internal.DefaultFileLockManager] Lock acquired on daemon addresses registry.
2025-10-19T16:35:14.842-0500 [DEBUG] [org.gradle.cache.internal.DefaultFileLockManager] Releasing lock on daemon addresses registry.
2025-10-19T16:35:14.846-0500 [DEBUG] [org.gradle.cache.internal.DefaultFileLockManager] Waiting to acquire shared lock on daemon addresses registry.
2025-10-19T16:35:14.847-0500 [DEBUG] [org.gradle.cache.internal.DefaultFileLockManager] Lock acquired on daemon addresses registry.
2025-10-19T16:35:14.848-0500 [DEBUG] [org.gradle.cache.internal.DefaultFileLockManager] Releasing lock on daemon addresses registry.
2025-10-19T16:35:14.853-0500 [DEBUG] [org.gradle.cache.internal.DefaultFileLockManager] Waiting to acquire shared lock on daemon addresses registry.
2025-10-19T16:35:14.853-0500 [DEBUG] [org.gradle.cache.internal.DefaultFileLockManager] Lock acquired on daemon addresses registry.
2025-10-19T16:35:14.854-0500 [DEBUG] [org.gradle.cache.internal.DefaultFileLockManager] Releasing lock on daemon addresses registry.
2025-10-19T16:35:15.862-0500 [DEBUG] [org.gradle.process.internal.health.memory.DefaultMemoryManager] 841566208 physical memory requested, 748118016 free
2025-10-19T16:35:15.862-0500 [DEBUG] [org.gradle.workers.internal.WorkerDaemonExpiration] Will attempt to release 802 of memory
2025-10-19T16:35:15.862-0500 [DEBUG] [org.gradle.process.internal.health.memory.DefaultMemoryManager] 841566208 physical memory requested, 0 released, 748118016 free
2025-10-19T16:35:24.847-0500 [DEBUG] [org.gradle.cache.internal.DefaultFileLockManager] Waiting to acquire shared lock on daemon addresses registry.
2025-10-19T16:35:24.848-0500 [DEBUG] [org.gradle.cache.internal.DefaultFileLockManager] Lock acquired on daemon addresses registry.
2025-10-19T16:35:24.849-0500 [DEBUG] [org.gradle.cache.internal.DefaultFileLockManager] Releasing lock on daemon addresses registry.
2025-10-19T16:35:24.854-0500 [DEBUG] [org.gradle.cache.internal.DefaultFileLockManager] Waiting to acquire shared lock on daemon addresses registry.
2025-10-19T16:35:24.854-0500 [DEBUG] [org.gradle.cache.internal.DefaultFileLockManager] Lock acquired on daemon addresses registry.
2025-10-19T16:35:24.855-0500 [DEBUG] [org.gradle.cache.internal.DefaultFileLockManager] Releasing lock on daemon addresses registry.
2025-10-19T16:35:24.859-0500 [DEBUG] [org.gradle.cache.internal.DefaultFileLockManager] Waiting to acquire shared lock on daemon addresses registry.
2025-10-19T16:35:24.860-0500 [DEBUG] [org.gradle.cache.internal.DefaultFileLockManager] Lock acquired on daemon addresses registry.
2025-10-19T16:35:24.861-0500 [DEBUG] [org.gradle.cache.internal.DefaultFileLockManager] Releasing lock on daemon addresses registry.
2025-10-19T16:35:34.849-0500 [DEBUG] [org.gradle.cache.internal.DefaultFileLockManager] Waiting to acquire shared lock on daemon addresses registry.
2025-10-19T16:35:34.849-0500 [DEBUG] [org.gradle.cache.internal.DefaultFileLockManager] Lock acquired on daemon addresses registry.
2025-10-19T16:35:34.850-0500 [DEBUG] [org.gradle.cache.internal.DefaultFileLockManager] Releasing lock on daemon addresses registry.
2025-10-19T16:35:34.852-0500 [DEBUG] [org.gradle.cache.internal.DefaultFileLockManager] Waiting to acquire shared lock on daemon addresses registry.
2025-10-19T16:35:34.853-0500 [DEBUG] [org.gradle.cache.internal.DefaultFileLockManager] Lock acquired on daemon addresses registry.
2025-10-19T16:35:34.853-0500 [DEBUG] [org.gradle.cache.internal.DefaultFileLockManager] Releasing lock on daemon addresses registry.
2025-10-19T16:35:34.855-0500 [DEBUG] [org.gradle.cache.internal.DefaultFileLockManager] Waiting to acquire shared lock on daemon addresses registry.
2025-10-19T16:35:34.855-0500 [DEBUG] [org.gradle.cache.internal.DefaultFileLockManager] Lock acquired on daemon addresses registry.
2025-10-19T16:35:34.856-0500 [DEBUG] [org.gradle.cache.internal.DefaultFileLockManager] Releasing lock on daemon addresses registry.
2025-10-19T16:35:44.839-0500 [DEBUG] [org.gradle.cache.internal.DefaultFileLockManager] Waiting to acquire shared lock on daemon addresses registry.
2025-10-19T16:35:44.840-0500 [DEBUG] [org.gradle.cache.internal.DefaultFileLockManager] Lock acquired on daemon addresses registry.
2025-10-19T16:35:44.841-0500 [DEBUG] [org.gradle.cache.internal.DefaultFileLockManager] Releasing lock on daemon addresses registry.
2025-10-19T16:35:44.846-0500 [DEBUG] [org.gradle.cache.internal.DefaultFileLockManager] Waiting to acquire shared lock on daemon addresses registry.
2025-10-19T16:35:44.846-0500 [DEBUG] [org.gradle.cache.internal.DefaultFileLockManager] Lock acquired on daemon addresses registry.
2025-10-19T16:35:44.846-0500 [DEBUG] [org.gradle.cache.internal.DefaultFileLockManager] Releasing lock on daemon addresses registry.
2025-10-19T16:35:44.849-0500 [DEBUG] [org.gradle.cache.internal.DefaultFileLockManager] Waiting to acquire shared lock on daemon addresses registry.
2025-10-19T16:35:44.850-0500 [DEBUG] [org.gradle.cache.internal.DefaultFileLockManager] Lock acquired on daemon addresses registry.
2025-10-19T16:35:44.851-0500 [DEBUG] [org.gradle.cache.internal.DefaultFileLockManager] Releasing lock on daemon addresses registry.
2025-10-19T16:35:54.846-0500 [DEBUG] [org.gradle.cache.internal.DefaultFileLockManager] Waiting to acquire shared lock on daemon addresses registry.
2025-10-19T16:35:54.847-0500 [DEBUG] [org.gradle.cache.internal.DefaultFileLockManager] Lock acquired on daemon addresses registry.
2025-10-19T16:35:54.850-0500 [DEBUG] [org.gradle.cache.internal.DefaultFileLockManager] Releasing lock on daemon addresses registry.
2025-10-19T16:35:54.855-0500 [DEBUG] [org.gradle.cache.internal.DefaultFileLockManager] Waiting to acquire shared lock on daemon addresses registry.
2025-10-19T16:35:54.855-0500 [DEBUG] [org.gradle.cache.internal.DefaultFileLockManager] Lock acquired on daemon addresses registry.
2025-10-19T16:35:54.857-0500 [DEBUG] [org.gradle.cache.internal.DefaultFileLockManager] Releasing lock on daemon addresses registry.
2025-10-19T16:35:54.862-0500 [DEBUG] [org.gradle.cache.internal.DefaultFileLockManager] Waiting to acquire shared lock on daemon addresses registry.
2025-10-19T16:35:54.862-0500 [DEBUG] [org.gradle.cache.internal.DefaultFileLockManager] Lock acquired on daemon addresses registry.
2025-10-19T16:35:54.863-0500 [DEBUG] [org.gradle.cache.internal.DefaultFileLockManager] Releasing lock on daemon addresses registry.
2025-10-19T16:36:04.852-0500 [DEBUG] [org.gradle.cache.internal.DefaultFileLockManager] Waiting to acquire shared lock on daemon addresses registry.
2025-10-19T16:36:04.852-0500 [DEBUG] [org.gradle.cache.internal.DefaultFileLockManager] Lock acquired on daemon addresses registry.
2025-10-19T16:36:04.852-0500 [DEBUG] [org.gradle.cache.internal.DefaultFileLockManager] Releasing lock on daemon addresses registry.
2025-10-19T16:36:04.854-0500 [DEBUG] [org.gradle.cache.internal.DefaultFileLockManager] Waiting to acquire shared lock on daemon addresses registry.
2025-10-19T16:36:04.854-0500 [DEBUG] [org.gradle.cache.internal.DefaultFileLockManager] Lock acquired on daemon addresses registry.
2025-10-19T16:36:04.855-0500 [DEBUG] [org.gradle.cache.internal.DefaultFileLockManager] Releasing lock on daemon addresses registry.
2025-10-19T16:36:04.856-0500 [DEBUG] [org.gradle.cache.internal.DefaultFileLockManager] Waiting to acquire shared lock on daemon addresses registry.
2025-10-19T16:36:04.856-0500 [DEBUG] [org.gradle.cache.internal.DefaultFileLockManager] Lock acquired on daemon addresses registry.
2025-10-19T16:36:04.857-0500 [DEBUG] [org.gradle.cache.internal.DefaultFileLockManager] Releasing lock on daemon addresses registry.
2025-10-19T16:36:14.853-0500 [DEBUG] [org.gradle.cache.internal.DefaultFileLockManager] Waiting to acquire shared lock on daemon addresses registry.
2025-10-19T16:36:14.854-0500 [DEBUG] [org.gradle.cache.internal.DefaultFileLockManager] Lock acquired on daemon addresses registry.
2025-10-19T16:36:14.855-0500 [DEBUG] [org.gradle.cache.internal.DefaultFileLockManager] Releasing lock on daemon addresses registry.
2025-10-19T16:36:14.860-0500 [DEBUG] [org.gradle.cache.internal.DefaultFileLockManager] Waiting to acquire shared lock on daemon addresses registry.
2025-10-19T16:36:14.860-0500 [DEBUG] [org.gradle.cache.internal.DefaultFileLockManager] Lock acquired on daemon addresses registry.
2025-10-19T16:36:14.861-0500 [DEBUG] [org.gradle.cache.internal.DefaultFileLockManager] Releasing lock on daemon addresses registry.
2025-10-19T16:36:14.865-0500 [DEBUG] [org.gradle.cache.internal.DefaultFileLockManager] Waiting to acquire shared lock on daemon addresses registry.
2025-10-19T16:36:14.866-0500 [DEBUG] [org.gradle.cache.internal.DefaultFileLockManager] Lock acquired on daemon addresses registry.
2025-10-19T16:36:14.867-0500 [DEBUG] [org.gradle.cache.internal.DefaultFileLockManager] Releasing lock on daemon addresses registry.
2025-10-19T16:36:24.847-0500 [DEBUG] [org.gradle.cache.internal.DefaultFileLockManager] Waiting to acquire shared lock on daemon addresses registry.
2025-10-19T16:36:24.847-0500 [DEBUG] [org.gradle.cache.internal.DefaultFileLockManager] Lock acquired on daemon addresses registry.
2025-10-19T16:36:24.852-0500 [DEBUG] [org.gradle.cache.internal.DefaultFileLockManager] Releasing lock on daemon addresses registry.
2025-10-19T16:36:24.857-0500 [DEBUG] [org.gradle.cache.internal.DefaultFileLockManager] Waiting to acquire shared lock on daemon addresses registry.
2025-10-19T16:36:24.858-0500 [DEBUG] [org.gradle.cache.internal.DefaultFileLockManager] Lock acquired on daemon addresses registry.
2025-10-19T16:36:24.859-0500 [DEBUG] [org.gradle.cache.internal.DefaultFileLockManager] Releasing lock on daemon addresses registry.
2025-10-19T16:36:24.863-0500 [DEBUG] [org.gradle.cache.internal.DefaultFileLockManager] Waiting to acquire shared lock on daemon addresses registry.
2025-10-19T16:36:24.864-0500 [DEBUG] [org.gradle.cache.internal.DefaultFileLockManager] Lock acquired on daemon addresses registry.
2025-10-19T16:36:24.864-0500 [DEBUG] [org.gradle.cache.internal.DefaultFileLockManager] Releasing lock on daemon addresses registry.
2025-10-19T16:36:34.854-0500 [DEBUG] [org.gradle.cache.internal.DefaultFileLockManager] Waiting to acquire shared lock on daemon addresses registry.
2025-10-19T16:36:34.855-0500 [DEBUG] [org.gradle.cache.internal.DefaultFileLockManager] Lock acquired on daemon addresses registry.
2025-10-19T16:36:34.856-0500 [DEBUG] [org.gradle.cache.internal.DefaultFileLockManager] Releasing lock on daemon addresses registry.
2025-10-19T16:36:34.859-0500 [DEBUG] [org.gradle.cache.internal.DefaultFileLockManager] Waiting to acquire shared lock on daemon addresses registry.
2025-10-19T16:36:34.859-0500 [DEBUG] [org.gradle.cache.internal.DefaultFileLockManager] Lock acquired on daemon addresses registry.
2025-10-19T16:36:34.860-0500 [DEBUG] [org.gradle.cache.internal.DefaultFileLockManager] Releasing lock on daemon addresses registry.
2025-10-19T16:36:34.863-0500 [DEBUG] [org.gradle.cache.internal.DefaultFileLockManager] Waiting to acquire shared lock on daemon addresses registry.
2025-10-19T16:36:34.865-0500 [DEBUG] [org.gradle.cache.internal.DefaultFileLockManager] Lock acquired on daemon addresses registry.
2025-10-19T16:36:34.866-0500 [DEBUG] [org.gradle.cache.internal.DefaultFileLockManager] Releasing lock on daemon addresses registry.
2025-10-19T16:36:44.840-0500 [DEBUG] [org.gradle.cache.internal.DefaultFileLockManager] Waiting to acquire shared lock on daemon addresses registry.
2025-10-19T16:36:44.840-0500 [DEBUG] [org.gradle.cache.internal.DefaultFileLockManager] Lock acquired on daemon addresses registry.
2025-10-19T16:36:44.841-0500 [DEBUG] [org.gradle.cache.internal.DefaultFileLockManager] Releasing lock on daemon addresses registry.
2025-10-19T16:36:44.845-0500 [DEBUG] [org.gradle.cache.internal.DefaultFileLockManager] Waiting to acquire shared lock on daemon addresses registry.
2025-10-19T16:36:44.846-0500 [DEBUG] [org.gradle.cache.internal.DefaultFileLockManager] Lock acquired on daemon addresses registry.
2025-10-19T16:36:44.847-0500 [DEBUG] [org.gradle.cache.internal.DefaultFileLockManager] Releasing lock on daemon addresses registry.
2025-10-19T16:36:44.851-0500 [DEBUG] [org.gradle.cache.internal.DefaultFileLockManager] Waiting to acquire shared lock on daemon addresses registry.
2025-10-19T16:36:44.851-0500 [DEBUG] [org.gradle.cache.internal.DefaultFileLockManager] Lock acquired on daemon addresses registry.
2025-10-19T16:36:44.852-0500 [DEBUG] [org.gradle.cache.internal.DefaultFileLockManager] Releasing lock on daemon addresses registry.
2025-10-19T16:36:54.852-0500 [DEBUG] [org.gradle.cache.internal.DefaultFileLockManager] Waiting to acquire shared lock on daemon addresses registry.
2025-10-19T16:36:54.852-0500 [DEBUG] [org.gradle.cache.internal.DefaultFileLockManager] Lock acquired on daemon addresses registry.
2025-10-19T16:36:54.853-0500 [DEBUG] [org.gradle.cache.internal.DefaultFileLockManager] Releasing lock on daemon addresses registry.
2025-10-19T16:36:54.857-0500 [DEBUG] [org.gradle.cache.internal.DefaultFileLockManager] Waiting to acquire shared lock on daemon addresses registry.
2025-10-19T16:36:54.857-0500 [DEBUG] [org.gradle.cache.internal.DefaultFileLockManager] Lock acquired on daemon addresses registry.
2025-10-19T16:36:54.858-0500 [DEBUG] [org.gradle.cache.internal.DefaultFileLockManager] Releasing lock on daemon addresses registry.
2025-10-19T16:36:54.861-0500 [DEBUG] [org.gradle.cache.internal.DefaultFileLockManager] Waiting to acquire shared lock on daemon addresses registry.
2025-10-19T16:36:54.862-0500 [DEBUG] [org.gradle.cache.internal.DefaultFileLockManager] Lock acquired on daemon addresses registry.
2025-10-19T16:36:54.863-0500 [DEBUG] [org.gradle.cache.internal.DefaultFileLockManager] Releasing lock on daemon addresses registry.
2025-10-19T16:37:04.850-0500 [DEBUG] [org.gradle.cache.internal.DefaultFileLockManager] Waiting to acquire shared lock on daemon addresses registry.
2025-10-19T16:37:04.850-0500 [DEBUG] [org.gradle.cache.internal.DefaultFileLockManager] Lock acquired on daemon addresses registry.
2025-10-19T16:37:04.850-0500 [DEBUG] [org.gradle.cache.internal.DefaultFileLockManager] Releasing lock on daemon addresses registry.
2025-10-19T16:37:04.852-0500 [DEBUG] [org.gradle.cache.internal.DefaultFileLockManager] Waiting to acquire shared lock on daemon addresses registry.
2025-10-19T16:37:04.852-0500 [DEBUG] [org.gradle.cache.internal.DefaultFileLockManager] Lock acquired on daemon addresses registry.
2025-10-19T16:37:04.852-0500 [DEBUG] [org.gradle.cache.internal.DefaultFileLockManager] Releasing lock on daemon addresses registry.
2025-10-19T16:37:04.853-0500 [DEBUG] [org.gradle.cache.internal.DefaultFileLockManager] Waiting to acquire shared lock on daemon addresses registry.
2025-10-19T16:37:04.853-0500 [DEBUG] [org.gradle.cache.internal.DefaultFileLockManager] Lock acquired on daemon addresses registry.
2025-10-19T16:37:04.854-0500 [DEBUG] [org.gradle.cache.internal.DefaultFileLockManager] Releasing lock on daemon addresses registry.
2025-10-19T16:37:14.844-0500 [DEBUG] [org.gradle.cache.internal.DefaultFileLockManager] Waiting to acquire shared lock on daemon addresses registry.
2025-10-19T16:37:14.844-0500 [DEBUG] [org.gradle.cache.internal.DefaultFileLockManager] Lock acquired on daemon addresses registry.
2025-10-19T16:37:14.844-0500 [DEBUG] [org.gradle.cache.internal.DefaultFileLockManager] Releasing lock on daemon addresses registry.
2025-10-19T16:37:14.860-0500 [DEBUG] [org.gradle.cache.internal.DefaultFileLockManager] Waiting to acquire shared lock on daemon addresses registry.
2025-10-19T16:37:14.860-0500 [DEBUG] [org.gradle.cache.internal.DefaultFileLockManager] Lock acquired on daemon addresses registry.
2025-10-19T16:37:14.860-0500 [DEBUG] [org.gradle.cache.internal.DefaultFileLockManager] Releasing lock on daemon addresses registry.
2025-10-19T16:37:14.862-0500 [DEBUG] [org.gradle.cache.internal.DefaultFileLockManager] Waiting to acquire shared lock on daemon addresses registry.
2025-10-19T16:37:14.862-0500 [DEBUG] [org.gradle.cache.internal.DefaultFileLockManager] Lock acquired on daemon addresses registry.
2025-10-19T16:37:14.862-0500 [DEBUG] [org.gradle.cache.internal.DefaultFileLockManager] Releasing lock on daemon addresses registry.
2025-10-19T16:37:24.851-0500 [DEBUG] [org.gradle.cache.internal.DefaultFileLockManager] Waiting to acquire shared lock on daemon addresses registry.
2025-10-19T16:37:24.852-0500 [DEBUG] [org.gradle.cache.internal.DefaultFileLockManager] Lock acquired on daemon addresses registry.
2025-10-19T16:37:24.853-0500 [DEBUG] [org.gradle.cache.internal.DefaultFileLockManager] Releasing lock on daemon addresses registry.
2025-10-19T16:37:24.856-0500 [DEBUG] [org.gradle.cache.internal.DefaultFileLockManager] Waiting to acquire shared lock on daemon addresses registry.
2025-10-19T16:37:24.857-0500 [DEBUG] [org.gradle.cache.internal.DefaultFileLockManager] Lock acquired on daemon addresses registry.
2025-10-19T16:37:24.857-0500 [DEBUG] [org.gradle.cache.internal.DefaultFileLockManager] Releasing lock on daemon addresses registry.
2025-10-19T16:37:24.861-0500 [DEBUG] [org.gradle.cache.internal.DefaultFileLockManager] Waiting to acquire shared lock on daemon addresses registry.
2025-10-19T16:37:24.861-0500 [DEBUG] [org.gradle.cache.internal.DefaultFileLockManager] Lock acquired on daemon addresses registry.
2025-10-19T16:37:24.862-0500 [DEBUG] [org.gradle.cache.internal.DefaultFileLockManager] Releasing lock on daemon addresses registry.
2025-10-19T16:37:34.845-0500 [DEBUG] [org.gradle.cache.internal.DefaultFileLockManager] Waiting to acquire shared lock on daemon addresses registry.
2025-10-19T16:37:34.846-0500 [DEBUG] [org.gradle.cache.internal.DefaultFileLockManager] Lock acquired on daemon addresses registry.
2025-10-19T16:37:34.846-0500 [DEBUG] [org.gradle.cache.internal.DefaultFileLockManager] Releasing lock on daemon addresses registry.
2025-10-19T16:37:34.848-0500 [DEBUG] [org.gradle.cache.internal.DefaultFileLockManager] Waiting to acquire shared lock on daemon addresses registry.
2025-10-19T16:37:34.848-0500 [DEBUG] [org.gradle.cache.internal.DefaultFileLockManager] Lock acquired on daemon addresses registry.
2025-10-19T16:37:34.848-0500 [DEBUG] [org.gradle.cache.internal.DefaultFileLockManager] Releasing lock on daemon addresses registry.
2025-10-19T16:37:34.850-0500 [DEBUG] [org.gradle.cache.internal.DefaultFileLockManager] Waiting to acquire shared lock on daemon addresses registry.
2025-10-19T16:37:34.850-0500 [DEBUG] [org.gradle.cache.internal.DefaultFileLockManager] Lock acquired on daemon addresses registry.
2025-10-19T16:37:34.850-0500 [DEBUG] [org.gradle.cache.internal.DefaultFileLockManager] Releasing lock on daemon addresses registry.
2025-10-19T16:37:35.864-0500 [DEBUG] [org.gradle.process.internal.health.memory.DefaultMemoryManager] 841566208 physical memory requested, 823865344 free
2025-10-19T16:37:35.864-0500 [DEBUG] [org.gradle.workers.internal.WorkerDaemonExpiration] Will attempt to release 802 of memory
2025-10-19T16:37:35.865-0500 [DEBUG] [org.gradle.process.internal.health.memory.DefaultMemoryManager] 841566208 physical memory requested, 0 released, 823865344 free
2025-10-19T16:37:40.864-0500 [DEBUG] [org.gradle.process.internal.health.memory.DefaultMemoryManager] 841566208 physical memory requested, 594518016 free
2025-10-19T16:37:40.864-0500 [DEBUG] [org.gradle.workers.internal.WorkerDaemonExpiration] Will attempt to release 802 of memory
2025-10-19T16:37:40.865-0500 [DEBUG] [org.gradle.process.internal.health.memory.DefaultMemoryManager] 841566208 physical memory requested, 0 released, 594518016 free
2025-10-19T16:37:44.840-0500 [DEBUG] [org.gradle.cache.internal.DefaultFileLockManager] Waiting to acquire shared lock on daemon addresses registry.
2025-10-19T16:37:44.840-0500 [DEBUG] [org.gradle.cache.internal.DefaultFileLockManager] Lock acquired on daemon addresses registry.
2025-10-19T16:37:44.840-0500 [DEBUG] [org.gradle.cache.internal.DefaultFileLockManager] Releasing lock on daemon addresses registry.
2025-10-19T16:37:44.843-0500 [DEBUG] [org.gradle.cache.internal.DefaultFileLockManager] Waiting to acquire shared lock on daemon addresses registry.
2025-10-19T16:37:44.843-0500 [DEBUG] [org.gradle.cache.internal.DefaultFileLockManager] Lock acquired on daemon addresses registry.
2025-10-19T16:37:44.844-0500 [DEBUG] [org.gradle.cache.internal.DefaultFileLockManager] Releasing lock on daemon addresses registry.
2025-10-19T16:37:44.846-0500 [DEBUG] [org.gradle.cache.internal.DefaultFileLockManager] Waiting to acquire shared lock on daemon addresses registry.
2025-10-19T16:37:44.846-0500 [DEBUG] [org.gradle.cache.internal.DefaultFileLockManager] Lock acquired on daemon addresses registry.
2025-10-19T16:37:44.846-0500 [DEBUG] [org.gradle.cache.internal.DefaultFileLockManager] Releasing lock on daemon addresses registry.
2025-10-19T16:37:45.856-0500 [DEBUG] [org.gradle.process.internal.health.memory.DefaultMemoryManager] 841566208 physical memory requested, 572686336 free
2025-10-19T16:37:45.856-0500 [DEBUG] [org.gradle.workers.internal.WorkerDaemonExpiration] Will attempt to release 802 of memory
2025-10-19T16:37:45.856-0500 [DEBUG] [org.gradle.process.internal.health.memory.DefaultMemoryManager] 841566208 physical memory requested, 0 released, 572686336 free
2025-10-19T16:37:50.882-0500 [DEBUG] [org.gradle.process.internal.health.memory.DefaultMemoryManager] 841566208 physical memory requested, 570626048 free
2025-10-19T16:37:50.882-0500 [DEBUG] [org.gradle.workers.internal.WorkerDaemonExpiration] Will attempt to release 802 of memory
2025-10-19T16:37:50.882-0500 [DEBUG] [org.gradle.process.internal.health.memory.DefaultMemoryManager] 841566208 physical memory requested, 0 released, 570626048 free
2025-10-19T16:37:54.848-0500 [DEBUG] [org.gradle.cache.internal.DefaultFileLockManager] Waiting to acquire shared lock on daemon addresses registry.
2025-10-19T16:37:54.848-0500 [DEBUG] [org.gradle.cache.internal.DefaultFileLockManager] Lock acquired on daemon addresses registry.
2025-10-19T16:37:54.848-0500 [DEBUG] [org.gradle.cache.internal.DefaultFileLockManager] Releasing lock on daemon addresses registry.
2025-10-19T16:37:54.849-0500 [DEBUG] [org.gradle.cache.internal.DefaultFileLockManager] Waiting to acquire shared lock on daemon addresses registry.
2025-10-19T16:37:54.849-0500 [DEBUG] [org.gradle.cache.internal.DefaultFileLockManager] Lock acquired on daemon addresses registry.
2025-10-19T16:37:54.850-0500 [DEBUG] [org.gradle.cache.internal.DefaultFileLockManager] Releasing lock on daemon addresses registry.
2025-10-19T16:37:54.851-0500 [DEBUG] [org.gradle.cache.internal.DefaultFileLockManager] Waiting to acquire shared lock on daemon addresses registry.
2025-10-19T16:37:54.851-0500 [DEBUG] [org.gradle.cache.internal.DefaultFileLockManager] Lock acquired on daemon addresses registry.
2025-10-19T16:37:54.851-0500 [DEBUG] [org.gradle.cache.internal.DefaultFileLockManager] Releasing lock on daemon addresses registry.
2025-10-19T16:37:55.858-0500 [DEBUG] [org.gradle.process.internal.health.memory.DefaultMemoryManager] 841566208 physical memory requested, 574255104 free
2025-10-19T16:37:55.858-0500 [DEBUG] [org.gradle.workers.internal.WorkerDaemonExpiration] Will attempt to release 802 of memory
2025-10-19T16:37:55.858-0500 [DEBUG] [org.gradle.process.internal.health.memory.DefaultMemoryManager] 841566208 physical memory requested, 0 released, 574255104 free
2025-10-19T16:38:00.870-0500 [DEBUG] [org.gradle.process.internal.health.memory.DefaultMemoryManager] 841566208 physical memory requested, 546328576 free
2025-10-19T16:38:00.870-0500 [DEBUG] [org.gradle.workers.internal.WorkerDaemonExpiration] Will attempt to release 802 of memory
2025-10-19T16:38:00.871-0500 [DEBUG] [org.gradle.process.internal.health.memory.DefaultMemoryManager] 841566208 physical memory requested, 0 released, 546328576 free
2025-10-19T16:38:04.844-0500 [DEBUG] [org.gradle.cache.internal.DefaultFileLockManager] Waiting to acquire shared lock on daemon addresses registry.
2025-10-19T16:38:04.844-0500 [DEBUG] [org.gradle.cache.internal.DefaultFileLockManager] Lock acquired on daemon addresses registry.
2025-10-19T16:38:04.844-0500 [DEBUG] [org.gradle.cache.internal.DefaultFileLockManager] Releasing lock on daemon addresses registry.
2025-10-19T16:38:04.846-0500 [DEBUG] [org.gradle.cache.internal.DefaultFileLockManager] Waiting to acquire shared lock on daemon addresses registry.
2025-10-19T16:38:04.846-0500 [DEBUG] [org.gradle.cache.internal.DefaultFileLockManager] Lock acquired on daemon addresses registry.
2025-10-19T16:38:04.846-0500 [DEBUG] [org.gradle.cache.internal.DefaultFileLockManager] Releasing lock on daemon addresses registry.
2025-10-19T16:38:04.848-0500 [DEBUG] [org.gradle.cache.internal.DefaultFileLockManager] Waiting to acquire shared lock on daemon addresses registry.
2025-10-19T16:38:04.849-0500 [DEBUG] [org.gradle.cache.internal.DefaultFileLockManager] Lock acquired on daemon addresses registry.
2025-10-19T16:38:04.849-0500 [DEBUG] [org.gradle.cache.internal.DefaultFileLockManager] Releasing lock on daemon addresses registry.
2025-10-19T16:38:05.855-0500 [DEBUG] [org.gradle.process.internal.health.memory.DefaultMemoryManager] 841566208 physical memory requested, 542625792 free
2025-10-19T16:38:05.855-0500 [DEBUG] [org.gradle.workers.internal.WorkerDaemonExpiration] Will attempt to release 802 of memory
2025-10-19T16:38:05.855-0500 [DEBUG] [org.gradle.process.internal.health.memory.DefaultMemoryManager] 841566208 physical memory requested, 0 released, 542625792 free
2025-10-19T16:38:10.867-0500 [DEBUG] [org.gradle.process.internal.health.memory.DefaultMemoryManager] 841566208 physical memory requested, 443580416 free
2025-10-19T16:38:10.868-0500 [DEBUG] [org.gradle.workers.internal.WorkerDaemonExpiration] Will attempt to release 802 of memory
2025-10-19T16:38:10.868-0500 [DEBUG] [org.gradle.process.internal.health.memory.DefaultMemoryManager] 841566208 physical memory requested, 0 released, 443580416 free
2025-10-19T16:38:14.860-0500 [DEBUG] [org.gradle.cache.internal.DefaultFileLockManager] Waiting to acquire shared lock on daemon addresses registry.
2025-10-19T16:38:14.860-0500 [DEBUG] [org.gradle.cache.internal.DefaultFileLockManager] Lock acquired on daemon addresses registry.
2025-10-19T16:38:14.860-0500 [DEBUG] [org.gradle.cache.internal.DefaultFileLockManager] Releasing lock on daemon addresses registry.
2025-10-19T16:38:14.862-0500 [DEBUG] [org.gradle.cache.internal.DefaultFileLockManager] Waiting to acquire shared lock on daemon addresses registry.
2025-10-19T16:38:14.862-0500 [DEBUG] [org.gradle.cache.internal.DefaultFileLockManager] Lock acquired on daemon addresses registry.
2025-10-19T16:38:14.863-0500 [DEBUG] [org.gradle.cache.internal.DefaultFileLockManager] Releasing lock on daemon addresses registry.
2025-10-19T16:38:14.864-0500 [DEBUG] [org.gradle.cache.internal.DefaultFileLockManager] Waiting to acquire shared lock on daemon addresses registry.
2025-10-19T16:38:14.864-0500 [DEBUG] [org.gradle.cache.internal.DefaultFileLockManager] Lock acquired on daemon addresses registry.
2025-10-19T16:38:14.865-0500 [DEBUG] [org.gradle.cache.internal.DefaultFileLockManager] Releasing lock on daemon addresses registry.
2025-10-19T16:38:15.868-0500 [DEBUG] [org.gradle.process.internal.health.memory.DefaultMemoryManager] 841566208 physical memory requested, 476917760 free
2025-10-19T16:38:15.868-0500 [DEBUG] [org.gradle.workers.internal.WorkerDaemonExpiration] Will attempt to release 802 of memory
2025-10-19T16:38:15.869-0500 [DEBUG] [org.gradle.process.internal.health.memory.DefaultMemoryManager] 841566208 physical memory requested, 0 released, 476917760 free
2025-10-19T16:38:20.854-0500 [DEBUG] [org.gradle.process.internal.health.memory.DefaultMemoryManager] 841566208 physical memory requested, 467722240 free
2025-10-19T16:38:20.855-0500 [DEBUG] [org.gradle.workers.internal.WorkerDaemonExpiration] Will attempt to release 802 of memory
2025-10-19T16:38:20.855-0500 [DEBUG] [org.gradle.process.internal.health.memory.DefaultMemoryManager] 841566208 physical memory requested, 0 released, 467722240 free
2025-10-19T16:38:24.839-0500 [DEBUG] [org.gradle.cache.internal.DefaultFileLockManager] Waiting to acquire shared lock on daemon addresses registry.
2025-10-19T16:38:24.839-0500 [DEBUG] [org.gradle.cache.internal.DefaultFileLockManager] Lock acquired on daemon addresses registry.
2025-10-19T16:38:24.840-0500 [DEBUG] [org.gradle.cache.internal.DefaultFileLockManager] Releasing lock on daemon addresses registry.
2025-10-19T16:38:24.857-0500 [DEBUG] [org.gradle.cache.internal.DefaultFileLockManager] Waiting to acquire shared lock on daemon addresses registry.
2025-10-19T16:38:24.857-0500 [DEBUG] [org.gradle.cache.internal.DefaultFileLockManager] Lock acquired on daemon addresses registry.
2025-10-19T16:38:24.858-0500 [DEBUG] [org.gradle.cache.internal.DefaultFileLockManager] Releasing lock on daemon addresses registry.
2025-10-19T16:38:24.861-0500 [DEBUG] [org.gradle.cache.internal.DefaultFileLockManager] Waiting to acquire shared lock on daemon addresses registry.
2025-10-19T16:38:24.862-0500 [DEBUG] [org.gradle.cache.internal.DefaultFileLockManager] Lock acquired on daemon addresses registry.
2025-10-19T16:38:24.863-0500 [DEBUG] [org.gradle.cache.internal.DefaultFileLockManager] Releasing lock on daemon addresses registry.
2025-10-19T16:38:25.867-0500 [DEBUG] [org.gradle.process.internal.health.memory.DefaultMemoryManager] 841566208 physical memory requested, 438517760 free
2025-10-19T16:38:25.867-0500 [DEBUG] [org.gradle.workers.internal.WorkerDaemonExpiration] Will attempt to release 802 of memory
2025-10-19T16:38:25.867-0500 [DEBUG] [org.gradle.process.internal.health.memory.DefaultMemoryManager] 841566208 physical memory requested, 0 released, 438517760 free
2025-10-19T16:38:30.868-0500 [DEBUG] [org.gradle.process.internal.health.memory.DefaultMemoryManager] 841566208 physical memory requested, 445349888 free
2025-10-19T16:38:30.868-0500 [DEBUG] [org.gradle.workers.internal.WorkerDaemonExpiration] Will attempt to release 802 of memory
2025-10-19T16:38:30.868-0500 [DEBUG] [org.gradle.process.internal.health.memory.DefaultMemoryManager] 841566208 physical memory requested, 0 released, 445349888 free
2025-10-19T16:38:34.843-0500 [DEBUG] [org.gradle.cache.internal.DefaultFileLockManager] Waiting to acquire shared lock on daemon addresses registry.
2025-10-19T16:38:34.844-0500 [DEBUG] [org.gradle.cache.internal.DefaultFileLockManager] Lock acquired on daemon addresses registry.
2025-10-19T16:38:34.845-0500 [DEBUG] [org.gradle.cache.internal.DefaultFileLockManager] Releasing lock on daemon addresses registry.
2025-10-19T16:38:34.851-0500 [DEBUG] [org.gradle.cache.internal.DefaultFileLockManager] Waiting to acquire shared lock on daemon addresses registry.
2025-10-19T16:38:34.851-0500 [DEBUG] [org.gradle.cache.internal.DefaultFileLockManager] Lock acquired on daemon addresses registry.
2025-10-19T16:38:34.852-0500 [DEBUG] [org.gradle.cache.internal.DefaultFileLockManager] Releasing lock on daemon addresses registry.
2025-10-19T16:38:34.856-0500 [DEBUG] [org.gradle.cache.internal.DefaultFileLockManager] Waiting to acquire shared lock on daemon addresses registry.
2025-10-19T16:38:34.856-0500 [DEBUG] [org.gradle.cache.internal.DefaultFileLockManager] Lock acquired on daemon addresses registry.
2025-10-19T16:38:34.857-0500 [DEBUG] [org.gradle.cache.internal.DefaultFileLockManager] Releasing lock on daemon addresses registry.
2025-10-19T16:38:35.870-0500 [DEBUG] [org.gradle.process.internal.health.memory.DefaultMemoryManager] 841566208 physical memory requested, 424730624 free
2025-10-19T16:38:35.870-0500 [DEBUG] [org.gradle.workers.internal.WorkerDaemonExpiration] Will attempt to release 802 of memory
2025-10-19T16:38:35.883-0500 [DEBUG] [org.gradle.process.internal.health.memory.DefaultMemoryManager] 841566208 physical memory requested, 0 released, 424730624 free
2025-10-19T16:38:40.866-0500 [DEBUG] [org.gradle.process.internal.health.memory.DefaultMemoryManager] 841566208 physical memory requested, 426110976 free
2025-10-19T16:38:40.867-0500 [DEBUG] [org.gradle.workers.internal.WorkerDaemonExpiration] Will attempt to release 802 of memory
2025-10-19T16:38:40.867-0500 [DEBUG] [org.gradle.process.internal.health.memory.DefaultMemoryManager] 841566208 physical memory requested, 0 released, 426110976 free
2025-10-19T16:38:44.842-0500 [DEBUG] [org.gradle.cache.internal.DefaultFileLockManager] Waiting to acquire shared lock on daemon addresses registry.
2025-10-19T16:38:44.843-0500 [DEBUG] [org.gradle.cache.internal.DefaultFileLockManager] Lock acquired on daemon addresses registry.
2025-10-19T16:38:44.844-0500 [DEBUG] [org.gradle.cache.internal.DefaultFileLockManager] Releasing lock on daemon addresses registry.
2025-10-19T16:38:44.850-0500 [DEBUG] [org.gradle.cache.internal.DefaultFileLockManager] Waiting to acquire shared lock on daemon addresses registry.
2025-10-19T16:38:44.850-0500 [DEBUG] [org.gradle.cache.internal.DefaultFileLockManager] Lock acquired on daemon addresses registry.
2025-10-19T16:38:44.851-0500 [DEBUG] [org.gradle.cache.internal.DefaultFileLockManager] Releasing lock on daemon addresses registry.
2025-10-19T16:38:44.855-0500 [DEBUG] [org.gradle.cache.internal.DefaultFileLockManager] Waiting to acquire shared lock on daemon addresses registry.
2025-10-19T16:38:44.855-0500 [DEBUG] [org.gradle.cache.internal.DefaultFileLockManager] Lock acquired on daemon addresses registry.
2025-10-19T16:38:44.856-0500 [DEBUG] [org.gradle.cache.internal.DefaultFileLockManager] Releasing lock on daemon addresses registry.
2025-10-19T16:38:45.855-0500 [DEBUG] [org.gradle.process.internal.health.memory.DefaultMemoryManager] 841566208 physical memory requested, 434511872 free
2025-10-19T16:38:45.855-0500 [DEBUG] [org.gradle.workers.internal.WorkerDaemonExpiration] Will attempt to release 802 of memory
2025-10-19T16:38:45.855-0500 [DEBUG] [org.gradle.process.internal.health.memory.DefaultMemoryManager] 841566208 physical memory requested, 0 released, 434511872 free
2025-10-19T16:38:54.847-0500 [DEBUG] [org.gradle.cache.internal.DefaultFileLockManager] Waiting to acquire shared lock on daemon addresses registry.
2025-10-19T16:38:54.850-0500 [DEBUG] [org.gradle.cache.internal.DefaultFileLockManager] Lock acquired on daemon addresses registry.
2025-10-19T16:38:54.850-0500 [DEBUG] [org.gradle.cache.internal.DefaultFileLockManager] Releasing lock on daemon addresses registry.
2025-10-19T16:38:54.852-0500 [DEBUG] [org.gradle.cache.internal.DefaultFileLockManager] Waiting to acquire shared lock on daemon addresses registry.
2025-10-19T16:38:54.853-0500 [DEBUG] [org.gradle.cache.internal.DefaultFileLockManager] Lock acquired on daemon addresses registry.
2025-10-19T16:38:54.853-0500 [DEBUG] [org.gradle.cache.internal.DefaultFileLockManager] Releasing lock on daemon addresses registry.
2025-10-19T16:38:54.855-0500 [DEBUG] [org.gradle.cache.internal.DefaultFileLockManager] Waiting to acquire shared lock on daemon addresses registry.
2025-10-19T16:38:54.855-0500 [DEBUG] [org.gradle.cache.internal.DefaultFileLockManager] Lock acquired on daemon addresses registry.
2025-10-19T16:38:54.856-0500 [DEBUG] [org.gradle.cache.internal.DefaultFileLockManager] Releasing lock on daemon addresses registry.
2025-10-19T16:39:04.854-0500 [DEBUG] [org.gradle.cache.internal.DefaultFileLockManager] Waiting to acquire shared lock on daemon addresses registry.
2025-10-19T16:39:04.855-0500 [DEBUG] [org.gradle.cache.internal.DefaultFileLockManager] Lock acquired on daemon addresses registry.
2025-10-19T16:39:04.871-0500 [DEBUG] [org.gradle.cache.internal.DefaultFileLockManager] Releasing lock on daemon addresses registry.
2025-10-19T16:39:04.876-0500 [DEBUG] [org.gradle.cache.internal.DefaultFileLockManager] Waiting to acquire shared lock on daemon addresses registry.
2025-10-19T16:39:04.876-0500 [DEBUG] [org.gradle.cache.internal.DefaultFileLockManager] Lock acquired on daemon addresses registry.
2025-10-19T16:39:04.877-0500 [DEBUG] [org.gradle.cache.internal.DefaultFileLockManager] Releasing lock on daemon addresses registry.
2025-10-19T16:39:04.882-0500 [DEBUG] [org.gradle.cache.internal.DefaultFileLockManager] Waiting to acquire shared lock on daemon addresses registry.
2025-10-19T16:39:04.883-0500 [DEBUG] [org.gradle.cache.internal.DefaultFileLockManager] Lock acquired on daemon addresses registry.
2025-10-19T16:39:04.884-0500 [DEBUG] [org.gradle.cache.internal.DefaultFileLockManager] Releasing lock on daemon addresses registry.
2025-10-19T16:39:14.844-0500 [DEBUG] [org.gradle.cache.internal.DefaultFileLockManager] Waiting to acquire shared lock on daemon addresses registry.
2025-10-19T16:39:14.844-0500 [DEBUG] [org.gradle.cache.internal.DefaultFileLockManager] Lock acquired on daemon addresses registry.
2025-10-19T16:39:14.844-0500 [DEBUG] [org.gradle.cache.internal.DefaultFileLockManager] Releasing lock on daemon addresses registry.
2025-10-19T16:39:14.845-0500 [DEBUG] [org.gradle.cache.internal.DefaultFileLockManager] Waiting to acquire shared lock on daemon addresses registry.
2025-10-19T16:39:14.845-0500 [DEBUG] [org.gradle.cache.internal.DefaultFileLockManager] Lock acquired on daemon addresses registry.
2025-10-19T16:39:14.845-0500 [DEBUG] [org.gradle.cache.internal.DefaultFileLockManager] Releasing lock on daemon addresses registry.
2025-10-19T16:39:14.846-0500 [DEBUG] [org.gradle.cache.internal.DefaultFileLockManager] Waiting to acquire shared lock on daemon addresses registry.
2025-10-19T16:39:14.846-0500 [DEBUG] [org.gradle.cache.internal.DefaultFileLockManager] Lock acquired on daemon addresses registry.
2025-10-19T16:39:14.861-0500 [DEBUG] [org.gradle.cache.internal.DefaultFileLockManager] Releasing lock on daemon addresses registry.
2025-10-19T16:39:20.855-0500 [DEBUG] [org.gradle.process.internal.health.memory.DefaultMemoryManager] 841566208 physical memory requested, 786923520 free
2025-10-19T16:39:20.856-0500 [DEBUG] [org.gradle.workers.internal.WorkerDaemonExpiration] Will attempt to release 802 of memory
2025-10-19T16:39:20.856-0500 [DEBUG] [org.gradle.process.internal.health.memory.DefaultMemoryManager] 841566208 physical memory requested, 0 released, 786923520 free
2025-10-19T16:39:24.838-0500 [DEBUG] [org.gradle.cache.internal.DefaultFileLockManager] Waiting to acquire shared lock on daemon addresses registry.
2025-10-19T16:39:24.838-0500 [DEBUG] [org.gradle.cache.internal.DefaultFileLockManager] Lock acquired on daemon addresses registry.
2025-10-19T16:39:24.839-0500 [DEBUG] [org.gradle.cache.internal.DefaultFileLockManager] Releasing lock on daemon addresses registry.
2025-10-19T16:39:24.840-0500 [DEBUG] [org.gradle.cache.internal.DefaultFileLockManager] Waiting to acquire shared lock on daemon addresses registry.
2025-10-19T16:39:24.841-0500 [DEBUG] [org.gradle.cache.internal.DefaultFileLockManager] Lock acquired on daemon addresses registry.
2025-10-19T16:39:24.841-0500 [DEBUG] [org.gradle.cache.internal.DefaultFileLockManager] Releasing lock on daemon addresses registry.
2025-10-19T16:39:24.843-0500 [DEBUG] [org.gradle.cache.internal.DefaultFileLockManager] Waiting to acquire shared lock on daemon addresses registry.
2025-10-19T16:39:24.843-0500 [DEBUG] [org.gradle.cache.internal.DefaultFileLockManager] Lock acquired on daemon addresses registry.
2025-10-19T16:39:24.844-0500 [DEBUG] [org.gradle.cache.internal.DefaultFileLockManager] Releasing lock on daemon addresses registry.
2025-10-19T16:39:25.866-0500 [DEBUG] [org.gradle.process.internal.health.memory.DefaultMemoryManager] 841566208 physical memory requested, 386867200 free
2025-10-19T16:39:25.866-0500 [DEBUG] [org.gradle.workers.internal.WorkerDaemonExpiration] Will attempt to release 802 of memory
2025-10-19T16:39:25.866-0500 [DEBUG] [org.gradle.process.internal.health.memory.DefaultMemoryManager] 841566208 physical memory requested, 0 released, 386867200 free
2025-10-19T16:39:34.836-0500 [DEBUG] [org.gradle.cache.internal.DefaultFileLockManager] Waiting to acquire shared lock on daemon addresses registry.
2025-10-19T16:39:34.836-0500 [DEBUG] [org.gradle.cache.internal.DefaultFileLockManager] Lock acquired on daemon addresses registry.
2025-10-19T16:39:34.837-0500 [DEBUG] [org.gradle.cache.internal.DefaultFileLockManager] Releasing lock on daemon addresses registry.
2025-10-19T16:39:34.841-0500 [DEBUG] [org.gradle.cache.internal.DefaultFileLockManager] Waiting to acquire shared lock on daemon addresses registry.
2025-10-19T16:39:34.841-0500 [DEBUG] [org.gradle.cache.internal.DefaultFileLockManager] Lock acquired on daemon addresses registry.
2025-10-19T16:39:34.841-0500 [DEBUG] [org.gradle.cache.internal.DefaultFileLockManager] Releasing lock on daemon addresses registry.
2025-10-19T16:39:34.843-0500 [DEBUG] [org.gradle.cache.internal.DefaultFileLockManager] Waiting to acquire shared lock on daemon addresses registry.
2025-10-19T16:39:34.843-0500 [DEBUG] [org.gradle.cache.internal.DefaultFileLockManager] Lock acquired on daemon addresses registry.
2025-10-19T16:39:34.843-0500 [DEBUG] [org.gradle.cache.internal.DefaultFileLockManager] Releasing lock on daemon addresses registry.
2025-10-19T16:39:44.852-0500 [DEBUG] [org.gradle.cache.internal.DefaultFileLockManager] Waiting to acquire shared lock on daemon addresses registry.
2025-10-19T16:39:44.852-0500 [DEBUG] [org.gradle.cache.internal.DefaultFileLockManager] Lock acquired on daemon addresses registry.
2025-10-19T16:39:44.856-0500 [DEBUG] [org.gradle.cache.internal.DefaultFileLockManager] Releasing lock on daemon addresses registry.
2025-10-19T16:39:44.862-0500 [DEBUG] [org.gradle.cache.internal.DefaultFileLockManager] Waiting to acquire shared lock on daemon addresses registry.
2025-10-19T16:39:44.862-0500 [DEBUG] [org.gradle.cache.internal.DefaultFileLockManager] Lock acquired on daemon addresses registry.
2025-10-19T16:39:44.864-0500 [DEBUG] [org.gradle.cache.internal.DefaultFileLockManager] Releasing lock on daemon addresses registry.
2025-10-19T16:39:44.869-0500 [DEBUG] [org.gradle.cache.internal.DefaultFileLockManager] Waiting to acquire shared lock on daemon addresses registry.
2025-10-19T16:39:44.870-0500 [DEBUG] [org.gradle.cache.internal.DefaultFileLockManager] Lock acquired on daemon addresses registry.
2025-10-19T16:39:44.871-0500 [DEBUG] [org.gradle.cache.internal.DefaultFileLockManager] Releasing lock on daemon addresses registry.
2025-10-19T16:39:54.884-0500 [DEBUG] [org.gradle.cache.internal.DefaultFileLockManager] Waiting to acquire shared lock on daemon addresses registry.
2025-10-19T16:39:54.885-0500 [DEBUG] [org.gradle.cache.internal.DefaultFileLockManager] Lock acquired on daemon addresses registry.
2025-10-19T16:39:54.886-0500 [DEBUG] [org.gradle.cache.internal.DefaultFileLockManager] Releasing lock on daemon addresses registry.
2025-10-19T16:39:54.892-0500 [DEBUG] [org.gradle.cache.internal.DefaultFileLockManager] Waiting to acquire shared lock on daemon addresses registry.
2025-10-19T16:39:54.892-0500 [DEBUG] [org.gradle.cache.internal.DefaultFileLockManager] Lock acquired on daemon addresses registry.
2025-10-19T16:39:54.893-0500 [DEBUG] [org.gradle.cache.internal.DefaultFileLockManager] Releasing lock on daemon addresses registry.
2025-10-19T16:39:54.896-0500 [DEBUG] [org.gradle.cache.internal.DefaultFileLockManager] Waiting to acquire shared lock on daemon addresses registry.
2025-10-19T16:39:54.896-0500 [DEBUG] [org.gradle.cache.internal.DefaultFileLockManager] Lock acquired on daemon addresses registry.
2025-10-19T16:39:54.896-0500 [DEBUG] [org.gradle.cache.internal.DefaultFileLockManager] Releasing lock on daemon addresses registry.
2025-10-19T16:39:55.888-0500 [DEBUG] [org.gradle.process.internal.health.memory.DefaultMemoryManager] 841566208 physical memory requested, 565231616 free
2025-10-19T16:39:55.888-0500 [DEBUG] [org.gradle.workers.internal.WorkerDaemonExpiration] Will attempt to release 802 of memory
2025-10-19T16:39:55.888-0500 [DEBUG] [org.gradle.process.internal.health.memory.DefaultMemoryManager] 841566208 physical memory requested, 0 released, 565231616 free
2025-10-19T16:40:00.860-0500 [DEBUG] [org.gradle.process.internal.health.memory.DefaultMemoryManager] 841566208 physical memory requested, 721096704 free
2025-10-19T16:40:00.860-0500 [DEBUG] [org.gradle.workers.internal.WorkerDaemonExpiration] Will attempt to release 802 of memory
2025-10-19T16:40:00.861-0500 [DEBUG] [org.gradle.process.internal.health.memory.DefaultMemoryManager] 841566208 physical memory requested, 0 released, 721096704 free
2025-10-19T16:40:04.841-0500 [DEBUG] [org.gradle.cache.internal.DefaultFileLockManager] Waiting to acquire shared lock on daemon addresses registry.
2025-10-19T16:40:04.841-0500 [DEBUG] [org.gradle.cache.internal.DefaultFileLockManager] Lock acquired on daemon addresses registry.
2025-10-19T16:40:04.856-0500 [DEBUG] [org.gradle.cache.internal.DefaultFileLockManager] Releasing lock on daemon addresses registry.
2025-10-19T16:40:04.857-0500 [DEBUG] [org.gradle.cache.internal.DefaultFileLockManager] Waiting to acquire shared lock on daemon addresses registry.
2025-10-19T16:40:04.857-0500 [DEBUG] [org.gradle.cache.internal.DefaultFileLockManager] Lock acquired on daemon addresses registry.
2025-10-19T16:40:04.857-0500 [DEBUG] [org.gradle.cache.internal.DefaultFileLockManager] Releasing lock on daemon addresses registry.
2025-10-19T16:40:04.859-0500 [DEBUG] [org.gradle.cache.internal.DefaultFileLockManager] Waiting to acquire shared lock on daemon addresses registry.
2025-10-19T16:40:04.859-0500 [DEBUG] [org.gradle.cache.internal.DefaultFileLockManager] Lock acquired on daemon addresses registry.
2025-10-19T16:40:04.859-0500 [DEBUG] [org.gradle.cache.internal.DefaultFileLockManager] Releasing lock on daemon addresses registry.
2025-10-19T16:40:14.838-0500 [DEBUG] [org.gradle.cache.internal.DefaultFileLockManager] Waiting to acquire shared lock on daemon addresses registry.
2025-10-19T16:40:14.839-0500 [DEBUG] [org.gradle.cache.internal.DefaultFileLockManager] Lock acquired on daemon addresses registry.
2025-10-19T16:40:14.840-0500 [DEBUG] [org.gradle.cache.internal.DefaultFileLockManager] Releasing lock on daemon addresses registry.
2025-10-19T16:40:14.842-0500 [DEBUG] [org.gradle.cache.internal.DefaultFileLockManager] Waiting to acquire shared lock on daemon addresses registry.
2025-10-19T16:40:14.842-0500 [DEBUG] [org.gradle.cache.internal.DefaultFileLockManager] Lock acquired on daemon addresses registry.
2025-10-19T16:40:14.843-0500 [DEBUG] [org.gradle.cache.internal.DefaultFileLockManager] Releasing lock on daemon addresses registry.
2025-10-19T16:40:14.845-0500 [DEBUG] [org.gradle.cache.internal.DefaultFileLockManager] Waiting to acquire shared lock on daemon addresses registry.
2025-10-19T16:40:14.845-0500 [DEBUG] [org.gradle.cache.internal.DefaultFileLockManager] Lock acquired on daemon addresses registry.
2025-10-19T16:40:14.845-0500 [DEBUG] [org.gradle.cache.internal.DefaultFileLockManager] Releasing lock on daemon addresses registry.
2025-10-19T16:40:15.861-0500 [DEBUG] [org.gradle.process.internal.health.memory.DefaultMemoryManager] 841566208 physical memory requested, 470261760 free
2025-10-19T16:40:15.861-0500 [DEBUG] [org.gradle.workers.internal.WorkerDaemonExpiration] Will attempt to release 802 of memory
2025-10-19T16:40:15.862-0500 [DEBUG] [org.gradle.process.internal.health.memory.DefaultMemoryManager] 841566208 physical memory requested, 0 released, 470261760 free
2025-10-19T16:40:20.868-0500 [DEBUG] [org.gradle.process.internal.health.memory.DefaultMemoryManager] 841566208 physical memory requested, 781791232 free
2025-10-19T16:40:20.868-0500 [DEBUG] [org.gradle.workers.internal.WorkerDaemonExpiration] Will attempt to release 802 of memory
2025-10-19T16:40:20.868-0500 [DEBUG] [org.gradle.process.internal.health.memory.DefaultMemoryManager] 841566208 physical memory requested, 0 released, 781791232 free
2025-10-19T16:40:24.841-0500 [DEBUG] [org.gradle.cache.internal.DefaultFileLockManager] Waiting to acquire shared lock on daemon addresses registry.
2025-10-19T16:40:24.841-0500 [DEBUG] [org.gradle.cache.internal.DefaultFileLockManager] Lock acquired on daemon addresses registry.
2025-10-19T16:40:24.841-0500 [DEBUG] [org.gradle.cache.internal.DefaultFileLockManager] Releasing lock on daemon addresses registry.
2025-10-19T16:40:24.844-0500 [DEBUG] [org.gradle.cache.internal.DefaultFileLockManager] Waiting to acquire shared lock on daemon addresses registry.
2025-10-19T16:40:24.844-0500 [DEBUG] [org.gradle.cache.internal.DefaultFileLockManager] Lock acquired on daemon addresses registry.
2025-10-19T16:40:24.845-0500 [DEBUG] [org.gradle.cache.internal.DefaultFileLockManager] Releasing lock on daemon addresses registry.
2025-10-19T16:40:24.847-0500 [DEBUG] [org.gradle.cache.internal.DefaultFileLockManager] Waiting to acquire shared lock on daemon addresses registry.
2025-10-19T16:40:24.847-0500 [DEBUG] [org.gradle.cache.internal.DefaultFileLockManager] Lock acquired on daemon addresses registry.
2025-10-19T16:40:24.847-0500 [DEBUG] [org.gradle.cache.internal.DefaultFileLockManager] Releasing lock on daemon addresses registry.
2025-10-19T16:40:34.850-0500 [DEBUG] [org.gradle.cache.internal.DefaultFileLockManager] Waiting to acquire shared lock on daemon addresses registry.
2025-10-19T16:40:34.851-0500 [DEBUG] [org.gradle.cache.internal.DefaultFileLockManager] Lock acquired on daemon addresses registry.
2025-10-19T16:40:34.851-0500 [DEBUG] [org.gradle.cache.internal.DefaultFileLockManager] Releasing lock on daemon addresses registry.
2025-10-19T16:40:34.852-0500 [DEBUG] [org.gradle.cache.internal.DefaultFileLockManager] Waiting to acquire shared lock on daemon addresses registry.
2025-10-19T16:40:34.862-0500 [DEBUG] [org.gradle.cache.internal.DefaultFileLockManager] Lock acquired on daemon addresses registry.
2025-10-19T16:40:34.862-0500 [DEBUG] [org.gradle.cache.internal.DefaultFileLockManager] Releasing lock on daemon addresses registry.
2025-10-19T16:40:34.864-0500 [DEBUG] [org.gradle.cache.internal.DefaultFileLockManager] Waiting to acquire shared lock on daemon addresses registry.
2025-10-19T16:40:34.864-0500 [DEBUG] [org.gradle.cache.internal.DefaultFileLockManager] Lock acquired on daemon addresses registry.
2025-10-19T16:40:34.865-0500 [DEBUG] [org.gradle.cache.internal.DefaultFileLockManager] Releasing lock on daemon addresses registry.
2025-10-19T16:40:44.836-0500 [DEBUG] [org.gradle.cache.internal.DefaultFileLockManager] Waiting to acquire shared lock on daemon addresses registry.
2025-10-19T16:40:44.837-0500 [DEBUG] [org.gradle.cache.internal.DefaultFileLockManager] Lock acquired on daemon addresses registry.
2025-10-19T16:40:44.837-0500 [DEBUG] [org.gradle.cache.internal.DefaultFileLockManager] Releasing lock on daemon addresses registry.
2025-10-19T16:40:44.856-0500 [DEBUG] [org.gradle.cache.internal.DefaultFileLockManager] Waiting to acquire shared lock on daemon addresses registry.
2025-10-19T16:40:44.857-0500 [DEBUG] [org.gradle.cache.internal.DefaultFileLockManager] Lock acquired on daemon addresses registry.
2025-10-19T16:40:44.871-0500 [DEBUG] [org.gradle.cache.internal.DefaultFileLockManager] Releasing lock on daemon addresses registry.
2025-10-19T16:40:44.874-0500 [DEBUG] [org.gradle.cache.internal.DefaultFileLockManager] Waiting to acquire shared lock on daemon addresses registry.
2025-10-19T16:40:44.875-0500 [DEBUG] [org.gradle.cache.internal.DefaultFileLockManager] Lock acquired on daemon addresses registry.
2025-10-19T16:40:44.875-0500 [DEBUG] [org.gradle.cache.internal.DefaultFileLockManager] Releasing lock on daemon addresses registry.
2025-10-19T16:40:54.847-0500 [DEBUG] [org.gradle.cache.internal.DefaultFileLockManager] Waiting to acquire shared lock on daemon addresses registry.
2025-10-19T16:40:54.848-0500 [DEBUG] [org.gradle.cache.internal.DefaultFileLockManager] Lock acquired on daemon addresses registry.
2025-10-19T16:40:54.854-0500 [DEBUG] [org.gradle.cache.internal.DefaultFileLockManager] Releasing lock on daemon addresses registry.
2025-10-19T16:40:54.863-0500 [DEBUG] [org.gradle.cache.internal.DefaultFileLockManager] Waiting to acquire shared lock on daemon addresses registry.
2025-10-19T16:40:54.863-0500 [DEBUG] [org.gradle.cache.internal.DefaultFileLockManager] Lock acquired on daemon addresses registry.
2025-10-19T16:40:54.865-0500 [DEBUG] [org.gradle.cache.internal.DefaultFileLockManager] Releasing lock on daemon addresses registry.
2025-10-19T16:40:54.872-0500 [DEBUG] [org.gradle.cache.internal.DefaultFileLockManager] Waiting to acquire shared lock on daemon addresses registry.
2025-10-19T16:40:54.872-0500 [DEBUG] [org.gradle.cache.internal.DefaultFileLockManager] Lock acquired on daemon addresses registry.
2025-10-19T16:40:54.874-0500 [DEBUG] [org.gradle.cache.internal.DefaultFileLockManager] Releasing lock on daemon addresses registry.
2025-10-19T16:41:04.841-0500 [DEBUG] [org.gradle.cache.internal.DefaultFileLockManager] Waiting to acquire shared lock on daemon addresses registry.
2025-10-19T16:41:04.843-0500 [DEBUG] [org.gradle.cache.internal.DefaultFileLockManager] Lock acquired on daemon addresses registry.
2025-10-19T16:41:04.844-0500 [DEBUG] [org.gradle.cache.internal.DefaultFileLockManager] Releasing lock on daemon addresses registry.
2025-10-19T16:41:04.846-0500 [DEBUG] [org.gradle.cache.internal.DefaultFileLockManager] Waiting to acquire shared lock on daemon addresses registry.
2025-10-19T16:41:04.846-0500 [DEBUG] [org.gradle.cache.internal.DefaultFileLockManager] Lock acquired on daemon addresses registry.
2025-10-19T16:41:04.847-0500 [DEBUG] [org.gradle.cache.internal.DefaultFileLockManager] Releasing lock on daemon addresses registry.
2025-10-19T16:41:04.849-0500 [DEBUG] [org.gradle.cache.internal.DefaultFileLockManager] Waiting to acquire shared lock on daemon addresses registry.
2025-10-19T16:41:04.849-0500 [DEBUG] [org.gradle.cache.internal.DefaultFileLockManager] Lock acquired on daemon addresses registry.
2025-10-19T16:41:04.849-0500 [DEBUG] [org.gradle.cache.internal.DefaultFileLockManager] Releasing lock on daemon addresses registry.
2025-10-19T16:41:14.837-0500 [DEBUG] [org.gradle.cache.internal.DefaultFileLockManager] Waiting to acquire shared lock on daemon addresses registry.
2025-10-19T16:41:14.838-0500 [DEBUG] [org.gradle.cache.internal.DefaultFileLockManager] Lock acquired on daemon addresses registry.
2025-10-19T16:41:14.839-0500 [DEBUG] [org.gradle.cache.internal.DefaultFileLockManager] Releasing lock on daemon addresses registry.
2025-10-19T16:41:14.845-0500 [DEBUG] [org.gradle.cache.internal.DefaultFileLockManager] Waiting to acquire shared lock on daemon addresses registry.
2025-10-19T16:41:14.845-0500 [DEBUG] [org.gradle.cache.internal.DefaultFileLockManager] Lock acquired on daemon addresses registry.
2025-10-19T16:41:14.846-0500 [DEBUG] [org.gradle.cache.internal.DefaultFileLockManager] Releasing lock on daemon addresses registry.
2025-10-19T16:41:14.851-0500 [DEBUG] [org.gradle.cache.internal.DefaultFileLockManager] Waiting to acquire shared lock on daemon addresses registry.
2025-10-19T16:41:14.851-0500 [DEBUG] [org.gradle.cache.internal.DefaultFileLockManager] Lock acquired on daemon addresses registry.
2025-10-19T16:41:14.852-0500 [DEBUG] [org.gradle.cache.internal.DefaultFileLockManager] Releasing lock on daemon addresses registry.
2025-10-19T16:41:24.846-0500 [DEBUG] [org.gradle.cache.internal.DefaultFileLockManager] Waiting to acquire shared lock on daemon addresses registry.
2025-10-19T16:41:24.847-0500 [DEBUG] [org.gradle.cache.internal.DefaultFileLockManager] Lock acquired on daemon addresses registry.
2025-10-19T16:41:24.848-0500 [DEBUG] [org.gradle.cache.internal.DefaultFileLockManager] Releasing lock on daemon addresses registry.
2025-10-19T16:41:24.858-0500 [DEBUG] [org.gradle.cache.internal.DefaultFileLockManager] Waiting to acquire shared lock on daemon addresses registry.
2025-10-19T16:41:24.858-0500 [DEBUG] [org.gradle.cache.internal.DefaultFileLockManager] Lock acquired on daemon addresses registry.
2025-10-19T16:41:24.860-0500 [DEBUG] [org.gradle.cache.internal.DefaultFileLockManager] Releasing lock on daemon addresses registry.
2025-10-19T16:41:24.872-0500 [DEBUG] [org.gradle.cache.internal.DefaultFileLockManager] Waiting to acquire shared lock on daemon addresses registry.
2025-10-19T16:41:24.873-0500 [DEBUG] [org.gradle.cache.internal.DefaultFileLockManager] Lock acquired on daemon addresses registry.
2025-10-19T16:41:24.874-0500 [DEBUG] [org.gradle.cache.internal.DefaultFileLockManager] Releasing lock on daemon addresses registry.
2025-10-19T16:41:34.838-0500 [DEBUG] [org.gradle.cache.internal.DefaultFileLockManager] Waiting to acquire shared lock on daemon addresses registry.
2025-10-19T16:41:34.852-0500 [DEBUG] [org.gradle.cache.internal.DefaultFileLockManager] Lock acquired on daemon addresses registry.
2025-10-19T16:41:34.854-0500 [DEBUG] [org.gradle.cache.internal.DefaultFileLockManager] Releasing lock on daemon addresses registry.
2025-10-19T16:41:34.855-0500 [DEBUG] [org.gradle.cache.internal.DefaultFileLockManager] Waiting to acquire shared lock on daemon addresses registry.
2025-10-19T16:41:34.855-0500 [DEBUG] [org.gradle.cache.internal.DefaultFileLockManager] Lock acquired on daemon addresses registry.
2025-10-19T16:41:34.856-0500 [DEBUG] [org.gradle.cache.internal.DefaultFileLockManager] Releasing lock on daemon addresses registry.
2025-10-19T16:41:34.857-0500 [DEBUG] [org.gradle.cache.internal.DefaultFileLockManager] Waiting to acquire shared lock on daemon addresses registry.
2025-10-19T16:41:34.858-0500 [DEBUG] [org.gradle.cache.internal.DefaultFileLockManager] Lock acquired on daemon addresses registry.
2025-10-19T16:41:34.858-0500 [DEBUG] [org.gradle.cache.internal.DefaultFileLockManager] Releasing lock on daemon addresses registry.
2025-10-19T16:41:40.859-0500 [DEBUG] [org.gradle.process.internal.health.memory.DefaultMemoryManager] 841566208 physical memory requested, 825790464 free
2025-10-19T16:41:40.860-0500 [DEBUG] [org.gradle.workers.internal.WorkerDaemonExpiration] Will attempt to release 802 of memory
2025-10-19T16:41:40.860-0500 [DEBUG] [org.gradle.process.internal.health.memory.DefaultMemoryManager] 841566208 physical memory requested, 0 released, 825790464 free
2025-10-19T16:41:44.837-0500 [DEBUG] [org.gradle.cache.internal.DefaultFileLockManager] Waiting to acquire shared lock on daemon addresses registry.
2025-10-19T16:41:44.837-0500 [DEBUG] [org.gradle.cache.internal.DefaultFileLockManager] Lock acquired on daemon addresses registry.
2025-10-19T16:41:44.839-0500 [DEBUG] [org.gradle.cache.internal.DefaultFileLockManager] Releasing lock on daemon addresses registry.
2025-10-19T16:41:44.841-0500 [DEBUG] [org.gradle.cache.internal.DefaultFileLockManager] Waiting to acquire shared lock on daemon addresses registry.
2025-10-19T16:41:44.841-0500 [DEBUG] [org.gradle.cache.internal.DefaultFileLockManager] Lock acquired on daemon addresses registry.
2025-10-19T16:41:44.841-0500 [DEBUG] [org.gradle.cache.internal.DefaultFileLockManager] Releasing lock on daemon addresses registry.
2025-10-19T16:41:44.842-0500 [DEBUG] [org.gradle.cache.internal.DefaultFileLockManager] Waiting to acquire shared lock on daemon addresses registry.
2025-10-19T16:41:44.842-0500 [DEBUG] [org.gradle.cache.internal.DefaultFileLockManager] Lock acquired on daemon addresses registry.
2025-10-19T16:41:44.843-0500 [DEBUG] [org.gradle.cache.internal.DefaultFileLockManager] Releasing lock on daemon addresses registry.
2025-10-19T16:41:45.862-0500 [DEBUG] [org.gradle.process.internal.health.memory.DefaultMemoryManager] 841566208 physical memory requested, 757592064 free
2025-10-19T16:41:45.862-0500 [DEBUG] [org.gradle.workers.internal.WorkerDaemonExpiration] Will attempt to release 802 of memory
2025-10-19T16:41:45.863-0500 [DEBUG] [org.gradle.process.internal.health.memory.DefaultMemoryManager] 841566208 physical memory requested, 0 released, 757592064 free
2025-10-19T16:41:50.866-0500 [DEBUG] [org.gradle.process.internal.health.memory.DefaultMemoryManager] 841566208 physical memory requested, 659320832 free
2025-10-19T16:41:50.879-0500 [DEBUG] [org.gradle.workers.internal.WorkerDaemonExpiration] Will attempt to release 802 of memory
2025-10-19T16:41:50.880-0500 [DEBUG] [org.gradle.process.internal.health.memory.DefaultMemoryManager] 841566208 physical memory requested, 0 released, 659320832 free
2025-10-19T16:41:54.846-0500 [DEBUG] [org.gradle.cache.internal.DefaultFileLockManager] Waiting to acquire shared lock on daemon addresses registry.
2025-10-19T16:41:54.846-0500 [DEBUG] [org.gradle.cache.internal.DefaultFileLockManager] Lock acquired on daemon addresses registry.
2025-10-19T16:41:54.846-0500 [DEBUG] [org.gradle.cache.internal.DefaultFileLockManager] Releasing lock on daemon addresses registry.
2025-10-19T16:41:54.849-0500 [DEBUG] [org.gradle.cache.internal.DefaultFileLockManager] Waiting to acquire shared lock on daemon addresses registry.
2025-10-19T16:41:54.849-0500 [DEBUG] [org.gradle.cache.internal.DefaultFileLockManager] Lock acquired on daemon addresses registry.
2025-10-19T16:41:54.849-0500 [DEBUG] [org.gradle.cache.internal.DefaultFileLockManager] Releasing lock on daemon addresses registry.
2025-10-19T16:41:54.851-0500 [DEBUG] [org.gradle.cache.internal.DefaultFileLockManager] Waiting to acquire shared lock on daemon addresses registry.
2025-10-19T16:41:54.851-0500 [DEBUG] [org.gradle.cache.internal.DefaultFileLockManager] Lock acquired on daemon addresses registry.
2025-10-19T16:41:54.852-0500 [DEBUG] [org.gradle.cache.internal.DefaultFileLockManager] Releasing lock on daemon addresses registry.
2025-10-19T16:41:55.858-0500 [DEBUG] [org.gradle.process.internal.health.memory.DefaultMemoryManager] 841566208 physical memory requested, 554319872 free
2025-10-19T16:41:55.859-0500 [DEBUG] [org.gradle.workers.internal.WorkerDaemonExpiration] Will attempt to release 802 of memory
2025-10-19T16:41:55.860-0500 [DEBUG] [org.gradle.process.internal.health.memory.DefaultMemoryManager] 841566208 physical memory requested, 0 released, 554319872 free
2025-10-19T16:42:00.854-0500 [DEBUG] [org.gradle.process.internal.health.memory.DefaultMemoryManager] 841566208 physical memory requested, 546156544 free
2025-10-19T16:42:00.855-0500 [DEBUG] [org.gradle.workers.internal.WorkerDaemonExpiration] Will attempt to release 802 of memory
2025-10-19T16:42:00.855-0500 [DEBUG] [org.gradle.process.internal.health.memory.DefaultMemoryManager] 841566208 physical memory requested, 0 released, 546156544 free
2025-10-19T16:42:04.838-0500 [DEBUG] [org.gradle.cache.internal.DefaultFileLockManager] Waiting to acquire shared lock on daemon addresses registry.
2025-10-19T16:42:04.839-0500 [DEBUG] [org.gradle.cache.internal.DefaultFileLockManager] Lock acquired on daemon addresses registry.
2025-10-19T16:42:04.853-0500 [DEBUG] [org.gradle.cache.internal.DefaultFileLockManager] Releasing lock on daemon addresses registry.
2025-10-19T16:42:04.856-0500 [DEBUG] [org.gradle.cache.internal.DefaultFileLockManager] Waiting to acquire shared lock on daemon addresses registry.
2025-10-19T16:42:04.856-0500 [DEBUG] [org.gradle.cache.internal.DefaultFileLockManager] Lock acquired on daemon addresses registry.
2025-10-19T16:42:04.864-0500 [DEBUG] [org.gradle.cache.internal.DefaultFileLockManager] Releasing lock on daemon addresses registry.
2025-10-19T16:42:04.865-0500 [DEBUG] [org.gradle.cache.internal.DefaultFileLockManager] Waiting to acquire shared lock on daemon addresses registry.
2025-10-19T16:42:04.865-0500 [DEBUG] [org.gradle.cache.internal.DefaultFileLockManager] Lock acquired on daemon addresses registry.
2025-10-19T16:42:04.866-0500 [DEBUG] [org.gradle.cache.internal.DefaultFileLockManager] Releasing lock on daemon addresses registry.
2025-10-19T16:42:05.867-0500 [DEBUG] [org.gradle.process.internal.health.memory.DefaultMemoryManager] 841566208 physical memory requested, 517861376 free
2025-10-19T16:42:05.867-0500 [DEBUG] [org.gradle.workers.internal.WorkerDaemonExpiration] Will attempt to release 802 of memory
2025-10-19T16:42:05.867-0500 [DEBUG] [org.gradle.process.internal.health.memory.DefaultMemoryManager] 841566208 physical memory requested, 0 released, 517861376 free
2025-10-19T16:42:10.863-0500 [DEBUG] [org.gradle.process.internal.health.memory.DefaultMemoryManager] 841566208 physical memory requested, 653733888 free
2025-10-19T16:42:10.864-0500 [DEBUG] [org.gradle.workers.internal.WorkerDaemonExpiration] Will attempt to release 802 of memory
2025-10-19T16:42:10.864-0500 [DEBUG] [org.gradle.process.internal.health.memory.DefaultMemoryManager] 841566208 physical memory requested, 0 released, 653733888 free
2025-10-19T16:42:14.847-0500 [DEBUG] [org.gradle.cache.internal.DefaultFileLockManager] Waiting to acquire shared lock on daemon addresses registry.
2025-10-19T16:42:14.848-0500 [DEBUG] [org.gradle.cache.internal.DefaultFileLockManager] Lock acquired on daemon addresses registry.
2025-10-19T16:42:14.848-0500 [DEBUG] [org.gradle.cache.internal.DefaultFileLockManager] Releasing lock on daemon addresses registry.
2025-10-19T16:42:14.850-0500 [DEBUG] [org.gradle.cache.internal.DefaultFileLockManager] Waiting to acquire shared lock on daemon addresses registry.
2025-10-19T16:42:14.850-0500 [DEBUG] [org.gradle.cache.internal.DefaultFileLockManager] Lock acquired on daemon addresses registry.
2025-10-19T16:42:14.851-0500 [DEBUG] [org.gradle.cache.internal.DefaultFileLockManager] Releasing lock on daemon addresses registry.
2025-10-19T16:42:14.852-0500 [DEBUG] [org.gradle.cache.internal.DefaultFileLockManager] Waiting to acquire shared lock on daemon addresses registry.
2025-10-19T16:42:14.852-0500 [DEBUG] [org.gradle.cache.internal.DefaultFileLockManager] Lock acquired on daemon addresses registry.
2025-10-19T16:42:14.853-0500 [DEBUG] [org.gradle.cache.internal.DefaultFileLockManager] Releasing lock on daemon addresses registry.
2025-10-19T16:42:15.860-0500 [DEBUG] [org.gradle.process.internal.health.memory.DefaultMemoryManager] 841566208 physical memory requested, 742838272 free
2025-10-19T16:42:15.860-0500 [DEBUG] [org.gradle.workers.internal.WorkerDaemonExpiration] Will attempt to release 802 of memory
2025-10-19T16:42:15.860-0500 [DEBUG] [org.gradle.process.internal.health.memory.DefaultMemoryManager] 841566208 physical memory requested, 0 released, 742838272 free
2025-10-19T16:42:20.868-0500 [DEBUG] [org.gradle.process.internal.health.memory.DefaultMemoryManager] 841566208 physical memory requested, 761167872 free
2025-10-19T16:42:20.868-0500 [DEBUG] [org.gradle.workers.internal.WorkerDaemonExpiration] Will attempt to release 802 of memory
2025-10-19T16:42:20.868-0500 [DEBUG] [org.gradle.process.internal.health.memory.DefaultMemoryManager] 841566208 physical memory requested, 0 released, 761167872 free
2025-10-19T16:42:24.850-0500 [DEBUG] [org.gradle.cache.internal.DefaultFileLockManager] Waiting to acquire shared lock on daemon addresses registry.
2025-10-19T16:42:24.850-0500 [DEBUG] [org.gradle.cache.internal.DefaultFileLockManager] Lock acquired on daemon addresses registry.
2025-10-19T16:42:24.852-0500 [DEBUG] [org.gradle.cache.internal.DefaultFileLockManager] Releasing lock on daemon addresses registry.
2025-10-19T16:42:24.857-0500 [DEBUG] [org.gradle.cache.internal.DefaultFileLockManager] Waiting to acquire shared lock on daemon addresses registry.
2025-10-19T16:42:24.858-0500 [DEBUG] [org.gradle.cache.internal.DefaultFileLockManager] Lock acquired on daemon addresses registry.
2025-10-19T16:42:24.859-0500 [DEBUG] [org.gradle.cache.internal.DefaultFileLockManager] Releasing lock on daemon addresses registry.
2025-10-19T16:42:24.865-0500 [DEBUG] [org.gradle.cache.internal.DefaultFileLockManager] Waiting to acquire shared lock on daemon addresses registry.
2025-10-19T16:42:24.865-0500 [DEBUG] [org.gradle.cache.internal.DefaultFileLockManager] Lock acquired on daemon addresses registry.
2025-10-19T16:42:24.867-0500 [DEBUG] [org.gradle.cache.internal.DefaultFileLockManager] Releasing lock on daemon addresses registry.
2025-10-19T16:42:25.864-0500 [DEBUG] [org.gradle.process.internal.health.memory.DefaultMemoryManager] 841566208 physical memory requested, 803782656 free
2025-10-19T16:42:25.865-0500 [DEBUG] [org.gradle.workers.internal.WorkerDaemonExpiration] Will attempt to release 802 of memory
2025-10-19T16:42:25.865-0500 [DEBUG] [org.gradle.process.internal.health.memory.DefaultMemoryManager] 841566208 physical memory requested, 0 released, 803782656 free
2025-10-19T16:42:30.860-0500 [DEBUG] [org.gradle.process.internal.health.memory.DefaultMemoryManager] 841566208 physical memory requested, 828035072 free
2025-10-19T16:42:30.860-0500 [DEBUG] [org.gradle.workers.internal.WorkerDaemonExpiration] Will attempt to release 802 of memory
2025-10-19T16:42:30.860-0500 [DEBUG] [org.gradle.process.internal.health.memory.DefaultMemoryManager] 841566208 physical memory requested, 0 released, 828035072 free
2025-10-19T16:42:34.845-0500 [DEBUG] [org.gradle.cache.internal.DefaultFileLockManager] Waiting to acquire shared lock on daemon addresses registry.
2025-10-19T16:42:34.845-0500 [DEBUG] [org.gradle.cache.internal.DefaultFileLockManager] Lock acquired on daemon addresses registry.
2025-10-19T16:42:34.859-0500 [DEBUG] [org.gradle.cache.internal.DefaultFileLockManager] Releasing lock on daemon addresses registry.
2025-10-19T16:42:34.860-0500 [DEBUG] [org.gradle.cache.internal.DefaultFileLockManager] Waiting to acquire shared lock on daemon addresses registry.
2025-10-19T16:42:34.860-0500 [DEBUG] [org.gradle.cache.internal.DefaultFileLockManager] Lock acquired on daemon addresses registry.
2025-10-19T16:42:34.861-0500 [DEBUG] [org.gradle.cache.internal.DefaultFileLockManager] Releasing lock on daemon addresses registry.
2025-10-19T16:42:34.862-0500 [DEBUG] [org.gradle.cache.internal.DefaultFileLockManager] Waiting to acquire shared lock on daemon addresses registry.
2025-10-19T16:42:34.862-0500 [DEBUG] [org.gradle.cache.internal.DefaultFileLockManager] Lock acquired on daemon addresses registry.
2025-10-19T16:42:34.862-0500 [DEBUG] [org.gradle.cache.internal.DefaultFileLockManager] Releasing lock on daemon addresses registry.
2025-10-19T16:42:44.845-0500 [DEBUG] [org.gradle.cache.internal.DefaultFileLockManager] Waiting to acquire shared lock on daemon addresses registry.
2025-10-19T16:42:44.845-0500 [DEBUG] [org.gradle.cache.internal.DefaultFileLockManager] Lock acquired on daemon addresses registry.
2025-10-19T16:42:44.846-0500 [DEBUG] [org.gradle.cache.internal.DefaultFileLockManager] Releasing lock on daemon addresses registry.
2025-10-19T16:42:44.847-0500 [DEBUG] [org.gradle.cache.internal.DefaultFileLockManager] Waiting to acquire shared lock on daemon addresses registry.
2025-10-19T16:42:44.847-0500 [DEBUG] [org.gradle.cache.internal.DefaultFileLockManager] Lock acquired on daemon addresses registry.
2025-10-19T16:42:44.847-0500 [DEBUG] [org.gradle.cache.internal.DefaultFileLockManager] Releasing lock on daemon addresses registry.
2025-10-19T16:42:44.849-0500 [DEBUG] [org.gradle.cache.internal.DefaultFileLockManager] Waiting to acquire shared lock on daemon addresses registry.
2025-10-19T16:42:44.849-0500 [DEBUG] [org.gradle.cache.internal.DefaultFileLockManager] Lock acquired on daemon addresses registry.
2025-10-19T16:42:44.849-0500 [DEBUG] [org.gradle.cache.internal.DefaultFileLockManager] Releasing lock on daemon addresses registry.
2025-10-19T16:42:54.847-0500 [DEBUG] [org.gradle.cache.internal.DefaultFileLockManager] Waiting to acquire shared lock on daemon addresses registry.
2025-10-19T16:42:54.848-0500 [DEBUG] [org.gradle.cache.internal.DefaultFileLockManager] Lock acquired on daemon addresses registry.
2025-10-19T16:42:54.849-0500 [DEBUG] [org.gradle.cache.internal.DefaultFileLockManager] Releasing lock on daemon addresses registry.
2025-10-19T16:42:54.870-0500 [DEBUG] [org.gradle.cache.internal.DefaultFileLockManager] Waiting to acquire shared lock on daemon addresses registry.
2025-10-19T16:42:54.870-0500 [DEBUG] [org.gradle.cache.internal.DefaultFileLockManager] Lock acquired on daemon addresses registry.
2025-10-19T16:42:54.871-0500 [DEBUG] [org.gradle.cache.internal.DefaultFileLockManager] Releasing lock on daemon addresses registry.
2025-10-19T16:42:54.875-0500 [DEBUG] [org.gradle.cache.internal.DefaultFileLockManager] Waiting to acquire shared lock on daemon addresses registry.
2025-10-19T16:42:54.875-0500 [DEBUG] [org.gradle.cache.internal.DefaultFileLockManager] Lock acquired on daemon addresses registry.
2025-10-19T16:42:54.889-0500 [DEBUG] [org.gradle.cache.internal.DefaultFileLockManager] Releasing lock on daemon addresses registry.
2025-10-19T16:43:04.848-0500 [DEBUG] [org.gradle.cache.internal.DefaultFileLockManager] Waiting to acquire shared lock on daemon addresses registry.
2025-10-19T16:43:04.848-0500 [DEBUG] [org.gradle.cache.internal.DefaultFileLockManager] Lock acquired on daemon addresses registry.
2025-10-19T16:43:04.850-0500 [DEBUG] [org.gradle.cache.internal.DefaultFileLockManager] Releasing lock on daemon addresses registry.
2025-10-19T16:43:04.856-0500 [DEBUG] [org.gradle.cache.internal.DefaultFileLockManager] Waiting to acquire shared lock on daemon addresses registry.
2025-10-19T16:43:04.857-0500 [DEBUG] [org.gradle.cache.internal.DefaultFileLockManager] Lock acquired on daemon addresses registry.
2025-10-19T16:43:04.859-0500 [DEBUG] [org.gradle.cache.internal.DefaultFileLockManager] Releasing lock on daemon addresses registry.
2025-10-19T16:43:04.866-0500 [DEBUG] [org.gradle.cache.internal.DefaultFileLockManager] Waiting to acquire shared lock on daemon addresses registry.
2025-10-19T16:43:04.868-0500 [DEBUG] [org.gradle.cache.internal.DefaultFileLockManager] Lock acquired on daemon addresses registry.
2025-10-19T16:43:04.869-0500 [DEBUG] [org.gradle.cache.internal.DefaultFileLockManager] Releasing lock on daemon addresses registry.
2025-10-19T16:43:14.844-0500 [DEBUG] [org.gradle.cache.internal.DefaultFileLockManager] Waiting to acquire shared lock on daemon addresses registry.
2025-10-19T16:43:14.845-0500 [DEBUG] [org.gradle.cache.internal.DefaultFileLockManager] Lock acquired on daemon addresses registry.
2025-10-19T16:43:14.868-0500 [DEBUG] [org.gradle.cache.internal.DefaultFileLockManager] Releasing lock on daemon addresses registry.
2025-10-19T16:43:14.872-0500 [DEBUG] [org.gradle.cache.internal.DefaultFileLockManager] Waiting to acquire shared lock on daemon addresses registry.
2025-10-19T16:43:14.872-0500 [DEBUG] [org.gradle.cache.internal.DefaultFileLockManager] Lock acquired on daemon addresses registry.
2025-10-19T16:43:14.873-0500 [DEBUG] [org.gradle.cache.internal.DefaultFileLockManager] Releasing lock on daemon addresses registry.
2025-10-19T16:43:14.876-0500 [DEBUG] [org.gradle.cache.internal.DefaultFileLockManager] Waiting to acquire shared lock on daemon addresses registry.
2025-10-19T16:43:14.876-0500 [DEBUG] [org.gradle.cache.internal.DefaultFileLockManager] Lock acquired on daemon addresses registry.
2025-10-19T16:43:14.877-0500 [DEBUG] [org.gradle.cache.internal.DefaultFileLockManager] Releasing lock on daemon addresses registry.
2025-10-19T16:43:24.842-0500 [DEBUG] [org.gradle.cache.internal.DefaultFileLockManager] Waiting to acquire shared lock on daemon addresses registry.
2025-10-19T16:43:24.843-0500 [DEBUG] [org.gradle.cache.internal.DefaultFileLockManager] Lock acquired on daemon addresses registry.
2025-10-19T16:43:24.844-0500 [DEBUG] [org.gradle.cache.internal.DefaultFileLockManager] Releasing lock on daemon addresses registry.
2025-10-19T16:43:24.845-0500 [DEBUG] [org.gradle.cache.internal.DefaultFileLockManager] Waiting to acquire shared lock on daemon addresses registry.
2025-10-19T16:43:24.845-0500 [DEBUG] [org.gradle.cache.internal.DefaultFileLockManager] Lock acquired on daemon addresses registry.
2025-10-19T16:43:24.845-0500 [DEBUG] [org.gradle.cache.internal.DefaultFileLockManager] Releasing lock on daemon addresses registry.
2025-10-19T16:43:24.846-0500 [DEBUG] [org.gradle.cache.internal.DefaultFileLockManager] Waiting to acquire shared lock on daemon addresses registry.
2025-10-19T16:43:24.847-0500 [DEBUG] [org.gradle.cache.internal.DefaultFileLockManager] Lock acquired on daemon addresses registry.
2025-10-19T16:43:24.847-0500 [DEBUG] [org.gradle.cache.internal.DefaultFileLockManager] Releasing lock on daemon addresses registry.
2025-10-19T16:43:25.856-0500 [DEBUG] [org.gradle.process.internal.health.memory.DefaultMemoryManager] 841566208 physical memory requested, 642134016 free
2025-10-19T16:43:25.857-0500 [DEBUG] [org.gradle.workers.internal.WorkerDaemonExpiration] Will attempt to release 802 of memory
2025-10-19T16:43:25.857-0500 [DEBUG] [org.gradle.process.internal.health.memory.DefaultMemoryManager] 841566208 physical memory requested, 0 released, 642134016 free
2025-10-19T16:43:34.839-0500 [DEBUG] [org.gradle.cache.internal.DefaultFileLockManager] Waiting to acquire shared lock on daemon addresses registry.
2025-10-19T16:43:34.840-0500 [DEBUG] [org.gradle.cache.internal.DefaultFileLockManager] Lock acquired on daemon addresses registry.
2025-10-19T16:43:34.840-0500 [DEBUG] [org.gradle.cache.internal.DefaultFileLockManager] Releasing lock on daemon addresses registry.
2025-10-19T16:43:34.841-0500 [DEBUG] [org.gradle.cache.internal.DefaultFileLockManager] Waiting to acquire shared lock on daemon addresses registry.
2025-10-19T16:43:34.842-0500 [DEBUG] [org.gradle.cache.internal.DefaultFileLockManager] Lock acquired on daemon addresses registry.
2025-10-19T16:43:34.842-0500 [DEBUG] [org.gradle.cache.internal.DefaultFileLockManager] Releasing lock on daemon addresses registry.
2025-10-19T16:43:34.844-0500 [DEBUG] [org.gradle.cache.internal.DefaultFileLockManager] Waiting to acquire shared lock on daemon addresses registry.
2025-10-19T16:43:34.844-0500 [DEBUG] [org.gradle.cache.internal.DefaultFileLockManager] Lock acquired on daemon addresses registry.
2025-10-19T16:43:34.845-0500 [DEBUG] [org.gradle.cache.internal.DefaultFileLockManager] Releasing lock on daemon addresses registry.
2025-10-19T16:43:40.869-0500 [DEBUG] [org.gradle.process.internal.health.memory.DefaultMemoryManager] 841566208 physical memory requested, 669503488 free
2025-10-19T16:43:40.869-0500 [DEBUG] [org.gradle.workers.internal.WorkerDaemonExpiration] Will attempt to release 802 of memory
2025-10-19T16:43:40.870-0500 [DEBUG] [org.gradle.process.internal.health.memory.DefaultMemoryManager] 841566208 physical memory requested, 0 released, 669503488 free
2025-10-19T16:43:44.843-0500 [DEBUG] [org.gradle.cache.internal.DefaultFileLockManager] Waiting to acquire shared lock on daemon addresses registry.
2025-10-19T16:43:44.844-0500 [DEBUG] [org.gradle.cache.internal.DefaultFileLockManager] Lock acquired on daemon addresses registry.
2025-10-19T16:43:44.846-0500 [DEBUG] [org.gradle.cache.internal.DefaultFileLockManager] Releasing lock on daemon addresses registry.
2025-10-19T16:43:44.854-0500 [DEBUG] [org.gradle.cache.internal.DefaultFileLockManager] Waiting to acquire shared lock on daemon addresses registry.
2025-10-19T16:43:44.855-0500 [DEBUG] [org.gradle.cache.internal.DefaultFileLockManager] Lock acquired on daemon addresses registry.
2025-10-19T16:43:44.856-0500 [DEBUG] [org.gradle.cache.internal.DefaultFileLockManager] Releasing lock on daemon addresses registry.
2025-10-19T16:43:44.864-0500 [DEBUG] [org.gradle.cache.internal.DefaultFileLockManager] Waiting to acquire shared lock on daemon addresses registry.
2025-10-19T16:43:44.864-0500 [DEBUG] [org.gradle.cache.internal.DefaultFileLockManager] Lock acquired on daemon addresses registry.
2025-10-19T16:43:44.866-0500 [DEBUG] [org.gradle.cache.internal.DefaultFileLockManager] Releasing lock on daemon addresses registry.
2025-10-19T16:43:45.866-0500 [DEBUG] [org.gradle.process.internal.health.memory.DefaultMemoryManager] 841566208 physical memory requested, 828444672 free
2025-10-19T16:43:45.866-0500 [DEBUG] [org.gradle.workers.internal.WorkerDaemonExpiration] Will attempt to release 802 of memory
2025-10-19T16:43:45.867-0500 [DEBUG] [org.gradle.process.internal.health.memory.DefaultMemoryManager] 841566208 physical memory requested, 0 released, 828444672 free
2025-10-19T16:43:50.861-0500 [DEBUG] [org.gradle.process.internal.health.memory.DefaultMemoryManager] 841566208 physical memory requested, 819515392 free
2025-10-19T16:43:50.861-0500 [DEBUG] [org.gradle.workers.internal.WorkerDaemonExpiration] Will attempt to release 802 of memory
2025-10-19T16:43:50.861-0500 [DEBUG] [org.gradle.process.internal.health.memory.DefaultMemoryManager] 841566208 physical memory requested, 0 released, 819515392 free
2025-10-19T16:43:54.849-0500 [DEBUG] [org.gradle.cache.internal.DefaultFileLockManager] Waiting to acquire shared lock on daemon addresses registry.
2025-10-19T16:43:54.849-0500 [DEBUG] [org.gradle.cache.internal.DefaultFileLockManager] Lock acquired on daemon addresses registry.
2025-10-19T16:43:54.849-0500 [DEBUG] [org.gradle.cache.internal.DefaultFileLockManager] Releasing lock on daemon addresses registry.
2025-10-19T16:43:54.851-0500 [DEBUG] [org.gradle.cache.internal.DefaultFileLockManager] Waiting to acquire shared lock on daemon addresses registry.
2025-10-19T16:43:54.851-0500 [DEBUG] [org.gradle.cache.internal.DefaultFileLockManager] Lock acquired on daemon addresses registry.
2025-10-19T16:43:54.851-0500 [DEBUG] [org.gradle.cache.internal.DefaultFileLockManager] Releasing lock on daemon addresses registry.
2025-10-19T16:43:54.852-0500 [DEBUG] [org.gradle.cache.internal.DefaultFileLockManager] Waiting to acquire shared lock on daemon addresses registry.
2025-10-19T16:43:54.852-0500 [DEBUG] [org.gradle.cache.internal.DefaultFileLockManager] Lock acquired on daemon addresses registry.
2025-10-19T16:43:54.853-0500 [DEBUG] [org.gradle.cache.internal.DefaultFileLockManager] Releasing lock on daemon addresses registry.
2025-10-19T16:43:55.863-0500 [DEBUG] [org.gradle.process.internal.health.memory.DefaultMemoryManager] 841566208 physical memory requested, 800907264 free
2025-10-19T16:43:55.863-0500 [DEBUG] [org.gradle.workers.internal.WorkerDaemonExpiration] Will attempt to release 802 of memory
2025-10-19T16:43:55.863-0500 [DEBUG] [org.gradle.process.internal.health.memory.DefaultMemoryManager] 841566208 physical memory requested, 0 released, 800907264 free
2025-10-19T16:44:04.840-0500 [DEBUG] [org.gradle.cache.internal.DefaultFileLockManager] Waiting to acquire shared lock on daemon addresses registry.
2025-10-19T16:44:04.840-0500 [DEBUG] [org.gradle.cache.internal.DefaultFileLockManager] Lock acquired on daemon addresses registry.
2025-10-19T16:44:04.840-0500 [DEBUG] [org.gradle.cache.internal.DefaultFileLockManager] Releasing lock on daemon addresses registry.
2025-10-19T16:44:04.843-0500 [DEBUG] [org.gradle.cache.internal.DefaultFileLockManager] Waiting to acquire shared lock on daemon addresses registry.
2025-10-19T16:44:04.843-0500 [DEBUG] [org.gradle.cache.internal.DefaultFileLockManager] Lock acquired on daemon addresses registry.
2025-10-19T16:44:04.843-0500 [DEBUG] [org.gradle.cache.internal.DefaultFileLockManager] Releasing lock on daemon addresses registry.
2025-10-19T16:44:04.844-0500 [DEBUG] [org.gradle.cache.internal.DefaultFileLockManager] Waiting to acquire shared lock on daemon addresses registry.
2025-10-19T16:44:04.844-0500 [DEBUG] [org.gradle.cache.internal.DefaultFileLockManager] Lock acquired on daemon addresses registry.
2025-10-19T16:44:04.844-0500 [DEBUG] [org.gradle.cache.internal.DefaultFileLockManager] Releasing lock on daemon addresses registry.
2025-10-19T16:44:05.868-0500 [DEBUG] [org.gradle.process.internal.health.memory.DefaultMemoryManager] 841566208 physical memory requested, 827396096 free
2025-10-19T16:44:05.868-0500 [DEBUG] [org.gradle.workers.internal.WorkerDaemonExpiration] Will attempt to release 802 of memory
2025-10-19T16:44:05.868-0500 [DEBUG] [org.gradle.process.internal.health.memory.DefaultMemoryManager] 841566208 physical memory requested, 0 released, 827396096 free
2025-10-19T16:44:10.855-0500 [DEBUG] [org.gradle.process.internal.health.memory.DefaultMemoryManager] 841566208 physical memory requested, 837410816 free
2025-10-19T16:44:10.855-0500 [DEBUG] [org.gradle.workers.internal.WorkerDaemonExpiration] Will attempt to release 802 of memory
2025-10-19T16:44:10.855-0500 [DEBUG] [org.gradle.process.internal.health.memory.DefaultMemoryManager] 841566208 physical memory requested, 0 released, 837410816 free
2025-10-19T16:44:14.845-0500 [DEBUG] [org.gradle.cache.internal.DefaultFileLockManager] Waiting to acquire shared lock on daemon addresses registry.
2025-10-19T16:44:14.845-0500 [DEBUG] [org.gradle.cache.internal.DefaultFileLockManager] Lock acquired on daemon addresses registry.
2025-10-19T16:44:14.846-0500 [DEBUG] [org.gradle.cache.internal.DefaultFileLockManager] Releasing lock on daemon addresses registry.
2025-10-19T16:44:14.847-0500 [DEBUG] [org.gradle.cache.internal.DefaultFileLockManager] Waiting to acquire shared lock on daemon addresses registry.
2025-10-19T16:44:14.848-0500 [DEBUG] [org.gradle.cache.internal.DefaultFileLockManager] Lock acquired on daemon addresses registry.
2025-10-19T16:44:14.849-0500 [DEBUG] [org.gradle.cache.internal.DefaultFileLockManager] Releasing lock on daemon addresses registry.
2025-10-19T16:44:14.851-0500 [DEBUG] [org.gradle.cache.internal.DefaultFileLockManager] Waiting to acquire shared lock on daemon addresses registry.
2025-10-19T16:44:14.851-0500 [DEBUG] [org.gradle.cache.internal.DefaultFileLockManager] Lock acquired on daemon addresses registry.
2025-10-19T16:44:14.852-0500 [DEBUG] [org.gradle.cache.internal.DefaultFileLockManager] Releasing lock on daemon addresses registry.
2025-10-19T16:44:24.846-0500 [DEBUG] [org.gradle.cache.internal.DefaultFileLockManager] Waiting to acquire shared lock on daemon addresses registry.
2025-10-19T16:44:24.846-0500 [DEBUG] [org.gradle.cache.internal.DefaultFileLockManager] Lock acquired on daemon addresses registry.
2025-10-19T16:44:24.847-0500 [DEBUG] [org.gradle.cache.internal.DefaultFileLockManager] Releasing lock on daemon addresses registry.
2025-10-19T16:44:24.848-0500 [DEBUG] [org.gradle.cache.internal.DefaultFileLockManager] Waiting to acquire shared lock on daemon addresses registry.
2025-10-19T16:44:24.848-0500 [DEBUG] [org.gradle.cache.internal.DefaultFileLockManager] Lock acquired on daemon addresses registry.
2025-10-19T16:44:24.849-0500 [DEBUG] [org.gradle.cache.internal.DefaultFileLockManager] Releasing lock on daemon addresses registry.
2025-10-19T16:44:24.850-0500 [DEBUG] [org.gradle.cache.internal.DefaultFileLockManager] Waiting to acquire shared lock on daemon addresses registry.
2025-10-19T16:44:24.851-0500 [DEBUG] [org.gradle.cache.internal.DefaultFileLockManager] Lock acquired on daemon addresses registry.
2025-10-19T16:44:24.851-0500 [DEBUG] [org.gradle.cache.internal.DefaultFileLockManager] Releasing lock on daemon addresses registry.
2025-10-19T16:44:25.867-0500 [DEBUG] [org.gradle.process.internal.health.memory.DefaultMemoryManager] 841566208 physical memory requested, 797306880 free
2025-10-19T16:44:25.867-0500 [DEBUG] [org.gradle.workers.internal.WorkerDaemonExpiration] Will attempt to release 802 of memory
2025-10-19T16:44:25.867-0500 [DEBUG] [org.gradle.process.internal.health.memory.DefaultMemoryManager] 841566208 physical memory requested, 0 released, 797306880 free
2025-10-19T16:44:30.861-0500 [DEBUG] [org.gradle.process.internal.health.memory.DefaultMemoryManager] 841566208 physical memory requested, 680747008 free
2025-10-19T16:44:30.862-0500 [DEBUG] [org.gradle.workers.internal.WorkerDaemonExpiration] Will attempt to release 802 of memory
2025-10-19T16:44:30.862-0500 [DEBUG] [org.gradle.process.internal.health.memory.DefaultMemoryManager] 841566208 physical memory requested, 0 released, 680747008 free
2025-10-19T16:44:34.843-0500 [DEBUG] [org.gradle.cache.internal.DefaultFileLockManager] Waiting to acquire shared lock on daemon addresses registry.
2025-10-19T16:44:34.844-0500 [DEBUG] [org.gradle.cache.internal.DefaultFileLockManager] Lock acquired on daemon addresses registry.
2025-10-19T16:44:34.846-0500 [DEBUG] [org.gradle.cache.internal.DefaultFileLockManager] Releasing lock on daemon addresses registry.
2025-10-19T16:44:34.849-0500 [DEBUG] [org.gradle.cache.internal.DefaultFileLockManager] Waiting to acquire shared lock on daemon addresses registry.
2025-10-19T16:44:34.850-0500 [DEBUG] [org.gradle.cache.internal.DefaultFileLockManager] Lock acquired on daemon addresses registry.
2025-10-19T16:44:34.851-0500 [DEBUG] [org.gradle.cache.internal.DefaultFileLockManager] Releasing lock on daemon addresses registry.
2025-10-19T16:44:34.854-0500 [DEBUG] [org.gradle.cache.internal.DefaultFileLockManager] Waiting to acquire shared lock on daemon addresses registry.
2025-10-19T16:44:34.855-0500 [DEBUG] [org.gradle.cache.internal.DefaultFileLockManager] Lock acquired on daemon addresses registry.
2025-10-19T16:44:34.855-0500 [DEBUG] [org.gradle.cache.internal.DefaultFileLockManager] Releasing lock on daemon addresses registry.
2025-10-19T16:44:35.856-0500 [DEBUG] [org.gradle.process.internal.health.memory.DefaultMemoryManager] 841566208 physical memory requested, 675332096 free
2025-10-19T16:44:35.856-0500 [DEBUG] [org.gradle.workers.internal.WorkerDaemonExpiration] Will attempt to release 802 of memory
2025-10-19T16:44:35.856-0500 [DEBUG] [org.gradle.process.internal.health.memory.DefaultMemoryManager] 841566208 physical memory requested, 0 released, 675332096 free
2025-10-19T16:44:40.859-0500 [DEBUG] [org.gradle.process.internal.health.memory.DefaultMemoryManager] 841566208 physical memory requested, 665264128 free
2025-10-19T16:44:40.860-0500 [DEBUG] [org.gradle.workers.internal.WorkerDaemonExpiration] Will attempt to release 802 of memory
2025-10-19T16:44:40.860-0500 [DEBUG] [org.gradle.process.internal.health.memory.DefaultMemoryManager] 841566208 physical memory requested, 0 released, 665264128 free
2025-10-19T16:44:44.838-0500 [DEBUG] [org.gradle.cache.internal.DefaultFileLockManager] Waiting to acquire shared lock on daemon addresses registry.
2025-10-19T16:44:44.838-0500 [DEBUG] [org.gradle.cache.internal.DefaultFileLockManager] Lock acquired on daemon addresses registry.
2025-10-19T16:44:44.838-0500 [DEBUG] [org.gradle.cache.internal.DefaultFileLockManager] Releasing lock on daemon addresses registry.
2025-10-19T16:44:44.841-0500 [DEBUG] [org.gradle.cache.internal.DefaultFileLockManager] Waiting to acquire shared lock on daemon addresses registry.
2025-10-19T16:44:44.841-0500 [DEBUG] [org.gradle.cache.internal.DefaultFileLockManager] Lock acquired on daemon addresses registry.
2025-10-19T16:44:44.841-0500 [DEBUG] [org.gradle.cache.internal.DefaultFileLockManager] Releasing lock on daemon addresses registry.
2025-10-19T16:44:44.843-0500 [DEBUG] [org.gradle.cache.internal.DefaultFileLockManager] Waiting to acquire shared lock on daemon addresses registry.
2025-10-19T16:44:44.843-0500 [DEBUG] [org.gradle.cache.internal.DefaultFileLockManager] Lock acquired on daemon addresses registry.
2025-10-19T16:44:44.844-0500 [DEBUG] [org.gradle.cache.internal.DefaultFileLockManager] Releasing lock on daemon addresses registry.
2025-10-19T16:44:45.870-0500 [DEBUG] [org.gradle.process.internal.health.memory.DefaultMemoryManager] 841566208 physical memory requested, 663195648 free
2025-10-19T16:44:45.870-0500 [DEBUG] [org.gradle.workers.internal.WorkerDaemonExpiration] Will attempt to release 802 of memory
2025-10-19T16:44:45.870-0500 [DEBUG] [org.gradle.process.internal.health.memory.DefaultMemoryManager] 841566208 physical memory requested, 0 released, 663195648 free
2025-10-19T16:44:50.857-0500 [DEBUG] [org.gradle.process.internal.health.memory.DefaultMemoryManager] 841566208 physical memory requested, 658653184 free
2025-10-19T16:44:50.857-0500 [DEBUG] [org.gradle.workers.internal.WorkerDaemonExpiration] Will attempt to release 802 of memory
2025-10-19T16:44:50.871-0500 [DEBUG] [org.gradle.process.internal.health.memory.DefaultMemoryManager] 841566208 physical memory requested, 0 released, 658653184 free
2025-10-19T16:44:54.847-0500 [DEBUG] [org.gradle.cache.internal.DefaultFileLockManager] Waiting to acquire shared lock on daemon addresses registry.
2025-10-19T16:44:54.847-0500 [DEBUG] [org.gradle.cache.internal.DefaultFileLockManager] Lock acquired on daemon addresses registry.
2025-10-19T16:44:54.848-0500 [DEBUG] [org.gradle.cache.internal.DefaultFileLockManager] Releasing lock on daemon addresses registry.
2025-10-19T16:44:54.860-0500 [DEBUG] [org.gradle.cache.internal.DefaultFileLockManager] Waiting to acquire shared lock on daemon addresses registry.
2025-10-19T16:44:54.860-0500 [DEBUG] [org.gradle.cache.internal.DefaultFileLockManager] Lock acquired on daemon addresses registry.
2025-10-19T16:44:54.860-0500 [DEBUG] [org.gradle.cache.internal.DefaultFileLockManager] Releasing lock on daemon addresses registry.
2025-10-19T16:44:54.862-0500 [DEBUG] [org.gradle.cache.internal.DefaultFileLockManager] Waiting to acquire shared lock on daemon addresses registry.
2025-10-19T16:44:54.862-0500 [DEBUG] [org.gradle.cache.internal.DefaultFileLockManager] Lock acquired on daemon addresses registry.
2025-10-19T16:44:54.862-0500 [DEBUG] [org.gradle.cache.internal.DefaultFileLockManager] Releasing lock on daemon addresses registry.
2025-10-19T16:44:55.860-0500 [DEBUG] [org.gradle.process.internal.health.memory.DefaultMemoryManager] 841566208 physical memory requested, 811618304 free
2025-10-19T16:44:55.861-0500 [DEBUG] [org.gradle.workers.internal.WorkerDaemonExpiration] Will attempt to release 802 of memory
2025-10-19T16:44:55.861-0500 [DEBUG] [org.gradle.process.internal.health.memory.DefaultMemoryManager] 841566208 physical memory requested, 0 released, 811618304 free
2025-10-19T16:45:00.868-0500 [DEBUG] [org.gradle.process.internal.health.memory.DefaultMemoryManager] 841566208 physical memory requested, 841064448 free
2025-10-19T16:45:00.869-0500 [DEBUG] [org.gradle.workers.internal.WorkerDaemonExpiration] Will attempt to release 802 of memory
2025-10-19T16:45:00.869-0500 [DEBUG] [org.gradle.process.internal.health.memory.DefaultMemoryManager] 841566208 physical memory requested, 0 released, 841064448 free
2025-10-19T16:45:04.840-0500 [DEBUG] [org.gradle.cache.internal.DefaultFileLockManager] Waiting to acquire shared lock on daemon addresses registry.
2025-10-19T16:45:04.840-0500 [DEBUG] [org.gradle.cache.internal.DefaultFileLockManager] Lock acquired on daemon addresses registry.
2025-10-19T16:45:04.844-0500 [DEBUG] [org.gradle.cache.internal.DefaultFileLockManager] Releasing lock on daemon addresses registry.
2025-10-19T16:45:04.846-0500 [DEBUG] [org.gradle.cache.internal.DefaultFileLockManager] Waiting to acquire shared lock on daemon addresses registry.
2025-10-19T16:45:04.847-0500 [DEBUG] [org.gradle.cache.internal.DefaultFileLockManager] Lock acquired on daemon addresses registry.
2025-10-19T16:45:04.847-0500 [DEBUG] [org.gradle.cache.internal.DefaultFileLockManager] Releasing lock on daemon addresses registry.
2025-10-19T16:45:04.849-0500 [DEBUG] [org.gradle.cache.internal.DefaultFileLockManager] Waiting to acquire shared lock on daemon addresses registry.
2025-10-19T16:45:04.850-0500 [DEBUG] [org.gradle.cache.internal.DefaultFileLockManager] Lock acquired on daemon addresses registry.
2025-10-19T16:45:04.850-0500 [DEBUG] [org.gradle.cache.internal.DefaultFileLockManager] Releasing lock on daemon addresses registry.
2025-10-19T16:45:10.869-0500 [DEBUG] [org.gradle.process.internal.health.memory.DefaultMemoryManager] 841566208 physical memory requested, 837619712 free
2025-10-19T16:45:10.869-0500 [DEBUG] [org.gradle.workers.internal.WorkerDaemonExpiration] Will attempt to release 802 of memory
2025-10-19T16:45:10.869-0500 [DEBUG] [org.gradle.process.internal.health.memory.DefaultMemoryManager] 841566208 physical memory requested, 0 released, 837619712 free
2025-10-19T16:45:14.847-0500 [DEBUG] [org.gradle.cache.internal.DefaultFileLockManager] Waiting to acquire shared lock on daemon addresses registry.
2025-10-19T16:45:14.847-0500 [DEBUG] [org.gradle.cache.internal.DefaultFileLockManager] Lock acquired on daemon addresses registry.
2025-10-19T16:45:14.847-0500 [DEBUG] [org.gradle.cache.internal.DefaultFileLockManager] Releasing lock on daemon addresses registry.
2025-10-19T16:45:14.848-0500 [DEBUG] [org.gradle.cache.internal.DefaultFileLockManager] Waiting to acquire shared lock on daemon addresses registry.
2025-10-19T16:45:14.848-0500 [DEBUG] [org.gradle.cache.internal.DefaultFileLockManager] Lock acquired on daemon addresses registry.
2025-10-19T16:45:14.849-0500 [DEBUG] [org.gradle.cache.internal.DefaultFileLockManager] Releasing lock on daemon addresses registry.
2025-10-19T16:45:14.850-0500 [DEBUG] [org.gradle.cache.internal.DefaultFileLockManager] Waiting to acquire shared lock on daemon addresses registry.
2025-10-19T16:45:14.850-0500 [DEBUG] [org.gradle.cache.internal.DefaultFileLockManager] Lock acquired on daemon addresses registry.
2025-10-19T16:45:14.850-0500 [DEBUG] [org.gradle.cache.internal.DefaultFileLockManager] Releasing lock on daemon addresses registry.
2025-10-19T16:45:24.840-0500 [DEBUG] [org.gradle.cache.internal.DefaultFileLockManager] Waiting to acquire shared lock on daemon addresses registry.
2025-10-19T16:45:24.852-0500 [DEBUG] [org.gradle.cache.internal.DefaultFileLockManager] Lock acquired on daemon addresses registry.
2025-10-19T16:45:24.852-0500 [DEBUG] [org.gradle.cache.internal.DefaultFileLockManager] Releasing lock on daemon addresses registry.
2025-10-19T16:45:24.854-0500 [DEBUG] [org.gradle.cache.internal.DefaultFileLockManager] Waiting to acquire shared lock on daemon addresses registry.
2025-10-19T16:45:24.854-0500 [DEBUG] [org.gradle.cache.internal.DefaultFileLockManager] Lock acquired on daemon addresses registry.
2025-10-19T16:45:24.854-0500 [DEBUG] [org.gradle.cache.internal.DefaultFileLockManager] Releasing lock on daemon addresses registry.
2025-10-19T16:45:24.856-0500 [DEBUG] [org.gradle.cache.internal.DefaultFileLockManager] Waiting to acquire shared lock on daemon addresses registry.
2025-10-19T16:45:24.856-0500 [DEBUG] [org.gradle.cache.internal.DefaultFileLockManager] Lock acquired on daemon addresses registry.
2025-10-19T16:45:24.856-0500 [DEBUG] [org.gradle.cache.internal.DefaultFileLockManager] Releasing lock on daemon addresses registry.
2025-10-19T16:45:34.840-0500 [DEBUG] [org.gradle.cache.internal.DefaultFileLockManager] Waiting to acquire shared lock on daemon addresses registry.
2025-10-19T16:45:34.841-0500 [DEBUG] [org.gradle.cache.internal.DefaultFileLockManager] Lock acquired on daemon addresses registry.
2025-10-19T16:45:34.842-0500 [DEBUG] [org.gradle.cache.internal.DefaultFileLockManager] Releasing lock on daemon addresses registry.
2025-10-19T16:45:34.846-0500 [DEBUG] [org.gradle.cache.internal.DefaultFileLockManager] Waiting to acquire shared lock on daemon addresses registry.
2025-10-19T16:45:34.847-0500 [DEBUG] [org.gradle.cache.internal.DefaultFileLockManager] Lock acquired on daemon addresses registry.
2025-10-19T16:45:34.847-0500 [DEBUG] [org.gradle.cache.internal.DefaultFileLockManager] Releasing lock on daemon addresses registry.
2025-10-19T16:45:34.850-0500 [DEBUG] [org.gradle.cache.internal.DefaultFileLockManager] Waiting to acquire shared lock on daemon addresses registry.
2025-10-19T16:45:34.870-0500 [DEBUG] [org.gradle.cache.internal.DefaultFileLockManager] Lock acquired on daemon addresses registry.
2025-10-19T16:45:34.870-0500 [DEBUG] [org.gradle.cache.internal.DefaultFileLockManager] Releasing lock on daemon addresses registry.
2025-10-19T16:45:44.840-0500 [DEBUG] [org.gradle.cache.internal.DefaultFileLockManager] Waiting to acquire shared lock on daemon addresses registry.
2025-10-19T16:45:44.841-0500 [DEBUG] [org.gradle.cache.internal.DefaultFileLockManager] Lock acquired on daemon addresses registry.
2025-10-19T16:45:44.842-0500 [DEBUG] [org.gradle.cache.internal.DefaultFileLockManager] Releasing lock on daemon addresses registry.
2025-10-19T16:45:44.843-0500 [DEBUG] [org.gradle.cache.internal.DefaultFileLockManager] Waiting to acquire shared lock on daemon addresses registry.
2025-10-19T16:45:44.844-0500 [DEBUG] [org.gradle.cache.internal.DefaultFileLockManager] Lock acquired on daemon addresses registry.
2025-10-19T16:45:44.844-0500 [DEBUG] [org.gradle.cache.internal.DefaultFileLockManager] Releasing lock on daemon addresses registry.
2025-10-19T16:45:44.846-0500 [DEBUG] [org.gradle.cache.internal.DefaultFileLockManager] Waiting to acquire shared lock on daemon addresses registry.
2025-10-19T16:45:44.846-0500 [DEBUG] [org.gradle.cache.internal.DefaultFileLockManager] Lock acquired on daemon addresses registry.
2025-10-19T16:45:44.846-0500 [DEBUG] [org.gradle.cache.internal.DefaultFileLockManager] Releasing lock on daemon addresses registry.
2025-10-19T16:45:54.847-0500 [DEBUG] [org.gradle.cache.internal.DefaultFileLockManager] Waiting to acquire shared lock on daemon addresses registry.
2025-10-19T16:45:54.848-0500 [DEBUG] [org.gradle.cache.internal.DefaultFileLockManager] Lock acquired on daemon addresses registry.
2025-10-19T16:45:54.851-0500 [DEBUG] [org.gradle.cache.internal.DefaultFileLockManager] Releasing lock on daemon addresses registry.
2025-10-19T16:45:54.856-0500 [DEBUG] [org.gradle.cache.internal.DefaultFileLockManager] Waiting to acquire shared lock on daemon addresses registry.
2025-10-19T16:45:54.857-0500 [DEBUG] [org.gradle.cache.internal.DefaultFileLockManager] Lock acquired on daemon addresses registry.
2025-10-19T16:45:54.859-0500 [DEBUG] [org.gradle.cache.internal.DefaultFileLockManager] Releasing lock on daemon addresses registry.
2025-10-19T16:45:54.874-0500 [DEBUG] [org.gradle.cache.internal.DefaultFileLockManager] Waiting to acquire shared lock on daemon addresses registry.
2025-10-19T16:45:54.875-0500 [DEBUG] [org.gradle.cache.internal.DefaultFileLockManager] Lock acquired on daemon addresses registry.
2025-10-19T16:45:54.876-0500 [DEBUG] [org.gradle.cache.internal.DefaultFileLockManager] Releasing lock on daemon addresses registry.
2025-10-19T16:46:04.859-0500 [DEBUG] [org.gradle.cache.internal.DefaultFileLockManager] Waiting to acquire shared lock on daemon addresses registry.
2025-10-19T16:46:04.859-0500 [DEBUG] [org.gradle.cache.internal.DefaultFileLockManager] Lock acquired on daemon addresses registry.
2025-10-19T16:46:04.859-0500 [DEBUG] [org.gradle.cache.internal.DefaultFileLockManager] Releasing lock on daemon addresses registry.
2025-10-19T16:46:04.860-0500 [DEBUG] [org.gradle.cache.internal.DefaultFileLockManager] Waiting to acquire shared lock on daemon addresses registry.
2025-10-19T16:46:04.860-0500 [DEBUG] [org.gradle.cache.internal.DefaultFileLockManager] Lock acquired on daemon addresses registry.
2025-10-19T16:46:04.861-0500 [DEBUG] [org.gradle.cache.internal.DefaultFileLockManager] Releasing lock on daemon addresses registry.
2025-10-19T16:46:04.862-0500 [DEBUG] [org.gradle.cache.internal.DefaultFileLockManager] Waiting to acquire shared lock on daemon addresses registry.
2025-10-19T16:46:04.862-0500 [DEBUG] [org.gradle.cache.internal.DefaultFileLockManager] Lock acquired on daemon addresses registry.
2025-10-19T16:46:04.863-0500 [DEBUG] [org.gradle.cache.internal.DefaultFileLockManager] Releasing lock on daemon addresses registry.
2025-10-19T16:46:10.871-0500 [DEBUG] [org.gradle.process.internal.health.memory.DefaultMemoryManager] 841566208 physical memory requested, 821694464 free
2025-10-19T16:46:10.871-0500 [DEBUG] [org.gradle.workers.internal.WorkerDaemonExpiration] Will attempt to release 802 of memory
2025-10-19T16:46:10.871-0500 [DEBUG] [org.gradle.process.internal.health.memory.DefaultMemoryManager] 841566208 physical memory requested, 0 released, 821694464 free
2025-10-19T16:46:14.841-0500 [DEBUG] [org.gradle.cache.internal.DefaultFileLockManager] Waiting to acquire shared lock on daemon addresses registry.
2025-10-19T16:46:14.842-0500 [DEBUG] [org.gradle.cache.internal.DefaultFileLockManager] Lock acquired on daemon addresses registry.
2025-10-19T16:46:14.842-0500 [DEBUG] [org.gradle.cache.internal.DefaultFileLockManager] Releasing lock on daemon addresses registry.
2025-10-19T16:46:14.844-0500 [DEBUG] [org.gradle.cache.internal.DefaultFileLockManager] Waiting to acquire shared lock on daemon addresses registry.
2025-10-19T16:46:14.844-0500 [DEBUG] [org.gradle.cache.internal.DefaultFileLockManager] Lock acquired on daemon addresses registry.
2025-10-19T16:46:14.858-0500 [DEBUG] [org.gradle.cache.internal.DefaultFileLockManager] Releasing lock on daemon addresses registry.
2025-10-19T16:46:14.859-0500 [DEBUG] [org.gradle.cache.internal.DefaultFileLockManager] Waiting to acquire shared lock on daemon addresses registry.
2025-10-19T16:46:14.860-0500 [DEBUG] [org.gradle.cache.internal.DefaultFileLockManager] Lock acquired on daemon addresses registry.
2025-10-19T16:46:14.860-0500 [DEBUG] [org.gradle.cache.internal.DefaultFileLockManager] Releasing lock on daemon addresses registry.
2025-10-19T16:46:15.870-0500 [DEBUG] [org.gradle.process.internal.health.memory.DefaultMemoryManager] 841566208 physical memory requested, 801849344 free
2025-10-19T16:46:15.870-0500 [DEBUG] [org.gradle.workers.internal.WorkerDaemonExpiration] Will attempt to release 802 of memory
2025-10-19T16:46:15.870-0500 [DEBUG] [org.gradle.process.internal.health.memory.DefaultMemoryManager] 841566208 physical memory requested, 0 released, 801849344 free
2025-10-19T16:46:20.879-0500 [DEBUG] [org.gradle.process.internal.health.memory.DefaultMemoryManager] 841566208 physical memory requested, 773136384 free
2025-10-19T16:46:20.891-0500 [DEBUG] [org.gradle.workers.internal.WorkerDaemonExpiration] Will attempt to release 802 of memory
2025-10-19T16:46:20.891-0500 [DEBUG] [org.gradle.process.internal.health.memory.DefaultMemoryManager] 841566208 physical memory requested, 0 released, 773136384 free
2025-10-19T16:46:24.840-0500 [DEBUG] [org.gradle.cache.internal.DefaultFileLockManager] Waiting to acquire shared lock on daemon addresses registry.
2025-10-19T16:46:24.840-0500 [DEBUG] [org.gradle.cache.internal.DefaultFileLockManager] Lock acquired on daemon addresses registry.
2025-10-19T16:46:24.841-0500 [DEBUG] [org.gradle.cache.internal.DefaultFileLockManager] Releasing lock on daemon addresses registry.
2025-10-19T16:46:24.859-0500 [DEBUG] [org.gradle.cache.internal.DefaultFileLockManager] Waiting to acquire shared lock on daemon addresses registry.
2025-10-19T16:46:24.859-0500 [DEBUG] [org.gradle.cache.internal.DefaultFileLockManager] Lock acquired on daemon addresses registry.
2025-10-19T16:46:24.860-0500 [DEBUG] [org.gradle.cache.internal.DefaultFileLockManager] Releasing lock on daemon addresses registry.
2025-10-19T16:46:24.864-0500 [DEBUG] [org.gradle.cache.internal.DefaultFileLockManager] Waiting to acquire shared lock on daemon addresses registry.
2025-10-19T16:46:24.864-0500 [DEBUG] [org.gradle.cache.internal.DefaultFileLockManager] Lock acquired on daemon addresses registry.
2025-10-19T16:46:24.865-0500 [DEBUG] [org.gradle.cache.internal.DefaultFileLockManager] Releasing lock on daemon addresses registry.
2025-10-19T16:46:25.878-0500 [DEBUG] [org.gradle.process.internal.health.memory.DefaultMemoryManager] 841566208 physical memory requested, 769400832 free
2025-10-19T16:46:25.878-0500 [DEBUG] [org.gradle.workers.internal.WorkerDaemonExpiration] Will attempt to release 802 of memory
2025-10-19T16:46:25.878-0500 [DEBUG] [org.gradle.process.internal.health.memory.DefaultMemoryManager] 841566208 physical memory requested, 0 released, 769400832 free
2025-10-19T16:46:30.872-0500 [DEBUG] [org.gradle.process.internal.health.memory.DefaultMemoryManager] 841566208 physical memory requested, 781828096 free
2025-10-19T16:46:30.873-0500 [DEBUG] [org.gradle.workers.internal.WorkerDaemonExpiration] Will attempt to release 802 of memory
2025-10-19T16:46:30.873-0500 [DEBUG] [org.gradle.process.internal.health.memory.DefaultMemoryManager] 841566208 physical memory requested, 0 released, 781828096 free
2025-10-19T16:46:34.850-0500 [DEBUG] [org.gradle.cache.internal.DefaultFileLockManager] Waiting to acquire shared lock on daemon addresses registry.
2025-10-19T16:46:34.850-0500 [DEBUG] [org.gradle.cache.internal.DefaultFileLockManager] Lock acquired on daemon addresses registry.
2025-10-19T16:46:34.851-0500 [DEBUG] [org.gradle.cache.internal.DefaultFileLockManager] Releasing lock on daemon addresses registry.
2025-10-19T16:46:34.854-0500 [DEBUG] [org.gradle.cache.internal.DefaultFileLockManager] Waiting to acquire shared lock on daemon addresses registry.
2025-10-19T16:46:34.855-0500 [DEBUG] [org.gradle.cache.internal.DefaultFileLockManager] Lock acquired on daemon addresses registry.
2025-10-19T16:46:34.856-0500 [DEBUG] [org.gradle.cache.internal.DefaultFileLockManager] Releasing lock on daemon addresses registry.
2025-10-19T16:46:34.858-0500 [DEBUG] [org.gradle.cache.internal.DefaultFileLockManager] Waiting to acquire shared lock on daemon addresses registry.
2025-10-19T16:46:34.858-0500 [DEBUG] [org.gradle.cache.internal.DefaultFileLockManager] Lock acquired on daemon addresses registry.
2025-10-19T16:46:34.859-0500 [DEBUG] [org.gradle.cache.internal.DefaultFileLockManager] Releasing lock on daemon addresses registry.
2025-10-19T16:46:35.858-0500 [DEBUG] [org.gradle.process.internal.health.memory.DefaultMemoryManager] 841566208 physical memory requested, 795004928 free
2025-10-19T16:46:35.858-0500 [DEBUG] [org.gradle.workers.internal.WorkerDaemonExpiration] Will attempt to release 802 of memory
2025-10-19T16:46:35.858-0500 [DEBUG] [org.gradle.process.internal.health.memory.DefaultMemoryManager] 841566208 physical memory requested, 0 released, 795004928 free
2025-10-19T16:46:40.863-0500 [DEBUG] [org.gradle.process.internal.health.memory.DefaultMemoryManager] 841566208 physical memory requested, 793604096 free
2025-10-19T16:46:40.863-0500 [DEBUG] [org.gradle.workers.internal.WorkerDaemonExpiration] Will attempt to release 802 of memory
2025-10-19T16:46:40.863-0500 [DEBUG] [org.gradle.process.internal.health.memory.DefaultMemoryManager] 841566208 physical memory requested, 0 released, 793604096 free
2025-10-19T16:46:44.840-0500 [DEBUG] [org.gradle.cache.internal.DefaultFileLockManager] Waiting to acquire shared lock on daemon addresses registry.
2025-10-19T16:46:44.841-0500 [DEBUG] [org.gradle.cache.internal.DefaultFileLockManager] Lock acquired on daemon addresses registry.
2025-10-19T16:46:44.842-0500 [DEBUG] [org.gradle.cache.internal.DefaultFileLockManager] Releasing lock on daemon addresses registry.
2025-10-19T16:46:44.846-0500 [DEBUG] [org.gradle.cache.internal.DefaultFileLockManager] Waiting to acquire shared lock on daemon addresses registry.
2025-10-19T16:46:44.847-0500 [DEBUG] [org.gradle.cache.internal.DefaultFileLockManager] Lock acquired on daemon addresses registry.
2025-10-19T16:46:44.848-0500 [DEBUG] [org.gradle.cache.internal.DefaultFileLockManager] Releasing lock on daemon addresses registry.
2025-10-19T16:46:44.852-0500 [DEBUG] [org.gradle.cache.internal.DefaultFileLockManager] Waiting to acquire shared lock on daemon addresses registry.
2025-10-19T16:46:44.853-0500 [DEBUG] [org.gradle.cache.internal.DefaultFileLockManager] Lock acquired on daemon addresses registry.
2025-10-19T16:46:44.854-0500 [DEBUG] [org.gradle.cache.internal.DefaultFileLockManager] Releasing lock on daemon addresses registry.
2025-10-19T16:46:45.855-0500 [DEBUG] [org.gradle.process.internal.health.memory.DefaultMemoryManager] 841566208 physical memory requested, 795975680 free
2025-10-19T16:46:45.855-0500 [DEBUG] [org.gradle.workers.internal.WorkerDaemonExpiration] Will attempt to release 802 of memory
2025-10-19T16:46:45.855-0500 [DEBUG] [org.gradle.process.internal.health.memory.DefaultMemoryManager] 841566208 physical memory requested, 0 released, 795975680 free
2025-10-19T16:46:50.861-0500 [DEBUG] [org.gradle.process.internal.health.memory.DefaultMemoryManager] 841566208 physical memory requested, 771870720 free
2025-10-19T16:46:50.875-0500 [DEBUG] [org.gradle.workers.internal.WorkerDaemonExpiration] Will attempt to release 802 of memory
2025-10-19T16:46:50.875-0500 [DEBUG] [org.gradle.process.internal.health.memory.DefaultMemoryManager] 841566208 physical memory requested, 0 released, 771870720 free
2025-10-19T16:46:54.847-0500 [DEBUG] [org.gradle.cache.internal.DefaultFileLockManager] Waiting to acquire shared lock on daemon addresses registry.
2025-10-19T16:46:54.847-0500 [DEBUG] [org.gradle.cache.internal.DefaultFileLockManager] Lock acquired on daemon addresses registry.
2025-10-19T16:46:54.847-0500 [DEBUG] [org.gradle.cache.internal.DefaultFileLockManager] Releasing lock on daemon addresses registry.
2025-10-19T16:46:54.849-0500 [DEBUG] [org.gradle.cache.internal.DefaultFileLockManager] Waiting to acquire shared lock on daemon addresses registry.
2025-10-19T16:46:54.849-0500 [DEBUG] [org.gradle.cache.internal.DefaultFileLockManager] Lock acquired on daemon addresses registry.
2025-10-19T16:46:54.849-0500 [DEBUG] [org.gradle.cache.internal.DefaultFileLockManager] Releasing lock on daemon addresses registry.
2025-10-19T16:46:54.850-0500 [DEBUG] [org.gradle.cache.internal.DefaultFileLockManager] Waiting to acquire shared lock on daemon addresses registry.
2025-10-19T16:46:54.851-0500 [DEBUG] [org.gradle.cache.internal.DefaultFileLockManager] Lock acquired on daemon addresses registry.
2025-10-19T16:46:54.864-0500 [DEBUG] [org.gradle.cache.internal.DefaultFileLockManager] Releasing lock on daemon addresses registry.
2025-10-19T16:46:55.862-0500 [DEBUG] [org.gradle.process.internal.health.memory.DefaultMemoryManager] 841566208 physical memory requested, 779497472 free
2025-10-19T16:46:55.862-0500 [DEBUG] [org.gradle.workers.internal.WorkerDaemonExpiration] Will attempt to release 802 of memory
2025-10-19T16:46:55.863-0500 [DEBUG] [org.gradle.process.internal.health.memory.DefaultMemoryManager] 841566208 physical memory requested, 0 released, 779497472 free
2025-10-19T16:47:04.848-0500 [DEBUG] [org.gradle.cache.internal.DefaultFileLockManager] Waiting to acquire shared lock on daemon addresses registry.
2025-10-19T16:47:04.849-0500 [DEBUG] [org.gradle.cache.internal.DefaultFileLockManager] Lock acquired on daemon addresses registry.
2025-10-19T16:47:04.849-0500 [DEBUG] [org.gradle.cache.internal.DefaultFileLockManager] Releasing lock on daemon addresses registry.
2025-10-19T16:47:04.850-0500 [DEBUG] [org.gradle.cache.internal.DefaultFileLockManager] Waiting to acquire shared lock on daemon addresses registry.
2025-10-19T16:47:04.851-0500 [DEBUG] [org.gradle.cache.internal.DefaultFileLockManager] Lock acquired on daemon addresses registry.
2025-10-19T16:47:04.851-0500 [DEBUG] [org.gradle.cache.internal.DefaultFileLockManager] Releasing lock on daemon addresses registry.
2025-10-19T16:47:04.852-0500 [DEBUG] [org.gradle.cache.internal.DefaultFileLockManager] Waiting to acquire shared lock on daemon addresses registry.
2025-10-19T16:47:04.852-0500 [DEBUG] [org.gradle.cache.internal.DefaultFileLockManager] Lock acquired on daemon addresses registry.
2025-10-19T16:47:04.852-0500 [DEBUG] [org.gradle.cache.internal.DefaultFileLockManager] Releasing lock on daemon addresses registry.
2025-10-19T16:47:14.844-0500 [DEBUG] [org.gradle.cache.internal.DefaultFileLockManager] Waiting to acquire shared lock on daemon addresses registry.
2025-10-19T16:47:14.844-0500 [DEBUG] [org.gradle.cache.internal.DefaultFileLockManager] Lock acquired on daemon addresses registry.
2025-10-19T16:47:14.844-0500 [DEBUG] [org.gradle.cache.internal.DefaultFileLockManager] Releasing lock on daemon addresses registry.
2025-10-19T16:47:14.845-0500 [DEBUG] [org.gradle.cache.internal.DefaultFileLockManager] Waiting to acquire shared lock on daemon addresses registry.
2025-10-19T16:47:14.846-0500 [DEBUG] [org.gradle.cache.internal.DefaultFileLockManager] Lock acquired on daemon addresses registry.
2025-10-19T16:47:14.846-0500 [DEBUG] [org.gradle.cache.internal.DefaultFileLockManager] Releasing lock on daemon addresses registry.
2025-10-19T16:47:14.847-0500 [DEBUG] [org.gradle.cache.internal.DefaultFileLockManager] Waiting to acquire shared lock on daemon addresses registry.
2025-10-19T16:47:14.847-0500 [DEBUG] [org.gradle.cache.internal.DefaultFileLockManager] Lock acquired on daemon addresses registry.
2025-10-19T16:47:14.856-0500 [DEBUG] [org.gradle.cache.internal.DefaultFileLockManager] Releasing lock on daemon addresses registry.
2025-10-19T16:47:24.839-0500 [DEBUG] [org.gradle.cache.internal.DefaultFileLockManager] Waiting to acquire shared lock on daemon addresses registry.
2025-10-19T16:47:24.839-0500 [DEBUG] [org.gradle.cache.internal.DefaultFileLockManager] Lock acquired on daemon addresses registry.
2025-10-19T16:47:24.839-0500 [DEBUG] [org.gradle.cache.internal.DefaultFileLockManager] Releasing lock on daemon addresses registry.
2025-10-19T16:47:24.842-0500 [DEBUG] [org.gradle.cache.internal.DefaultFileLockManager] Waiting to acquire shared lock on daemon addresses registry.
2025-10-19T16:47:24.842-0500 [DEBUG] [org.gradle.cache.internal.DefaultFileLockManager] Lock acquired on daemon addresses registry.
2025-10-19T16:47:24.843-0500 [DEBUG] [org.gradle.cache.internal.DefaultFileLockManager] Releasing lock on daemon addresses registry.
2025-10-19T16:47:24.844-0500 [DEBUG] [org.gradle.cache.internal.DefaultFileLockManager] Waiting to acquire shared lock on daemon addresses registry.
2025-10-19T16:47:24.845-0500 [DEBUG] [org.gradle.cache.internal.DefaultFileLockManager] Lock acquired on daemon addresses registry.
2025-10-19T16:47:24.845-0500 [DEBUG] [org.gradle.cache.internal.DefaultFileLockManager] Releasing lock on daemon addresses registry.
2025-10-19T16:47:25.866-0500 [DEBUG] [org.gradle.process.internal.health.memory.DefaultMemoryManager] 841566208 physical memory requested, 788459520 free
2025-10-19T16:47:25.866-0500 [DEBUG] [org.gradle.workers.internal.WorkerDaemonExpiration] Will attempt to release 802 of memory
2025-10-19T16:47:25.866-0500 [DEBUG] [org.gradle.process.internal.health.memory.DefaultMemoryManager] 841566208 physical memory requested, 0 released, 788459520 free
2025-10-19T16:47:30.869-0500 [DEBUG] [org.gradle.process.internal.health.memory.DefaultMemoryManager] 841566208 physical memory requested, 770633728 free
2025-10-19T16:47:30.869-0500 [DEBUG] [org.gradle.workers.internal.WorkerDaemonExpiration] Will attempt to release 802 of memory
2025-10-19T16:47:30.870-0500 [DEBUG] [org.gradle.process.internal.health.memory.DefaultMemoryManager] 841566208 physical memory requested, 0 released, 770633728 free
2025-10-19T16:47:34.848-0500 [DEBUG] [org.gradle.cache.internal.DefaultFileLockManager] Waiting to acquire shared lock on daemon addresses registry.
2025-10-19T16:47:34.848-0500 [DEBUG] [org.gradle.cache.internal.DefaultFileLockManager] Lock acquired on daemon addresses registry.
2025-10-19T16:47:34.849-0500 [DEBUG] [org.gradle.cache.internal.DefaultFileLockManager] Releasing lock on daemon addresses registry.
2025-10-19T16:47:34.851-0500 [DEBUG] [org.gradle.cache.internal.DefaultFileLockManager] Waiting to acquire shared lock on daemon addresses registry.
2025-10-19T16:47:34.851-0500 [DEBUG] [org.gradle.cache.internal.DefaultFileLockManager] Lock acquired on daemon addresses registry.
2025-10-19T16:47:34.851-0500 [DEBUG] [org.gradle.cache.internal.DefaultFileLockManager] Releasing lock on daemon addresses registry.
2025-10-19T16:47:34.852-0500 [DEBUG] [org.gradle.cache.internal.DefaultFileLockManager] Waiting to acquire shared lock on daemon addresses registry.
2025-10-19T16:47:34.853-0500 [DEBUG] [org.gradle.cache.internal.DefaultFileLockManager] Lock acquired on daemon addresses registry.
2025-10-19T16:47:34.853-0500 [DEBUG] [org.gradle.cache.internal.DefaultFileLockManager] Releasing lock on daemon addresses registry.
2025-10-19T16:47:35.862-0500 [DEBUG] [org.gradle.process.internal.health.memory.DefaultMemoryManager] 841566208 physical memory requested, 694677504 free
2025-10-19T16:47:35.876-0500 [DEBUG] [org.gradle.workers.internal.WorkerDaemonExpiration] Will attempt to release 802 of memory
2025-10-19T16:47:35.876-0500 [DEBUG] [org.gradle.process.internal.health.memory.DefaultMemoryManager] 841566208 physical memory requested, 0 released, 694677504 free
2025-10-19T16:47:40.869-0500 [DEBUG] [org.gradle.process.internal.health.memory.DefaultMemoryManager] 841566208 physical memory requested, 712634368 free
2025-10-19T16:47:40.870-0500 [DEBUG] [org.gradle.workers.internal.WorkerDaemonExpiration] Will attempt to release 802 of memory
2025-10-19T16:47:40.870-0500 [DEBUG] [org.gradle.process.internal.health.memory.DefaultMemoryManager] 841566208 physical memory requested, 0 released, 712634368 free
2025-10-19T16:47:44.849-0500 [DEBUG] [org.gradle.cache.internal.DefaultFileLockManager] Waiting to acquire shared lock on daemon addresses registry.
2025-10-19T16:47:44.849-0500 [DEBUG] [org.gradle.cache.internal.DefaultFileLockManager] Lock acquired on daemon addresses registry.
2025-10-19T16:47:44.850-0500 [DEBUG] [org.gradle.cache.internal.DefaultFileLockManager] Releasing lock on daemon addresses registry.
2025-10-19T16:47:44.852-0500 [DEBUG] [org.gradle.cache.internal.DefaultFileLockManager] Waiting to acquire shared lock on daemon addresses registry.
2025-10-19T16:47:44.852-0500 [DEBUG] [org.gradle.cache.internal.DefaultFileLockManager] Lock acquired on daemon addresses registry.
2025-10-19T16:47:44.852-0500 [DEBUG] [org.gradle.cache.internal.DefaultFileLockManager] Releasing lock on daemon addresses registry.
2025-10-19T16:47:44.853-0500 [DEBUG] [org.gradle.cache.internal.DefaultFileLockManager] Waiting to acquire shared lock on daemon addresses registry.
2025-10-19T16:47:44.853-0500 [DEBUG] [org.gradle.cache.internal.DefaultFileLockManager] Lock acquired on daemon addresses registry.
2025-10-19T16:47:44.854-0500 [DEBUG] [org.gradle.cache.internal.DefaultFileLockManager] Releasing lock on daemon addresses registry.
2025-10-19T16:47:45.859-0500 [DEBUG] [org.gradle.process.internal.health.memory.DefaultMemoryManager] 841566208 physical memory requested, 611938304 free
2025-10-19T16:47:45.859-0500 [DEBUG] [org.gradle.workers.internal.WorkerDaemonExpiration] Will attempt to release 802 of memory
2025-10-19T16:47:45.859-0500 [DEBUG] [org.gradle.process.internal.health.memory.DefaultMemoryManager] 841566208 physical memory requested, 0 released, 611938304 free
2025-10-19T16:47:50.854-0500 [DEBUG] [org.gradle.process.internal.health.memory.DefaultMemoryManager] 841566208 physical memory requested, 606253056 free
2025-10-19T16:47:50.854-0500 [DEBUG] [org.gradle.workers.internal.WorkerDaemonExpiration] Will attempt to release 802 of memory
2025-10-19T16:47:50.854-0500 [DEBUG] [org.gradle.process.internal.health.memory.DefaultMemoryManager] 841566208 physical memory requested, 0 released, 606253056 free
2025-10-19T16:47:54.849-0500 [DEBUG] [org.gradle.cache.internal.DefaultFileLockManager] Waiting to acquire shared lock on daemon addresses registry.
2025-10-19T16:47:54.849-0500 [DEBUG] [org.gradle.cache.internal.DefaultFileLockManager] Lock acquired on daemon addresses registry.
2025-10-19T16:47:54.873-0500 [DEBUG] [org.gradle.cache.internal.DefaultFileLockManager] Releasing lock on daemon addresses registry.
2025-10-19T16:47:54.876-0500 [DEBUG] [org.gradle.cache.internal.DefaultFileLockManager] Waiting to acquire shared lock on daemon addresses registry.
2025-10-19T16:47:54.876-0500 [DEBUG] [org.gradle.cache.internal.DefaultFileLockManager] Lock acquired on daemon addresses registry.
2025-10-19T16:47:54.876-0500 [DEBUG] [org.gradle.cache.internal.DefaultFileLockManager] Releasing lock on daemon addresses registry.
2025-10-19T16:47:54.877-0500 [DEBUG] [org.gradle.cache.internal.DefaultFileLockManager] Waiting to acquire shared lock on daemon addresses registry.
2025-10-19T16:47:54.878-0500 [DEBUG] [org.gradle.cache.internal.DefaultFileLockManager] Lock acquired on daemon addresses registry.
2025-10-19T16:47:54.878-0500 [DEBUG] [org.gradle.cache.internal.DefaultFileLockManager] Releasing lock on daemon addresses registry.
2025-10-19T16:47:55.860-0500 [DEBUG] [org.gradle.process.internal.health.memory.DefaultMemoryManager] 841566208 physical memory requested, 646221824 free
2025-10-19T16:47:55.860-0500 [DEBUG] [org.gradle.workers.internal.WorkerDaemonExpiration] Will attempt to release 802 of memory
2025-10-19T16:47:55.860-0500 [DEBUG] [org.gradle.process.internal.health.memory.DefaultMemoryManager] 841566208 physical memory requested, 0 released, 646221824 free
2025-10-19T16:48:00.863-0500 [DEBUG] [org.gradle.process.internal.health.memory.DefaultMemoryManager] 841566208 physical memory requested, 592338944 free
2025-10-19T16:48:00.863-0500 [DEBUG] [org.gradle.workers.internal.WorkerDaemonExpiration] Will attempt to release 802 of memory
2025-10-19T16:48:00.864-0500 [DEBUG] [org.gradle.process.internal.health.memory.DefaultMemoryManager] 841566208 physical memory requested, 0 released, 592338944 free
2025-10-19T16:48:04.845-0500 [DEBUG] [org.gradle.cache.internal.DefaultFileLockManager] Waiting to acquire shared lock on daemon addresses registry.
2025-10-19T16:48:04.845-0500 [DEBUG] [org.gradle.cache.internal.DefaultFileLockManager] Lock acquired on daemon addresses registry.
2025-10-19T16:48:04.845-0500 [DEBUG] [org.gradle.cache.internal.DefaultFileLockManager] Releasing lock on daemon addresses registry.
2025-10-19T16:48:04.846-0500 [DEBUG] [org.gradle.cache.internal.DefaultFileLockManager] Waiting to acquire shared lock on daemon addresses registry.
2025-10-19T16:48:04.846-0500 [DEBUG] [org.gradle.cache.internal.DefaultFileLockManager] Lock acquired on daemon addresses registry.
2025-10-19T16:48:04.847-0500 [DEBUG] [org.gradle.cache.internal.DefaultFileLockManager] Releasing lock on daemon addresses registry.
2025-10-19T16:48:04.848-0500 [DEBUG] [org.gradle.cache.internal.DefaultFileLockManager] Waiting to acquire shared lock on daemon addresses registry.
2025-10-19T16:48:04.848-0500 [DEBUG] [org.gradle.cache.internal.DefaultFileLockManager] Lock acquired on daemon addresses registry.
2025-10-19T16:48:04.848-0500 [DEBUG] [org.gradle.cache.internal.DefaultFileLockManager] Releasing lock on daemon addresses registry.
2025-10-19T16:48:05.856-0500 [DEBUG] [org.gradle.process.internal.health.memory.DefaultMemoryManager] 841566208 physical memory requested, 587763712 free
2025-10-19T16:48:05.856-0500 [DEBUG] [org.gradle.workers.internal.WorkerDaemonExpiration] Will attempt to release 802 of memory
2025-10-19T16:48:05.856-0500 [DEBUG] [org.gradle.process.internal.health.memory.DefaultMemoryManager] 841566208 physical memory requested, 0 released, 587763712 free
2025-10-19T16:48:10.869-0500 [DEBUG] [org.gradle.process.internal.health.memory.DefaultMemoryManager] 841566208 physical memory requested, 588259328 free
2025-10-19T16:48:10.869-0500 [DEBUG] [org.gradle.workers.internal.WorkerDaemonExpiration] Will attempt to release 802 of memory
2025-10-19T16:48:10.869-0500 [DEBUG] [org.gradle.process.internal.health.memory.DefaultMemoryManager] 841566208 physical memory requested, 0 released, 588259328 free
2025-10-19T16:48:14.847-0500 [DEBUG] [org.gradle.cache.internal.DefaultFileLockManager] Waiting to acquire shared lock on daemon addresses registry.
2025-10-19T16:48:14.847-0500 [DEBUG] [org.gradle.cache.internal.DefaultFileLockManager] Lock acquired on daemon addresses registry.
2025-10-19T16:48:14.847-0500 [DEBUG] [org.gradle.cache.internal.DefaultFileLockManager] Releasing lock on daemon addresses registry.
2025-10-19T16:48:14.849-0500 [DEBUG] [org.gradle.cache.internal.DefaultFileLockManager] Waiting to acquire shared lock on daemon addresses registry.
2025-10-19T16:48:14.849-0500 [DEBUG] [org.gradle.cache.internal.DefaultFileLockManager] Lock acquired on daemon addresses registry.
2025-10-19T16:48:14.858-0500 [DEBUG] [org.gradle.cache.internal.DefaultFileLockManager] Releasing lock on daemon addresses registry.
2025-10-19T16:48:14.872-0500 [DEBUG] [org.gradle.cache.internal.DefaultFileLockManager] Waiting to acquire shared lock on daemon addresses registry.
2025-10-19T16:48:14.873-0500 [DEBUG] [org.gradle.cache.internal.DefaultFileLockManager] Lock acquired on daemon addresses registry.
2025-10-19T16:48:14.873-0500 [DEBUG] [org.gradle.cache.internal.DefaultFileLockManager] Releasing lock on daemon addresses registry.
2025-10-19T16:48:20.858-0500 [DEBUG] [org.gradle.process.internal.health.memory.DefaultMemoryManager] 841566208 physical memory requested, 769593344 free
2025-10-19T16:48:20.859-0500 [DEBUG] [org.gradle.workers.internal.WorkerDaemonExpiration] Will attempt to release 802 of memory
2025-10-19T16:48:20.859-0500 [DEBUG] [org.gradle.process.internal.health.memory.DefaultMemoryManager] 841566208 physical memory requested, 0 released, 769593344 free
2025-10-19T16:48:24.848-0500 [DEBUG] [org.gradle.cache.internal.DefaultFileLockManager] Waiting to acquire shared lock on daemon addresses registry.
2025-10-19T16:48:24.848-0500 [DEBUG] [org.gradle.cache.internal.DefaultFileLockManager] Lock acquired on daemon addresses registry.
2025-10-19T16:48:24.849-0500 [DEBUG] [org.gradle.cache.internal.DefaultFileLockManager] Releasing lock on daemon addresses registry.
2025-10-19T16:48:24.853-0500 [DEBUG] [org.gradle.cache.internal.DefaultFileLockManager] Waiting to acquire shared lock on daemon addresses registry.
2025-10-19T16:48:24.854-0500 [DEBUG] [org.gradle.cache.internal.DefaultFileLockManager] Lock acquired on daemon addresses registry.
2025-10-19T16:48:24.855-0500 [DEBUG] [org.gradle.cache.internal.DefaultFileLockManager] Releasing lock on daemon addresses registry.
2025-10-19T16:48:24.857-0500 [DEBUG] [org.gradle.cache.internal.DefaultFileLockManager] Waiting to acquire shared lock on daemon addresses registry.
2025-10-19T16:48:24.857-0500 [DEBUG] [org.gradle.cache.internal.DefaultFileLockManager] Lock acquired on daemon addresses registry.
2025-10-19T16:48:24.858-0500 [DEBUG] [org.gradle.cache.internal.DefaultFileLockManager] Releasing lock on daemon addresses registry.
2025-10-19T16:48:25.860-0500 [DEBUG] [org.gradle.process.internal.health.memory.DefaultMemoryManager] 841566208 physical memory requested, 646422528 free
2025-10-19T16:48:25.860-0500 [DEBUG] [org.gradle.workers.internal.WorkerDaemonExpiration] Will attempt to release 802 of memory
2025-10-19T16:48:25.860-0500 [DEBUG] [org.gradle.process.internal.health.memory.DefaultMemoryManager] 841566208 physical memory requested, 0 released, 646422528 free
2025-10-19T16:48:30.861-0500 [DEBUG] [org.gradle.process.internal.health.memory.DefaultMemoryManager] 841566208 physical memory requested, 659656704 free
2025-10-19T16:48:30.861-0500 [DEBUG] [org.gradle.workers.internal.WorkerDaemonExpiration] Will attempt to release 802 of memory
2025-10-19T16:48:30.862-0500 [DEBUG] [org.gradle.process.internal.health.memory.DefaultMemoryManager] 841566208 physical memory requested, 0 released, 659656704 free
2025-10-19T16:48:34.849-0500 [DEBUG] [org.gradle.cache.internal.DefaultFileLockManager] Waiting to acquire shared lock on daemon addresses registry.
2025-10-19T16:48:34.849-0500 [DEBUG] [org.gradle.cache.internal.DefaultFileLockManager] Lock acquired on daemon addresses registry.
2025-10-19T16:48:34.850-0500 [DEBUG] [org.gradle.cache.internal.DefaultFileLockManager] Releasing lock on daemon addresses registry.
2025-10-19T16:48:34.854-0500 [DEBUG] [org.gradle.cache.internal.DefaultFileLockManager] Waiting to acquire shared lock on daemon addresses registry.
2025-10-19T16:48:34.855-0500 [DEBUG] [org.gradle.cache.internal.DefaultFileLockManager] Lock acquired on daemon addresses registry.
2025-10-19T16:48:34.856-0500 [DEBUG] [org.gradle.cache.internal.DefaultFileLockManager] Releasing lock on daemon addresses registry.
2025-10-19T16:48:34.861-0500 [DEBUG] [org.gradle.cache.internal.DefaultFileLockManager] Waiting to acquire shared lock on daemon addresses registry.
2025-10-19T16:48:34.861-0500 [DEBUG] [org.gradle.cache.internal.DefaultFileLockManager] Lock acquired on daemon addresses registry.
2025-10-19T16:48:34.863-0500 [DEBUG] [org.gradle.cache.internal.DefaultFileLockManager] Releasing lock on daemon addresses registry.
2025-10-19T16:48:35.867-0500 [DEBUG] [org.gradle.process.internal.health.memory.DefaultMemoryManager] 841566208 physical memory requested, 677978112 free
2025-10-19T16:48:35.867-0500 [DEBUG] [org.gradle.workers.internal.WorkerDaemonExpiration] Will attempt to release 802 of memory
2025-10-19T16:48:35.867-0500 [DEBUG] [org.gradle.process.internal.health.memory.DefaultMemoryManager] 841566208 physical memory requested, 0 released, 677978112 free
2025-10-19T16:48:40.867-0500 [DEBUG] [org.gradle.process.internal.health.memory.DefaultMemoryManager] 841566208 physical memory requested, 655257600 free
2025-10-19T16:48:40.867-0500 [DEBUG] [org.gradle.workers.internal.WorkerDaemonExpiration] Will attempt to release 802 of memory
2025-10-19T16:48:40.868-0500 [DEBUG] [org.gradle.process.internal.health.memory.DefaultMemoryManager] 841566208 physical memory requested, 0 released, 655257600 free
2025-10-19T16:48:44.859-0500 [DEBUG] [org.gradle.cache.internal.DefaultFileLockManager] Waiting to acquire shared lock on daemon addresses registry.
2025-10-19T16:48:44.859-0500 [DEBUG] [org.gradle.cache.internal.DefaultFileLockManager] Lock acquired on daemon addresses registry.
2025-10-19T16:48:44.859-0500 [DEBUG] [org.gradle.cache.internal.DefaultFileLockManager] Releasing lock on daemon addresses registry.
2025-10-19T16:48:44.861-0500 [DEBUG] [org.gradle.cache.internal.DefaultFileLockManager] Waiting to acquire shared lock on daemon addresses registry.
2025-10-19T16:48:44.861-0500 [DEBUG] [org.gradle.cache.internal.DefaultFileLockManager] Lock acquired on daemon addresses registry.
2025-10-19T16:48:44.862-0500 [DEBUG] [org.gradle.cache.internal.DefaultFileLockManager] Releasing lock on daemon addresses registry.
2025-10-19T16:48:44.864-0500 [DEBUG] [org.gradle.cache.internal.DefaultFileLockManager] Waiting to acquire shared lock on daemon addresses registry.
2025-10-19T16:48:44.864-0500 [DEBUG] [org.gradle.cache.internal.DefaultFileLockManager] Lock acquired on daemon addresses registry.
2025-10-19T16:48:44.864-0500 [DEBUG] [org.gradle.cache.internal.DefaultFileLockManager] Releasing lock on daemon addresses registry.
2025-10-19T16:48:45.856-0500 [DEBUG] [org.gradle.process.internal.health.memory.DefaultMemoryManager] 841566208 physical memory requested, 604864512 free
2025-10-19T16:48:45.857-0500 [DEBUG] [org.gradle.workers.internal.WorkerDaemonExpiration] Will attempt to release 802 of memory
2025-10-19T16:48:45.857-0500 [DEBUG] [org.gradle.process.internal.health.memory.DefaultMemoryManager] 841566208 physical memory requested, 0 released, 604864512 free
2025-10-19T16:48:50.867-0500 [DEBUG] [org.gradle.process.internal.health.memory.DefaultMemoryManager] 841566208 physical memory requested, 658440192 free
2025-10-19T16:48:50.867-0500 [DEBUG] [org.gradle.workers.internal.WorkerDaemonExpiration] Will attempt to release 802 of memory
2025-10-19T16:48:50.867-0500 [DEBUG] [org.gradle.process.internal.health.memory.DefaultMemoryManager] 841566208 physical memory requested, 0 released, 658440192 free
2025-10-19T16:48:54.839-0500 [DEBUG] [org.gradle.cache.internal.DefaultFileLockManager] Waiting to acquire shared lock on daemon addresses registry.
2025-10-19T16:48:54.839-0500 [DEBUG] [org.gradle.cache.internal.DefaultFileLockManager] Lock acquired on daemon addresses registry.
2025-10-19T16:48:54.840-0500 [DEBUG] [org.gradle.cache.internal.DefaultFileLockManager] Releasing lock on daemon addresses registry.
2025-10-19T16:48:54.842-0500 [DEBUG] [org.gradle.cache.internal.DefaultFileLockManager] Waiting to acquire shared lock on daemon addresses registry.
2025-10-19T16:48:54.842-0500 [DEBUG] [org.gradle.cache.internal.DefaultFileLockManager] Lock acquired on daemon addresses registry.
2025-10-19T16:48:54.844-0500 [DEBUG] [org.gradle.cache.internal.DefaultFileLockManager] Releasing lock on daemon addresses registry.
2025-10-19T16:48:54.846-0500 [DEBUG] [org.gradle.cache.internal.DefaultFileLockManager] Waiting to acquire shared lock on daemon addresses registry.
2025-10-19T16:48:54.847-0500 [DEBUG] [org.gradle.cache.internal.DefaultFileLockManager] Lock acquired on daemon addresses registry.
2025-10-19T16:48:54.847-0500 [DEBUG] [org.gradle.cache.internal.DefaultFileLockManager] Releasing lock on daemon addresses registry.
2025-10-19T16:48:55.869-0500 [DEBUG] [org.gradle.process.internal.health.memory.DefaultMemoryManager] 841566208 physical memory requested, 592691200 free
2025-10-19T16:48:55.869-0500 [DEBUG] [org.gradle.workers.internal.WorkerDaemonExpiration] Will attempt to release 802 of memory
2025-10-19T16:48:55.870-0500 [DEBUG] [org.gradle.process.internal.health.memory.DefaultMemoryManager] 841566208 physical memory requested, 0 released, 592691200 free
2025-10-19T16:49:00.870-0500 [DEBUG] [org.gradle.process.internal.health.memory.DefaultMemoryManager] 841566208 physical memory requested, 549969920 free
2025-10-19T16:49:00.871-0500 [DEBUG] [org.gradle.workers.internal.WorkerDaemonExpiration] Will attempt to release 802 of memory
2025-10-19T16:49:00.872-0500 [DEBUG] [org.gradle.process.internal.health.memory.DefaultMemoryManager] 841566208 physical memory requested, 0 released, 549969920 free
2025-10-19T16:49:04.846-0500 [DEBUG] [org.gradle.cache.internal.DefaultFileLockManager] Waiting to acquire shared lock on daemon addresses registry.
2025-10-19T16:49:04.846-0500 [DEBUG] [org.gradle.cache.internal.DefaultFileLockManager] Lock acquired on daemon addresses registry.
2025-10-19T16:49:04.846-0500 [DEBUG] [org.gradle.cache.internal.DefaultFileLockManager] Releasing lock on daemon addresses registry.
2025-10-19T16:49:04.848-0500 [DEBUG] [org.gradle.cache.internal.DefaultFileLockManager] Waiting to acquire shared lock on daemon addresses registry.
2025-10-19T16:49:04.849-0500 [DEBUG] [org.gradle.cache.internal.DefaultFileLockManager] Lock acquired on daemon addresses registry.
2025-10-19T16:49:04.849-0500 [DEBUG] [org.gradle.cache.internal.DefaultFileLockManager] Releasing lock on daemon addresses registry.
2025-10-19T16:49:04.850-0500 [DEBUG] [org.gradle.cache.internal.DefaultFileLockManager] Waiting to acquire shared lock on daemon addresses registry.
2025-10-19T16:49:04.850-0500 [DEBUG] [org.gradle.cache.internal.DefaultFileLockManager] Lock acquired on daemon addresses registry.
2025-10-19T16:49:04.850-0500 [DEBUG] [org.gradle.cache.internal.DefaultFileLockManager] Releasing lock on daemon addresses registry.
2025-10-19T16:49:05.859-0500 [DEBUG] [org.gradle.process.internal.health.memory.DefaultMemoryManager] 841566208 physical memory requested, 534384640 free
2025-10-19T16:49:05.859-0500 [DEBUG] [org.gradle.workers.internal.WorkerDaemonExpiration] Will attempt to release 802 of memory
2025-10-19T16:49:05.859-0500 [DEBUG] [org.gradle.process.internal.health.memory.DefaultMemoryManager] 841566208 physical memory requested, 0 released, 534384640 free
2025-10-19T16:49:10.858-0500 [DEBUG] [org.gradle.process.internal.health.memory.DefaultMemoryManager] 841566208 physical memory requested, 544714752 free
2025-10-19T16:49:10.858-0500 [DEBUG] [org.gradle.workers.internal.WorkerDaemonExpiration] Will attempt to release 802 of memory
2025-10-19T16:49:10.858-0500 [DEBUG] [org.gradle.process.internal.health.memory.DefaultMemoryManager] 841566208 physical memory requested, 0 released, 544714752 free
2025-10-19T16:49:14.851-0500 [DEBUG] [org.gradle.cache.internal.DefaultFileLockManager] Waiting to acquire shared lock on daemon addresses registry.
2025-10-19T16:49:14.851-0500 [DEBUG] [org.gradle.cache.internal.DefaultFileLockManager] Lock acquired on daemon addresses registry.
2025-10-19T16:49:14.852-0500 [DEBUG] [org.gradle.cache.internal.DefaultFileLockManager] Releasing lock on daemon addresses registry.
2025-10-19T16:49:14.871-0500 [DEBUG] [org.gradle.cache.internal.DefaultFileLockManager] Waiting to acquire shared lock on daemon addresses registry.
2025-10-19T16:49:14.871-0500 [DEBUG] [org.gradle.cache.internal.DefaultFileLockManager] Lock acquired on daemon addresses registry.
2025-10-19T16:49:14.894-0500 [DEBUG] [org.gradle.cache.internal.DefaultFileLockManager] Releasing lock on daemon addresses registry.
2025-10-19T16:49:14.896-0500 [DEBUG] [org.gradle.cache.internal.DefaultFileLockManager] Waiting to acquire shared lock on daemon addresses registry.
2025-10-19T16:49:14.897-0500 [DEBUG] [org.gradle.cache.internal.DefaultFileLockManager] Lock acquired on daemon addresses registry.
2025-10-19T16:49:14.897-0500 [DEBUG] [org.gradle.cache.internal.DefaultFileLockManager] Releasing lock on daemon addresses registry.
2025-10-19T16:49:15.859-0500 [DEBUG] [org.gradle.process.internal.health.memory.DefaultMemoryManager] 841566208 physical memory requested, 716009472 free
2025-10-19T16:49:15.859-0500 [DEBUG] [org.gradle.workers.internal.WorkerDaemonExpiration] Will attempt to release 802 of memory
2025-10-19T16:49:15.859-0500 [DEBUG] [org.gradle.process.internal.health.memory.DefaultMemoryManager] 841566208 physical memory requested, 0 released, 716009472 free
2025-10-19T16:49:20.857-0500 [DEBUG] [org.gradle.process.internal.health.memory.DefaultMemoryManager] 841566208 physical memory requested, 685838336 free
2025-10-19T16:49:20.857-0500 [DEBUG] [org.gradle.workers.internal.WorkerDaemonExpiration] Will attempt to release 802 of memory
2025-10-19T16:49:20.857-0500 [DEBUG] [org.gradle.process.internal.health.memory.DefaultMemoryManager] 841566208 physical memory requested, 0 released, 685838336 free
2025-10-19T16:49:24.842-0500 [DEBUG] [org.gradle.cache.internal.DefaultFileLockManager] Waiting to acquire shared lock on daemon addresses registry.
2025-10-19T16:49:24.842-0500 [DEBUG] [org.gradle.cache.internal.DefaultFileLockManager] Lock acquired on daemon addresses registry.
2025-10-19T16:49:24.846-0500 [DEBUG] [org.gradle.cache.internal.DefaultFileLockManager] Releasing lock on daemon addresses registry.
2025-10-19T16:49:24.848-0500 [DEBUG] [org.gradle.cache.internal.DefaultFileLockManager] Waiting to acquire shared lock on daemon addresses registry.
2025-10-19T16:49:24.848-0500 [DEBUG] [org.gradle.cache.internal.DefaultFileLockManager] Lock acquired on daemon addresses registry.
2025-10-19T16:49:24.849-0500 [DEBUG] [org.gradle.cache.internal.DefaultFileLockManager] Releasing lock on daemon addresses registry.
2025-10-19T16:49:24.850-0500 [DEBUG] [org.gradle.cache.internal.DefaultFileLockManager] Waiting to acquire shared lock on daemon addresses registry.
2025-10-19T16:49:24.850-0500 [DEBUG] [org.gradle.cache.internal.DefaultFileLockManager] Lock acquired on daemon addresses registry.
2025-10-19T16:49:24.851-0500 [DEBUG] [org.gradle.cache.internal.DefaultFileLockManager] Releasing lock on daemon addresses registry.
2025-10-19T16:49:25.866-0500 [DEBUG] [org.gradle.process.internal.health.memory.DefaultMemoryManager] 841566208 physical memory requested, 718446592 free
2025-10-19T16:49:25.866-0500 [DEBUG] [org.gradle.workers.internal.WorkerDaemonExpiration] Will attempt to release 802 of memory
2025-10-19T16:49:25.866-0500 [DEBUG] [org.gradle.process.internal.health.memory.DefaultMemoryManager] 841566208 physical memory requested, 0 released, 718446592 free
2025-10-19T16:49:30.868-0500 [DEBUG] [org.gradle.process.internal.health.memory.DefaultMemoryManager] 841566208 physical memory requested, 733020160 free
2025-10-19T16:49:30.869-0500 [DEBUG] [org.gradle.workers.internal.WorkerDaemonExpiration] Will attempt to release 802 of memory
2025-10-19T16:49:30.869-0500 [DEBUG] [org.gradle.process.internal.health.memory.DefaultMemoryManager] 841566208 physical memory requested, 0 released, 733020160 free
2025-10-19T16:49:34.847-0500 [DEBUG] [org.gradle.cache.internal.DefaultFileLockManager] Waiting to acquire shared lock on daemon addresses registry.
2025-10-19T16:49:34.847-0500 [DEBUG] [org.gradle.cache.internal.DefaultFileLockManager] Lock acquired on daemon addresses registry.
2025-10-19T16:49:34.848-0500 [DEBUG] [org.gradle.cache.internal.DefaultFileLockManager] Releasing lock on daemon addresses registry.
2025-10-19T16:49:34.851-0500 [DEBUG] [org.gradle.cache.internal.DefaultFileLockManager] Waiting to acquire shared lock on daemon addresses registry.
2025-10-19T16:49:34.852-0500 [DEBUG] [org.gradle.cache.internal.DefaultFileLockManager] Lock acquired on daemon addresses registry.
2025-10-19T16:49:34.852-0500 [DEBUG] [org.gradle.cache.internal.DefaultFileLockManager] Releasing lock on daemon addresses registry.
2025-10-19T16:49:34.855-0500 [DEBUG] [org.gradle.cache.internal.DefaultFileLockManager] Waiting to acquire shared lock on daemon addresses registry.
2025-10-19T16:49:34.855-0500 [DEBUG] [org.gradle.cache.internal.DefaultFileLockManager] Lock acquired on daemon addresses registry.
2025-10-19T16:49:34.855-0500 [DEBUG] [org.gradle.cache.internal.DefaultFileLockManager] Releasing lock on daemon addresses registry.
2025-10-19T16:49:35.855-0500 [DEBUG] [org.gradle.process.internal.health.memory.DefaultMemoryManager] 841566208 physical memory requested, 719118336 free
2025-10-19T16:49:35.855-0500 [DEBUG] [org.gradle.workers.internal.WorkerDaemonExpiration] Will attempt to release 802 of memory
2025-10-19T16:49:35.856-0500 [DEBUG] [org.gradle.process.internal.health.memory.DefaultMemoryManager] 841566208 physical memory requested, 0 released, 719118336 free
2025-10-19T16:49:40.854-0500 [DEBUG] [org.gradle.process.internal.health.memory.DefaultMemoryManager] 841566208 physical memory requested, 647835648 free
2025-10-19T16:49:40.854-0500 [DEBUG] [org.gradle.workers.internal.WorkerDaemonExpiration] Will attempt to release 802 of memory
2025-10-19T16:49:40.854-0500 [DEBUG] [org.gradle.process.internal.health.memory.DefaultMemoryManager] 841566208 physical memory requested, 0 released, 647835648 free
2025-10-19T16:49:44.844-0500 [DEBUG] [org.gradle.cache.internal.DefaultFileLockManager] Waiting to acquire shared lock on daemon addresses registry.
2025-10-19T16:49:44.845-0500 [DEBUG] [org.gradle.cache.internal.DefaultFileLockManager] Lock acquired on daemon addresses registry.
2025-10-19T16:49:44.846-0500 [DEBUG] [org.gradle.cache.internal.DefaultFileLockManager] Releasing lock on daemon addresses registry.
2025-10-19T16:49:44.847-0500 [DEBUG] [org.gradle.cache.internal.DefaultFileLockManager] Waiting to acquire shared lock on daemon addresses registry.
2025-10-19T16:49:44.847-0500 [DEBUG] [org.gradle.cache.internal.DefaultFileLockManager] Lock acquired on daemon addresses registry.
2025-10-19T16:49:44.847-0500 [DEBUG] [org.gradle.cache.internal.DefaultFileLockManager] Releasing lock on daemon addresses registry.
2025-10-19T16:49:44.848-0500 [DEBUG] [org.gradle.cache.internal.DefaultFileLockManager] Waiting to acquire shared lock on daemon addresses registry.
2025-10-19T16:49:44.849-0500 [DEBUG] [org.gradle.cache.internal.DefaultFileLockManager] Lock acquired on daemon addresses registry.
2025-10-19T16:49:44.849-0500 [DEBUG] [org.gradle.cache.internal.DefaultFileLockManager] Releasing lock on daemon addresses registry.
2025-10-19T16:49:45.860-0500 [DEBUG] [org.gradle.process.internal.health.memory.DefaultMemoryManager] 841566208 physical memory requested, 629968896 free
2025-10-19T16:49:45.860-0500 [DEBUG] [org.gradle.workers.internal.WorkerDaemonExpiration] Will attempt to release 802 of memory
2025-10-19T16:49:45.861-0500 [DEBUG] [org.gradle.process.internal.health.memory.DefaultMemoryManager] 841566208 physical memory requested, 0 released, 629968896 free
2025-10-19T16:49:50.856-0500 [DEBUG] [org.gradle.process.internal.health.memory.DefaultMemoryManager] 841566208 physical memory requested, 634802176 free
2025-10-19T16:49:50.857-0500 [DEBUG] [org.gradle.workers.internal.WorkerDaemonExpiration] Will attempt to release 802 of memory
2025-10-19T16:49:50.857-0500 [DEBUG] [org.gradle.process.internal.health.memory.DefaultMemoryManager] 841566208 physical memory requested, 0 released, 634802176 free
2025-10-19T16:49:54.852-0500 [DEBUG] [org.gradle.cache.internal.DefaultFileLockManager] Waiting to acquire shared lock on daemon addresses registry.
2025-10-19T16:49:54.852-0500 [DEBUG] [org.gradle.cache.internal.DefaultFileLockManager] Lock acquired on daemon addresses registry.
2025-10-19T16:49:54.852-0500 [DEBUG] [org.gradle.cache.internal.DefaultFileLockManager] Releasing lock on daemon addresses registry.
2025-10-19T16:49:54.854-0500 [DEBUG] [org.gradle.cache.internal.DefaultFileLockManager] Waiting to acquire shared lock on daemon addresses registry.
2025-10-19T16:49:54.854-0500 [DEBUG] [org.gradle.cache.internal.DefaultFileLockManager] Lock acquired on daemon addresses registry.
2025-10-19T16:49:54.854-0500 [DEBUG] [org.gradle.cache.internal.DefaultFileLockManager] Releasing lock on daemon addresses registry.
2025-10-19T16:49:54.856-0500 [DEBUG] [org.gradle.cache.internal.DefaultFileLockManager] Waiting to acquire shared lock on daemon addresses registry.
2025-10-19T16:49:54.857-0500 [DEBUG] [org.gradle.cache.internal.DefaultFileLockManager] Lock acquired on daemon addresses registry.
2025-10-19T16:49:54.857-0500 [DEBUG] [org.gradle.cache.internal.DefaultFileLockManager] Releasing lock on daemon addresses registry.
2025-10-19T16:49:55.864-0500 [DEBUG] [org.gradle.process.internal.health.memory.DefaultMemoryManager] 841566208 physical memory requested, 634347520 free
2025-10-19T16:49:55.864-0500 [DEBUG] [org.gradle.workers.internal.WorkerDaemonExpiration] Will attempt to release 802 of memory
2025-10-19T16:49:55.864-0500 [DEBUG] [org.gradle.process.internal.health.memory.DefaultMemoryManager] 841566208 physical memory requested, 0 released, 634347520 free
2025-10-19T16:50:00.863-0500 [DEBUG] [org.gradle.process.internal.health.memory.DefaultMemoryManager] 841566208 physical memory requested, 676294656 free
2025-10-19T16:50:00.863-0500 [DEBUG] [org.gradle.workers.internal.WorkerDaemonExpiration] Will attempt to release 802 of memory
2025-10-19T16:50:00.863-0500 [DEBUG] [org.gradle.process.internal.health.memory.DefaultMemoryManager] 841566208 physical memory requested, 0 released, 676294656 free
2025-10-19T16:50:04.858-0500 [DEBUG] [org.gradle.cache.internal.DefaultFileLockManager] Waiting to acquire shared lock on daemon addresses registry.
2025-10-19T16:50:04.859-0500 [DEBUG] [org.gradle.cache.internal.DefaultFileLockManager] Lock acquired on daemon addresses registry.
2025-10-19T16:50:04.859-0500 [DEBUG] [org.gradle.cache.internal.DefaultFileLockManager] Releasing lock on daemon addresses registry.
2025-10-19T16:50:04.861-0500 [DEBUG] [org.gradle.cache.internal.DefaultFileLockManager] Waiting to acquire shared lock on daemon addresses registry.
2025-10-19T16:50:04.861-0500 [DEBUG] [org.gradle.cache.internal.DefaultFileLockManager] Lock acquired on daemon addresses registry.
2025-10-19T16:50:04.861-0500 [DEBUG] [org.gradle.cache.internal.DefaultFileLockManager] Releasing lock on daemon addresses registry.
2025-10-19T16:50:04.863-0500 [DEBUG] [org.gradle.cache.internal.DefaultFileLockManager] Waiting to acquire shared lock on daemon addresses registry.
2025-10-19T16:50:04.863-0500 [DEBUG] [org.gradle.cache.internal.DefaultFileLockManager] Lock acquired on daemon addresses registry.
2025-10-19T16:50:04.864-0500 [DEBUG] [org.gradle.cache.internal.DefaultFileLockManager] Releasing lock on daemon addresses registry.
2025-10-19T16:50:05.858-0500 [DEBUG] [org.gradle.process.internal.health.memory.DefaultMemoryManager] 841566208 physical memory requested, 675823616 free
2025-10-19T16:50:05.873-0500 [DEBUG] [org.gradle.workers.internal.WorkerDaemonExpiration] Will attempt to release 802 of memory
2025-10-19T16:50:05.873-0500 [DEBUG] [org.gradle.process.internal.health.memory.DefaultMemoryManager] 841566208 physical memory requested, 0 released, 675823616 free
2025-10-19T16:50:10.861-0500 [DEBUG] [org.gradle.process.internal.health.memory.DefaultMemoryManager] 841566208 physical memory requested, 664379392 free
2025-10-19T16:50:10.862-0500 [DEBUG] [org.gradle.workers.internal.WorkerDaemonExpiration] Will attempt to release 802 of memory
2025-10-19T16:50:10.862-0500 [DEBUG] [org.gradle.process.internal.health.memory.DefaultMemoryManager] 841566208 physical memory requested, 0 released, 664379392 free
2025-10-19T16:50:14.841-0500 [DEBUG] [org.gradle.cache.internal.DefaultFileLockManager] Waiting to acquire shared lock on daemon addresses registry.
2025-10-19T16:50:14.842-0500 [DEBUG] [org.gradle.cache.internal.DefaultFileLockManager] Lock acquired on daemon addresses registry.
2025-10-19T16:50:14.842-0500 [DEBUG] [org.gradle.cache.internal.DefaultFileLockManager] Releasing lock on daemon addresses registry.
2025-10-19T16:50:14.846-0500 [DEBUG] [org.gradle.cache.internal.DefaultFileLockManager] Waiting to acquire shared lock on daemon addresses registry.
2025-10-19T16:50:14.846-0500 [DEBUG] [org.gradle.cache.internal.DefaultFileLockManager] Lock acquired on daemon addresses registry.
2025-10-19T16:50:14.846-0500 [DEBUG] [org.gradle.cache.internal.DefaultFileLockManager] Releasing lock on daemon addresses registry.
2025-10-19T16:50:14.849-0500 [DEBUG] [org.gradle.cache.internal.DefaultFileLockManager] Waiting to acquire shared lock on daemon addresses registry.
2025-10-19T16:50:14.849-0500 [DEBUG] [org.gradle.cache.internal.DefaultFileLockManager] Lock acquired on daemon addresses registry.
2025-10-19T16:50:14.850-0500 [DEBUG] [org.gradle.cache.internal.DefaultFileLockManager] Releasing lock on daemon addresses registry.
2025-10-19T16:50:15.864-0500 [DEBUG] [org.gradle.process.internal.health.memory.DefaultMemoryManager] 841566208 physical memory requested, 663785472 free
2025-10-19T16:50:15.864-0500 [DEBUG] [org.gradle.workers.internal.WorkerDaemonExpiration] Will attempt to release 802 of memory
2025-10-19T16:50:15.864-0500 [DEBUG] [org.gradle.process.internal.health.memory.DefaultMemoryManager] 841566208 physical memory requested, 0 released, 663785472 free
2025-10-19T16:50:20.863-0500 [DEBUG] [org.gradle.process.internal.health.memory.DefaultMemoryManager] 841566208 physical memory requested, 637005824 free
2025-10-19T16:50:20.863-0500 [DEBUG] [org.gradle.workers.internal.WorkerDaemonExpiration] Will attempt to release 802 of memory
2025-10-19T16:50:20.863-0500 [DEBUG] [org.gradle.process.internal.health.memory.DefaultMemoryManager] 841566208 physical memory requested, 0 released, 637005824 free
2025-10-19T16:50:24.837-0500 [DEBUG] [org.gradle.cache.internal.DefaultFileLockManager] Waiting to acquire shared lock on daemon addresses registry.
2025-10-19T16:50:24.837-0500 [DEBUG] [org.gradle.cache.internal.DefaultFileLockManager] Lock acquired on daemon addresses registry.
2025-10-19T16:50:24.837-0500 [DEBUG] [org.gradle.cache.internal.DefaultFileLockManager] Releasing lock on daemon addresses registry.
2025-10-19T16:50:24.839-0500 [DEBUG] [org.gradle.cache.internal.DefaultFileLockManager] Waiting to acquire shared lock on daemon addresses registry.
2025-10-19T16:50:24.839-0500 [DEBUG] [org.gradle.cache.internal.DefaultFileLockManager] Lock acquired on daemon addresses registry.
2025-10-19T16:50:24.839-0500 [DEBUG] [org.gradle.cache.internal.DefaultFileLockManager] Releasing lock on daemon addresses registry.
2025-10-19T16:50:24.841-0500 [DEBUG] [org.gradle.cache.internal.DefaultFileLockManager] Waiting to acquire shared lock on daemon addresses registry.
2025-10-19T16:50:24.841-0500 [DEBUG] [org.gradle.cache.internal.DefaultFileLockManager] Lock acquired on daemon addresses registry.
2025-10-19T16:50:24.841-0500 [DEBUG] [org.gradle.cache.internal.DefaultFileLockManager] Releasing lock on daemon addresses registry.
2025-10-19T16:50:34.845-0500 [DEBUG] [org.gradle.cache.internal.DefaultFileLockManager] Waiting to acquire shared lock on daemon addresses registry.
2025-10-19T16:50:34.845-0500 [DEBUG] [org.gradle.cache.internal.DefaultFileLockManager] Lock acquired on daemon addresses registry.
2025-10-19T16:50:34.845-0500 [DEBUG] [org.gradle.cache.internal.DefaultFileLockManager] Releasing lock on daemon addresses registry.
2025-10-19T16:50:34.847-0500 [DEBUG] [org.gradle.cache.internal.DefaultFileLockManager] Waiting to acquire shared lock on daemon addresses registry.
2025-10-19T16:50:34.847-0500 [DEBUG] [org.gradle.cache.internal.DefaultFileLockManager] Lock acquired on daemon addresses registry.
2025-10-19T16:50:34.848-0500 [DEBUG] [org.gradle.cache.internal.DefaultFileLockManager] Releasing lock on daemon addresses registry.
2025-10-19T16:50:34.853-0500 [DEBUG] [org.gradle.cache.internal.DefaultFileLockManager] Waiting to acquire shared lock on daemon addresses registry.
2025-10-19T16:50:34.853-0500 [DEBUG] [org.gradle.cache.internal.DefaultFileLockManager] Lock acquired on daemon addresses registry.
2025-10-19T16:50:34.854-0500 [DEBUG] [org.gradle.cache.internal.DefaultFileLockManager] Releasing lock on daemon addresses registry.
2025-10-19T16:50:44.847-0500 [DEBUG] [org.gradle.cache.internal.DefaultFileLockManager] Waiting to acquire shared lock on daemon addresses registry.
2025-10-19T16:50:44.847-0500 [DEBUG] [org.gradle.cache.internal.DefaultFileLockManager] Lock acquired on daemon addresses registry.
2025-10-19T16:50:44.848-0500 [DEBUG] [org.gradle.cache.internal.DefaultFileLockManager] Releasing lock on daemon addresses registry.
2025-10-19T16:50:44.850-0500 [DEBUG] [org.gradle.cache.internal.DefaultFileLockManager] Waiting to acquire shared lock on daemon addresses registry.
2025-10-19T16:50:44.850-0500 [DEBUG] [org.gradle.cache.internal.DefaultFileLockManager] Lock acquired on daemon addresses registry.
2025-10-19T16:50:44.850-0500 [DEBUG] [org.gradle.cache.internal.DefaultFileLockManager] Releasing lock on daemon addresses registry.
2025-10-19T16:50:44.852-0500 [DEBUG] [org.gradle.cache.internal.DefaultFileLockManager] Waiting to acquire shared lock on daemon addresses registry.
2025-10-19T16:50:44.852-0500 [DEBUG] [org.gradle.cache.internal.DefaultFileLockManager] Lock acquired on daemon addresses registry.
2025-10-19T16:50:44.852-0500 [DEBUG] [org.gradle.cache.internal.DefaultFileLockManager] Releasing lock on daemon addresses registry.
2025-10-19T16:50:54.839-0500 [DEBUG] [org.gradle.cache.internal.DefaultFileLockManager] Waiting to acquire shared lock on daemon addresses registry.
2025-10-19T16:50:54.839-0500 [DEBUG] [org.gradle.cache.internal.DefaultFileLockManager] Lock acquired on daemon addresses registry.
2025-10-19T16:50:54.841-0500 [DEBUG] [org.gradle.cache.internal.DefaultFileLockManager] Releasing lock on daemon addresses registry.
2025-10-19T16:50:54.843-0500 [DEBUG] [org.gradle.cache.internal.DefaultFileLockManager] Waiting to acquire shared lock on daemon addresses registry.
2025-10-19T16:50:54.843-0500 [DEBUG] [org.gradle.cache.internal.DefaultFileLockManager] Lock acquired on daemon addresses registry.
2025-10-19T16:50:54.844-0500 [DEBUG] [org.gradle.cache.internal.DefaultFileLockManager] Releasing lock on daemon addresses registry.
2025-10-19T16:50:54.846-0500 [DEBUG] [org.gradle.cache.internal.DefaultFileLockManager] Waiting to acquire shared lock on daemon addresses registry.
2025-10-19T16:50:54.846-0500 [DEBUG] [org.gradle.cache.internal.DefaultFileLockManager] Lock acquired on daemon addresses registry.
2025-10-19T16:50:54.846-0500 [DEBUG] [org.gradle.cache.internal.DefaultFileLockManager] Releasing lock on daemon addresses registry.
2025-10-19T16:50:55.856-0500 [DEBUG] [org.gradle.process.internal.health.memory.DefaultMemoryManager] 841566208 physical memory requested, 691486720 free
2025-10-19T16:50:55.856-0500 [DEBUG] [org.gradle.workers.internal.WorkerDaemonExpiration] Will attempt to release 802 of memory
2025-10-19T16:50:55.856-0500 [DEBUG] [org.gradle.process.internal.health.memory.DefaultMemoryManager] 841566208 physical memory requested, 0 released, 691486720 free
2025-10-19T16:51:00.859-0500 [DEBUG] [org.gradle.process.internal.health.memory.DefaultMemoryManager] 841566208 physical memory requested, 683823104 free
2025-10-19T16:51:00.860-0500 [DEBUG] [org.gradle.workers.internal.WorkerDaemonExpiration] Will attempt to release 802 of memory
2025-10-19T16:51:00.861-0500 [DEBUG] [org.gradle.process.internal.health.memory.DefaultMemoryManager] 841566208 physical memory requested, 0 released, 683823104 free
2025-10-19T16:51:04.842-0500 [DEBUG] [org.gradle.cache.internal.DefaultFileLockManager] Waiting to acquire shared lock on daemon addresses registry.
2025-10-19T16:51:04.842-0500 [DEBUG] [org.gradle.cache.internal.DefaultFileLockManager] Lock acquired on daemon addresses registry.
2025-10-19T16:51:04.842-0500 [DEBUG] [org.gradle.cache.internal.DefaultFileLockManager] Releasing lock on daemon addresses registry.
2025-10-19T16:51:04.843-0500 [DEBUG] [org.gradle.cache.internal.DefaultFileLockManager] Waiting to acquire shared lock on daemon addresses registry.
2025-10-19T16:51:04.843-0500 [DEBUG] [org.gradle.cache.internal.DefaultFileLockManager] Lock acquired on daemon addresses registry.
2025-10-19T16:51:04.844-0500 [DEBUG] [org.gradle.cache.internal.DefaultFileLockManager] Releasing lock on daemon addresses registry.
2025-10-19T16:51:04.845-0500 [DEBUG] [org.gradle.cache.internal.DefaultFileLockManager] Waiting to acquire shared lock on daemon addresses registry.
2025-10-19T16:51:04.845-0500 [DEBUG] [org.gradle.cache.internal.DefaultFileLockManager] Lock acquired on daemon addresses registry.
2025-10-19T16:51:04.845-0500 [DEBUG] [org.gradle.cache.internal.DefaultFileLockManager] Releasing lock on daemon addresses registry.
2025-10-19T16:51:05.856-0500 [DEBUG] [org.gradle.process.internal.health.memory.DefaultMemoryManager] 841566208 physical memory requested, 697208832 free
2025-10-19T16:51:05.856-0500 [DEBUG] [org.gradle.workers.internal.WorkerDaemonExpiration] Will attempt to release 802 of memory
2025-10-19T16:51:05.857-0500 [DEBUG] [org.gradle.process.internal.health.memory.DefaultMemoryManager] 841566208 physical memory requested, 0 released, 697208832 free
2025-10-19T16:51:10.869-0500 [DEBUG] [org.gradle.process.internal.health.memory.DefaultMemoryManager] 841566208 physical memory requested, 677969920 free
2025-10-19T16:51:10.869-0500 [DEBUG] [org.gradle.workers.internal.WorkerDaemonExpiration] Will attempt to release 802 of memory
2025-10-19T16:51:10.869-0500 [DEBUG] [org.gradle.process.internal.health.memory.DefaultMemoryManager] 841566208 physical memory requested, 0 released, 677969920 free
2025-10-19T16:51:14.846-0500 [DEBUG] [org.gradle.cache.internal.DefaultFileLockManager] Waiting to acquire shared lock on daemon addresses registry.
2025-10-19T16:51:14.847-0500 [DEBUG] [org.gradle.cache.internal.DefaultFileLockManager] Lock acquired on daemon addresses registry.
2025-10-19T16:51:14.848-0500 [DEBUG] [org.gradle.cache.internal.DefaultFileLockManager] Releasing lock on daemon addresses registry.
2025-10-19T16:51:14.852-0500 [DEBUG] [org.gradle.cache.internal.DefaultFileLockManager] Waiting to acquire shared lock on daemon addresses registry.
2025-10-19T16:51:14.852-0500 [DEBUG] [org.gradle.cache.internal.DefaultFileLockManager] Lock acquired on daemon addresses registry.
2025-10-19T16:51:14.853-0500 [DEBUG] [org.gradle.cache.internal.DefaultFileLockManager] Releasing lock on daemon addresses registry.
2025-10-19T16:51:14.857-0500 [DEBUG] [org.gradle.cache.internal.DefaultFileLockManager] Waiting to acquire shared lock on daemon addresses registry.
2025-10-19T16:51:14.857-0500 [DEBUG] [org.gradle.cache.internal.DefaultFileLockManager] Lock acquired on daemon addresses registry.
2025-10-19T16:51:14.858-0500 [DEBUG] [org.gradle.cache.internal.DefaultFileLockManager] Releasing lock on daemon addresses registry.
2025-10-19T16:51:15.861-0500 [DEBUG] [org.gradle.process.internal.health.memory.DefaultMemoryManager] 841566208 physical memory requested, 530370560 free
2025-10-19T16:51:15.861-0500 [DEBUG] [org.gradle.workers.internal.WorkerDaemonExpiration] Will attempt to release 802 of memory
2025-10-19T16:51:15.861-0500 [DEBUG] [org.gradle.process.internal.health.memory.DefaultMemoryManager] 841566208 physical memory requested, 0 released, 530370560 free
2025-10-19T16:51:20.882-0500 [DEBUG] [org.gradle.process.internal.health.memory.DefaultMemoryManager] 841566208 physical memory requested, 519950336 free
2025-10-19T16:51:20.887-0500 [DEBUG] [org.gradle.workers.internal.WorkerDaemonExpiration] Will attempt to release 802 of memory
2025-10-19T16:51:20.888-0500 [DEBUG] [org.gradle.process.internal.health.memory.DefaultMemoryManager] 841566208 physical memory requested, 0 released, 519950336 free
2025-10-19T16:51:24.854-0500 [DEBUG] [org.gradle.cache.internal.DefaultFileLockManager] Waiting to acquire shared lock on daemon addresses registry.
2025-10-19T16:51:24.854-0500 [DEBUG] [org.gradle.cache.internal.DefaultFileLockManager] Lock acquired on daemon addresses registry.
2025-10-19T16:51:24.855-0500 [DEBUG] [org.gradle.cache.internal.DefaultFileLockManager] Releasing lock on daemon addresses registry.
2025-10-19T16:51:24.856-0500 [DEBUG] [org.gradle.cache.internal.DefaultFileLockManager] Waiting to acquire shared lock on daemon addresses registry.
2025-10-19T16:51:24.857-0500 [DEBUG] [org.gradle.cache.internal.DefaultFileLockManager] Lock acquired on daemon addresses registry.
2025-10-19T16:51:24.858-0500 [DEBUG] [org.gradle.cache.internal.DefaultFileLockManager] Releasing lock on daemon addresses registry.
2025-10-19T16:51:24.860-0500 [DEBUG] [org.gradle.cache.internal.DefaultFileLockManager] Waiting to acquire shared lock on daemon addresses registry.
2025-10-19T16:51:24.861-0500 [DEBUG] [org.gradle.cache.internal.DefaultFileLockManager] Lock acquired on daemon addresses registry.
2025-10-19T16:51:24.861-0500 [DEBUG] [org.gradle.cache.internal.DefaultFileLockManager] Releasing lock on daemon addresses registry.
2025-10-19T16:51:25.867-0500 [DEBUG] [org.gradle.process.internal.health.memory.DefaultMemoryManager] 841566208 physical memory requested, 512409600 free
2025-10-19T16:51:25.867-0500 [DEBUG] [org.gradle.workers.internal.WorkerDaemonExpiration] Will attempt to release 802 of memory
2025-10-19T16:51:25.868-0500 [DEBUG] [org.gradle.process.internal.health.memory.DefaultMemoryManager] 841566208 physical memory requested, 0 released, 512409600 free
2025-10-19T16:51:30.864-0500 [DEBUG] [org.gradle.process.internal.health.memory.DefaultMemoryManager] 841566208 physical memory requested, 508796928 free
2025-10-19T16:51:30.873-0500 [DEBUG] [org.gradle.workers.internal.WorkerDaemonExpiration] Will attempt to release 802 of memory
2025-10-19T16:51:30.873-0500 [DEBUG] [org.gradle.process.internal.health.memory.DefaultMemoryManager] 841566208 physical memory requested, 0 released, 508796928 free
2025-10-19T16:51:34.849-0500 [DEBUG] [org.gradle.cache.internal.DefaultFileLockManager] Waiting to acquire shared lock on daemon addresses registry.
2025-10-19T16:51:34.849-0500 [DEBUG] [org.gradle.cache.internal.DefaultFileLockManager] Lock acquired on daemon addresses registry.
2025-10-19T16:51:34.850-0500 [DEBUG] [org.gradle.cache.internal.DefaultFileLockManager] Releasing lock on daemon addresses registry.
2025-10-19T16:51:34.853-0500 [DEBUG] [org.gradle.cache.internal.DefaultFileLockManager] Waiting to acquire shared lock on daemon addresses registry.
2025-10-19T16:51:34.853-0500 [DEBUG] [org.gradle.cache.internal.DefaultFileLockManager] Lock acquired on daemon addresses registry.
2025-10-19T16:51:34.854-0500 [DEBUG] [org.gradle.cache.internal.DefaultFileLockManager] Releasing lock on daemon addresses registry.
2025-10-19T16:51:34.857-0500 [DEBUG] [org.gradle.cache.internal.DefaultFileLockManager] Waiting to acquire shared lock on daemon addresses registry.
2025-10-19T16:51:34.860-0500 [DEBUG] [org.gradle.cache.internal.DefaultFileLockManager] Lock acquired on daemon addresses registry.
2025-10-19T16:51:34.861-0500 [DEBUG] [org.gradle.cache.internal.DefaultFileLockManager] Releasing lock on daemon addresses registry.
2025-10-19T16:51:35.859-0500 [DEBUG] [org.gradle.process.internal.health.memory.DefaultMemoryManager] 841566208 physical memory requested, 508977152 free
2025-10-19T16:51:35.873-0500 [DEBUG] [org.gradle.workers.internal.WorkerDaemonExpiration] Will attempt to release 802 of memory
2025-10-19T16:51:35.873-0500 [DEBUG] [org.gradle.process.internal.health.memory.DefaultMemoryManager] 841566208 physical memory requested, 0 released, 508977152 free
2025-10-19T16:51:40.856-0500 [DEBUG] [org.gradle.process.internal.health.memory.DefaultMemoryManager] 841566208 physical memory requested, 495984640 free
2025-10-19T16:51:40.856-0500 [DEBUG] [org.gradle.workers.internal.WorkerDaemonExpiration] Will attempt to release 802 of memory
2025-10-19T16:51:40.857-0500 [DEBUG] [org.gradle.process.internal.health.memory.DefaultMemoryManager] 841566208 physical memory requested, 0 released, 495984640 free
2025-10-19T16:51:44.847-0500 [DEBUG] [org.gradle.cache.internal.DefaultFileLockManager] Waiting to acquire shared lock on daemon addresses registry.
2025-10-19T16:51:44.848-0500 [DEBUG] [org.gradle.cache.internal.DefaultFileLockManager] Lock acquired on daemon addresses registry.
2025-10-19T16:51:44.848-0500 [DEBUG] [org.gradle.cache.internal.DefaultFileLockManager] Releasing lock on daemon addresses registry.
2025-10-19T16:51:44.850-0500 [DEBUG] [org.gradle.cache.internal.DefaultFileLockManager] Waiting to acquire shared lock on daemon addresses registry.
2025-10-19T16:51:44.850-0500 [DEBUG] [org.gradle.cache.internal.DefaultFileLockManager] Lock acquired on daemon addresses registry.
2025-10-19T16:51:44.850-0500 [DEBUG] [org.gradle.cache.internal.DefaultFileLockManager] Releasing lock on daemon addresses registry.
2025-10-19T16:51:44.852-0500 [DEBUG] [org.gradle.cache.internal.DefaultFileLockManager] Waiting to acquire shared lock on daemon addresses registry.
2025-10-19T16:51:44.852-0500 [DEBUG] [org.gradle.cache.internal.DefaultFileLockManager] Lock acquired on daemon addresses registry.
2025-10-19T16:51:44.853-0500 [DEBUG] [org.gradle.cache.internal.DefaultFileLockManager] Releasing lock on daemon addresses registry.
2025-10-19T16:51:45.862-0500 [DEBUG] [org.gradle.process.internal.health.memory.DefaultMemoryManager] 841566208 physical memory requested, 483852288 free
2025-10-19T16:51:45.862-0500 [DEBUG] [org.gradle.workers.internal.WorkerDaemonExpiration] Will attempt to release 802 of memory
2025-10-19T16:51:45.863-0500 [DEBUG] [org.gradle.process.internal.health.memory.DefaultMemoryManager] 841566208 physical memory requested, 0 released, 483852288 free
2025-10-19T16:51:50.872-0500 [DEBUG] [org.gradle.process.internal.health.memory.DefaultMemoryManager] 841566208 physical memory requested, 478556160 free
2025-10-19T16:51:50.872-0500 [DEBUG] [org.gradle.workers.internal.WorkerDaemonExpiration] Will attempt to release 802 of memory
2025-10-19T16:51:50.873-0500 [DEBUG] [org.gradle.process.internal.health.memory.DefaultMemoryManager] 841566208 physical memory requested, 0 released, 478556160 free
2025-10-19T16:51:54.844-0500 [DEBUG] [org.gradle.cache.internal.DefaultFileLockManager] Waiting to acquire shared lock on daemon addresses registry.
2025-10-19T16:51:54.844-0500 [DEBUG] [org.gradle.cache.internal.DefaultFileLockManager] Lock acquired on daemon addresses registry.
2025-10-19T16:51:54.845-0500 [DEBUG] [org.gradle.cache.internal.DefaultFileLockManager] Releasing lock on daemon addresses registry.
2025-10-19T16:51:54.850-0500 [DEBUG] [org.gradle.cache.internal.DefaultFileLockManager] Waiting to acquire shared lock on daemon addresses registry.
2025-10-19T16:51:54.850-0500 [DEBUG] [org.gradle.cache.internal.DefaultFileLockManager] Lock acquired on daemon addresses registry.
2025-10-19T16:51:54.851-0500 [DEBUG] [org.gradle.cache.internal.DefaultFileLockManager] Releasing lock on daemon addresses registry.
2025-10-19T16:51:54.855-0500 [DEBUG] [org.gradle.cache.internal.DefaultFileLockManager] Waiting to acquire shared lock on daemon addresses registry.
2025-10-19T16:51:54.855-0500 [DEBUG] [org.gradle.cache.internal.DefaultFileLockManager] Lock acquired on daemon addresses registry.
2025-10-19T16:51:54.857-0500 [DEBUG] [org.gradle.cache.internal.DefaultFileLockManager] Releasing lock on daemon addresses registry.
2025-10-19T16:51:55.866-0500 [DEBUG] [org.gradle.process.internal.health.memory.DefaultMemoryManager] 841566208 physical memory requested, 512286720 free
2025-10-19T16:51:55.867-0500 [DEBUG] [org.gradle.workers.internal.WorkerDaemonExpiration] Will attempt to release 802 of memory
2025-10-19T16:51:55.867-0500 [DEBUG] [org.gradle.process.internal.health.memory.DefaultMemoryManager] 841566208 physical memory requested, 0 released, 512286720 free
2025-10-19T16:52:00.862-0500 [DEBUG] [org.gradle.process.internal.health.memory.DefaultMemoryManager] 841566208 physical memory requested, 476491776 free
2025-10-19T16:52:00.862-0500 [DEBUG] [org.gradle.workers.internal.WorkerDaemonExpiration] Will attempt to release 802 of memory
2025-10-19T16:52:00.862-0500 [DEBUG] [org.gradle.process.internal.health.memory.DefaultMemoryManager] 841566208 physical memory requested, 0 released, 476491776 free
2025-10-19T16:52:04.844-0500 [DEBUG] [org.gradle.cache.internal.DefaultFileLockManager] Waiting to acquire shared lock on daemon addresses registry.
2025-10-19T16:52:04.845-0500 [DEBUG] [org.gradle.cache.internal.DefaultFileLockManager] Lock acquired on daemon addresses registry.
2025-10-19T16:52:04.846-0500 [DEBUG] [org.gradle.cache.internal.DefaultFileLockManager] Releasing lock on daemon addresses registry.
2025-10-19T16:52:04.853-0500 [DEBUG] [org.gradle.cache.internal.DefaultFileLockManager] Waiting to acquire shared lock on daemon addresses registry.
2025-10-19T16:52:04.854-0500 [DEBUG] [org.gradle.cache.internal.DefaultFileLockManager] Lock acquired on daemon addresses registry.
2025-10-19T16:52:04.855-0500 [DEBUG] [org.gradle.cache.internal.DefaultFileLockManager] Releasing lock on daemon addresses registry.
2025-10-19T16:52:04.862-0500 [DEBUG] [org.gradle.cache.internal.DefaultFileLockManager] Waiting to acquire shared lock on daemon addresses registry.
2025-10-19T16:52:04.862-0500 [DEBUG] [org.gradle.cache.internal.DefaultFileLockManager] Lock acquired on daemon addresses registry.
2025-10-19T16:52:04.863-0500 [DEBUG] [org.gradle.cache.internal.DefaultFileLockManager] Releasing lock on daemon addresses registry.
2025-10-19T16:52:05.866-0500 [DEBUG] [org.gradle.process.internal.health.memory.DefaultMemoryManager] 841566208 physical memory requested, 439709696 free
2025-10-19T16:52:05.867-0500 [DEBUG] [org.gradle.workers.internal.WorkerDaemonExpiration] Will attempt to release 802 of memory
2025-10-19T16:52:05.867-0500 [DEBUG] [org.gradle.process.internal.health.memory.DefaultMemoryManager] 841566208 physical memory requested, 0 released, 439709696 free
2025-10-19T16:52:10.867-0500 [DEBUG] [org.gradle.process.internal.health.memory.DefaultMemoryManager] 841566208 physical memory requested, 444317696 free
2025-10-19T16:52:10.879-0500 [DEBUG] [org.gradle.workers.internal.WorkerDaemonExpiration] Will attempt to release 802 of memory
2025-10-19T16:52:10.879-0500 [DEBUG] [org.gradle.process.internal.health.memory.DefaultMemoryManager] 841566208 physical memory requested, 0 released, 444317696 free
2025-10-19T16:52:14.853-0500 [DEBUG] [org.gradle.cache.internal.DefaultFileLockManager] Waiting to acquire shared lock on daemon addresses registry.
2025-10-19T16:52:14.853-0500 [DEBUG] [org.gradle.cache.internal.DefaultFileLockManager] Lock acquired on daemon addresses registry.
2025-10-19T16:52:14.854-0500 [DEBUG] [org.gradle.cache.internal.DefaultFileLockManager] Releasing lock on daemon addresses registry.
2025-10-19T16:52:14.857-0500 [DEBUG] [org.gradle.cache.internal.DefaultFileLockManager] Waiting to acquire shared lock on daemon addresses registry.
2025-10-19T16:52:14.858-0500 [DEBUG] [org.gradle.cache.internal.DefaultFileLockManager] Lock acquired on daemon addresses registry.
2025-10-19T16:52:14.860-0500 [DEBUG] [org.gradle.cache.internal.DefaultFileLockManager] Releasing lock on daemon addresses registry.
2025-10-19T16:52:14.864-0500 [DEBUG] [org.gradle.cache.internal.DefaultFileLockManager] Waiting to acquire shared lock on daemon addresses registry.
2025-10-19T16:52:14.864-0500 [DEBUG] [org.gradle.cache.internal.DefaultFileLockManager] Lock acquired on daemon addresses registry.
2025-10-19T16:52:14.865-0500 [DEBUG] [org.gradle.cache.internal.DefaultFileLockManager] Releasing lock on daemon addresses registry.
2025-10-19T16:52:15.861-0500 [DEBUG] [org.gradle.process.internal.health.memory.DefaultMemoryManager] 841566208 physical memory requested, 432775168 free
2025-10-19T16:52:15.861-0500 [DEBUG] [org.gradle.workers.internal.WorkerDaemonExpiration] Will attempt to release 802 of memory
2025-10-19T16:52:15.861-0500 [DEBUG] [org.gradle.process.internal.health.memory.DefaultMemoryManager] 841566208 physical memory requested, 0 released, 432775168 free
2025-10-19T16:52:20.891-0500 [DEBUG] [org.gradle.process.internal.health.memory.DefaultMemoryManager] 841566208 physical memory requested, 438161408 free
2025-10-19T16:52:20.891-0500 [DEBUG] [org.gradle.workers.internal.WorkerDaemonExpiration] Will attempt to release 802 of memory
2025-10-19T16:52:20.891-0500 [DEBUG] [org.gradle.process.internal.health.memory.DefaultMemoryManager] 841566208 physical memory requested, 0 released, 438161408 free
2025-10-19T16:52:24.838-0500 [DEBUG] [org.gradle.cache.internal.DefaultFileLockManager] Waiting to acquire shared lock on daemon addresses registry.
2025-10-19T16:52:24.838-0500 [DEBUG] [org.gradle.cache.internal.DefaultFileLockManager] Lock acquired on daemon addresses registry.
2025-10-19T16:52:24.838-0500 [DEBUG] [org.gradle.cache.internal.DefaultFileLockManager] Releasing lock on daemon addresses registry.
2025-10-19T16:52:24.840-0500 [DEBUG] [org.gradle.cache.internal.DefaultFileLockManager] Waiting to acquire shared lock on daemon addresses registry.
2025-10-19T16:52:24.840-0500 [DEBUG] [org.gradle.cache.internal.DefaultFileLockManager] Lock acquired on daemon addresses registry.
2025-10-19T16:52:24.840-0500 [DEBUG] [org.gradle.cache.internal.DefaultFileLockManager] Releasing lock on daemon addresses registry.
2025-10-19T16:52:24.841-0500 [DEBUG] [org.gradle.cache.internal.DefaultFileLockManager] Waiting to acquire shared lock on daemon addresses registry.
2025-10-19T16:52:24.841-0500 [DEBUG] [org.gradle.cache.internal.DefaultFileLockManager] Lock acquired on daemon addresses registry.
2025-10-19T16:52:24.841-0500 [DEBUG] [org.gradle.cache.internal.DefaultFileLockManager] Releasing lock on daemon addresses registry.
2025-10-19T16:52:25.867-0500 [DEBUG] [org.gradle.process.internal.health.memory.DefaultMemoryManager] 841566208 physical memory requested, 761372672 free
2025-10-19T16:52:25.867-0500 [DEBUG] [org.gradle.workers.internal.WorkerDaemonExpiration] Will attempt to release 802 of memory
2025-10-19T16:52:25.874-0500 [DEBUG] [org.gradle.process.internal.health.memory.DefaultMemoryManager] 841566208 physical memory requested, 0 released, 761372672 free
2025-10-19T16:52:30.864-0500 [DEBUG] [org.gradle.process.internal.health.memory.DefaultMemoryManager] 841566208 physical memory requested, 702140416 free
2025-10-19T16:52:30.865-0500 [DEBUG] [org.gradle.workers.internal.WorkerDaemonExpiration] Will attempt to release 802 of memory
2025-10-19T16:52:30.865-0500 [DEBUG] [org.gradle.process.internal.health.memory.DefaultMemoryManager] 841566208 physical memory requested, 0 released, 702140416 free
2025-10-19T16:52:34.847-0500 [DEBUG] [org.gradle.cache.internal.DefaultFileLockManager] Waiting to acquire shared lock on daemon addresses registry.
2025-10-19T16:52:34.847-0500 [DEBUG] [org.gradle.cache.internal.DefaultFileLockManager] Lock acquired on daemon addresses registry.
2025-10-19T16:52:34.848-0500 [DEBUG] [org.gradle.cache.internal.DefaultFileLockManager] Releasing lock on daemon addresses registry.
2025-10-19T16:52:34.851-0500 [DEBUG] [org.gradle.cache.internal.DefaultFileLockManager] Waiting to acquire shared lock on daemon addresses registry.
2025-10-19T16:52:34.852-0500 [DEBUG] [org.gradle.cache.internal.DefaultFileLockManager] Lock acquired on daemon addresses registry.
2025-10-19T16:52:34.852-0500 [DEBUG] [org.gradle.cache.internal.DefaultFileLockManager] Releasing lock on daemon addresses registry.
2025-10-19T16:52:34.855-0500 [DEBUG] [org.gradle.cache.internal.DefaultFileLockManager] Waiting to acquire shared lock on daemon addresses registry.
2025-10-19T16:52:34.855-0500 [DEBUG] [org.gradle.cache.internal.DefaultFileLockManager] Lock acquired on daemon addresses registry.
2025-10-19T16:52:34.855-0500 [DEBUG] [org.gradle.cache.internal.DefaultFileLockManager] Releasing lock on daemon addresses registry.
2025-10-19T16:52:35.859-0500 [DEBUG] [org.gradle.process.internal.health.memory.DefaultMemoryManager] 841566208 physical memory requested, 528252928 free
2025-10-19T16:52:35.859-0500 [DEBUG] [org.gradle.workers.internal.WorkerDaemonExpiration] Will attempt to release 802 of memory
2025-10-19T16:52:35.860-0500 [DEBUG] [org.gradle.process.internal.health.memory.DefaultMemoryManager] 841566208 physical memory requested, 0 released, 528252928 free
2025-10-19T16:52:40.855-0500 [DEBUG] [org.gradle.process.internal.health.memory.DefaultMemoryManager] 841566208 physical memory requested, 514170880 free
2025-10-19T16:52:40.855-0500 [DEBUG] [org.gradle.workers.internal.WorkerDaemonExpiration] Will attempt to release 802 of memory
2025-10-19T16:52:40.855-0500 [DEBUG] [org.gradle.process.internal.health.memory.DefaultMemoryManager] 841566208 physical memory requested, 0 released, 514170880 free
2025-10-19T16:52:44.838-0500 [DEBUG] [org.gradle.cache.internal.DefaultFileLockManager] Waiting to acquire shared lock on daemon addresses registry.
2025-10-19T16:52:44.838-0500 [DEBUG] [org.gradle.cache.internal.DefaultFileLockManager] Lock acquired on daemon addresses registry.
2025-10-19T16:52:44.838-0500 [DEBUG] [org.gradle.cache.internal.DefaultFileLockManager] Releasing lock on daemon addresses registry.
2025-10-19T16:52:44.840-0500 [DEBUG] [org.gradle.cache.internal.DefaultFileLockManager] Waiting to acquire shared lock on daemon addresses registry.
2025-10-19T16:52:44.840-0500 [DEBUG] [org.gradle.cache.internal.DefaultFileLockManager] Lock acquired on daemon addresses registry.
2025-10-19T16:52:44.840-0500 [DEBUG] [org.gradle.cache.internal.DefaultFileLockManager] Releasing lock on daemon addresses registry.
2025-10-19T16:52:44.842-0500 [DEBUG] [org.gradle.cache.internal.DefaultFileLockManager] Waiting to acquire shared lock on daemon addresses registry.
2025-10-19T16:52:44.842-0500 [DEBUG] [org.gradle.cache.internal.DefaultFileLockManager] Lock acquired on daemon addresses registry.
2025-10-19T16:52:44.842-0500 [DEBUG] [org.gradle.cache.internal.DefaultFileLockManager] Releasing lock on daemon addresses registry.
2025-10-19T16:52:45.865-0500 [DEBUG] [org.gradle.process.internal.health.memory.DefaultMemoryManager] 841566208 physical memory requested, 542228480 free
2025-10-19T16:52:45.865-0500 [DEBUG] [org.gradle.workers.internal.WorkerDaemonExpiration] Will attempt to release 802 of memory
2025-10-19T16:52:45.865-0500 [DEBUG] [org.gradle.process.internal.health.memory.DefaultMemoryManager] 841566208 physical memory requested, 0 released, 542228480 free
2025-10-19T16:52:50.866-0500 [DEBUG] [org.gradle.process.internal.health.memory.DefaultMemoryManager] 841566208 physical memory requested, 561967104 free
2025-10-19T16:52:50.866-0500 [DEBUG] [org.gradle.workers.internal.WorkerDaemonExpiration] Will attempt to release 802 of memory
2025-10-19T16:52:50.866-0500 [DEBUG] [org.gradle.process.internal.health.memory.DefaultMemoryManager] 841566208 physical memory requested, 0 released, 561967104 free
2025-10-19T16:52:54.850-0500 [DEBUG] [org.gradle.cache.internal.DefaultFileLockManager] Waiting to acquire shared lock on daemon addresses registry.
2025-10-19T16:52:54.850-0500 [DEBUG] [org.gradle.cache.internal.DefaultFileLockManager] Lock acquired on daemon addresses registry.
2025-10-19T16:52:54.850-0500 [DEBUG] [org.gradle.cache.internal.DefaultFileLockManager] Releasing lock on daemon addresses registry.
2025-10-19T16:52:54.852-0500 [DEBUG] [org.gradle.cache.internal.DefaultFileLockManager] Waiting to acquire shared lock on daemon addresses registry.
2025-10-19T16:52:54.852-0500 [DEBUG] [org.gradle.cache.internal.DefaultFileLockManager] Lock acquired on daemon addresses registry.
2025-10-19T16:52:54.859-0500 [DEBUG] [org.gradle.cache.internal.DefaultFileLockManager] Releasing lock on daemon addresses registry.
2025-10-19T16:52:54.860-0500 [DEBUG] [org.gradle.cache.internal.DefaultFileLockManager] Waiting to acquire shared lock on daemon addresses registry.
2025-10-19T16:52:54.860-0500 [DEBUG] [org.gradle.cache.internal.DefaultFileLockManager] Lock acquired on daemon addresses registry.
2025-10-19T16:52:54.860-0500 [DEBUG] [org.gradle.cache.internal.DefaultFileLockManager] Releasing lock on daemon addresses registry.
2025-10-19T16:52:55.866-0500 [DEBUG] [org.gradle.process.internal.health.memory.DefaultMemoryManager] 841566208 physical memory requested, 571568128 free
2025-10-19T16:52:55.866-0500 [DEBUG] [org.gradle.workers.internal.WorkerDaemonExpiration] Will attempt to release 802 of memory
2025-10-19T16:52:55.866-0500 [DEBUG] [org.gradle.process.internal.health.memory.DefaultMemoryManager] 841566208 physical memory requested, 0 released, 571568128 free
2025-10-19T16:53:00.869-0500 [DEBUG] [org.gradle.process.internal.health.memory.DefaultMemoryManager] 841566208 physical memory requested, 809435136 free
2025-10-19T16:53:00.869-0500 [DEBUG] [org.gradle.workers.internal.WorkerDaemonExpiration] Will attempt to release 802 of memory
2025-10-19T16:53:00.869-0500 [DEBUG] [org.gradle.process.internal.health.memory.DefaultMemoryManager] 841566208 physical memory requested, 0 released, 809435136 free
2025-10-19T16:53:04.841-0500 [DEBUG] [org.gradle.cache.internal.DefaultFileLockManager] Waiting to acquire shared lock on daemon addresses registry.
2025-10-19T16:53:04.841-0500 [DEBUG] [org.gradle.cache.internal.DefaultFileLockManager] Lock acquired on daemon addresses registry.
2025-10-19T16:53:04.841-0500 [DEBUG] [org.gradle.cache.internal.DefaultFileLockManager] Releasing lock on daemon addresses registry.
2025-10-19T16:53:04.844-0500 [DEBUG] [org.gradle.cache.internal.DefaultFileLockManager] Waiting to acquire shared lock on daemon addresses registry.
2025-10-19T16:53:04.844-0500 [DEBUG] [org.gradle.cache.internal.DefaultFileLockManager] Lock acquired on daemon addresses registry.
2025-10-19T16:53:04.844-0500 [DEBUG] [org.gradle.cache.internal.DefaultFileLockManager] Releasing lock on daemon addresses registry.
2025-10-19T16:53:04.846-0500 [DEBUG] [org.gradle.cache.internal.DefaultFileLockManager] Waiting to acquire shared lock on daemon addresses registry.
2025-10-19T16:53:04.846-0500 [DEBUG] [org.gradle.cache.internal.DefaultFileLockManager] Lock acquired on daemon addresses registry.
2025-10-19T16:53:04.846-0500 [DEBUG] [org.gradle.cache.internal.DefaultFileLockManager] Releasing lock on daemon addresses registry.
2025-10-19T16:53:14.844-0500 [DEBUG] [org.gradle.cache.internal.DefaultFileLockManager] Waiting to acquire shared lock on daemon addresses registry.
2025-10-19T16:53:14.844-0500 [DEBUG] [org.gradle.cache.internal.DefaultFileLockManager] Lock acquired on daemon addresses registry.
2025-10-19T16:53:14.846-0500 [DEBUG] [org.gradle.cache.internal.DefaultFileLockManager] Releasing lock on daemon addresses registry.
2025-10-19T16:53:14.849-0500 [DEBUG] [org.gradle.cache.internal.DefaultFileLockManager] Waiting to acquire shared lock on daemon addresses registry.
2025-10-19T16:53:14.849-0500 [DEBUG] [org.gradle.cache.internal.DefaultFileLockManager] Lock acquired on daemon addresses registry.
2025-10-19T16:53:14.849-0500 [DEBUG] [org.gradle.cache.internal.DefaultFileLockManager] Releasing lock on daemon addresses registry.
2025-10-19T16:53:14.850-0500 [DEBUG] [org.gradle.cache.internal.DefaultFileLockManager] Waiting to acquire shared lock on daemon addresses registry.
2025-10-19T16:53:14.850-0500 [DEBUG] [org.gradle.cache.internal.DefaultFileLockManager] Lock acquired on daemon addresses registry.
2025-10-19T16:53:14.851-0500 [DEBUG] [org.gradle.cache.internal.DefaultFileLockManager] Releasing lock on daemon addresses registry.
2025-10-19T16:53:24.840-0500 [DEBUG] [org.gradle.cache.internal.DefaultFileLockManager] Waiting to acquire shared lock on daemon addresses registry.
2025-10-19T16:53:24.840-0500 [DEBUG] [org.gradle.cache.internal.DefaultFileLockManager] Lock acquired on daemon addresses registry.
2025-10-19T16:53:24.841-0500 [DEBUG] [org.gradle.cache.internal.DefaultFileLockManager] Releasing lock on daemon addresses registry.
2025-10-19T16:53:24.844-0500 [DEBUG] [org.gradle.cache.internal.DefaultFileLockManager] Waiting to acquire shared lock on daemon addresses registry.
2025-10-19T16:53:24.846-0500 [DEBUG] [org.gradle.cache.internal.DefaultFileLockManager] Lock acquired on daemon addresses registry.
2025-10-19T16:53:24.847-0500 [DEBUG] [org.gradle.cache.internal.DefaultFileLockManager] Releasing lock on daemon addresses registry.
2025-10-19T16:53:24.849-0500 [DEBUG] [org.gradle.cache.internal.DefaultFileLockManager] Waiting to acquire shared lock on daemon addresses registry.
2025-10-19T16:53:24.849-0500 [DEBUG] [org.gradle.cache.internal.DefaultFileLockManager] Lock acquired on daemon addresses registry.
2025-10-19T16:53:24.850-0500 [DEBUG] [org.gradle.cache.internal.DefaultFileLockManager] Releasing lock on daemon addresses registry.
2025-10-19T16:53:34.843-0500 [DEBUG] [org.gradle.cache.internal.DefaultFileLockManager] Waiting to acquire shared lock on daemon addresses registry.
2025-10-19T16:53:34.844-0500 [DEBUG] [org.gradle.cache.internal.DefaultFileLockManager] Lock acquired on daemon addresses registry.
2025-10-19T16:53:34.845-0500 [DEBUG] [org.gradle.cache.internal.DefaultFileLockManager] Releasing lock on daemon addresses registry.
2025-10-19T16:53:34.848-0500 [DEBUG] [org.gradle.cache.internal.DefaultFileLockManager] Waiting to acquire shared lock on daemon addresses registry.
2025-10-19T16:53:34.848-0500 [DEBUG] [org.gradle.cache.internal.DefaultFileLockManager] Lock acquired on daemon addresses registry.
2025-10-19T16:53:34.849-0500 [DEBUG] [org.gradle.cache.internal.DefaultFileLockManager] Releasing lock on daemon addresses registry.
2025-10-19T16:53:34.851-0500 [DEBUG] [org.gradle.cache.internal.DefaultFileLockManager] Waiting to acquire shared lock on daemon addresses registry.
2025-10-19T16:53:34.851-0500 [DEBUG] [org.gradle.cache.internal.DefaultFileLockManager] Lock acquired on daemon addresses registry.
2025-10-19T16:53:34.852-0500 [DEBUG] [org.gradle.cache.internal.DefaultFileLockManager] Releasing lock on daemon addresses registry.
2025-10-19T16:53:44.872-0500 [DEBUG] [org.gradle.cache.internal.DefaultFileLockManager] Waiting to acquire shared lock on daemon addresses registry.
2025-10-19T16:53:44.872-0500 [DEBUG] [org.gradle.cache.internal.DefaultFileLockManager] Lock acquired on daemon addresses registry.
2025-10-19T16:53:44.873-0500 [DEBUG] [org.gradle.cache.internal.DefaultFileLockManager] Releasing lock on daemon addresses registry.
2025-10-19T16:53:44.876-0500 [DEBUG] [org.gradle.cache.internal.DefaultFileLockManager] Waiting to acquire shared lock on daemon addresses registry.
2025-10-19T16:53:44.877-0500 [DEBUG] [org.gradle.cache.internal.DefaultFileLockManager] Lock acquired on daemon addresses registry.
2025-10-19T16:53:44.877-0500 [DEBUG] [org.gradle.cache.internal.DefaultFileLockManager] Releasing lock on daemon addresses registry.
2025-10-19T16:53:44.880-0500 [DEBUG] [org.gradle.cache.internal.DefaultFileLockManager] Waiting to acquire shared lock on daemon addresses registry.
2025-10-19T16:53:44.880-0500 [DEBUG] [org.gradle.cache.internal.DefaultFileLockManager] Lock acquired on daemon addresses registry.
2025-10-19T16:53:44.881-0500 [DEBUG] [org.gradle.cache.internal.DefaultFileLockManager] Releasing lock on daemon addresses registry.
2025-10-19T16:53:54.841-0500 [DEBUG] [org.gradle.cache.internal.DefaultFileLockManager] Waiting to acquire shared lock on daemon addresses registry.
2025-10-19T16:53:54.841-0500 [DEBUG] [org.gradle.cache.internal.DefaultFileLockManager] Lock acquired on daemon addresses registry.
2025-10-19T16:53:54.842-0500 [DEBUG] [org.gradle.cache.internal.DefaultFileLockManager] Releasing lock on daemon addresses registry.
2025-10-19T16:53:54.843-0500 [DEBUG] [org.gradle.cache.internal.DefaultFileLockManager] Waiting to acquire shared lock on daemon addresses registry.
2025-10-19T16:53:54.843-0500 [DEBUG] [org.gradle.cache.internal.DefaultFileLockManager] Lock acquired on daemon addresses registry.
2025-10-19T16:53:54.844-0500 [DEBUG] [org.gradle.cache.internal.DefaultFileLockManager] Releasing lock on daemon addresses registry.
2025-10-19T16:53:54.845-0500 [DEBUG] [org.gradle.cache.internal.DefaultFileLockManager] Waiting to acquire shared lock on daemon addresses registry.
2025-10-19T16:53:54.846-0500 [DEBUG] [org.gradle.cache.internal.DefaultFileLockManager] Lock acquired on daemon addresses registry.
2025-10-19T16:53:54.847-0500 [DEBUG] [org.gradle.cache.internal.DefaultFileLockManager] Releasing lock on daemon addresses registry.
2025-10-19T16:54:04.850-0500 [DEBUG] [org.gradle.cache.internal.DefaultFileLockManager] Waiting to acquire shared lock on daemon addresses registry.
2025-10-19T16:54:04.851-0500 [DEBUG] [org.gradle.cache.internal.DefaultFileLockManager] Lock acquired on daemon addresses registry.
2025-10-19T16:54:04.851-0500 [DEBUG] [org.gradle.cache.internal.DefaultFileLockManager] Releasing lock on daemon addresses registry.
2025-10-19T16:54:04.854-0500 [DEBUG] [org.gradle.cache.internal.DefaultFileLockManager] Waiting to acquire shared lock on daemon addresses registry.
2025-10-19T16:54:04.855-0500 [DEBUG] [org.gradle.cache.internal.DefaultFileLockManager] Lock acquired on daemon addresses registry.
2025-10-19T16:54:04.856-0500 [DEBUG] [org.gradle.cache.internal.DefaultFileLockManager] Releasing lock on daemon addresses registry.
2025-10-19T16:54:04.857-0500 [DEBUG] [org.gradle.cache.internal.DefaultFileLockManager] Waiting to acquire shared lock on daemon addresses registry.
2025-10-19T16:54:04.858-0500 [DEBUG] [org.gradle.cache.internal.DefaultFileLockManager] Lock acquired on daemon addresses registry.
2025-10-19T16:54:04.858-0500 [DEBUG] [org.gradle.cache.internal.DefaultFileLockManager] Releasing lock on daemon addresses registry.
2025-10-19T16:54:14.851-0500 [DEBUG] [org.gradle.cache.internal.DefaultFileLockManager] Waiting to acquire shared lock on daemon addresses registry.
2025-10-19T16:54:14.852-0500 [DEBUG] [org.gradle.cache.internal.DefaultFileLockManager] Lock acquired on daemon addresses registry.
2025-10-19T16:54:14.853-0500 [DEBUG] [org.gradle.cache.internal.DefaultFileLockManager] Releasing lock on daemon addresses registry.
2025-10-19T16:54:14.857-0500 [DEBUG] [org.gradle.cache.internal.DefaultFileLockManager] Waiting to acquire shared lock on daemon addresses registry.
2025-10-19T16:54:14.868-0500 [DEBUG] [org.gradle.cache.internal.DefaultFileLockManager] Lock acquired on daemon addresses registry.
2025-10-19T16:54:14.869-0500 [DEBUG] [org.gradle.cache.internal.DefaultFileLockManager] Releasing lock on daemon addresses registry.
2025-10-19T16:54:14.871-0500 [DEBUG] [org.gradle.cache.internal.DefaultFileLockManager] Waiting to acquire shared lock on daemon addresses registry.
2025-10-19T16:54:14.872-0500 [DEBUG] [org.gradle.cache.internal.DefaultFileLockManager] Lock acquired on daemon addresses registry.
2025-10-19T16:54:14.872-0500 [DEBUG] [org.gradle.cache.internal.DefaultFileLockManager] Releasing lock on daemon addresses registry.
2025-10-19T16:54:24.862-0500 [DEBUG] [org.gradle.cache.internal.DefaultFileLockManager] Waiting to acquire shared lock on daemon addresses registry.
2025-10-19T16:54:24.863-0500 [DEBUG] [org.gradle.cache.internal.DefaultFileLockManager] Lock acquired on daemon addresses registry.
2025-10-19T16:54:24.864-0500 [DEBUG] [org.gradle.cache.internal.DefaultFileLockManager] Releasing lock on daemon addresses registry.
2025-10-19T16:54:24.868-0500 [DEBUG] [org.gradle.cache.internal.DefaultFileLockManager] Waiting to acquire shared lock on daemon addresses registry.
2025-10-19T16:54:24.868-0500 [DEBUG] [org.gradle.cache.internal.DefaultFileLockManager] Lock acquired on daemon addresses registry.
2025-10-19T16:54:24.869-0500 [DEBUG] [org.gradle.cache.internal.DefaultFileLockManager] Releasing lock on daemon addresses registry.
2025-10-19T16:54:24.873-0500 [DEBUG] [org.gradle.cache.internal.DefaultFileLockManager] Waiting to acquire shared lock on daemon addresses registry.
2025-10-19T16:54:24.874-0500 [DEBUG] [org.gradle.cache.internal.DefaultFileLockManager] Lock acquired on daemon addresses registry.
2025-10-19T16:54:24.874-0500 [DEBUG] [org.gradle.cache.internal.DefaultFileLockManager] Releasing lock on daemon addresses registry.
2025-10-19T16:54:25.878-0500 [DEBUG] [org.gradle.process.internal.health.memory.DefaultMemoryManager] 841566208 physical memory requested, 803909632 free
2025-10-19T16:54:25.886-0500 [DEBUG] [org.gradle.workers.internal.WorkerDaemonExpiration] Will attempt to release 802 of memory
2025-10-19T16:54:25.886-0500 [DEBUG] [org.gradle.process.internal.health.memory.DefaultMemoryManager] 841566208 physical memory requested, 0 released, 803909632 free
2025-10-19T16:54:30.860-0500 [DEBUG] [org.gradle.process.internal.health.memory.DefaultMemoryManager] 841566208 physical memory requested, 803508224 free
2025-10-19T16:54:30.861-0500 [DEBUG] [org.gradle.workers.internal.WorkerDaemonExpiration] Will attempt to release 802 of memory
2025-10-19T16:54:30.861-0500 [DEBUG] [org.gradle.process.internal.health.memory.DefaultMemoryManager] 841566208 physical memory requested, 0 released, 803508224 free
2025-10-19T16:54:34.873-0500 [DEBUG] [org.gradle.cache.internal.DefaultFileLockManager] Waiting to acquire shared lock on daemon addresses registry.
2025-10-19T16:54:34.874-0500 [DEBUG] [org.gradle.cache.internal.DefaultFileLockManager] Lock acquired on daemon addresses registry.
2025-10-19T16:54:34.875-0500 [DEBUG] [org.gradle.cache.internal.DefaultFileLockManager] Releasing lock on daemon addresses registry.
2025-10-19T16:54:34.876-0500 [DEBUG] [org.gradle.cache.internal.DefaultFileLockManager] Waiting to acquire shared lock on daemon addresses registry.
2025-10-19T16:54:34.876-0500 [DEBUG] [org.gradle.cache.internal.DefaultFileLockManager] Lock acquired on daemon addresses registry.
2025-10-19T16:54:34.877-0500 [DEBUG] [org.gradle.cache.internal.DefaultFileLockManager] Releasing lock on daemon addresses registry.
2025-10-19T16:54:34.878-0500 [DEBUG] [org.gradle.cache.internal.DefaultFileLockManager] Waiting to acquire shared lock on daemon addresses registry.
2025-10-19T16:54:34.878-0500 [DEBUG] [org.gradle.cache.internal.DefaultFileLockManager] Lock acquired on daemon addresses registry.
2025-10-19T16:54:34.879-0500 [DEBUG] [org.gradle.cache.internal.DefaultFileLockManager] Releasing lock on daemon addresses registry.
2025-10-19T16:54:35.857-0500 [DEBUG] [org.gradle.process.internal.health.memory.DefaultMemoryManager] 841566208 physical memory requested, 787038208 free
2025-10-19T16:54:35.859-0500 [DEBUG] [org.gradle.workers.internal.WorkerDaemonExpiration] Will attempt to release 802 of memory
2025-10-19T16:54:35.859-0500 [DEBUG] [org.gradle.process.internal.health.memory.DefaultMemoryManager] 841566208 physical memory requested, 0 released, 787038208 free
2025-10-19T16:54:40.870-0500 [DEBUG] [org.gradle.process.internal.health.memory.DefaultMemoryManager] 841566208 physical memory requested, 786956288 free
2025-10-19T16:54:40.870-0500 [DEBUG] [org.gradle.workers.internal.WorkerDaemonExpiration] Will attempt to release 802 of memory
2025-10-19T16:54:40.870-0500 [DEBUG] [org.gradle.process.internal.health.memory.DefaultMemoryManager] 841566208 physical memory requested, 0 released, 786956288 free
2025-10-19T16:54:44.845-0500 [DEBUG] [org.gradle.cache.internal.DefaultFileLockManager] Waiting to acquire shared lock on daemon addresses registry.
2025-10-19T16:54:44.845-0500 [DEBUG] [org.gradle.cache.internal.DefaultFileLockManager] Lock acquired on daemon addresses registry.
2025-10-19T16:54:44.846-0500 [DEBUG] [org.gradle.cache.internal.DefaultFileLockManager] Releasing lock on daemon addresses registry.
2025-10-19T16:54:44.849-0500 [DEBUG] [org.gradle.cache.internal.DefaultFileLockManager] Waiting to acquire shared lock on daemon addresses registry.
2025-10-19T16:54:44.849-0500 [DEBUG] [org.gradle.cache.internal.DefaultFileLockManager] Lock acquired on daemon addresses registry.
2025-10-19T16:54:44.850-0500 [DEBUG] [org.gradle.cache.internal.DefaultFileLockManager] Releasing lock on daemon addresses registry.
2025-10-19T16:54:44.852-0500 [DEBUG] [org.gradle.cache.internal.DefaultFileLockManager] Waiting to acquire shared lock on daemon addresses registry.
2025-10-19T16:54:44.853-0500 [DEBUG] [org.gradle.cache.internal.DefaultFileLockManager] Lock acquired on daemon addresses registry.
2025-10-19T16:54:44.854-0500 [DEBUG] [org.gradle.cache.internal.DefaultFileLockManager] Releasing lock on daemon addresses registry.
2025-10-19T16:54:45.857-0500 [DEBUG] [org.gradle.process.internal.health.memory.DefaultMemoryManager] 841566208 physical memory requested, 507297792 free
2025-10-19T16:54:45.858-0500 [DEBUG] [org.gradle.workers.internal.WorkerDaemonExpiration] Will attempt to release 802 of memory
2025-10-19T16:54:45.858-0500 [DEBUG] [org.gradle.process.internal.health.memory.DefaultMemoryManager] 841566208 physical memory requested, 0 released, 507297792 free
2025-10-19T16:54:50.855-0500 [DEBUG] [org.gradle.process.internal.health.memory.DefaultMemoryManager] 841566208 physical memory requested, 824258560 free
2025-10-19T16:54:50.855-0500 [DEBUG] [org.gradle.workers.internal.WorkerDaemonExpiration] Will attempt to release 802 of memory
2025-10-19T16:54:50.855-0500 [DEBUG] [org.gradle.process.internal.health.memory.DefaultMemoryManager] 841566208 physical memory requested, 0 released, 824258560 free
2025-10-19T16:54:54.848-0500 [DEBUG] [org.gradle.cache.internal.DefaultFileLockManager] Waiting to acquire shared lock on daemon addresses registry.
2025-10-19T16:54:54.849-0500 [DEBUG] [org.gradle.cache.internal.DefaultFileLockManager] Lock acquired on daemon addresses registry.
2025-10-19T16:54:54.860-0500 [DEBUG] [org.gradle.cache.internal.DefaultFileLockManager] Releasing lock on daemon addresses registry.
2025-10-19T16:54:54.869-0500 [DEBUG] [org.gradle.cache.internal.DefaultFileLockManager] Waiting to acquire shared lock on daemon addresses registry.
2025-10-19T16:54:54.870-0500 [DEBUG] [org.gradle.cache.internal.DefaultFileLockManager] Lock acquired on daemon addresses registry.
2025-10-19T16:54:54.870-0500 [DEBUG] [org.gradle.cache.internal.DefaultFileLockManager] Releasing lock on daemon addresses registry.
2025-10-19T16:54:54.878-0500 [DEBUG] [org.gradle.cache.internal.DefaultFileLockManager] Waiting to acquire shared lock on daemon addresses registry.
2025-10-19T16:54:54.878-0500 [DEBUG] [org.gradle.cache.internal.DefaultFileLockManager] Lock acquired on daemon addresses registry.
2025-10-19T16:54:54.879-0500 [DEBUG] [org.gradle.cache.internal.DefaultFileLockManager] Releasing lock on daemon addresses registry.
2025-10-19T16:54:55.858-0500 [DEBUG] [org.gradle.process.internal.health.memory.DefaultMemoryManager] 841566208 physical memory requested, 736915456 free
2025-10-19T16:54:55.865-0500 [DEBUG] [org.gradle.workers.internal.WorkerDaemonExpiration] Will attempt to release 802 of memory
2025-10-19T16:54:55.866-0500 [DEBUG] [org.gradle.process.internal.health.memory.DefaultMemoryManager] 841566208 physical memory requested, 0 released, 736915456 free
2025-10-19T16:54:55.866-0500 [DEBUG] [org.gradle.process.internal.health.memory.DefaultMemoryManager] 1683132416 virtual memory requested, 1662664704 free
2025-10-19T16:54:55.866-0500 [DEBUG] [org.gradle.workers.internal.WorkerDaemonExpiration] Will attempt to release 1605 of memory
2025-10-19T16:54:55.866-0500 [DEBUG] [org.gradle.process.internal.health.memory.DefaultMemoryManager] 1683132416 virtual memory requested, 0 released, 1662664704 free
2025-10-19T16:55:00.856-0500 [DEBUG] [org.gradle.process.internal.health.memory.DefaultMemoryManager] 841566208 physical memory requested, 641118208 free
2025-10-19T16:55:00.856-0500 [DEBUG] [org.gradle.workers.internal.WorkerDaemonExpiration] Will attempt to release 802 of memory
2025-10-19T16:55:00.856-0500 [DEBUG] [org.gradle.process.internal.health.memory.DefaultMemoryManager] 841566208 physical memory requested, 0 released, 641118208 free
2025-10-19T16:55:00.856-0500 [DEBUG] [org.gradle.process.internal.health.memory.DefaultMemoryManager] 1683132416 virtual memory requested, 1544966144 free
2025-10-19T16:55:00.856-0500 [DEBUG] [org.gradle.workers.internal.WorkerDaemonExpiration] Will attempt to release 1605 of memory
2025-10-19T16:55:00.857-0500 [DEBUG] [org.gradle.process.internal.health.memory.DefaultMemoryManager] 1683132416 virtual memory requested, 0 released, 1544966144 free
2025-10-19T16:55:04.853-0500 [DEBUG] [org.gradle.cache.internal.DefaultFileLockManager] Waiting to acquire shared lock on daemon addresses registry.
2025-10-19T16:55:04.854-0500 [DEBUG] [org.gradle.cache.internal.DefaultFileLockManager] Lock acquired on daemon addresses registry.
2025-10-19T16:55:04.856-0500 [DEBUG] [org.gradle.cache.internal.DefaultFileLockManager] Releasing lock on daemon addresses registry.
2025-10-19T16:55:04.864-0500 [DEBUG] [org.gradle.cache.internal.DefaultFileLockManager] Waiting to acquire shared lock on daemon addresses registry.
2025-10-19T16:55:04.865-0500 [DEBUG] [org.gradle.cache.internal.DefaultFileLockManager] Lock acquired on daemon addresses registry.
2025-10-19T16:55:04.866-0500 [DEBUG] [org.gradle.cache.internal.DefaultFileLockManager] Releasing lock on daemon addresses registry.
2025-10-19T16:55:04.876-0500 [DEBUG] [org.gradle.cache.internal.DefaultFileLockManager] Waiting to acquire shared lock on daemon addresses registry.
2025-10-19T16:55:04.877-0500 [DEBUG] [org.gradle.cache.internal.DefaultFileLockManager] Lock acquired on daemon addresses registry.
2025-10-19T16:55:04.884-0500 [DEBUG] [org.gradle.cache.internal.DefaultFileLockManager] Releasing lock on daemon addresses registry.
2025-10-19T16:55:05.868-0500 [DEBUG] [org.gradle.process.internal.health.memory.DefaultMemoryManager] 841566208 physical memory requested, 631988224 free
2025-10-19T16:55:05.868-0500 [DEBUG] [org.gradle.workers.internal.WorkerDaemonExpiration] Will attempt to release 802 of memory
2025-10-19T16:55:05.868-0500 [DEBUG] [org.gradle.process.internal.health.memory.DefaultMemoryManager] 841566208 physical memory requested, 0 released, 631988224 free
2025-10-19T16:55:05.868-0500 [DEBUG] [org.gradle.process.internal.health.memory.DefaultMemoryManager] 1683132416 virtual memory requested, 1561960448 free
2025-10-19T16:55:05.868-0500 [DEBUG] [org.gradle.workers.internal.WorkerDaemonExpiration] Will attempt to release 1605 of memory
2025-10-19T16:55:05.868-0500 [DEBUG] [org.gradle.process.internal.health.memory.DefaultMemoryManager] 1683132416 virtual memory requested, 0 released, 1561960448 free
2025-10-19T16:55:10.856-0500 [DEBUG] [org.gradle.process.internal.health.memory.DefaultMemoryManager] 841566208 physical memory requested, 582492160 free
2025-10-19T16:55:10.856-0500 [DEBUG] [org.gradle.workers.internal.WorkerDaemonExpiration] Will attempt to release 802 of memory
2025-10-19T16:55:10.856-0500 [DEBUG] [org.gradle.process.internal.health.memory.DefaultMemoryManager] 841566208 physical memory requested, 0 released, 582492160 free
2025-10-19T16:55:10.857-0500 [DEBUG] [org.gradle.process.internal.health.memory.DefaultMemoryManager] 1683132416 virtual memory requested, 1309634560 free
2025-10-19T16:55:10.857-0500 [DEBUG] [org.gradle.workers.internal.WorkerDaemonExpiration] Will attempt to release 1605 of memory
2025-10-19T16:55:10.857-0500 [DEBUG] [org.gradle.process.internal.health.memory.DefaultMemoryManager] 1683132416 virtual memory requested, 0 released, 1309634560 free
2025-10-19T16:55:14.857-0500 [DEBUG] [org.gradle.cache.internal.DefaultFileLockManager] Waiting to acquire shared lock on daemon addresses registry.
2025-10-19T16:55:14.857-0500 [DEBUG] [org.gradle.cache.internal.DefaultFileLockManager] Lock acquired on daemon addresses registry.
2025-10-19T16:55:14.857-0500 [DEBUG] [org.gradle.cache.internal.DefaultFileLockManager] Releasing lock on daemon addresses registry.
2025-10-19T16:55:14.859-0500 [DEBUG] [org.gradle.cache.internal.DefaultFileLockManager] Waiting to acquire shared lock on daemon addresses registry.
2025-10-19T16:55:14.859-0500 [DEBUG] [org.gradle.cache.internal.DefaultFileLockManager] Lock acquired on daemon addresses registry.
2025-10-19T16:55:14.859-0500 [DEBUG] [org.gradle.cache.internal.DefaultFileLockManager] Releasing lock on daemon addresses registry.
2025-10-19T16:55:14.860-0500 [DEBUG] [org.gradle.cache.internal.DefaultFileLockManager] Waiting to acquire shared lock on daemon addresses registry.
2025-10-19T16:55:14.860-0500 [DEBUG] [org.gradle.cache.internal.DefaultFileLockManager] Lock acquired on daemon addresses registry.
2025-10-19T16:55:14.861-0500 [DEBUG] [org.gradle.cache.internal.DefaultFileLockManager] Releasing lock on daemon addresses registry.
2025-10-19T16:55:15.862-0500 [DEBUG] [org.gradle.process.internal.health.memory.DefaultMemoryManager] 1683132416 virtual memory requested, 1655787520 free
2025-10-19T16:55:15.862-0500 [DEBUG] [org.gradle.workers.internal.WorkerDaemonExpiration] Will attempt to release 1605 of memory
2025-10-19T16:55:15.862-0500 [DEBUG] [org.gradle.process.internal.health.memory.DefaultMemoryManager] 1683132416 virtual memory requested, 0 released, 1655787520 free
2025-10-19T16:55:24.843-0500 [DEBUG] [org.gradle.cache.internal.DefaultFileLockManager] Waiting to acquire shared lock on daemon addresses registry.
2025-10-19T16:55:24.844-0500 [DEBUG] [org.gradle.cache.internal.DefaultFileLockManager] Lock acquired on daemon addresses registry.
2025-10-19T16:55:24.859-0500 [DEBUG] [org.gradle.cache.internal.DefaultFileLockManager] Releasing lock on daemon addresses registry.
2025-10-19T16:55:24.864-0500 [DEBUG] [org.gradle.cache.internal.DefaultFileLockManager] Waiting to acquire shared lock on daemon addresses registry.
2025-10-19T16:55:24.864-0500 [DEBUG] [org.gradle.cache.internal.DefaultFileLockManager] Lock acquired on daemon addresses registry.
2025-10-19T16:55:24.865-0500 [DEBUG] [org.gradle.cache.internal.DefaultFileLockManager] Releasing lock on daemon addresses registry.
2025-10-19T16:55:24.868-0500 [DEBUG] [org.gradle.cache.internal.DefaultFileLockManager] Waiting to acquire shared lock on daemon addresses registry.
2025-10-19T16:55:24.868-0500 [DEBUG] [org.gradle.cache.internal.DefaultFileLockManager] Lock acquired on daemon addresses registry.
2025-10-19T16:55:24.869-0500 [DEBUG] [org.gradle.cache.internal.DefaultFileLockManager] Releasing lock on daemon addresses registry.
2025-10-19T16:55:25.863-0500 [DEBUG] [org.gradle.process.internal.health.memory.DefaultMemoryManager] 1683132416 virtual memory requested, 1624272896 free
2025-10-19T16:55:25.863-0500 [DEBUG] [org.gradle.workers.internal.WorkerDaemonExpiration] Will attempt to release 1605 of memory
2025-10-19T16:55:25.863-0500 [DEBUG] [org.gradle.process.internal.health.memory.DefaultMemoryManager] 1683132416 virtual memory requested, 0 released, 1624272896 free
2025-10-19T16:55:34.850-0500 [DEBUG] [org.gradle.cache.internal.DefaultFileLockManager] Waiting to acquire shared lock on daemon addresses registry.
2025-10-19T16:55:34.850-0500 [DEBUG] [org.gradle.cache.internal.DefaultFileLockManager] Lock acquired on daemon addresses registry.
2025-10-19T16:55:34.851-0500 [DEBUG] [org.gradle.cache.internal.DefaultFileLockManager] Releasing lock on daemon addresses registry.
2025-10-19T16:55:34.854-0500 [DEBUG] [org.gradle.cache.internal.DefaultFileLockManager] Waiting to acquire shared lock on daemon addresses registry.
2025-10-19T16:55:34.855-0500 [DEBUG] [org.gradle.cache.internal.DefaultFileLockManager] Lock acquired on daemon addresses registry.
2025-10-19T16:55:34.855-0500 [DEBUG] [org.gradle.cache.internal.DefaultFileLockManager] Releasing lock on daemon addresses registry.
2025-10-19T16:55:34.876-0500 [DEBUG] [org.gradle.cache.internal.DefaultFileLockManager] Waiting to acquire shared lock on daemon addresses registry.
2025-10-19T16:55:34.877-0500 [DEBUG] [org.gradle.cache.internal.DefaultFileLockManager] Lock acquired on daemon addresses registry.
2025-10-19T16:55:34.877-0500 [DEBUG] [org.gradle.cache.internal.DefaultFileLockManager] Releasing lock on daemon addresses registry.
2025-10-19T16:55:44.850-0500 [DEBUG] [org.gradle.cache.internal.DefaultFileLockManager] Waiting to acquire shared lock on daemon addresses registry.
2025-10-19T16:55:44.851-0500 [DEBUG] [org.gradle.cache.internal.DefaultFileLockManager] Lock acquired on daemon addresses registry.
2025-10-19T16:55:44.851-0500 [DEBUG] [org.gradle.cache.internal.DefaultFileLockManager] Releasing lock on daemon addresses registry.
2025-10-19T16:55:44.856-0500 [DEBUG] [org.gradle.cache.internal.DefaultFileLockManager] Waiting to acquire shared lock on daemon addresses registry.
2025-10-19T16:55:44.857-0500 [DEBUG] [org.gradle.cache.internal.DefaultFileLockManager] Lock acquired on daemon addresses registry.
2025-10-19T16:55:44.858-0500 [DEBUG] [org.gradle.cache.internal.DefaultFileLockManager] Releasing lock on daemon addresses registry.
2025-10-19T16:55:44.863-0500 [DEBUG] [org.gradle.cache.internal.DefaultFileLockManager] Waiting to acquire shared lock on daemon addresses registry.
2025-10-19T16:55:44.864-0500 [DEBUG] [org.gradle.cache.internal.DefaultFileLockManager] Lock acquired on daemon addresses registry.
2025-10-19T16:55:44.865-0500 [DEBUG] [org.gradle.cache.internal.DefaultFileLockManager] Releasing lock on daemon addresses registry.
2025-10-19T16:55:54.837-0500 [DEBUG] [org.gradle.cache.internal.DefaultFileLockManager] Waiting to acquire shared lock on daemon addresses registry.
2025-10-19T16:55:54.838-0500 [DEBUG] [org.gradle.cache.internal.DefaultFileLockManager] Lock acquired on daemon addresses registry.
2025-10-19T16:55:54.838-0500 [DEBUG] [org.gradle.cache.internal.DefaultFileLockManager] Releasing lock on daemon addresses registry.
2025-10-19T16:55:54.840-0500 [DEBUG] [org.gradle.cache.internal.DefaultFileLockManager] Waiting to acquire shared lock on daemon addresses registry.
2025-10-19T16:55:54.840-0500 [DEBUG] [org.gradle.cache.internal.DefaultFileLockManager] Lock acquired on daemon addresses registry.
2025-10-19T16:55:54.840-0500 [DEBUG] [org.gradle.cache.internal.DefaultFileLockManager] Releasing lock on daemon addresses registry.
2025-10-19T16:55:54.842-0500 [DEBUG] [org.gradle.cache.internal.DefaultFileLockManager] Waiting to acquire shared lock on daemon addresses registry.
2025-10-19T16:55:54.842-0500 [DEBUG] [org.gradle.cache.internal.DefaultFileLockManager] Lock acquired on daemon addresses registry.
2025-10-19T16:55:54.847-0500 [DEBUG] [org.gradle.cache.internal.DefaultFileLockManager] Releasing lock on daemon addresses registry.
2025-10-19T16:56:04.844-0500 [DEBUG] [org.gradle.cache.internal.DefaultFileLockManager] Waiting to acquire shared lock on daemon addresses registry.
2025-10-19T16:56:04.844-0500 [DEBUG] [org.gradle.cache.internal.DefaultFileLockManager] Lock acquired on daemon addresses registry.
2025-10-19T16:56:04.898-0500 [DEBUG] [org.gradle.cache.internal.DefaultFileLockManager] Releasing lock on daemon addresses registry.
2025-10-19T16:56:04.900-0500 [DEBUG] [org.gradle.cache.internal.DefaultFileLockManager] Waiting to acquire shared lock on daemon addresses registry.
2025-10-19T16:56:04.900-0500 [DEBUG] [org.gradle.cache.internal.DefaultFileLockManager] Lock acquired on daemon addresses registry.
2025-10-19T16:56:04.900-0500 [DEBUG] [org.gradle.cache.internal.DefaultFileLockManager] Releasing lock on daemon addresses registry.
2025-10-19T16:56:04.901-0500 [DEBUG] [org.gradle.cache.internal.DefaultFileLockManager] Waiting to acquire shared lock on daemon addresses registry.
2025-10-19T16:56:04.901-0500 [DEBUG] [org.gradle.cache.internal.DefaultFileLockManager] Lock acquired on daemon addresses registry.
2025-10-19T16:56:04.901-0500 [DEBUG] [org.gradle.cache.internal.DefaultFileLockManager] Releasing lock on daemon addresses registry.
2025-10-19T16:56:14.848-0500 [DEBUG] [org.gradle.cache.internal.DefaultFileLockManager] Waiting to acquire shared lock on daemon addresses registry.
2025-10-19T16:56:14.848-0500 [DEBUG] [org.gradle.cache.internal.DefaultFileLockManager] Lock acquired on daemon addresses registry.
2025-10-19T16:56:14.848-0500 [DEBUG] [org.gradle.cache.internal.DefaultFileLockManager] Releasing lock on daemon addresses registry.
2025-10-19T16:56:14.850-0500 [DEBUG] [org.gradle.cache.internal.DefaultFileLockManager] Waiting to acquire shared lock on daemon addresses registry.
2025-10-19T16:56:14.850-0500 [DEBUG] [org.gradle.cache.internal.DefaultFileLockManager] Lock acquired on daemon addresses registry.
2025-10-19T16:56:14.850-0500 [DEBUG] [org.gradle.cache.internal.DefaultFileLockManager] Releasing lock on daemon addresses registry.
2025-10-19T16:56:14.852-0500 [DEBUG] [org.gradle.cache.internal.DefaultFileLockManager] Waiting to acquire shared lock on daemon addresses registry.
2025-10-19T16:56:14.852-0500 [DEBUG] [org.gradle.cache.internal.DefaultFileLockManager] Lock acquired on daemon addresses registry.
2025-10-19T16:56:14.853-0500 [DEBUG] [org.gradle.cache.internal.DefaultFileLockManager] Releasing lock on daemon addresses registry.
2025-10-19T16:56:20.856-0500 [DEBUG] [org.gradle.process.internal.health.memory.DefaultMemoryManager] 841566208 physical memory requested, 776871936 free
2025-10-19T16:56:20.856-0500 [DEBUG] [org.gradle.workers.internal.WorkerDaemonExpiration] Will attempt to release 802 of memory
2025-10-19T16:56:20.856-0500 [DEBUG] [org.gradle.process.internal.health.memory.DefaultMemoryManager] 841566208 physical memory requested, 0 released, 776871936 free
2025-10-19T16:56:24.871-0500 [DEBUG] [org.gradle.cache.internal.DefaultFileLockManager] Waiting to acquire shared lock on daemon addresses registry.
2025-10-19T16:56:24.872-0500 [DEBUG] [org.gradle.cache.internal.DefaultFileLockManager] Lock acquired on daemon addresses registry.
2025-10-19T16:56:24.873-0500 [DEBUG] [org.gradle.cache.internal.DefaultFileLockManager] Releasing lock on daemon addresses registry.
2025-10-19T16:56:24.878-0500 [DEBUG] [org.gradle.cache.internal.DefaultFileLockManager] Waiting to acquire shared lock on daemon addresses registry.
2025-10-19T16:56:24.878-0500 [DEBUG] [org.gradle.cache.internal.DefaultFileLockManager] Lock acquired on daemon addresses registry.
2025-10-19T16:56:24.879-0500 [DEBUG] [org.gradle.cache.internal.DefaultFileLockManager] Releasing lock on daemon addresses registry.
2025-10-19T16:56:24.884-0500 [DEBUG] [org.gradle.cache.internal.DefaultFileLockManager] Waiting to acquire shared lock on daemon addresses registry.
2025-10-19T16:56:24.884-0500 [DEBUG] [org.gradle.cache.internal.DefaultFileLockManager] Lock acquired on daemon addresses registry.
2025-10-19T16:56:24.885-0500 [DEBUG] [org.gradle.cache.internal.DefaultFileLockManager] Releasing lock on daemon addresses registry.
2025-10-19T16:56:34.846-0500 [DEBUG] [org.gradle.cache.internal.DefaultFileLockManager] Waiting to acquire shared lock on daemon addresses registry.
2025-10-19T16:56:34.860-0500 [DEBUG] [org.gradle.cache.internal.DefaultFileLockManager] Lock acquired on daemon addresses registry.
2025-10-19T16:56:34.860-0500 [DEBUG] [org.gradle.cache.internal.DefaultFileLockManager] Releasing lock on daemon addresses registry.
2025-10-19T16:56:34.863-0500 [DEBUG] [org.gradle.cache.internal.DefaultFileLockManager] Waiting to acquire shared lock on daemon addresses registry.
2025-10-19T16:56:34.863-0500 [DEBUG] [org.gradle.cache.internal.DefaultFileLockManager] Lock acquired on daemon addresses registry.
2025-10-19T16:56:34.863-0500 [DEBUG] [org.gradle.cache.internal.DefaultFileLockManager] Releasing lock on daemon addresses registry.
2025-10-19T16:56:34.865-0500 [DEBUG] [org.gradle.cache.internal.DefaultFileLockManager] Waiting to acquire shared lock on daemon addresses registry.
2025-10-19T16:56:34.865-0500 [DEBUG] [org.gradle.cache.internal.DefaultFileLockManager] Lock acquired on daemon addresses registry.
2025-10-19T16:56:34.866-0500 [DEBUG] [org.gradle.cache.internal.DefaultFileLockManager] Releasing lock on daemon addresses registry.
2025-10-19T16:56:44.846-0500 [DEBUG] [org.gradle.cache.internal.DefaultFileLockManager] Waiting to acquire shared lock on daemon addresses registry.
2025-10-19T16:56:44.846-0500 [DEBUG] [org.gradle.cache.internal.DefaultFileLockManager] Lock acquired on daemon addresses registry.
2025-10-19T16:56:44.847-0500 [DEBUG] [org.gradle.cache.internal.DefaultFileLockManager] Releasing lock on daemon addresses registry.
2025-10-19T16:56:44.852-0500 [DEBUG] [org.gradle.cache.internal.DefaultFileLockManager] Waiting to acquire shared lock on daemon addresses registry.
2025-10-19T16:56:44.852-0500 [DEBUG] [org.gradle.cache.internal.DefaultFileLockManager] Lock acquired on daemon addresses registry.
2025-10-19T16:56:44.853-0500 [DEBUG] [org.gradle.cache.internal.DefaultFileLockManager] Releasing lock on daemon addresses registry.
2025-10-19T16:56:44.867-0500 [DEBUG] [org.gradle.cache.internal.DefaultFileLockManager] Waiting to acquire shared lock on daemon addresses registry.
2025-10-19T16:56:44.867-0500 [DEBUG] [org.gradle.cache.internal.DefaultFileLockManager] Lock acquired on daemon addresses registry.
2025-10-19T16:56:44.868-0500 [DEBUG] [org.gradle.cache.internal.DefaultFileLockManager] Releasing lock on daemon addresses registry.
2025-10-19T16:56:54.843-0500 [DEBUG] [org.gradle.cache.internal.DefaultFileLockManager] Waiting to acquire shared lock on daemon addresses registry.
2025-10-19T16:56:54.843-0500 [DEBUG] [org.gradle.cache.internal.DefaultFileLockManager] Lock acquired on daemon addresses registry.
2025-10-19T16:56:54.843-0500 [DEBUG] [org.gradle.cache.internal.DefaultFileLockManager] Releasing lock on daemon addresses registry.
2025-10-19T16:56:54.844-0500 [DEBUG] [org.gradle.cache.internal.DefaultFileLockManager] Waiting to acquire shared lock on daemon addresses registry.
2025-10-19T16:56:54.845-0500 [DEBUG] [org.gradle.cache.internal.DefaultFileLockManager] Lock acquired on daemon addresses registry.
2025-10-19T16:56:54.845-0500 [DEBUG] [org.gradle.cache.internal.DefaultFileLockManager] Releasing lock on daemon addresses registry.
2025-10-19T16:56:54.846-0500 [DEBUG] [org.gradle.cache.internal.DefaultFileLockManager] Waiting to acquire shared lock on daemon addresses registry.
2025-10-19T16:56:54.849-0500 [DEBUG] [org.gradle.cache.internal.DefaultFileLockManager] Lock acquired on daemon addresses registry.
2025-10-19T16:56:54.850-0500 [DEBUG] [org.gradle.cache.internal.DefaultFileLockManager] Releasing lock on daemon addresses registry.
2025-10-19T16:57:04.847-0500 [DEBUG] [org.gradle.cache.internal.DefaultFileLockManager] Waiting to acquire shared lock on daemon addresses registry.
2025-10-19T16:57:04.847-0500 [DEBUG] [org.gradle.cache.internal.DefaultFileLockManager] Lock acquired on daemon addresses registry.
2025-10-19T16:57:04.848-0500 [DEBUG] [org.gradle.cache.internal.DefaultFileLockManager] Releasing lock on daemon addresses registry.
2025-10-19T16:57:04.849-0500 [DEBUG] [org.gradle.cache.internal.DefaultFileLockManager] Waiting to acquire shared lock on daemon addresses registry.
2025-10-19T16:57:04.849-0500 [DEBUG] [org.gradle.cache.internal.DefaultFileLockManager] Lock acquired on daemon addresses registry.
2025-10-19T16:57:04.850-0500 [DEBUG] [org.gradle.cache.internal.DefaultFileLockManager] Releasing lock on daemon addresses registry.
2025-10-19T16:57:04.851-0500 [DEBUG] [org.gradle.cache.internal.DefaultFileLockManager] Waiting to acquire shared lock on daemon addresses registry.
2025-10-19T16:57:04.851-0500 [DEBUG] [org.gradle.cache.internal.DefaultFileLockManager] Lock acquired on daemon addresses registry.
2025-10-19T16:57:04.852-0500 [DEBUG] [org.gradle.cache.internal.DefaultFileLockManager] Releasing lock on daemon addresses registry.
2025-10-19T16:57:14.840-0500 [DEBUG] [org.gradle.cache.internal.DefaultFileLockManager] Waiting to acquire shared lock on daemon addresses registry.
2025-10-19T16:57:14.841-0500 [DEBUG] [org.gradle.cache.internal.DefaultFileLockManager] Lock acquired on daemon addresses registry.
2025-10-19T16:57:14.841-0500 [DEBUG] [org.gradle.cache.internal.DefaultFileLockManager] Releasing lock on daemon addresses registry.
2025-10-19T16:57:14.842-0500 [DEBUG] [org.gradle.cache.internal.DefaultFileLockManager] Waiting to acquire shared lock on daemon addresses registry.
2025-10-19T16:57:14.843-0500 [DEBUG] [org.gradle.cache.internal.DefaultFileLockManager] Lock acquired on daemon addresses registry.
2025-10-19T16:57:14.858-0500 [DEBUG] [org.gradle.cache.internal.DefaultFileLockManager] Releasing lock on daemon addresses registry.
2025-10-19T16:57:14.859-0500 [DEBUG] [org.gradle.cache.internal.DefaultFileLockManager] Waiting to acquire shared lock on daemon addresses registry.
2025-10-19T16:57:14.860-0500 [DEBUG] [org.gradle.cache.internal.DefaultFileLockManager] Lock acquired on daemon addresses registry.
2025-10-19T16:57:14.860-0500 [DEBUG] [org.gradle.cache.internal.DefaultFileLockManager] Releasing lock on daemon addresses registry.
2025-10-19T16:57:20.860-0500 [DEBUG] [org.gradle.process.internal.health.memory.DefaultMemoryManager] 841566208 physical memory requested, 832253952 free
2025-10-19T16:57:20.860-0500 [DEBUG] [org.gradle.workers.internal.WorkerDaemonExpiration] Will attempt to release 802 of memory
2025-10-19T16:57:20.860-0500 [DEBUG] [org.gradle.process.internal.health.memory.DefaultMemoryManager] 841566208 physical memory requested, 0 released, 832253952 free
2025-10-19T16:57:24.844-0500 [DEBUG] [org.gradle.cache.internal.DefaultFileLockManager] Waiting to acquire shared lock on daemon addresses registry.
2025-10-19T16:57:24.844-0500 [DEBUG] [org.gradle.cache.internal.DefaultFileLockManager] Lock acquired on daemon addresses registry.
2025-10-19T16:57:24.845-0500 [DEBUG] [org.gradle.cache.internal.DefaultFileLockManager] Releasing lock on daemon addresses registry.
2025-10-19T16:57:24.846-0500 [DEBUG] [org.gradle.cache.internal.DefaultFileLockManager] Waiting to acquire shared lock on daemon addresses registry.
2025-10-19T16:57:24.846-0500 [DEBUG] [org.gradle.cache.internal.DefaultFileLockManager] Lock acquired on daemon addresses registry.
2025-10-19T16:57:24.860-0500 [DEBUG] [org.gradle.cache.internal.DefaultFileLockManager] Releasing lock on daemon addresses registry.
2025-10-19T16:57:24.861-0500 [DEBUG] [org.gradle.cache.internal.DefaultFileLockManager] Waiting to acquire shared lock on daemon addresses registry.
2025-10-19T16:57:24.861-0500 [DEBUG] [org.gradle.cache.internal.DefaultFileLockManager] Lock acquired on daemon addresses registry.
2025-10-19T16:57:24.862-0500 [DEBUG] [org.gradle.cache.internal.DefaultFileLockManager] Releasing lock on daemon addresses registry.
2025-10-19T16:57:25.869-0500 [DEBUG] [org.gradle.process.internal.health.memory.DefaultMemoryManager] 841566208 physical memory requested, 838983680 free
2025-10-19T16:57:25.870-0500 [DEBUG] [org.gradle.workers.internal.WorkerDaemonExpiration] Will attempt to release 802 of memory
2025-10-19T16:57:25.870-0500 [DEBUG] [org.gradle.process.internal.health.memory.DefaultMemoryManager] 841566208 physical memory requested, 0 released, 838983680 free
2025-10-19T16:57:30.870-0500 [DEBUG] [org.gradle.process.internal.health.memory.DefaultMemoryManager] 841566208 physical memory requested, 807669760 free
2025-10-19T16:57:30.870-0500 [DEBUG] [org.gradle.workers.internal.WorkerDaemonExpiration] Will attempt to release 802 of memory
2025-10-19T16:57:30.870-0500 [DEBUG] [org.gradle.process.internal.health.memory.DefaultMemoryManager] 841566208 physical memory requested, 0 released, 807669760 free
2025-10-19T16:57:34.838-0500 [DEBUG] [org.gradle.cache.internal.DefaultFileLockManager] Waiting to acquire shared lock on daemon addresses registry.
2025-10-19T16:57:34.838-0500 [DEBUG] [org.gradle.cache.internal.DefaultFileLockManager] Lock acquired on daemon addresses registry.
2025-10-19T16:57:34.839-0500 [DEBUG] [org.gradle.cache.internal.DefaultFileLockManager] Releasing lock on daemon addresses registry.
2025-10-19T16:57:34.854-0500 [DEBUG] [org.gradle.cache.internal.DefaultFileLockManager] Waiting to acquire shared lock on daemon addresses registry.
2025-10-19T16:57:34.854-0500 [DEBUG] [org.gradle.cache.internal.DefaultFileLockManager] Lock acquired on daemon addresses registry.
2025-10-19T16:57:34.854-0500 [DEBUG] [org.gradle.cache.internal.DefaultFileLockManager] Releasing lock on daemon addresses registry.
2025-10-19T16:57:34.856-0500 [DEBUG] [org.gradle.cache.internal.DefaultFileLockManager] Waiting to acquire shared lock on daemon addresses registry.
2025-10-19T16:57:34.856-0500 [DEBUG] [org.gradle.cache.internal.DefaultFileLockManager] Lock acquired on daemon addresses registry.
2025-10-19T16:57:34.856-0500 [DEBUG] [org.gradle.cache.internal.DefaultFileLockManager] Releasing lock on daemon addresses registry.
2025-10-19T16:57:35.868-0500 [DEBUG] [org.gradle.process.internal.health.memory.DefaultMemoryManager] 841566208 physical memory requested, 820551680 free
2025-10-19T16:57:35.868-0500 [DEBUG] [org.gradle.workers.internal.WorkerDaemonExpiration] Will attempt to release 802 of memory
2025-10-19T16:57:35.881-0500 [DEBUG] [org.gradle.process.internal.health.memory.DefaultMemoryManager] 841566208 physical memory requested, 0 released, 820551680 free
2025-10-19T16:57:40.863-0500 [DEBUG] [org.gradle.process.internal.health.memory.DefaultMemoryManager] 841566208 physical memory requested, 824549376 free
2025-10-19T16:57:40.863-0500 [DEBUG] [org.gradle.workers.internal.WorkerDaemonExpiration] Will attempt to release 802 of memory
2025-10-19T16:57:40.863-0500 [DEBUG] [org.gradle.process.internal.health.memory.DefaultMemoryManager] 841566208 physical memory requested, 0 released, 824549376 free
2025-10-19T16:57:44.841-0500 [DEBUG] [org.gradle.cache.internal.DefaultFileLockManager] Waiting to acquire shared lock on daemon addresses registry.
2025-10-19T16:57:44.841-0500 [DEBUG] [org.gradle.cache.internal.DefaultFileLockManager] Lock acquired on daemon addresses registry.
2025-10-19T16:57:44.841-0500 [DEBUG] [org.gradle.cache.internal.DefaultFileLockManager] Releasing lock on daemon addresses registry.
2025-10-19T16:57:44.843-0500 [DEBUG] [org.gradle.cache.internal.DefaultFileLockManager] Waiting to acquire shared lock on daemon addresses registry.
2025-10-19T16:57:44.843-0500 [DEBUG] [org.gradle.cache.internal.DefaultFileLockManager] Lock acquired on daemon addresses registry.
2025-10-19T16:57:44.843-0500 [DEBUG] [org.gradle.cache.internal.DefaultFileLockManager] Releasing lock on daemon addresses registry.
2025-10-19T16:57:44.856-0500 [DEBUG] [org.gradle.cache.internal.DefaultFileLockManager] Waiting to acquire shared lock on daemon addresses registry.
2025-10-19T16:57:44.857-0500 [DEBUG] [org.gradle.cache.internal.DefaultFileLockManager] Lock acquired on daemon addresses registry.
2025-10-19T16:57:44.857-0500 [DEBUG] [org.gradle.cache.internal.DefaultFileLockManager] Releasing lock on daemon addresses registry.
2025-10-19T16:57:45.869-0500 [DEBUG] [org.gradle.process.internal.health.memory.DefaultMemoryManager] 841566208 physical memory requested, 730132480 free
2025-10-19T16:57:45.880-0500 [DEBUG] [org.gradle.workers.internal.WorkerDaemonExpiration] Will attempt to release 802 of memory
2025-10-19T16:57:45.880-0500 [DEBUG] [org.gradle.process.internal.health.memory.DefaultMemoryManager] 841566208 physical memory requested, 0 released, 730132480 free
2025-10-19T16:57:50.865-0500 [DEBUG] [org.gradle.process.internal.health.memory.DefaultMemoryManager] 841566208 physical memory requested, 730349568 free
2025-10-19T16:57:50.865-0500 [DEBUG] [org.gradle.workers.internal.WorkerDaemonExpiration] Will attempt to release 802 of memory
2025-10-19T16:57:50.866-0500 [DEBUG] [org.gradle.process.internal.health.memory.DefaultMemoryManager] 841566208 physical memory requested, 0 released, 730349568 free
2025-10-19T16:57:54.851-0500 [DEBUG] [org.gradle.cache.internal.DefaultFileLockManager] Waiting to acquire shared lock on daemon addresses registry.
2025-10-19T16:57:54.851-0500 [DEBUG] [org.gradle.cache.internal.DefaultFileLockManager] Lock acquired on daemon addresses registry.
2025-10-19T16:57:54.851-0500 [DEBUG] [org.gradle.cache.internal.DefaultFileLockManager] Releasing lock on daemon addresses registry.
2025-10-19T16:57:54.853-0500 [DEBUG] [org.gradle.cache.internal.DefaultFileLockManager] Waiting to acquire shared lock on daemon addresses registry.
2025-10-19T16:57:54.853-0500 [DEBUG] [org.gradle.cache.internal.DefaultFileLockManager] Lock acquired on daemon addresses registry.
2025-10-19T16:57:54.853-0500 [DEBUG] [org.gradle.cache.internal.DefaultFileLockManager] Releasing lock on daemon addresses registry.
2025-10-19T16:57:54.854-0500 [DEBUG] [org.gradle.cache.internal.DefaultFileLockManager] Waiting to acquire shared lock on daemon addresses registry.
2025-10-19T16:57:54.855-0500 [DEBUG] [org.gradle.cache.internal.DefaultFileLockManager] Lock acquired on daemon addresses registry.
2025-10-19T16:57:54.855-0500 [DEBUG] [org.gradle.cache.internal.DefaultFileLockManager] Releasing lock on daemon addresses registry.
2025-10-19T16:57:55.856-0500 [DEBUG] [org.gradle.process.internal.health.memory.DefaultMemoryManager] 841566208 physical memory requested, 706355200 free
2025-10-19T16:57:55.856-0500 [DEBUG] [org.gradle.workers.internal.WorkerDaemonExpiration] Will attempt to release 802 of memory
2025-10-19T16:57:55.856-0500 [DEBUG] [org.gradle.process.internal.health.memory.DefaultMemoryManager] 841566208 physical memory requested, 0 released, 706355200 free
2025-10-19T16:58:00.867-0500 [DEBUG] [org.gradle.process.internal.health.memory.DefaultMemoryManager] 841566208 physical memory requested, 654139392 free
2025-10-19T16:58:00.867-0500 [DEBUG] [org.gradle.workers.internal.WorkerDaemonExpiration] Will attempt to release 802 of memory
2025-10-19T16:58:00.867-0500 [DEBUG] [org.gradle.process.internal.health.memory.DefaultMemoryManager] 841566208 physical memory requested, 0 released, 654139392 free
2025-10-19T16:58:04.838-0500 [DEBUG] [org.gradle.cache.internal.DefaultFileLockManager] Waiting to acquire shared lock on daemon addresses registry.
2025-10-19T16:58:04.838-0500 [DEBUG] [org.gradle.cache.internal.DefaultFileLockManager] Lock acquired on daemon addresses registry.
2025-10-19T16:58:04.852-0500 [DEBUG] [org.gradle.cache.internal.DefaultFileLockManager] Releasing lock on daemon addresses registry.
2025-10-19T16:58:04.854-0500 [DEBUG] [org.gradle.cache.internal.DefaultFileLockManager] Waiting to acquire shared lock on daemon addresses registry.
2025-10-19T16:58:04.854-0500 [DEBUG] [org.gradle.cache.internal.DefaultFileLockManager] Lock acquired on daemon addresses registry.
2025-10-19T16:58:04.854-0500 [DEBUG] [org.gradle.cache.internal.DefaultFileLockManager] Releasing lock on daemon addresses registry.
2025-10-19T16:58:04.855-0500 [DEBUG] [org.gradle.cache.internal.DefaultFileLockManager] Waiting to acquire shared lock on daemon addresses registry.
2025-10-19T16:58:04.856-0500 [DEBUG] [org.gradle.cache.internal.DefaultFileLockManager] Lock acquired on daemon addresses registry.
2025-10-19T16:58:04.856-0500 [DEBUG] [org.gradle.cache.internal.DefaultFileLockManager] Releasing lock on daemon addresses registry.
2025-10-19T16:58:05.869-0500 [DEBUG] [org.gradle.process.internal.health.memory.DefaultMemoryManager] 841566208 physical memory requested, 653451264 free
2025-10-19T16:58:05.869-0500 [DEBUG] [org.gradle.workers.internal.WorkerDaemonExpiration] Will attempt to release 802 of memory
2025-10-19T16:58:05.869-0500 [DEBUG] [org.gradle.process.internal.health.memory.DefaultMemoryManager] 841566208 physical memory requested, 0 released, 653451264 free
2025-10-19T16:58:10.866-0500 [DEBUG] [org.gradle.process.internal.health.memory.DefaultMemoryManager] 841566208 physical memory requested, 643547136 free
2025-10-19T16:58:10.866-0500 [DEBUG] [org.gradle.workers.internal.WorkerDaemonExpiration] Will attempt to release 802 of memory
2025-10-19T16:58:10.867-0500 [DEBUG] [org.gradle.process.internal.health.memory.DefaultMemoryManager] 841566208 physical memory requested, 0 released, 643547136 free
2025-10-19T16:58:14.839-0500 [DEBUG] [org.gradle.cache.internal.DefaultFileLockManager] Waiting to acquire shared lock on daemon addresses registry.
2025-10-19T16:58:14.839-0500 [DEBUG] [org.gradle.cache.internal.DefaultFileLockManager] Lock acquired on daemon addresses registry.
2025-10-19T16:58:14.840-0500 [DEBUG] [org.gradle.cache.internal.DefaultFileLockManager] Releasing lock on daemon addresses registry.
2025-10-19T16:58:14.842-0500 [DEBUG] [org.gradle.cache.internal.DefaultFileLockManager] Waiting to acquire shared lock on daemon addresses registry.
2025-10-19T16:58:14.843-0500 [DEBUG] [org.gradle.cache.internal.DefaultFileLockManager] Lock acquired on daemon addresses registry.
2025-10-19T16:58:14.843-0500 [DEBUG] [org.gradle.cache.internal.DefaultFileLockManager] Releasing lock on daemon addresses registry.
2025-10-19T16:58:14.846-0500 [DEBUG] [org.gradle.cache.internal.DefaultFileLockManager] Waiting to acquire shared lock on daemon addresses registry.
2025-10-19T16:58:14.846-0500 [DEBUG] [org.gradle.cache.internal.DefaultFileLockManager] Lock acquired on daemon addresses registry.
2025-10-19T16:58:14.847-0500 [DEBUG] [org.gradle.cache.internal.DefaultFileLockManager] Releasing lock on daemon addresses registry.
2025-10-19T16:58:15.868-0500 [DEBUG] [org.gradle.process.internal.health.memory.DefaultMemoryManager] 841566208 physical memory requested, 634671104 free
2025-10-19T16:58:15.869-0500 [DEBUG] [org.gradle.workers.internal.WorkerDaemonExpiration] Will attempt to release 802 of memory
2025-10-19T16:58:15.869-0500 [DEBUG] [org.gradle.process.internal.health.memory.DefaultMemoryManager] 841566208 physical memory requested, 0 released, 634671104 free
2025-10-19T16:58:20.860-0500 [DEBUG] [org.gradle.process.internal.health.memory.DefaultMemoryManager] 841566208 physical memory requested, 641196032 free
2025-10-19T16:58:20.860-0500 [DEBUG] [org.gradle.workers.internal.WorkerDaemonExpiration] Will attempt to release 802 of memory
2025-10-19T16:58:20.860-0500 [DEBUG] [org.gradle.process.internal.health.memory.DefaultMemoryManager] 841566208 physical memory requested, 0 released, 641196032 free
2025-10-19T16:58:24.847-0500 [DEBUG] [org.gradle.cache.internal.DefaultFileLockManager] Waiting to acquire shared lock on daemon addresses registry.
2025-10-19T16:58:24.847-0500 [DEBUG] [org.gradle.cache.internal.DefaultFileLockManager] Lock acquired on daemon addresses registry.
2025-10-19T16:58:24.848-0500 [DEBUG] [org.gradle.cache.internal.DefaultFileLockManager] Releasing lock on daemon addresses registry.
2025-10-19T16:58:24.851-0500 [DEBUG] [org.gradle.cache.internal.DefaultFileLockManager] Waiting to acquire shared lock on daemon addresses registry.
2025-10-19T16:58:24.852-0500 [DEBUG] [org.gradle.cache.internal.DefaultFileLockManager] Lock acquired on daemon addresses registry.
2025-10-19T16:58:24.852-0500 [DEBUG] [org.gradle.cache.internal.DefaultFileLockManager] Releasing lock on daemon addresses registry.
2025-10-19T16:58:24.888-0500 [DEBUG] [org.gradle.cache.internal.DefaultFileLockManager] Waiting to acquire shared lock on daemon addresses registry.
2025-10-19T16:58:24.889-0500 [DEBUG] [org.gradle.cache.internal.DefaultFileLockManager] Lock acquired on daemon addresses registry.
2025-10-19T16:58:24.889-0500 [DEBUG] [org.gradle.cache.internal.DefaultFileLockManager] Releasing lock on daemon addresses registry.
2025-10-19T16:58:25.869-0500 [DEBUG] [org.gradle.process.internal.health.memory.DefaultMemoryManager] 841566208 physical memory requested, 641150976 free
2025-10-19T16:58:25.882-0500 [DEBUG] [org.gradle.workers.internal.WorkerDaemonExpiration] Will attempt to release 802 of memory
2025-10-19T16:58:25.882-0500 [DEBUG] [org.gradle.process.internal.health.memory.DefaultMemoryManager] 841566208 physical memory requested, 0 released, 641150976 free
2025-10-19T16:58:30.863-0500 [DEBUG] [org.gradle.process.internal.health.memory.DefaultMemoryManager] 841566208 physical memory requested, 626675712 free
2025-10-19T16:58:30.863-0500 [DEBUG] [org.gradle.workers.internal.WorkerDaemonExpiration] Will attempt to release 802 of memory
2025-10-19T16:58:30.864-0500 [DEBUG] [org.gradle.process.internal.health.memory.DefaultMemoryManager] 841566208 physical memory requested, 0 released, 626675712 free
2025-10-19T16:58:34.852-0500 [DEBUG] [org.gradle.cache.internal.DefaultFileLockManager] Waiting to acquire shared lock on daemon addresses registry.
2025-10-19T16:58:34.852-0500 [DEBUG] [org.gradle.cache.internal.DefaultFileLockManager] Lock acquired on daemon addresses registry.
2025-10-19T16:58:34.853-0500 [DEBUG] [org.gradle.cache.internal.DefaultFileLockManager] Releasing lock on daemon addresses registry.
2025-10-19T16:58:34.856-0500 [DEBUG] [org.gradle.cache.internal.DefaultFileLockManager] Waiting to acquire shared lock on daemon addresses registry.
2025-10-19T16:58:34.857-0500 [DEBUG] [org.gradle.cache.internal.DefaultFileLockManager] Lock acquired on daemon addresses registry.
2025-10-19T16:58:34.858-0500 [DEBUG] [org.gradle.cache.internal.DefaultFileLockManager] Releasing lock on daemon addresses registry.
2025-10-19T16:58:34.861-0500 [DEBUG] [org.gradle.cache.internal.DefaultFileLockManager] Waiting to acquire shared lock on daemon addresses registry.
2025-10-19T16:58:34.861-0500 [DEBUG] [org.gradle.cache.internal.DefaultFileLockManager] Lock acquired on daemon addresses registry.
2025-10-19T16:58:34.861-0500 [DEBUG] [org.gradle.cache.internal.DefaultFileLockManager] Releasing lock on daemon addresses registry.
2025-10-19T16:58:35.864-0500 [DEBUG] [org.gradle.process.internal.health.memory.DefaultMemoryManager] 841566208 physical memory requested, 606941184 free
2025-10-19T16:58:35.865-0500 [DEBUG] [org.gradle.workers.internal.WorkerDaemonExpiration] Will attempt to release 802 of memory
2025-10-19T16:58:35.865-0500 [DEBUG] [org.gradle.process.internal.health.memory.DefaultMemoryManager] 841566208 physical memory requested, 0 released, 606941184 free
2025-10-19T16:58:40.904-0500 [DEBUG] [org.gradle.process.internal.health.memory.DefaultMemoryManager] 841566208 physical memory requested, 542765056 free
2025-10-19T16:58:40.904-0500 [DEBUG] [org.gradle.workers.internal.WorkerDaemonExpiration] Will attempt to release 802 of memory
2025-10-19T16:58:40.904-0500 [DEBUG] [org.gradle.process.internal.health.memory.DefaultMemoryManager] 841566208 physical memory requested, 0 released, 542765056 free
2025-10-19T16:58:44.846-0500 [DEBUG] [org.gradle.cache.internal.DefaultFileLockManager] Waiting to acquire shared lock on daemon addresses registry.
2025-10-19T16:58:44.846-0500 [DEBUG] [org.gradle.cache.internal.DefaultFileLockManager] Lock acquired on daemon addresses registry.
2025-10-19T16:58:44.847-0500 [DEBUG] [org.gradle.cache.internal.DefaultFileLockManager] Releasing lock on daemon addresses registry.
2025-10-19T16:58:44.848-0500 [DEBUG] [org.gradle.cache.internal.DefaultFileLockManager] Waiting to acquire shared lock on daemon addresses registry.
2025-10-19T16:58:44.848-0500 [DEBUG] [org.gradle.cache.internal.DefaultFileLockManager] Lock acquired on daemon addresses registry.
2025-10-19T16:58:44.849-0500 [DEBUG] [org.gradle.cache.internal.DefaultFileLockManager] Releasing lock on daemon addresses registry.
2025-10-19T16:58:44.851-0500 [DEBUG] [org.gradle.cache.internal.DefaultFileLockManager] Waiting to acquire shared lock on daemon addresses registry.
2025-10-19T16:58:44.851-0500 [DEBUG] [org.gradle.cache.internal.DefaultFileLockManager] Lock acquired on daemon addresses registry.
2025-10-19T16:58:44.851-0500 [DEBUG] [org.gradle.cache.internal.DefaultFileLockManager] Releasing lock on daemon addresses registry.
2025-10-19T16:58:45.866-0500 [DEBUG] [org.gradle.process.internal.health.memory.DefaultMemoryManager] 841566208 physical memory requested, 565211136 free
2025-10-19T16:58:45.866-0500 [DEBUG] [org.gradle.workers.internal.WorkerDaemonExpiration] Will attempt to release 802 of memory
2025-10-19T16:58:45.866-0500 [DEBUG] [org.gradle.process.internal.health.memory.DefaultMemoryManager] 841566208 physical memory requested, 0 released, 565211136 free
2025-10-19T16:58:50.861-0500 [DEBUG] [org.gradle.process.internal.health.memory.DefaultMemoryManager] 841566208 physical memory requested, 565764096 free
2025-10-19T16:58:50.861-0500 [DEBUG] [org.gradle.workers.internal.WorkerDaemonExpiration] Will attempt to release 802 of memory
2025-10-19T16:58:50.861-0500 [DEBUG] [org.gradle.process.internal.health.memory.DefaultMemoryManager] 841566208 physical memory requested, 0 released, 565764096 free
2025-10-19T16:58:54.847-0500 [DEBUG] [org.gradle.cache.internal.DefaultFileLockManager] Waiting to acquire shared lock on daemon addresses registry.
2025-10-19T16:58:54.847-0500 [DEBUG] [org.gradle.cache.internal.DefaultFileLockManager] Lock acquired on daemon addresses registry.
2025-10-19T16:58:54.847-0500 [DEBUG] [org.gradle.cache.internal.DefaultFileLockManager] Releasing lock on daemon addresses registry.
2025-10-19T16:58:54.849-0500 [DEBUG] [org.gradle.cache.internal.DefaultFileLockManager] Waiting to acquire shared lock on daemon addresses registry.
2025-10-19T16:58:54.849-0500 [DEBUG] [org.gradle.cache.internal.DefaultFileLockManager] Lock acquired on daemon addresses registry.
2025-10-19T16:58:54.850-0500 [DEBUG] [org.gradle.cache.internal.DefaultFileLockManager] Releasing lock on daemon addresses registry.
2025-10-19T16:58:54.851-0500 [DEBUG] [org.gradle.cache.internal.DefaultFileLockManager] Waiting to acquire shared lock on daemon addresses registry.
2025-10-19T16:58:54.852-0500 [DEBUG] [org.gradle.cache.internal.DefaultFileLockManager] Lock acquired on daemon addresses registry.
2025-10-19T16:58:54.852-0500 [DEBUG] [org.gradle.cache.internal.DefaultFileLockManager] Releasing lock on daemon addresses registry.
2025-10-19T16:58:55.857-0500 [DEBUG] [org.gradle.process.internal.health.memory.DefaultMemoryManager] 841566208 physical memory requested, 566235136 free
2025-10-19T16:58:55.857-0500 [DEBUG] [org.gradle.workers.internal.WorkerDaemonExpiration] Will attempt to release 802 of memory
2025-10-19T16:58:55.857-0500 [DEBUG] [org.gradle.process.internal.health.memory.DefaultMemoryManager] 841566208 physical memory requested, 0 released, 566235136 free
2025-10-19T16:59:00.855-0500 [DEBUG] [org.gradle.process.internal.health.memory.DefaultMemoryManager] 841566208 physical memory requested, 571502592 free
2025-10-19T16:59:00.855-0500 [DEBUG] [org.gradle.workers.internal.WorkerDaemonExpiration] Will attempt to release 802 of memory
2025-10-19T16:59:00.855-0500 [DEBUG] [org.gradle.process.internal.health.memory.DefaultMemoryManager] 841566208 physical memory requested, 0 released, 571502592 free
2025-10-19T16:59:04.840-0500 [DEBUG] [org.gradle.cache.internal.DefaultFileLockManager] Waiting to acquire shared lock on daemon addresses registry.
2025-10-19T16:59:04.840-0500 [DEBUG] [org.gradle.cache.internal.DefaultFileLockManager] Lock acquired on daemon addresses registry.
2025-10-19T16:59:04.841-0500 [DEBUG] [org.gradle.cache.internal.DefaultFileLockManager] Releasing lock on daemon addresses registry.
2025-10-19T16:59:04.842-0500 [DEBUG] [org.gradle.cache.internal.DefaultFileLockManager] Waiting to acquire shared lock on daemon addresses registry.
2025-10-19T16:59:04.842-0500 [DEBUG] [org.gradle.cache.internal.DefaultFileLockManager] Lock acquired on daemon addresses registry.
2025-10-19T16:59:04.856-0500 [DEBUG] [org.gradle.cache.internal.DefaultFileLockManager] Releasing lock on daemon addresses registry.
2025-10-19T16:59:04.857-0500 [DEBUG] [org.gradle.cache.internal.DefaultFileLockManager] Waiting to acquire shared lock on daemon addresses registry.
2025-10-19T16:59:04.858-0500 [DEBUG] [org.gradle.cache.internal.DefaultFileLockManager] Lock acquired on daemon addresses registry.
2025-10-19T16:59:04.858-0500 [DEBUG] [org.gradle.cache.internal.DefaultFileLockManager] Releasing lock on daemon addresses registry.
2025-10-19T16:59:05.870-0500 [DEBUG] [org.gradle.process.internal.health.memory.DefaultMemoryManager] 841566208 physical memory requested, 586948608 free
2025-10-19T16:59:05.870-0500 [DEBUG] [org.gradle.workers.internal.WorkerDaemonExpiration] Will attempt to release 802 of memory
2025-10-19T16:59:05.870-0500 [DEBUG] [org.gradle.process.internal.health.memory.DefaultMemoryManager] 841566208 physical memory requested, 0 released, 586948608 free
2025-10-19T16:59:10.855-0500 [DEBUG] [org.gradle.process.internal.health.memory.DefaultMemoryManager] 841566208 physical memory requested, 597811200 free
2025-10-19T16:59:10.856-0500 [DEBUG] [org.gradle.workers.internal.WorkerDaemonExpiration] Will attempt to release 802 of memory
2025-10-19T16:59:10.856-0500 [DEBUG] [org.gradle.process.internal.health.memory.DefaultMemoryManager] 841566208 physical memory requested, 0 released, 597811200 free
2025-10-19T16:59:14.841-0500 [DEBUG] [org.gradle.cache.internal.DefaultFileLockManager] Waiting to acquire shared lock on daemon addresses registry.
2025-10-19T16:59:14.841-0500 [DEBUG] [org.gradle.cache.internal.DefaultFileLockManager] Lock acquired on daemon addresses registry.
2025-10-19T16:59:14.841-0500 [DEBUG] [org.gradle.cache.internal.DefaultFileLockManager] Releasing lock on daemon addresses registry.
2025-10-19T16:59:14.855-0500 [DEBUG] [org.gradle.cache.internal.DefaultFileLockManager] Waiting to acquire shared lock on daemon addresses registry.
2025-10-19T16:59:14.855-0500 [DEBUG] [org.gradle.cache.internal.DefaultFileLockManager] Lock acquired on daemon addresses registry.
2025-10-19T16:59:14.855-0500 [DEBUG] [org.gradle.cache.internal.DefaultFileLockManager] Releasing lock on daemon addresses registry.
2025-10-19T16:59:14.856-0500 [DEBUG] [org.gradle.cache.internal.DefaultFileLockManager] Waiting to acquire shared lock on daemon addresses registry.
2025-10-19T16:59:14.857-0500 [DEBUG] [org.gradle.cache.internal.DefaultFileLockManager] Lock acquired on daemon addresses registry.
2025-10-19T16:59:14.857-0500 [DEBUG] [org.gradle.cache.internal.DefaultFileLockManager] Releasing lock on daemon addresses registry.
2025-10-19T16:59:15.859-0500 [DEBUG] [org.gradle.process.internal.health.memory.DefaultMemoryManager] 841566208 physical memory requested, 601194496 free
2025-10-19T16:59:15.860-0500 [DEBUG] [org.gradle.workers.internal.WorkerDaemonExpiration] Will attempt to release 802 of memory
2025-10-19T16:59:15.860-0500 [DEBUG] [org.gradle.process.internal.health.memory.DefaultMemoryManager] 841566208 physical memory requested, 0 released, 601194496 free
2025-10-19T16:59:20.862-0500 [DEBUG] [org.gradle.process.internal.health.memory.DefaultMemoryManager] 841566208 physical memory requested, 606789632 free
2025-10-19T16:59:20.876-0500 [DEBUG] [org.gradle.workers.internal.WorkerDaemonExpiration] Will attempt to release 802 of memory
2025-10-19T16:59:20.877-0500 [DEBUG] [org.gradle.process.internal.health.memory.DefaultMemoryManager] 841566208 physical memory requested, 0 released, 606789632 free
2025-10-19T16:59:24.840-0500 [DEBUG] [org.gradle.cache.internal.DefaultFileLockManager] Waiting to acquire shared lock on daemon addresses registry.
2025-10-19T16:59:24.841-0500 [DEBUG] [org.gradle.cache.internal.DefaultFileLockManager] Lock acquired on daemon addresses registry.
2025-10-19T16:59:24.841-0500 [DEBUG] [org.gradle.cache.internal.DefaultFileLockManager] Releasing lock on daemon addresses registry.
2025-10-19T16:59:24.844-0500 [DEBUG] [org.gradle.cache.internal.DefaultFileLockManager] Waiting to acquire shared lock on daemon addresses registry.
2025-10-19T16:59:24.844-0500 [DEBUG] [org.gradle.cache.internal.DefaultFileLockManager] Lock acquired on daemon addresses registry.
2025-10-19T16:59:24.844-0500 [DEBUG] [org.gradle.cache.internal.DefaultFileLockManager] Releasing lock on daemon addresses registry.
2025-10-19T16:59:24.846-0500 [DEBUG] [org.gradle.cache.internal.DefaultFileLockManager] Waiting to acquire shared lock on daemon addresses registry.
2025-10-19T16:59:24.846-0500 [DEBUG] [org.gradle.cache.internal.DefaultFileLockManager] Lock acquired on daemon addresses registry.
2025-10-19T16:59:24.847-0500 [DEBUG] [org.gradle.cache.internal.DefaultFileLockManager] Releasing lock on daemon addresses registry.
2025-10-19T16:59:25.856-0500 [DEBUG] [org.gradle.process.internal.health.memory.DefaultMemoryManager] 841566208 physical memory requested, 622239744 free
2025-10-19T16:59:25.856-0500 [DEBUG] [org.gradle.workers.internal.WorkerDaemonExpiration] Will attempt to release 802 of memory
2025-10-19T16:59:25.856-0500 [DEBUG] [org.gradle.process.internal.health.memory.DefaultMemoryManager] 841566208 physical memory requested, 0 released, 622239744 free
2025-10-19T16:59:30.854-0500 [DEBUG] [org.gradle.process.internal.health.memory.DefaultMemoryManager] 841566208 physical memory requested, 586907648 free
2025-10-19T16:59:30.855-0500 [DEBUG] [org.gradle.workers.internal.WorkerDaemonExpiration] Will attempt to release 802 of memory
2025-10-19T16:59:30.855-0500 [DEBUG] [org.gradle.process.internal.health.memory.DefaultMemoryManager] 841566208 physical memory requested, 0 released, 586907648 free
2025-10-19T16:59:34.848-0500 [DEBUG] [org.gradle.cache.internal.DefaultFileLockManager] Waiting to acquire shared lock on daemon addresses registry.
2025-10-19T16:59:34.849-0500 [DEBUG] [org.gradle.cache.internal.DefaultFileLockManager] Lock acquired on daemon addresses registry.
2025-10-19T16:59:34.849-0500 [DEBUG] [org.gradle.cache.internal.DefaultFileLockManager] Releasing lock on daemon addresses registry.
2025-10-19T16:59:34.851-0500 [DEBUG] [org.gradle.cache.internal.DefaultFileLockManager] Waiting to acquire shared lock on daemon addresses registry.
2025-10-19T16:59:34.851-0500 [DEBUG] [org.gradle.cache.internal.DefaultFileLockManager] Lock acquired on daemon addresses registry.
2025-10-19T16:59:34.851-0500 [DEBUG] [org.gradle.cache.internal.DefaultFileLockManager] Releasing lock on daemon addresses registry.
2025-10-19T16:59:34.853-0500 [DEBUG] [org.gradle.cache.internal.DefaultFileLockManager] Waiting to acquire shared lock on daemon addresses registry.
2025-10-19T16:59:34.853-0500 [DEBUG] [org.gradle.cache.internal.DefaultFileLockManager] Lock acquired on daemon addresses registry.
2025-10-19T16:59:34.853-0500 [DEBUG] [org.gradle.cache.internal.DefaultFileLockManager] Releasing lock on daemon addresses registry.
2025-10-19T16:59:35.859-0500 [DEBUG] [org.gradle.process.internal.health.memory.DefaultMemoryManager] 841566208 physical memory requested, 595185664 free
2025-10-19T16:59:35.860-0500 [DEBUG] [org.gradle.workers.internal.WorkerDaemonExpiration] Will attempt to release 802 of memory
2025-10-19T16:59:35.860-0500 [DEBUG] [org.gradle.process.internal.health.memory.DefaultMemoryManager] 841566208 physical memory requested, 0 released, 595185664 free
2025-10-19T16:59:40.856-0500 [DEBUG] [org.gradle.process.internal.health.memory.DefaultMemoryManager] 841566208 physical memory requested, 588111872 free
2025-10-19T16:59:40.856-0500 [DEBUG] [org.gradle.workers.internal.WorkerDaemonExpiration] Will attempt to release 802 of memory
2025-10-19T16:59:40.856-0500 [DEBUG] [org.gradle.process.internal.health.memory.DefaultMemoryManager] 841566208 physical memory requested, 0 released, 588111872 free
2025-10-19T16:59:44.843-0500 [DEBUG] [org.gradle.cache.internal.DefaultFileLockManager] Waiting to acquire shared lock on daemon addresses registry.
2025-10-19T16:59:44.843-0500 [DEBUG] [org.gradle.cache.internal.DefaultFileLockManager] Lock acquired on daemon addresses registry.
2025-10-19T16:59:44.843-0500 [DEBUG] [org.gradle.cache.internal.DefaultFileLockManager] Releasing lock on daemon addresses registry.
2025-10-19T16:59:44.844-0500 [DEBUG] [org.gradle.cache.internal.DefaultFileLockManager] Waiting to acquire shared lock on daemon addresses registry.
2025-10-19T16:59:44.844-0500 [DEBUG] [org.gradle.cache.internal.DefaultFileLockManager] Lock acquired on daemon addresses registry.
2025-10-19T16:59:44.845-0500 [DEBUG] [org.gradle.cache.internal.DefaultFileLockManager] Releasing lock on daemon addresses registry.
2025-10-19T16:59:44.846-0500 [DEBUG] [org.gradle.cache.internal.DefaultFileLockManager] Waiting to acquire shared lock on daemon addresses registry.
2025-10-19T16:59:44.846-0500 [DEBUG] [org.gradle.cache.internal.DefaultFileLockManager] Lock acquired on daemon addresses registry.
2025-10-19T16:59:44.846-0500 [DEBUG] [org.gradle.cache.internal.DefaultFileLockManager] Releasing lock on daemon addresses registry.
2025-10-19T16:59:45.856-0500 [DEBUG] [org.gradle.process.internal.health.memory.DefaultMemoryManager] 841566208 physical memory requested, 589074432 free
2025-10-19T16:59:45.870-0500 [DEBUG] [org.gradle.workers.internal.WorkerDaemonExpiration] Will attempt to release 802 of memory
2025-10-19T16:59:45.870-0500 [DEBUG] [org.gradle.process.internal.health.memory.DefaultMemoryManager] 841566208 physical memory requested, 0 released, 589074432 free
2025-10-19T16:59:50.861-0500 [DEBUG] [org.gradle.process.internal.health.memory.DefaultMemoryManager] 841566208 physical memory requested, 589934592 free
2025-10-19T16:59:50.861-0500 [DEBUG] [org.gradle.workers.internal.WorkerDaemonExpiration] Will attempt to release 802 of memory
2025-10-19T16:59:50.861-0500 [DEBUG] [org.gradle.process.internal.health.memory.DefaultMemoryManager] 841566208 physical memory requested, 0 released, 589934592 free
2025-10-19T16:59:54.838-0500 [DEBUG] [org.gradle.cache.internal.DefaultFileLockManager] Waiting to acquire shared lock on daemon addresses registry.
2025-10-19T16:59:54.839-0500 [DEBUG] [org.gradle.cache.internal.DefaultFileLockManager] Lock acquired on daemon addresses registry.
2025-10-19T16:59:54.841-0500 [DEBUG] [org.gradle.cache.internal.DefaultFileLockManager] Releasing lock on daemon addresses registry.
2025-10-19T16:59:54.844-0500 [DEBUG] [org.gradle.cache.internal.DefaultFileLockManager] Waiting to acquire shared lock on daemon addresses registry.
2025-10-19T16:59:54.844-0500 [DEBUG] [org.gradle.cache.internal.DefaultFileLockManager] Lock acquired on daemon addresses registry.
2025-10-19T16:59:54.845-0500 [DEBUG] [org.gradle.cache.internal.DefaultFileLockManager] Releasing lock on daemon addresses registry.
2025-10-19T16:59:54.846-0500 [DEBUG] [org.gradle.cache.internal.DefaultFileLockManager] Waiting to acquire shared lock on daemon addresses registry.
2025-10-19T16:59:54.846-0500 [DEBUG] [org.gradle.cache.internal.DefaultFileLockManager] Lock acquired on daemon addresses registry.
2025-10-19T16:59:54.847-0500 [DEBUG] [org.gradle.cache.internal.DefaultFileLockManager] Releasing lock on daemon addresses registry.
2025-10-19T16:59:55.857-0500 [DEBUG] [org.gradle.process.internal.health.memory.DefaultMemoryManager] 841566208 physical memory requested, 547037184 free
2025-10-19T16:59:55.859-0500 [DEBUG] [org.gradle.workers.internal.WorkerDaemonExpiration] Will attempt to release 802 of memory
2025-10-19T16:59:55.859-0500 [DEBUG] [org.gradle.process.internal.health.memory.DefaultMemoryManager] 841566208 physical memory requested, 0 released, 547037184 free
2025-10-19T17:00:04.846-0500 [DEBUG] [org.gradle.cache.internal.DefaultFileLockManager] Waiting to acquire shared lock on daemon addresses registry.
2025-10-19T17:00:04.863-0500 [DEBUG] [org.gradle.cache.internal.DefaultFileLockManager] Lock acquired on daemon addresses registry.
2025-10-19T17:00:04.864-0500 [DEBUG] [org.gradle.cache.internal.DefaultFileLockManager] Releasing lock on daemon addresses registry.
2025-10-19T17:00:04.867-0500 [DEBUG] [org.gradle.cache.internal.DefaultFileLockManager] Waiting to acquire shared lock on daemon addresses registry.
2025-10-19T17:00:04.868-0500 [DEBUG] [org.gradle.cache.internal.DefaultFileLockManager] Lock acquired on daemon addresses registry.
2025-10-19T17:00:04.870-0500 [DEBUG] [org.gradle.cache.internal.DefaultFileLockManager] Releasing lock on daemon addresses registry.
2025-10-19T17:00:04.874-0500 [DEBUG] [org.gradle.cache.internal.DefaultFileLockManager] Waiting to acquire shared lock on daemon addresses registry.
2025-10-19T17:00:04.874-0500 [DEBUG] [org.gradle.cache.internal.DefaultFileLockManager] Lock acquired on daemon addresses registry.
2025-10-19T17:00:04.875-0500 [DEBUG] [org.gradle.cache.internal.DefaultFileLockManager] Releasing lock on daemon addresses registry.
2025-10-19T17:00:14.842-0500 [DEBUG] [org.gradle.cache.internal.DefaultFileLockManager] Waiting to acquire shared lock on daemon addresses registry.
2025-10-19T17:00:14.843-0500 [DEBUG] [org.gradle.cache.internal.DefaultFileLockManager] Lock acquired on daemon addresses registry.
2025-10-19T17:00:14.843-0500 [DEBUG] [org.gradle.cache.internal.DefaultFileLockManager] Releasing lock on daemon addresses registry.
2025-10-19T17:00:14.845-0500 [DEBUG] [org.gradle.cache.internal.DefaultFileLockManager] Waiting to acquire shared lock on daemon addresses registry.
2025-10-19T17:00:14.845-0500 [DEBUG] [org.gradle.cache.internal.DefaultFileLockManager] Lock acquired on daemon addresses registry.
2025-10-19T17:00:14.845-0500 [DEBUG] [org.gradle.cache.internal.DefaultFileLockManager] Releasing lock on daemon addresses registry.
2025-10-19T17:00:14.847-0500 [DEBUG] [org.gradle.cache.internal.DefaultFileLockManager] Waiting to acquire shared lock on daemon addresses registry.
2025-10-19T17:00:14.847-0500 [DEBUG] [org.gradle.cache.internal.DefaultFileLockManager] Lock acquired on daemon addresses registry.
2025-10-19T17:00:14.847-0500 [DEBUG] [org.gradle.cache.internal.DefaultFileLockManager] Releasing lock on daemon addresses registry.
2025-10-19T17:00:24.848-0500 [DEBUG] [org.gradle.cache.internal.DefaultFileLockManager] Waiting to acquire shared lock on daemon addresses registry.
2025-10-19T17:00:24.848-0500 [DEBUG] [org.gradle.cache.internal.DefaultFileLockManager] Lock acquired on daemon addresses registry.
2025-10-19T17:00:24.863-0500 [DEBUG] [org.gradle.cache.internal.DefaultFileLockManager] Releasing lock on daemon addresses registry.
2025-10-19T17:00:24.867-0500 [DEBUG] [org.gradle.cache.internal.DefaultFileLockManager] Waiting to acquire shared lock on daemon addresses registry.
2025-10-19T17:00:24.868-0500 [DEBUG] [org.gradle.cache.internal.DefaultFileLockManager] Lock acquired on daemon addresses registry.
2025-10-19T17:00:24.869-0500 [DEBUG] [org.gradle.cache.internal.DefaultFileLockManager] Releasing lock on daemon addresses registry.
2025-10-19T17:00:24.874-0500 [DEBUG] [org.gradle.cache.internal.DefaultFileLockManager] Waiting to acquire shared lock on daemon addresses registry.
2025-10-19T17:00:24.874-0500 [DEBUG] [org.gradle.cache.internal.DefaultFileLockManager] Lock acquired on daemon addresses registry.
2025-10-19T17:00:24.875-0500 [DEBUG] [org.gradle.cache.internal.DefaultFileLockManager] Releasing lock on daemon addresses registry.
2025-10-19T17:00:34.853-0500 [DEBUG] [org.gradle.cache.internal.DefaultFileLockManager] Waiting to acquire shared lock on daemon addresses registry.
2025-10-19T17:00:34.853-0500 [DEBUG] [org.gradle.cache.internal.DefaultFileLockManager] Lock acquired on daemon addresses registry.
2025-10-19T17:00:34.854-0500 [DEBUG] [org.gradle.cache.internal.DefaultFileLockManager] Releasing lock on daemon addresses registry.
2025-10-19T17:00:34.859-0500 [DEBUG] [org.gradle.cache.internal.DefaultFileLockManager] Waiting to acquire shared lock on daemon addresses registry.
2025-10-19T17:00:34.859-0500 [DEBUG] [org.gradle.cache.internal.DefaultFileLockManager] Lock acquired on daemon addresses registry.
2025-10-19T17:00:34.860-0500 [DEBUG] [org.gradle.cache.internal.DefaultFileLockManager] Releasing lock on daemon addresses registry.
2025-10-19T17:00:34.864-0500 [DEBUG] [org.gradle.cache.internal.DefaultFileLockManager] Waiting to acquire shared lock on daemon addresses registry.
2025-10-19T17:00:34.865-0500 [DEBUG] [org.gradle.cache.internal.DefaultFileLockManager] Lock acquired on daemon addresses registry.
2025-10-19T17:00:34.866-0500 [DEBUG] [org.gradle.cache.internal.DefaultFileLockManager] Releasing lock on daemon addresses registry.
2025-10-19T17:00:44.854-0500 [DEBUG] [org.gradle.cache.internal.DefaultFileLockManager] Waiting to acquire shared lock on daemon addresses registry.
2025-10-19T17:00:44.854-0500 [DEBUG] [org.gradle.cache.internal.DefaultFileLockManager] Lock acquired on daemon addresses registry.
2025-10-19T17:00:44.855-0500 [DEBUG] [org.gradle.cache.internal.DefaultFileLockManager] Releasing lock on daemon addresses registry.
2025-10-19T17:00:44.860-0500 [DEBUG] [org.gradle.cache.internal.DefaultFileLockManager] Waiting to acquire shared lock on daemon addresses registry.
2025-10-19T17:00:44.860-0500 [DEBUG] [org.gradle.cache.internal.DefaultFileLockManager] Lock acquired on daemon addresses registry.
2025-10-19T17:00:44.861-0500 [DEBUG] [org.gradle.cache.internal.DefaultFileLockManager] Releasing lock on daemon addresses registry.
2025-10-19T17:00:44.866-0500 [DEBUG] [org.gradle.cache.internal.DefaultFileLockManager] Waiting to acquire shared lock on daemon addresses registry.
2025-10-19T17:00:44.866-0500 [DEBUG] [org.gradle.cache.internal.DefaultFileLockManager] Lock acquired on daemon addresses registry.
2025-10-19T17:00:44.867-0500 [DEBUG] [org.gradle.cache.internal.DefaultFileLockManager] Releasing lock on daemon addresses registry.
2025-10-19T17:00:54.845-0500 [DEBUG] [org.gradle.cache.internal.DefaultFileLockManager] Waiting to acquire shared lock on daemon addresses registry.
2025-10-19T17:00:54.845-0500 [DEBUG] [org.gradle.cache.internal.DefaultFileLockManager] Lock acquired on daemon addresses registry.
2025-10-19T17:00:54.845-0500 [DEBUG] [org.gradle.cache.internal.DefaultFileLockManager] Releasing lock on daemon addresses registry.
2025-10-19T17:00:54.847-0500 [DEBUG] [org.gradle.cache.internal.DefaultFileLockManager] Waiting to acquire shared lock on daemon addresses registry.
2025-10-19T17:00:54.847-0500 [DEBUG] [org.gradle.cache.internal.DefaultFileLockManager] Lock acquired on daemon addresses registry.
2025-10-19T17:00:54.847-0500 [DEBUG] [org.gradle.cache.internal.DefaultFileLockManager] Releasing lock on daemon addresses registry.
2025-10-19T17:00:54.849-0500 [DEBUG] [org.gradle.cache.internal.DefaultFileLockManager] Waiting to acquire shared lock on daemon addresses registry.
2025-10-19T17:00:54.850-0500 [DEBUG] [org.gradle.cache.internal.DefaultFileLockManager] Lock acquired on daemon addresses registry.
2025-10-19T17:00:54.850-0500 [DEBUG] [org.gradle.cache.internal.DefaultFileLockManager] Releasing lock on daemon addresses registry.
2025-10-19T17:01:04.844-0500 [DEBUG] [org.gradle.cache.internal.DefaultFileLockManager] Waiting to acquire shared lock on daemon addresses registry.
2025-10-19T17:01:04.845-0500 [DEBUG] [org.gradle.cache.internal.DefaultFileLockManager] Lock acquired on daemon addresses registry.
2025-10-19T17:01:04.846-0500 [DEBUG] [org.gradle.cache.internal.DefaultFileLockManager] Releasing lock on daemon addresses registry.
2025-10-19T17:01:04.851-0500 [DEBUG] [org.gradle.cache.internal.DefaultFileLockManager] Waiting to acquire shared lock on daemon addresses registry.
2025-10-19T17:01:04.851-0500 [DEBUG] [org.gradle.cache.internal.DefaultFileLockManager] Lock acquired on daemon addresses registry.
2025-10-19T17:01:04.853-0500 [DEBUG] [org.gradle.cache.internal.DefaultFileLockManager] Releasing lock on daemon addresses registry.
2025-10-19T17:01:04.857-0500 [DEBUG] [org.gradle.cache.internal.DefaultFileLockManager] Waiting to acquire shared lock on daemon addresses registry.
2025-10-19T17:01:04.858-0500 [DEBUG] [org.gradle.cache.internal.DefaultFileLockManager] Lock acquired on daemon addresses registry.
2025-10-19T17:01:04.859-0500 [DEBUG] [org.gradle.cache.internal.DefaultFileLockManager] Releasing lock on daemon addresses registry.
2025-10-19T17:01:14.844-0500 [DEBUG] [org.gradle.cache.internal.DefaultFileLockManager] Waiting to acquire shared lock on daemon addresses registry.
2025-10-19T17:01:14.844-0500 [DEBUG] [org.gradle.cache.internal.DefaultFileLockManager] Lock acquired on daemon addresses registry.
2025-10-19T17:01:14.844-0500 [DEBUG] [org.gradle.cache.internal.DefaultFileLockManager] Releasing lock on daemon addresses registry.
2025-10-19T17:01:14.846-0500 [DEBUG] [org.gradle.cache.internal.DefaultFileLockManager] Waiting to acquire shared lock on daemon addresses registry.
2025-10-19T17:01:14.846-0500 [DEBUG] [org.gradle.cache.internal.DefaultFileLockManager] Lock acquired on daemon addresses registry.
2025-10-19T17:01:14.847-0500 [DEBUG] [org.gradle.cache.internal.DefaultFileLockManager] Releasing lock on daemon addresses registry.
2025-10-19T17:01:14.848-0500 [DEBUG] [org.gradle.cache.internal.DefaultFileLockManager] Waiting to acquire shared lock on daemon addresses registry.
2025-10-19T17:01:14.848-0500 [DEBUG] [org.gradle.cache.internal.DefaultFileLockManager] Lock acquired on daemon addresses registry.
2025-10-19T17:01:14.848-0500 [DEBUG] [org.gradle.cache.internal.DefaultFileLockManager] Releasing lock on daemon addresses registry.
2025-10-19T17:01:24.840-0500 [DEBUG] [org.gradle.cache.internal.DefaultFileLockManager] Waiting to acquire shared lock on daemon addresses registry.
2025-10-19T17:01:24.840-0500 [DEBUG] [org.gradle.cache.internal.DefaultFileLockManager] Lock acquired on daemon addresses registry.
2025-10-19T17:01:24.840-0500 [DEBUG] [org.gradle.cache.internal.DefaultFileLockManager] Releasing lock on daemon addresses registry.
2025-10-19T17:01:24.843-0500 [DEBUG] [org.gradle.cache.internal.DefaultFileLockManager] Waiting to acquire shared lock on daemon addresses registry.
2025-10-19T17:01:24.843-0500 [DEBUG] [org.gradle.cache.internal.DefaultFileLockManager] Lock acquired on daemon addresses registry.
2025-10-19T17:01:24.844-0500 [DEBUG] [org.gradle.cache.internal.DefaultFileLockManager] Releasing lock on daemon addresses registry.
2025-10-19T17:01:24.846-0500 [DEBUG] [org.gradle.cache.internal.DefaultFileLockManager] Waiting to acquire shared lock on daemon addresses registry.
2025-10-19T17:01:24.846-0500 [DEBUG] [org.gradle.cache.internal.DefaultFileLockManager] Lock acquired on daemon addresses registry.
2025-10-19T17:01:24.847-0500 [DEBUG] [org.gradle.cache.internal.DefaultFileLockManager] Releasing lock on daemon addresses registry.
2025-10-19T17:01:34.847-0500 [DEBUG] [org.gradle.cache.internal.DefaultFileLockManager] Waiting to acquire shared lock on daemon addresses registry.
2025-10-19T17:01:34.847-0500 [DEBUG] [org.gradle.cache.internal.DefaultFileLockManager] Lock acquired on daemon addresses registry.
2025-10-19T17:01:34.847-0500 [DEBUG] [org.gradle.cache.internal.DefaultFileLockManager] Releasing lock on daemon addresses registry.
2025-10-19T17:01:34.849-0500 [DEBUG] [org.gradle.cache.internal.DefaultFileLockManager] Waiting to acquire shared lock on daemon addresses registry.
2025-10-19T17:01:34.849-0500 [DEBUG] [org.gradle.cache.internal.DefaultFileLockManager] Lock acquired on daemon addresses registry.
2025-10-19T17:01:34.850-0500 [DEBUG] [org.gradle.cache.internal.DefaultFileLockManager] Releasing lock on daemon addresses registry.
2025-10-19T17:01:34.852-0500 [DEBUG] [org.gradle.cache.internal.DefaultFileLockManager] Waiting to acquire shared lock on daemon addresses registry.
2025-10-19T17:01:34.852-0500 [DEBUG] [org.gradle.cache.internal.DefaultFileLockManager] Lock acquired on daemon addresses registry.
2025-10-19T17:01:34.852-0500 [DEBUG] [org.gradle.cache.internal.DefaultFileLockManager] Releasing lock on daemon addresses registry.
2025-10-19T17:01:44.849-0500 [DEBUG] [org.gradle.cache.internal.DefaultFileLockManager] Waiting to acquire shared lock on daemon addresses registry.
2025-10-19T17:01:44.850-0500 [DEBUG] [org.gradle.cache.internal.DefaultFileLockManager] Lock acquired on daemon addresses registry.
2025-10-19T17:01:44.850-0500 [DEBUG] [org.gradle.cache.internal.DefaultFileLockManager] Releasing lock on daemon addresses registry.
2025-10-19T17:01:44.852-0500 [DEBUG] [org.gradle.cache.internal.DefaultFileLockManager] Waiting to acquire shared lock on daemon addresses registry.
2025-10-19T17:01:44.852-0500 [DEBUG] [org.gradle.cache.internal.DefaultFileLockManager] Lock acquired on daemon addresses registry.
2025-10-19T17:01:44.853-0500 [DEBUG] [org.gradle.cache.internal.DefaultFileLockManager] Releasing lock on daemon addresses registry.
2025-10-19T17:01:44.855-0500 [DEBUG] [org.gradle.cache.internal.DefaultFileLockManager] Waiting to acquire shared lock on daemon addresses registry.
2025-10-19T17:01:44.855-0500 [DEBUG] [org.gradle.cache.internal.DefaultFileLockManager] Lock acquired on daemon addresses registry.
2025-10-19T17:01:44.856-0500 [DEBUG] [org.gradle.cache.internal.DefaultFileLockManager] Releasing lock on daemon addresses registry.
2025-10-19T17:01:54.850-0500 [DEBUG] [org.gradle.cache.internal.DefaultFileLockManager] Waiting to acquire shared lock on daemon addresses registry.
2025-10-19T17:01:54.850-0500 [DEBUG] [org.gradle.cache.internal.DefaultFileLockManager] Lock acquired on daemon addresses registry.
2025-10-19T17:01:54.850-0500 [DEBUG] [org.gradle.cache.internal.DefaultFileLockManager] Releasing lock on daemon addresses registry.
2025-10-19T17:01:54.851-0500 [DEBUG] [org.gradle.cache.internal.DefaultFileLockManager] Waiting to acquire shared lock on daemon addresses registry.
2025-10-19T17:01:54.851-0500 [DEBUG] [org.gradle.cache.internal.DefaultFileLockManager] Lock acquired on daemon addresses registry.
2025-10-19T17:01:54.852-0500 [DEBUG] [org.gradle.cache.internal.DefaultFileLockManager] Releasing lock on daemon addresses registry.
2025-10-19T17:01:54.853-0500 [DEBUG] [org.gradle.cache.internal.DefaultFileLockManager] Waiting to acquire shared lock on daemon addresses registry.
2025-10-19T17:01:54.853-0500 [DEBUG] [org.gradle.cache.internal.DefaultFileLockManager] Lock acquired on daemon addresses registry.
2025-10-19T17:01:54.853-0500 [DEBUG] [org.gradle.cache.internal.DefaultFileLockManager] Releasing lock on daemon addresses registry.
2025-10-19T17:02:00.868-0500 [DEBUG] [org.gradle.process.internal.health.memory.DefaultMemoryManager] 841566208 physical memory requested, 835674112 free
2025-10-19T17:02:00.868-0500 [DEBUG] [org.gradle.workers.internal.WorkerDaemonExpiration] Will attempt to release 802 of memory
2025-10-19T17:02:00.882-0500 [DEBUG] [org.gradle.process.internal.health.memory.DefaultMemoryManager] 841566208 physical memory requested, 0 released, 835674112 free
2025-10-19T17:02:04.842-0500 [DEBUG] [org.gradle.cache.internal.DefaultFileLockManager] Waiting to acquire shared lock on daemon addresses registry.
2025-10-19T17:02:04.842-0500 [DEBUG] [org.gradle.cache.internal.DefaultFileLockManager] Lock acquired on daemon addresses registry.
2025-10-19T17:02:04.843-0500 [DEBUG] [org.gradle.cache.internal.DefaultFileLockManager] Releasing lock on daemon addresses registry.
2025-10-19T17:02:04.848-0500 [DEBUG] [org.gradle.cache.internal.DefaultFileLockManager] Waiting to acquire shared lock on daemon addresses registry.
2025-10-19T17:02:04.849-0500 [DEBUG] [org.gradle.cache.internal.DefaultFileLockManager] Lock acquired on daemon addresses registry.
2025-10-19T17:02:04.864-0500 [DEBUG] [org.gradle.cache.internal.DefaultFileLockManager] Releasing lock on daemon addresses registry.
2025-10-19T17:02:04.868-0500 [DEBUG] [org.gradle.cache.internal.DefaultFileLockManager] Waiting to acquire shared lock on daemon addresses registry.
2025-10-19T17:02:04.868-0500 [DEBUG] [org.gradle.cache.internal.DefaultFileLockManager] Lock acquired on daemon addresses registry.
2025-10-19T17:02:04.869-0500 [DEBUG] [org.gradle.cache.internal.DefaultFileLockManager] Releasing lock on daemon addresses registry.
2025-10-19T17:02:05.866-0500 [DEBUG] [org.gradle.process.internal.health.memory.DefaultMemoryManager] 841566208 physical memory requested, 830169088 free
2025-10-19T17:02:05.866-0500 [DEBUG] [org.gradle.workers.internal.WorkerDaemonExpiration] Will attempt to release 802 of memory
2025-10-19T17:02:05.866-0500 [DEBUG] [org.gradle.process.internal.health.memory.DefaultMemoryManager] 841566208 physical memory requested, 0 released, 830169088 free
2025-10-19T17:02:10.856-0500 [DEBUG] [org.gradle.process.internal.health.memory.DefaultMemoryManager] 841566208 physical memory requested, 792313856 free
2025-10-19T17:02:10.856-0500 [DEBUG] [org.gradle.workers.internal.WorkerDaemonExpiration] Will attempt to release 802 of memory
2025-10-19T17:02:10.856-0500 [DEBUG] [org.gradle.process.internal.health.memory.DefaultMemoryManager] 841566208 physical memory requested, 0 released, 792313856 free
2025-10-19T17:02:14.867-0500 [DEBUG] [org.gradle.cache.internal.DefaultFileLockManager] Waiting to acquire shared lock on daemon addresses registry.
2025-10-19T17:02:14.867-0500 [DEBUG] [org.gradle.cache.internal.DefaultFileLockManager] Lock acquired on daemon addresses registry.
2025-10-19T17:02:14.867-0500 [DEBUG] [org.gradle.cache.internal.DefaultFileLockManager] Releasing lock on daemon addresses registry.
2025-10-19T17:02:14.870-0500 [DEBUG] [org.gradle.cache.internal.DefaultFileLockManager] Waiting to acquire shared lock on daemon addresses registry.
2025-10-19T17:02:14.871-0500 [DEBUG] [org.gradle.cache.internal.DefaultFileLockManager] Lock acquired on daemon addresses registry.
2025-10-19T17:02:14.871-0500 [DEBUG] [org.gradle.cache.internal.DefaultFileLockManager] Releasing lock on daemon addresses registry.
2025-10-19T17:02:14.873-0500 [DEBUG] [org.gradle.cache.internal.DefaultFileLockManager] Waiting to acquire shared lock on daemon addresses registry.
2025-10-19T17:02:14.874-0500 [DEBUG] [org.gradle.cache.internal.DefaultFileLockManager] Lock acquired on daemon addresses registry.
2025-10-19T17:02:14.874-0500 [DEBUG] [org.gradle.cache.internal.DefaultFileLockManager] Releasing lock on daemon addresses registry.
2025-10-19T17:02:24.844-0500 [DEBUG] [org.gradle.cache.internal.DefaultFileLockManager] Waiting to acquire shared lock on daemon addresses registry.
2025-10-19T17:02:24.845-0500 [DEBUG] [org.gradle.cache.internal.DefaultFileLockManager] Lock acquired on daemon addresses registry.
2025-10-19T17:02:24.845-0500 [DEBUG] [org.gradle.cache.internal.DefaultFileLockManager] Releasing lock on daemon addresses registry.
2025-10-19T17:02:24.846-0500 [DEBUG] [org.gradle.cache.internal.DefaultFileLockManager] Waiting to acquire shared lock on daemon addresses registry.
2025-10-19T17:02:24.846-0500 [DEBUG] [org.gradle.cache.internal.DefaultFileLockManager] Lock acquired on daemon addresses registry.
2025-10-19T17:02:24.846-0500 [DEBUG] [org.gradle.cache.internal.DefaultFileLockManager] Releasing lock on daemon addresses registry.
2025-10-19T17:02:24.848-0500 [DEBUG] [org.gradle.cache.internal.DefaultFileLockManager] Waiting to acquire shared lock on daemon addresses registry.
2025-10-19T17:02:24.848-0500 [DEBUG] [org.gradle.cache.internal.DefaultFileLockManager] Lock acquired on daemon addresses registry.
2025-10-19T17:02:24.848-0500 [DEBUG] [org.gradle.cache.internal.DefaultFileLockManager] Releasing lock on daemon addresses registry.
2025-10-19T17:02:30.856-0500 [DEBUG] [org.gradle.process.internal.health.memory.DefaultMemoryManager] 841566208 physical memory requested, 835469312 free
2025-10-19T17:02:30.871-0500 [DEBUG] [org.gradle.workers.internal.WorkerDaemonExpiration] Will attempt to release 802 of memory
2025-10-19T17:02:30.871-0500 [DEBUG] [org.gradle.process.internal.health.memory.DefaultMemoryManager] 841566208 physical memory requested, 0 released, 835469312 free
2025-10-19T17:02:34.839-0500 [DEBUG] [org.gradle.cache.internal.DefaultFileLockManager] Waiting to acquire shared lock on daemon addresses registry.
2025-10-19T17:02:34.840-0500 [DEBUG] [org.gradle.cache.internal.DefaultFileLockManager] Lock acquired on daemon addresses registry.
2025-10-19T17:02:34.840-0500 [DEBUG] [org.gradle.cache.internal.DefaultFileLockManager] Releasing lock on daemon addresses registry.
2025-10-19T17:02:34.841-0500 [DEBUG] [org.gradle.cache.internal.DefaultFileLockManager] Waiting to acquire shared lock on daemon addresses registry.
2025-10-19T17:02:34.842-0500 [DEBUG] [org.gradle.cache.internal.DefaultFileLockManager] Lock acquired on daemon addresses registry.
2025-10-19T17:02:34.842-0500 [DEBUG] [org.gradle.cache.internal.DefaultFileLockManager] Releasing lock on daemon addresses registry.
2025-10-19T17:02:34.844-0500 [DEBUG] [org.gradle.cache.internal.DefaultFileLockManager] Waiting to acquire shared lock on daemon addresses registry.
2025-10-19T17:02:34.844-0500 [DEBUG] [org.gradle.cache.internal.DefaultFileLockManager] Lock acquired on daemon addresses registry.
2025-10-19T17:02:34.844-0500 [DEBUG] [org.gradle.cache.internal.DefaultFileLockManager] Releasing lock on daemon addresses registry.
2025-10-19T17:02:35.856-0500 [DEBUG] [org.gradle.process.internal.health.memory.DefaultMemoryManager] 841566208 physical memory requested, 781733888 free
2025-10-19T17:02:35.856-0500 [DEBUG] [org.gradle.workers.internal.WorkerDaemonExpiration] Will attempt to release 802 of memory
2025-10-19T17:02:35.856-0500 [DEBUG] [org.gradle.process.internal.health.memory.DefaultMemoryManager] 841566208 physical memory requested, 0 released, 781733888 free
2025-10-19T17:02:40.866-0500 [DEBUG] [org.gradle.process.internal.health.memory.DefaultMemoryManager] 841566208 physical memory requested, 728580096 free
2025-10-19T17:02:40.866-0500 [DEBUG] [org.gradle.workers.internal.WorkerDaemonExpiration] Will attempt to release 802 of memory
2025-10-19T17:02:40.866-0500 [DEBUG] [org.gradle.process.internal.health.memory.DefaultMemoryManager] 841566208 physical memory requested, 0 released, 728580096 free
2025-10-19T17:02:44.850-0500 [DEBUG] [org.gradle.cache.internal.DefaultFileLockManager] Waiting to acquire shared lock on daemon addresses registry.
2025-10-19T17:02:44.851-0500 [DEBUG] [org.gradle.cache.internal.DefaultFileLockManager] Lock acquired on daemon addresses registry.
2025-10-19T17:02:44.853-0500 [DEBUG] [org.gradle.cache.internal.DefaultFileLockManager] Releasing lock on daemon addresses registry.
2025-10-19T17:02:44.860-0500 [DEBUG] [org.gradle.cache.internal.DefaultFileLockManager] Waiting to acquire shared lock on daemon addresses registry.
2025-10-19T17:02:44.860-0500 [DEBUG] [org.gradle.cache.internal.DefaultFileLockManager] Lock acquired on daemon addresses registry.
2025-10-19T17:02:44.861-0500 [DEBUG] [org.gradle.cache.internal.DefaultFileLockManager] Releasing lock on daemon addresses registry.
2025-10-19T17:02:44.865-0500 [DEBUG] [org.gradle.cache.internal.DefaultFileLockManager] Waiting to acquire shared lock on daemon addresses registry.
2025-10-19T17:02:44.866-0500 [DEBUG] [org.gradle.cache.internal.DefaultFileLockManager] Lock acquired on daemon addresses registry.
2025-10-19T17:02:44.867-0500 [DEBUG] [org.gradle.cache.internal.DefaultFileLockManager] Releasing lock on daemon addresses registry.
2025-10-19T17:02:45.855-0500 [DEBUG] [org.gradle.process.internal.health.memory.DefaultMemoryManager] 841566208 physical memory requested, 678887424 free
2025-10-19T17:02:45.856-0500 [DEBUG] [org.gradle.workers.internal.WorkerDaemonExpiration] Will attempt to release 802 of memory
2025-10-19T17:02:45.856-0500 [DEBUG] [org.gradle.process.internal.health.memory.DefaultMemoryManager] 841566208 physical memory requested, 0 released, 678887424 free
2025-10-19T17:02:50.866-0500 [DEBUG] [org.gradle.process.internal.health.memory.DefaultMemoryManager] 841566208 physical memory requested, 607301632 free
2025-10-19T17:02:50.866-0500 [DEBUG] [org.gradle.workers.internal.WorkerDaemonExpiration] Will attempt to release 802 of memory
2025-10-19T17:02:50.866-0500 [DEBUG] [org.gradle.process.internal.health.memory.DefaultMemoryManager] 841566208 physical memory requested, 0 released, 607301632 free
2025-10-19T17:02:54.840-0500 [DEBUG] [org.gradle.cache.internal.DefaultFileLockManager] Waiting to acquire shared lock on daemon addresses registry.
2025-10-19T17:02:54.840-0500 [DEBUG] [org.gradle.cache.internal.DefaultFileLockManager] Lock acquired on daemon addresses registry.
2025-10-19T17:02:54.857-0500 [DEBUG] [org.gradle.cache.internal.DefaultFileLockManager] Releasing lock on daemon addresses registry.
2025-10-19T17:02:54.861-0500 [DEBUG] [org.gradle.cache.internal.DefaultFileLockManager] Waiting to acquire shared lock on daemon addresses registry.
2025-10-19T17:02:54.861-0500 [DEBUG] [org.gradle.cache.internal.DefaultFileLockManager] Lock acquired on daemon addresses registry.
2025-10-19T17:02:54.862-0500 [DEBUG] [org.gradle.cache.internal.DefaultFileLockManager] Releasing lock on daemon addresses registry.
2025-10-19T17:02:54.865-0500 [DEBUG] [org.gradle.cache.internal.DefaultFileLockManager] Waiting to acquire shared lock on daemon addresses registry.
2025-10-19T17:02:54.865-0500 [DEBUG] [org.gradle.cache.internal.DefaultFileLockManager] Lock acquired on daemon addresses registry.
2025-10-19T17:02:54.866-0500 [DEBUG] [org.gradle.cache.internal.DefaultFileLockManager] Releasing lock on daemon addresses registry.
2025-10-19T17:02:55.869-0500 [DEBUG] [org.gradle.process.internal.health.memory.DefaultMemoryManager] 841566208 physical memory requested, 592003072 free
2025-10-19T17:02:55.869-0500 [DEBUG] [org.gradle.workers.internal.WorkerDaemonExpiration] Will attempt to release 802 of memory
2025-10-19T17:02:55.869-0500 [DEBUG] [org.gradle.process.internal.health.memory.DefaultMemoryManager] 841566208 physical memory requested, 0 released, 592003072 free
2025-10-19T17:03:00.861-0500 [DEBUG] [org.gradle.process.internal.health.memory.DefaultMemoryManager] 841566208 physical memory requested, 489861120 free
2025-10-19T17:03:00.861-0500 [DEBUG] [org.gradle.workers.internal.WorkerDaemonExpiration] Will attempt to release 802 of memory
2025-10-19T17:03:00.861-0500 [DEBUG] [org.gradle.process.internal.health.memory.DefaultMemoryManager] 841566208 physical memory requested, 0 released, 489861120 free
2025-10-19T17:03:04.853-0500 [DEBUG] [org.gradle.cache.internal.DefaultFileLockManager] Waiting to acquire shared lock on daemon addresses registry.
2025-10-19T17:03:04.854-0500 [DEBUG] [org.gradle.cache.internal.DefaultFileLockManager] Lock acquired on daemon addresses registry.
2025-10-19T17:03:04.855-0500 [DEBUG] [org.gradle.cache.internal.DefaultFileLockManager] Releasing lock on daemon addresses registry.
2025-10-19T17:03:04.860-0500 [DEBUG] [org.gradle.cache.internal.DefaultFileLockManager] Waiting to acquire shared lock on daemon addresses registry.
2025-10-19T17:03:04.860-0500 [DEBUG] [org.gradle.cache.internal.DefaultFileLockManager] Lock acquired on daemon addresses registry.
2025-10-19T17:03:04.861-0500 [DEBUG] [org.gradle.cache.internal.DefaultFileLockManager] Releasing lock on daemon addresses registry.
2025-10-19T17:03:04.866-0500 [DEBUG] [org.gradle.cache.internal.DefaultFileLockManager] Waiting to acquire shared lock on daemon addresses registry.
2025-10-19T17:03:04.867-0500 [DEBUG] [org.gradle.cache.internal.DefaultFileLockManager] Lock acquired on daemon addresses registry.
2025-10-19T17:03:04.868-0500 [DEBUG] [org.gradle.cache.internal.DefaultFileLockManager] Releasing lock on daemon addresses registry.
2025-10-19T17:03:05.862-0500 [DEBUG] [org.gradle.process.internal.health.memory.DefaultMemoryManager] 841566208 physical memory requested, 617119744 free
2025-10-19T17:03:05.862-0500 [DEBUG] [org.gradle.workers.internal.WorkerDaemonExpiration] Will attempt to release 802 of memory
2025-10-19T17:03:05.863-0500 [DEBUG] [org.gradle.process.internal.health.memory.DefaultMemoryManager] 841566208 physical memory requested, 0 released, 617119744 free
2025-10-19T17:03:10.863-0500 [DEBUG] [org.gradle.process.internal.health.memory.DefaultMemoryManager] 841566208 physical memory requested, 614117376 free
2025-10-19T17:03:10.864-0500 [DEBUG] [org.gradle.workers.internal.WorkerDaemonExpiration] Will attempt to release 802 of memory
2025-10-19T17:03:10.864-0500 [DEBUG] [org.gradle.process.internal.health.memory.DefaultMemoryManager] 841566208 physical memory requested, 0 released, 614117376 free
2025-10-19T17:03:14.857-0500 [DEBUG] [org.gradle.cache.internal.DefaultFileLockManager] Waiting to acquire shared lock on daemon addresses registry.
2025-10-19T17:03:14.858-0500 [DEBUG] [org.gradle.cache.internal.DefaultFileLockManager] Lock acquired on daemon addresses registry.
2025-10-19T17:03:14.859-0500 [DEBUG] [org.gradle.cache.internal.DefaultFileLockManager] Releasing lock on daemon addresses registry.
2025-10-19T17:03:14.860-0500 [DEBUG] [org.gradle.cache.internal.DefaultFileLockManager] Waiting to acquire shared lock on daemon addresses registry.
2025-10-19T17:03:14.861-0500 [DEBUG] [org.gradle.cache.internal.DefaultFileLockManager] Lock acquired on daemon addresses registry.
2025-10-19T17:03:14.861-0500 [DEBUG] [org.gradle.cache.internal.DefaultFileLockManager] Releasing lock on daemon addresses registry.
2025-10-19T17:03:14.865-0500 [DEBUG] [org.gradle.cache.internal.DefaultFileLockManager] Waiting to acquire shared lock on daemon addresses registry.
2025-10-19T17:03:14.865-0500 [DEBUG] [org.gradle.cache.internal.DefaultFileLockManager] Lock acquired on daemon addresses registry.
2025-10-19T17:03:14.866-0500 [DEBUG] [org.gradle.cache.internal.DefaultFileLockManager] Releasing lock on daemon addresses registry.
2025-10-19T17:03:15.867-0500 [DEBUG] [org.gradle.process.internal.health.memory.DefaultMemoryManager] 841566208 physical memory requested, 634015744 free
2025-10-19T17:03:15.868-0500 [DEBUG] [org.gradle.workers.internal.WorkerDaemonExpiration] Will attempt to release 802 of memory
2025-10-19T17:03:15.868-0500 [DEBUG] [org.gradle.process.internal.health.memory.DefaultMemoryManager] 841566208 physical memory requested, 0 released, 634015744 free
2025-10-19T17:03:20.864-0500 [DEBUG] [org.gradle.process.internal.health.memory.DefaultMemoryManager] 841566208 physical memory requested, 674447360 free
2025-10-19T17:03:20.865-0500 [DEBUG] [org.gradle.workers.internal.WorkerDaemonExpiration] Will attempt to release 802 of memory
2025-10-19T17:03:20.865-0500 [DEBUG] [org.gradle.process.internal.health.memory.DefaultMemoryManager] 841566208 physical memory requested, 0 released, 674447360 free
2025-10-19T17:03:24.847-0500 [DEBUG] [org.gradle.cache.internal.DefaultFileLockManager] Waiting to acquire shared lock on daemon addresses registry.
2025-10-19T17:03:24.847-0500 [DEBUG] [org.gradle.cache.internal.DefaultFileLockManager] Lock acquired on daemon addresses registry.
2025-10-19T17:03:24.847-0500 [DEBUG] [org.gradle.cache.internal.DefaultFileLockManager] Releasing lock on daemon addresses registry.
2025-10-19T17:03:24.849-0500 [DEBUG] [org.gradle.cache.internal.DefaultFileLockManager] Waiting to acquire shared lock on daemon addresses registry.
2025-10-19T17:03:24.849-0500 [DEBUG] [org.gradle.cache.internal.DefaultFileLockManager] Lock acquired on daemon addresses registry.
2025-10-19T17:03:24.860-0500 [DEBUG] [org.gradle.cache.internal.DefaultFileLockManager] Releasing lock on daemon addresses registry.
2025-10-19T17:03:24.862-0500 [DEBUG] [org.gradle.cache.internal.DefaultFileLockManager] Waiting to acquire shared lock on daemon addresses registry.
2025-10-19T17:03:24.862-0500 [DEBUG] [org.gradle.cache.internal.DefaultFileLockManager] Lock acquired on daemon addresses registry.
2025-10-19T17:03:24.863-0500 [DEBUG] [org.gradle.cache.internal.DefaultFileLockManager] Releasing lock on daemon addresses registry.
2025-10-19T17:03:25.866-0500 [DEBUG] [org.gradle.process.internal.health.memory.DefaultMemoryManager] 841566208 physical memory requested, 750923776 free
2025-10-19T17:03:25.900-0500 [DEBUG] [org.gradle.workers.internal.WorkerDaemonExpiration] Will attempt to release 802 of memory
2025-10-19T17:03:25.917-0500 [DEBUG] [org.gradle.process.internal.health.memory.DefaultMemoryManager] 841566208 physical memory requested, 0 released, 750923776 free
2025-10-19T17:03:34.863-0500 [DEBUG] [org.gradle.cache.internal.DefaultFileLockManager] Waiting to acquire shared lock on daemon addresses registry.
2025-10-19T17:03:34.863-0500 [DEBUG] [org.gradle.cache.internal.DefaultFileLockManager] Lock acquired on daemon addresses registry.
2025-10-19T17:03:34.865-0500 [DEBUG] [org.gradle.cache.internal.DefaultFileLockManager] Releasing lock on daemon addresses registry.
2025-10-19T17:03:34.871-0500 [DEBUG] [org.gradle.cache.internal.DefaultFileLockManager] Waiting to acquire shared lock on daemon addresses registry.
2025-10-19T17:03:34.871-0500 [DEBUG] [org.gradle.cache.internal.DefaultFileLockManager] Lock acquired on daemon addresses registry.
2025-10-19T17:03:34.873-0500 [DEBUG] [org.gradle.cache.internal.DefaultFileLockManager] Releasing lock on daemon addresses registry.
2025-10-19T17:03:34.878-0500 [DEBUG] [org.gradle.cache.internal.DefaultFileLockManager] Waiting to acquire shared lock on daemon addresses registry.
2025-10-19T17:03:34.879-0500 [DEBUG] [org.gradle.cache.internal.DefaultFileLockManager] Lock acquired on daemon addresses registry.
2025-10-19T17:03:34.880-0500 [DEBUG] [org.gradle.cache.internal.DefaultFileLockManager] Releasing lock on daemon addresses registry.
2025-10-19T17:03:44.841-0500 [DEBUG] [org.gradle.cache.internal.DefaultFileLockManager] Waiting to acquire shared lock on daemon addresses registry.
2025-10-19T17:03:44.841-0500 [DEBUG] [org.gradle.cache.internal.DefaultFileLockManager] Lock acquired on daemon addresses registry.
2025-10-19T17:03:44.841-0500 [DEBUG] [org.gradle.cache.internal.DefaultFileLockManager] Releasing lock on daemon addresses registry.
2025-10-19T17:03:44.842-0500 [DEBUG] [org.gradle.cache.internal.DefaultFileLockManager] Waiting to acquire shared lock on daemon addresses registry.
2025-10-19T17:03:44.843-0500 [DEBUG] [org.gradle.cache.internal.DefaultFileLockManager] Lock acquired on daemon addresses registry.
2025-10-19T17:03:44.844-0500 [DEBUG] [org.gradle.cache.internal.DefaultFileLockManager] Releasing lock on daemon addresses registry.
2025-10-19T17:03:44.845-0500 [DEBUG] [org.gradle.cache.internal.DefaultFileLockManager] Waiting to acquire shared lock on daemon addresses registry.
2025-10-19T17:03:44.845-0500 [DEBUG] [org.gradle.cache.internal.DefaultFileLockManager] Lock acquired on daemon addresses registry.
2025-10-19T17:03:44.845-0500 [DEBUG] [org.gradle.cache.internal.DefaultFileLockManager] Releasing lock on daemon addresses registry.
2025-10-19T17:03:45.855-0500 [DEBUG] [org.gradle.process.internal.health.memory.DefaultMemoryManager] 841566208 physical memory requested, 797032448 free
2025-10-19T17:03:45.855-0500 [DEBUG] [org.gradle.workers.internal.WorkerDaemonExpiration] Will attempt to release 802 of memory
2025-10-19T17:03:45.873-0500 [DEBUG] [org.gradle.process.internal.health.memory.DefaultMemoryManager] 841566208 physical memory requested, 0 released, 797032448 free
2025-10-19T17:03:50.869-0500 [DEBUG] [org.gradle.process.internal.health.memory.DefaultMemoryManager] 841566208 physical memory requested, 783454208 free
2025-10-19T17:03:50.869-0500 [DEBUG] [org.gradle.workers.internal.WorkerDaemonExpiration] Will attempt to release 802 of memory
2025-10-19T17:03:50.869-0500 [DEBUG] [org.gradle.process.internal.health.memory.DefaultMemoryManager] 841566208 physical memory requested, 0 released, 783454208 free
2025-10-19T17:03:54.847-0500 [DEBUG] [org.gradle.cache.internal.DefaultFileLockManager] Waiting to acquire shared lock on daemon addresses registry.
2025-10-19T17:03:54.847-0500 [DEBUG] [org.gradle.cache.internal.DefaultFileLockManager] Lock acquired on daemon addresses registry.
2025-10-19T17:03:54.848-0500 [DEBUG] [org.gradle.cache.internal.DefaultFileLockManager] Releasing lock on daemon addresses registry.
2025-10-19T17:03:54.849-0500 [DEBUG] [org.gradle.cache.internal.DefaultFileLockManager] Waiting to acquire shared lock on daemon addresses registry.
2025-10-19T17:03:54.850-0500 [DEBUG] [org.gradle.cache.internal.DefaultFileLockManager] Lock acquired on daemon addresses registry.
2025-10-19T17:03:54.850-0500 [DEBUG] [org.gradle.cache.internal.DefaultFileLockManager] Releasing lock on daemon addresses registry.
2025-10-19T17:03:54.852-0500 [DEBUG] [org.gradle.cache.internal.DefaultFileLockManager] Waiting to acquire shared lock on daemon addresses registry.
2025-10-19T17:03:54.852-0500 [DEBUG] [org.gradle.cache.internal.DefaultFileLockManager] Lock acquired on daemon addresses registry.
2025-10-19T17:03:54.852-0500 [DEBUG] [org.gradle.cache.internal.DefaultFileLockManager] Releasing lock on daemon addresses registry.
2025-10-19T17:03:55.862-0500 [DEBUG] [org.gradle.process.internal.health.memory.DefaultMemoryManager] 841566208 physical memory requested, 841097216 free
2025-10-19T17:03:55.862-0500 [DEBUG] [org.gradle.workers.internal.WorkerDaemonExpiration] Will attempt to release 802 of memory
2025-10-19T17:03:55.862-0500 [DEBUG] [org.gradle.process.internal.health.memory.DefaultMemoryManager] 841566208 physical memory requested, 0 released, 841097216 free
2025-10-19T17:04:00.869-0500 [DEBUG] [org.gradle.process.internal.health.memory.DefaultMemoryManager] 841566208 physical memory requested, 793067520 free
2025-10-19T17:04:00.869-0500 [DEBUG] [org.gradle.workers.internal.WorkerDaemonExpiration] Will attempt to release 802 of memory
2025-10-19T17:04:00.869-0500 [DEBUG] [org.gradle.process.internal.health.memory.DefaultMemoryManager] 841566208 physical memory requested, 0 released, 793067520 free
2025-10-19T17:04:04.844-0500 [DEBUG] [org.gradle.cache.internal.DefaultFileLockManager] Waiting to acquire shared lock on daemon addresses registry.
2025-10-19T17:04:04.845-0500 [DEBUG] [org.gradle.cache.internal.DefaultFileLockManager] Lock acquired on daemon addresses registry.
2025-10-19T17:04:04.846-0500 [DEBUG] [org.gradle.cache.internal.DefaultFileLockManager] Releasing lock on daemon addresses registry.
2025-10-19T17:04:04.849-0500 [DEBUG] [org.gradle.cache.internal.DefaultFileLockManager] Waiting to acquire shared lock on daemon addresses registry.
2025-10-19T17:04:04.850-0500 [DEBUG] [org.gradle.cache.internal.DefaultFileLockManager] Lock acquired on daemon addresses registry.
2025-10-19T17:04:04.850-0500 [DEBUG] [org.gradle.cache.internal.DefaultFileLockManager] Releasing lock on daemon addresses registry.
2025-10-19T17:04:04.853-0500 [DEBUG] [org.gradle.cache.internal.DefaultFileLockManager] Waiting to acquire shared lock on daemon addresses registry.
2025-10-19T17:04:04.853-0500 [DEBUG] [org.gradle.cache.internal.DefaultFileLockManager] Lock acquired on daemon addresses registry.
2025-10-19T17:04:04.854-0500 [DEBUG] [org.gradle.cache.internal.DefaultFileLockManager] Releasing lock on daemon addresses registry.
2025-10-19T17:04:05.860-0500 [DEBUG] [org.gradle.process.internal.health.memory.DefaultMemoryManager] 841566208 physical memory requested, 822554624 free
2025-10-19T17:04:05.860-0500 [DEBUG] [org.gradle.workers.internal.WorkerDaemonExpiration] Will attempt to release 802 of memory
2025-10-19T17:04:05.860-0500 [DEBUG] [org.gradle.process.internal.health.memory.DefaultMemoryManager] 841566208 physical memory requested, 0 released, 822554624 free
2025-10-19T17:04:10.855-0500 [DEBUG] [org.gradle.process.internal.health.memory.DefaultMemoryManager] 841566208 physical memory requested, 809050112 free
2025-10-19T17:04:10.855-0500 [DEBUG] [org.gradle.workers.internal.WorkerDaemonExpiration] Will attempt to release 802 of memory
2025-10-19T17:04:10.855-0500 [DEBUG] [org.gradle.process.internal.health.memory.DefaultMemoryManager] 841566208 physical memory requested, 0 released, 809050112 free
2025-10-19T17:04:14.848-0500 [DEBUG] [org.gradle.cache.internal.DefaultFileLockManager] Waiting to acquire shared lock on daemon addresses registry.
2025-10-19T17:04:14.848-0500 [DEBUG] [org.gradle.cache.internal.DefaultFileLockManager] Lock acquired on daemon addresses registry.
2025-10-19T17:04:14.849-0500 [DEBUG] [org.gradle.cache.internal.DefaultFileLockManager] Releasing lock on daemon addresses registry.
2025-10-19T17:04:14.850-0500 [DEBUG] [org.gradle.cache.internal.DefaultFileLockManager] Waiting to acquire shared lock on daemon addresses registry.
2025-10-19T17:04:14.850-0500 [DEBUG] [org.gradle.cache.internal.DefaultFileLockManager] Lock acquired on daemon addresses registry.
2025-10-19T17:04:14.850-0500 [DEBUG] [org.gradle.cache.internal.DefaultFileLockManager] Releasing lock on daemon addresses registry.
2025-10-19T17:04:14.851-0500 [DEBUG] [org.gradle.cache.internal.DefaultFileLockManager] Waiting to acquire shared lock on daemon addresses registry.
2025-10-19T17:04:14.852-0500 [DEBUG] [org.gradle.cache.internal.DefaultFileLockManager] Lock acquired on daemon addresses registry.
2025-10-19T17:04:14.852-0500 [DEBUG] [org.gradle.cache.internal.DefaultFileLockManager] Releasing lock on daemon addresses registry.
2025-10-19T17:04:15.862-0500 [DEBUG] [org.gradle.process.internal.health.memory.DefaultMemoryManager] 841566208 physical memory requested, 817774592 free
2025-10-19T17:04:15.862-0500 [DEBUG] [org.gradle.workers.internal.WorkerDaemonExpiration] Will attempt to release 802 of memory
2025-10-19T17:04:15.862-0500 [DEBUG] [org.gradle.process.internal.health.memory.DefaultMemoryManager] 841566208 physical memory requested, 0 released, 817774592 free
2025-10-19T17:04:20.866-0500 [DEBUG] [org.gradle.process.internal.health.memory.DefaultMemoryManager] 841566208 physical memory requested, 812335104 free
2025-10-19T17:04:20.866-0500 [DEBUG] [org.gradle.workers.internal.WorkerDaemonExpiration] Will attempt to release 802 of memory
2025-10-19T17:04:20.867-0500 [DEBUG] [org.gradle.process.internal.health.memory.DefaultMemoryManager] 841566208 physical memory requested, 0 released, 812335104 free
2025-10-19T17:04:24.844-0500 [DEBUG] [org.gradle.cache.internal.DefaultFileLockManager] Waiting to acquire shared lock on daemon addresses registry.
2025-10-19T17:04:24.844-0500 [DEBUG] [org.gradle.cache.internal.DefaultFileLockManager] Lock acquired on daemon addresses registry.
2025-10-19T17:04:24.844-0500 [DEBUG] [org.gradle.cache.internal.DefaultFileLockManager] Releasing lock on daemon addresses registry.
2025-10-19T17:04:24.845-0500 [DEBUG] [org.gradle.cache.internal.DefaultFileLockManager] Waiting to acquire shared lock on daemon addresses registry.
2025-10-19T17:04:24.846-0500 [DEBUG] [org.gradle.cache.internal.DefaultFileLockManager] Lock acquired on daemon addresses registry.
2025-10-19T17:04:24.846-0500 [DEBUG] [org.gradle.cache.internal.DefaultFileLockManager] Releasing lock on daemon addresses registry.
2025-10-19T17:04:24.847-0500 [DEBUG] [org.gradle.cache.internal.DefaultFileLockManager] Waiting to acquire shared lock on daemon addresses registry.
2025-10-19T17:04:24.847-0500 [DEBUG] [org.gradle.cache.internal.DefaultFileLockManager] Lock acquired on daemon addresses registry.
2025-10-19T17:04:24.848-0500 [DEBUG] [org.gradle.cache.internal.DefaultFileLockManager] Releasing lock on daemon addresses registry.
2025-10-19T17:04:25.858-0500 [DEBUG] [org.gradle.process.internal.health.memory.DefaultMemoryManager] 841566208 physical memory requested, 633393152 free
2025-10-19T17:04:25.858-0500 [DEBUG] [org.gradle.workers.internal.WorkerDaemonExpiration] Will attempt to release 802 of memory
2025-10-19T17:04:25.858-0500 [DEBUG] [org.gradle.process.internal.health.memory.DefaultMemoryManager] 841566208 physical memory requested, 0 released, 633393152 free
2025-10-19T17:04:30.856-0500 [DEBUG] [org.gradle.process.internal.health.memory.DefaultMemoryManager] 841566208 physical memory requested, 707457024 free
2025-10-19T17:04:30.856-0500 [DEBUG] [org.gradle.workers.internal.WorkerDaemonExpiration] Will attempt to release 802 of memory
2025-10-19T17:04:30.856-0500 [DEBUG] [org.gradle.process.internal.health.memory.DefaultMemoryManager] 841566208 physical memory requested, 0 released, 707457024 free
2025-10-19T17:04:34.958-0500 [DEBUG] [org.gradle.cache.internal.DefaultFileLockManager] Waiting to acquire shared lock on daemon addresses registry.
2025-10-19T17:04:34.958-0500 [DEBUG] [org.gradle.cache.internal.DefaultFileLockManager] Lock acquired on daemon addresses registry.
2025-10-19T17:04:34.959-0500 [DEBUG] [org.gradle.cache.internal.DefaultFileLockManager] Releasing lock on daemon addresses registry.
2025-10-19T17:04:34.961-0500 [DEBUG] [org.gradle.cache.internal.DefaultFileLockManager] Waiting to acquire shared lock on daemon addresses registry.
2025-10-19T17:04:34.962-0500 [DEBUG] [org.gradle.cache.internal.DefaultFileLockManager] Lock acquired on daemon addresses registry.
2025-10-19T17:04:34.962-0500 [DEBUG] [org.gradle.cache.internal.DefaultFileLockManager] Releasing lock on daemon addresses registry.
2025-10-19T17:04:34.965-0500 [DEBUG] [org.gradle.cache.internal.DefaultFileLockManager] Waiting to acquire shared lock on daemon addresses registry.
2025-10-19T17:04:34.965-0500 [DEBUG] [org.gradle.cache.internal.DefaultFileLockManager] Lock acquired on daemon addresses registry.
2025-10-19T17:04:34.966-0500 [DEBUG] [org.gradle.cache.internal.DefaultFileLockManager] Releasing lock on daemon addresses registry.
2025-10-19T17:04:35.869-0500 [DEBUG] [org.gradle.process.internal.health.memory.DefaultMemoryManager] 841566208 physical memory requested, 661315584 free
2025-10-19T17:04:35.869-0500 [DEBUG] [org.gradle.workers.internal.WorkerDaemonExpiration] Will attempt to release 802 of memory
2025-10-19T17:04:35.869-0500 [DEBUG] [org.gradle.process.internal.health.memory.DefaultMemoryManager] 841566208 physical memory requested, 0 released, 661315584 free
2025-10-19T17:04:40.866-0500 [DEBUG] [org.gradle.process.internal.health.memory.DefaultMemoryManager] 841566208 physical memory requested, 650158080 free
2025-10-19T17:04:40.866-0500 [DEBUG] [org.gradle.workers.internal.WorkerDaemonExpiration] Will attempt to release 802 of memory
2025-10-19T17:04:40.866-0500 [DEBUG] [org.gradle.process.internal.health.memory.DefaultMemoryManager] 841566208 physical memory requested, 0 released, 650158080 free
2025-10-19T17:04:44.842-0500 [DEBUG] [org.gradle.cache.internal.DefaultFileLockManager] Waiting to acquire shared lock on daemon addresses registry.
2025-10-19T17:04:44.842-0500 [DEBUG] [org.gradle.cache.internal.DefaultFileLockManager] Lock acquired on daemon addresses registry.
2025-10-19T17:04:44.844-0500 [DEBUG] [org.gradle.cache.internal.DefaultFileLockManager] Releasing lock on daemon addresses registry.
2025-10-19T17:04:44.845-0500 [DEBUG] [org.gradle.cache.internal.DefaultFileLockManager] Waiting to acquire shared lock on daemon addresses registry.
2025-10-19T17:04:44.846-0500 [DEBUG] [org.gradle.cache.internal.DefaultFileLockManager] Lock acquired on daemon addresses registry.
2025-10-19T17:04:44.846-0500 [DEBUG] [org.gradle.cache.internal.DefaultFileLockManager] Releasing lock on daemon addresses registry.
2025-10-19T17:04:44.848-0500 [DEBUG] [org.gradle.cache.internal.DefaultFileLockManager] Waiting to acquire shared lock on daemon addresses registry.
2025-10-19T17:04:44.848-0500 [DEBUG] [org.gradle.cache.internal.DefaultFileLockManager] Lock acquired on daemon addresses registry.
2025-10-19T17:04:44.848-0500 [DEBUG] [org.gradle.cache.internal.DefaultFileLockManager] Releasing lock on daemon addresses registry.
2025-10-19T17:04:45.860-0500 [DEBUG] [org.gradle.process.internal.health.memory.DefaultMemoryManager] 841566208 physical memory requested, 648179712 free
2025-10-19T17:04:45.860-0500 [DEBUG] [org.gradle.workers.internal.WorkerDaemonExpiration] Will attempt to release 802 of memory
2025-10-19T17:04:45.861-0500 [DEBUG] [org.gradle.process.internal.health.memory.DefaultMemoryManager] 841566208 physical memory requested, 0 released, 648179712 free
2025-10-19T17:04:50.878-0500 [DEBUG] [org.gradle.process.internal.health.memory.DefaultMemoryManager] 841566208 physical memory requested, 630833152 free
2025-10-19T17:04:50.878-0500 [DEBUG] [org.gradle.workers.internal.WorkerDaemonExpiration] Will attempt to release 802 of memory
2025-10-19T17:04:50.878-0500 [DEBUG] [org.gradle.process.internal.health.memory.DefaultMemoryManager] 841566208 physical memory requested, 0 released, 630833152 free
2025-10-19T17:04:54.848-0500 [DEBUG] [org.gradle.cache.internal.DefaultFileLockManager] Waiting to acquire shared lock on daemon addresses registry.
2025-10-19T17:04:54.848-0500 [DEBUG] [org.gradle.cache.internal.DefaultFileLockManager] Lock acquired on daemon addresses registry.
2025-10-19T17:04:54.849-0500 [DEBUG] [org.gradle.cache.internal.DefaultFileLockManager] Releasing lock on daemon addresses registry.
2025-10-19T17:04:54.852-0500 [DEBUG] [org.gradle.cache.internal.DefaultFileLockManager] Waiting to acquire shared lock on daemon addresses registry.
2025-10-19T17:04:54.852-0500 [DEBUG] [org.gradle.cache.internal.DefaultFileLockManager] Lock acquired on daemon addresses registry.
2025-10-19T17:04:54.853-0500 [DEBUG] [org.gradle.cache.internal.DefaultFileLockManager] Releasing lock on daemon addresses registry.
2025-10-19T17:04:54.855-0500 [DEBUG] [org.gradle.cache.internal.DefaultFileLockManager] Waiting to acquire shared lock on daemon addresses registry.
2025-10-19T17:04:54.855-0500 [DEBUG] [org.gradle.cache.internal.DefaultFileLockManager] Lock acquired on daemon addresses registry.
2025-10-19T17:04:54.856-0500 [DEBUG] [org.gradle.cache.internal.DefaultFileLockManager] Releasing lock on daemon addresses registry.
2025-10-19T17:04:55.860-0500 [DEBUG] [org.gradle.process.internal.health.memory.DefaultMemoryManager] 841566208 physical memory requested, 628109312 free
2025-10-19T17:04:55.873-0500 [DEBUG] [org.gradle.workers.internal.WorkerDaemonExpiration] Will attempt to release 802 of memory
2025-10-19T17:04:55.873-0500 [DEBUG] [org.gradle.process.internal.health.memory.DefaultMemoryManager] 841566208 physical memory requested, 0 released, 628109312 free
2025-10-19T17:05:00.859-0500 [DEBUG] [org.gradle.process.internal.health.memory.DefaultMemoryManager] 841566208 physical memory requested, 633679872 free
2025-10-19T17:05:00.859-0500 [DEBUG] [org.gradle.workers.internal.WorkerDaemonExpiration] Will attempt to release 802 of memory
2025-10-19T17:05:00.859-0500 [DEBUG] [org.gradle.process.internal.health.memory.DefaultMemoryManager] 841566208 physical memory requested, 0 released, 633679872 free
2025-10-19T17:05:04.849-0500 [DEBUG] [org.gradle.cache.internal.DefaultFileLockManager] Waiting to acquire shared lock on daemon addresses registry.
2025-10-19T17:05:04.850-0500 [DEBUG] [org.gradle.cache.internal.DefaultFileLockManager] Lock acquired on daemon addresses registry.
2025-10-19T17:05:04.850-0500 [DEBUG] [org.gradle.cache.internal.DefaultFileLockManager] Releasing lock on daemon addresses registry.
2025-10-19T17:05:04.866-0500 [DEBUG] [org.gradle.cache.internal.DefaultFileLockManager] Waiting to acquire shared lock on daemon addresses registry.
2025-10-19T17:05:04.866-0500 [DEBUG] [org.gradle.cache.internal.DefaultFileLockManager] Lock acquired on daemon addresses registry.
2025-10-19T17:05:04.867-0500 [DEBUG] [org.gradle.cache.internal.DefaultFileLockManager] Releasing lock on daemon addresses registry.
2025-10-19T17:05:04.868-0500 [DEBUG] [org.gradle.cache.internal.DefaultFileLockManager] Waiting to acquire shared lock on daemon addresses registry.
2025-10-19T17:05:04.868-0500 [DEBUG] [org.gradle.cache.internal.DefaultFileLockManager] Lock acquired on daemon addresses registry.
2025-10-19T17:05:04.869-0500 [DEBUG] [org.gradle.cache.internal.DefaultFileLockManager] Releasing lock on daemon addresses registry.
2025-10-19T17:05:05.861-0500 [DEBUG] [org.gradle.process.internal.health.memory.DefaultMemoryManager] 841566208 physical memory requested, 635359232 free
2025-10-19T17:05:05.861-0500 [DEBUG] [org.gradle.workers.internal.WorkerDaemonExpiration] Will attempt to release 802 of memory
2025-10-19T17:05:05.861-0500 [DEBUG] [org.gradle.process.internal.health.memory.DefaultMemoryManager] 841566208 physical memory requested, 0 released, 635359232 free
2025-10-19T17:05:10.855-0500 [DEBUG] [org.gradle.process.internal.health.memory.DefaultMemoryManager] 841566208 physical memory requested, 635117568 free
2025-10-19T17:05:10.856-0500 [DEBUG] [org.gradle.workers.internal.WorkerDaemonExpiration] Will attempt to release 802 of memory
2025-10-19T17:05:10.856-0500 [DEBUG] [org.gradle.process.internal.health.memory.DefaultMemoryManager] 841566208 physical memory requested, 0 released, 635117568 free
2025-10-19T17:05:14.842-0500 [DEBUG] [org.gradle.cache.internal.DefaultFileLockManager] Waiting to acquire shared lock on daemon addresses registry.
2025-10-19T17:05:14.843-0500 [DEBUG] [org.gradle.cache.internal.DefaultFileLockManager] Lock acquired on daemon addresses registry.
2025-10-19T17:05:14.844-0500 [DEBUG] [org.gradle.cache.internal.DefaultFileLockManager] Releasing lock on daemon addresses registry.
2025-10-19T17:05:14.850-0500 [DEBUG] [org.gradle.cache.internal.DefaultFileLockManager] Waiting to acquire shared lock on daemon addresses registry.
2025-10-19T17:05:14.851-0500 [DEBUG] [org.gradle.cache.internal.DefaultFileLockManager] Lock acquired on daemon addresses registry.
2025-10-19T17:05:14.852-0500 [DEBUG] [org.gradle.cache.internal.DefaultFileLockManager] Releasing lock on daemon addresses registry.
2025-10-19T17:05:14.856-0500 [DEBUG] [org.gradle.cache.internal.DefaultFileLockManager] Waiting to acquire shared lock on daemon addresses registry.
2025-10-19T17:05:14.857-0500 [DEBUG] [org.gradle.cache.internal.DefaultFileLockManager] Lock acquired on daemon addresses registry.
2025-10-19T17:05:14.858-0500 [DEBUG] [org.gradle.cache.internal.DefaultFileLockManager] Releasing lock on daemon addresses registry.
2025-10-19T17:05:15.868-0500 [DEBUG] [org.gradle.process.internal.health.memory.DefaultMemoryManager] 841566208 physical memory requested, 641359872 free
2025-10-19T17:05:15.868-0500 [DEBUG] [org.gradle.workers.internal.WorkerDaemonExpiration] Will attempt to release 802 of memory
2025-10-19T17:05:15.882-0500 [DEBUG] [org.gradle.process.internal.health.memory.DefaultMemoryManager] 841566208 physical memory requested, 0 released, 641359872 free
2025-10-19T17:05:20.862-0500 [DEBUG] [org.gradle.process.internal.health.memory.DefaultMemoryManager] 841566208 physical memory requested, 645128192 free
2025-10-19T17:05:20.862-0500 [DEBUG] [org.gradle.workers.internal.WorkerDaemonExpiration] Will attempt to release 802 of memory
2025-10-19T17:05:20.862-0500 [DEBUG] [org.gradle.process.internal.health.memory.DefaultMemoryManager] 841566208 physical memory requested, 0 released, 645128192 free
2025-10-19T17:05:24.846-0500 [DEBUG] [org.gradle.cache.internal.DefaultFileLockManager] Waiting to acquire shared lock on daemon addresses registry.
2025-10-19T17:05:24.847-0500 [DEBUG] [org.gradle.cache.internal.DefaultFileLockManager] Lock acquired on daemon addresses registry.
2025-10-19T17:05:24.847-0500 [DEBUG] [org.gradle.cache.internal.DefaultFileLockManager] Releasing lock on daemon addresses registry.
2025-10-19T17:05:24.861-0500 [DEBUG] [org.gradle.cache.internal.DefaultFileLockManager] Waiting to acquire shared lock on daemon addresses registry.
2025-10-19T17:05:24.862-0500 [DEBUG] [org.gradle.cache.internal.DefaultFileLockManager] Lock acquired on daemon addresses registry.
2025-10-19T17:05:24.863-0500 [DEBUG] [org.gradle.cache.internal.DefaultFileLockManager] Releasing lock on daemon addresses registry.
2025-10-19T17:05:24.864-0500 [DEBUG] [org.gradle.cache.internal.DefaultFileLockManager] Waiting to acquire shared lock on daemon addresses registry.
2025-10-19T17:05:24.864-0500 [DEBUG] [org.gradle.cache.internal.DefaultFileLockManager] Lock acquired on daemon addresses registry.
2025-10-19T17:05:24.865-0500 [DEBUG] [org.gradle.cache.internal.DefaultFileLockManager] Releasing lock on daemon addresses registry.
2025-10-19T17:05:34.844-0500 [DEBUG] [org.gradle.cache.internal.DefaultFileLockManager] Waiting to acquire shared lock on daemon addresses registry.
2025-10-19T17:05:34.844-0500 [DEBUG] [org.gradle.cache.internal.DefaultFileLockManager] Lock acquired on daemon addresses registry.
2025-10-19T17:05:34.845-0500 [DEBUG] [org.gradle.cache.internal.DefaultFileLockManager] Releasing lock on daemon addresses registry.
2025-10-19T17:05:34.847-0500 [DEBUG] [org.gradle.cache.internal.DefaultFileLockManager] Waiting to acquire shared lock on daemon addresses registry.
2025-10-19T17:05:34.848-0500 [DEBUG] [org.gradle.cache.internal.DefaultFileLockManager] Lock acquired on daemon addresses registry.
2025-10-19T17:05:34.848-0500 [DEBUG] [org.gradle.cache.internal.DefaultFileLockManager] Releasing lock on daemon addresses registry.
2025-10-19T17:05:34.850-0500 [DEBUG] [org.gradle.cache.internal.DefaultFileLockManager] Waiting to acquire shared lock on daemon addresses registry.
2025-10-19T17:05:34.850-0500 [DEBUG] [org.gradle.cache.internal.DefaultFileLockManager] Lock acquired on daemon addresses registry.
2025-10-19T17:05:34.850-0500 [DEBUG] [org.gradle.cache.internal.DefaultFileLockManager] Releasing lock on daemon addresses registry.
2025-10-19T17:05:44.849-0500 [DEBUG] [org.gradle.cache.internal.DefaultFileLockManager] Waiting to acquire shared lock on daemon addresses registry.
2025-10-19T17:05:44.850-0500 [DEBUG] [org.gradle.cache.internal.DefaultFileLockManager] Lock acquired on daemon addresses registry.
2025-10-19T17:05:44.850-0500 [DEBUG] [org.gradle.cache.internal.DefaultFileLockManager] Releasing lock on daemon addresses registry.
2025-10-19T17:05:44.854-0500 [DEBUG] [org.gradle.cache.internal.DefaultFileLockManager] Waiting to acquire shared lock on daemon addresses registry.
2025-10-19T17:05:44.854-0500 [DEBUG] [org.gradle.cache.internal.DefaultFileLockManager] Lock acquired on daemon addresses registry.
2025-10-19T17:05:44.854-0500 [DEBUG] [org.gradle.cache.internal.DefaultFileLockManager] Releasing lock on daemon addresses registry.
2025-10-19T17:05:44.857-0500 [DEBUG] [org.gradle.cache.internal.DefaultFileLockManager] Waiting to acquire shared lock on daemon addresses registry.
2025-10-19T17:05:44.857-0500 [DEBUG] [org.gradle.cache.internal.DefaultFileLockManager] Lock acquired on daemon addresses registry.
2025-10-19T17:05:44.870-0500 [DEBUG] [org.gradle.cache.internal.DefaultFileLockManager] Releasing lock on daemon addresses registry.
2025-10-19T17:05:54.843-0500 [DEBUG] [org.gradle.cache.internal.DefaultFileLockManager] Waiting to acquire shared lock on daemon addresses registry.
2025-10-19T17:05:54.844-0500 [DEBUG] [org.gradle.cache.internal.DefaultFileLockManager] Lock acquired on daemon addresses registry.
2025-10-19T17:05:54.845-0500 [DEBUG] [org.gradle.cache.internal.DefaultFileLockManager] Releasing lock on daemon addresses registry.
2025-10-19T17:05:54.848-0500 [DEBUG] [org.gradle.cache.internal.DefaultFileLockManager] Waiting to acquire shared lock on daemon addresses registry.
2025-10-19T17:05:54.849-0500 [DEBUG] [org.gradle.cache.internal.DefaultFileLockManager] Lock acquired on daemon addresses registry.
2025-10-19T17:05:54.849-0500 [DEBUG] [org.gradle.cache.internal.DefaultFileLockManager] Releasing lock on daemon addresses registry.
2025-10-19T17:05:54.851-0500 [DEBUG] [org.gradle.cache.internal.DefaultFileLockManager] Waiting to acquire shared lock on daemon addresses registry.
2025-10-19T17:05:54.851-0500 [DEBUG] [org.gradle.cache.internal.DefaultFileLockManager] Lock acquired on daemon addresses registry.
2025-10-19T17:05:54.852-0500 [DEBUG] [org.gradle.cache.internal.DefaultFileLockManager] Releasing lock on daemon addresses registry.
2025-10-19T17:06:04.850-0500 [DEBUG] [org.gradle.cache.internal.DefaultFileLockManager] Waiting to acquire shared lock on daemon addresses registry.
2025-10-19T17:06:04.851-0500 [DEBUG] [org.gradle.cache.internal.DefaultFileLockManager] Lock acquired on daemon addresses registry.
2025-10-19T17:06:04.852-0500 [DEBUG] [org.gradle.cache.internal.DefaultFileLockManager] Releasing lock on daemon addresses registry.
2025-10-19T17:06:04.855-0500 [DEBUG] [org.gradle.cache.internal.DefaultFileLockManager] Waiting to acquire shared lock on daemon addresses registry.
2025-10-19T17:06:04.856-0500 [DEBUG] [org.gradle.cache.internal.DefaultFileLockManager] Lock acquired on daemon addresses registry.
2025-10-19T17:06:04.857-0500 [DEBUG] [org.gradle.cache.internal.DefaultFileLockManager] Releasing lock on daemon addresses registry.
2025-10-19T17:06:04.859-0500 [DEBUG] [org.gradle.cache.internal.DefaultFileLockManager] Waiting to acquire shared lock on daemon addresses registry.
2025-10-19T17:06:04.860-0500 [DEBUG] [org.gradle.cache.internal.DefaultFileLockManager] Lock acquired on daemon addresses registry.
2025-10-19T17:06:04.860-0500 [DEBUG] [org.gradle.cache.internal.DefaultFileLockManager] Releasing lock on daemon addresses registry.
2025-10-19T17:06:14.844-0500 [DEBUG] [org.gradle.cache.internal.DefaultFileLockManager] Waiting to acquire shared lock on daemon addresses registry.
2025-10-19T17:06:14.844-0500 [DEBUG] [org.gradle.cache.internal.DefaultFileLockManager] Lock acquired on daemon addresses registry.
2025-10-19T17:06:14.845-0500 [DEBUG] [org.gradle.cache.internal.DefaultFileLockManager] Releasing lock on daemon addresses registry.
2025-10-19T17:06:14.846-0500 [DEBUG] [org.gradle.cache.internal.DefaultFileLockManager] Waiting to acquire shared lock on daemon addresses registry.
2025-10-19T17:06:14.846-0500 [DEBUG] [org.gradle.cache.internal.DefaultFileLockManager] Lock acquired on daemon addresses registry.
2025-10-19T17:06:14.849-0500 [DEBUG] [org.gradle.cache.internal.DefaultFileLockManager] Releasing lock on daemon addresses registry.
2025-10-19T17:06:14.851-0500 [DEBUG] [org.gradle.cache.internal.DefaultFileLockManager] Waiting to acquire shared lock on daemon addresses registry.
2025-10-19T17:06:14.851-0500 [DEBUG] [org.gradle.cache.internal.DefaultFileLockManager] Lock acquired on daemon addresses registry.
2025-10-19T17:06:14.851-0500 [DEBUG] [org.gradle.cache.internal.DefaultFileLockManager] Releasing lock on daemon addresses registry.
2025-10-19T17:06:16.913-0500 [DEBUG] [org.gradle.internal.remote.internal.inet.TcpIncomingConnector] Accepted connection from /127.0.0.1:11508 to /127.0.0.1:9663.
2025-10-19T17:06:17.184-0500 [DEBUG] [org.gradle.launcher.daemon.server.SynchronizedDispatchConnection] thread 256: received class org.gradle.launcher.daemon.protocol.StopWhenIdle
2025-10-19T17:06:17.188-0500 [DEBUG] [org.gradle.launcher.daemon.server.DefaultDaemonConnection] thread 256: Received non-IO message from client: StopWhenIdle[id=af5a0f51-988c-4949-9bb3-3c366700cab9]
2025-10-19T17:06:17.189-0500 [INFO] [org.gradle.launcher.daemon.server.DefaultIncomingConnectionHandler] Received command: StopWhenIdle[id=af5a0f51-988c-4949-9bb3-3c366700cab9].
2025-10-19T17:06:17.189-0500 [DEBUG] [org.gradle.launcher.daemon.server.DefaultIncomingConnectionHandler] Starting executing command: StopWhenIdle[id=af5a0f51-988c-4949-9bb3-3c366700cab9] with connection: socket connection from /127.0.0.1:9663 to /127.0.0.1:11508.
2025-10-19T17:06:17.215-0500 [DEBUG] [org.gradle.launcher.daemon.server.DaemonRegistryUpdater] Storing daemon stop event: stop command received
2025-10-19T17:06:17.574-0500 [DEBUG] [org.gradle.launcher.daemon.registry.PersistentDaemonRegistry] Storing daemon stop event with timestamp 1760911577218
2025-10-19T17:06:17.588-0500 [DEBUG] [org.gradle.cache.internal.DefaultFileLockManager] Waiting to acquire exclusive lock on daemon addresses registry.
2025-10-19T17:06:17.591-0500 [DEBUG] [org.gradle.cache.internal.DefaultFileLockManager] Lock acquired on daemon addresses registry.
2025-10-19T17:06:17.597-0500 [DEBUG] [org.gradle.cache.internal.DefaultFileLockManager] Releasing lock on daemon addresses registry.
2025-10-19T17:06:17.598-0500 [LIFECYCLE] [org.gradle.launcher.daemon.server.DaemonStateCoordinator] Daemon will be stopped at the end of the build stop command received
2025-10-19T17:06:17.599-0500 [DEBUG] [org.gradle.launcher.daemon.server.DaemonStateCoordinator] Marking daemon stopped due to stop command received. The daemon is not running a build
2025-10-19T17:06:17.600-0500 [DEBUG] [org.gradle.launcher.daemon.server.DaemonStateCoordinator] daemon has stopped.
2025-10-19T17:06:17.602-0500 [DEBUG] [org.gradle.launcher.daemon.server.SynchronizedDispatchConnection] thread 255: dispatching Success[value=null]
2025-10-19T17:06:17.608-0500 [DEBUG] [org.gradle.launcher.daemon.server.SynchronizedDispatchConnection] thread 256: received class org.gradle.launcher.daemon.protocol.Finished
2025-10-19T17:06:17.608-0500 [DEBUG] [org.gradle.launcher.daemon.server.DefaultDaemonConnection] thread 256: Received non-IO message from client: org.gradle.launcher.daemon.protocol.Finished@4511cd95
2025-10-19T17:06:17.608-0500 [DEBUG] [org.gradle.launcher.daemon.server.DefaultIncomingConnectionHandler] Finishing executing command: StopWhenIdle[id=af5a0f51-988c-4949-9bb3-3c366700cab9]
2025-10-19T17:06:17.608-0500 [DEBUG] [org.gradle.launcher.daemon.server.DefaultIncomingConnectionHandler] Received finished message: org.gradle.launcher.daemon.protocol.Finished@4511cd95
2025-10-19T17:06:17.610-0500 [DEBUG] [org.gradle.internal.remote.internal.inet.SocketConnection] Discarding EOFException: java.io.EOFException
2025-10-19T17:06:17.610-0500 [DEBUG] [org.gradle.launcher.daemon.server.SynchronizedDispatchConnection] thread 256: received null
2025-10-19T17:06:17.610-0500 [DEBUG] [org.gradle.launcher.daemon.server.DefaultDaemonConnection] thread 256: Received end-of-input from client.
2025-10-19T17:06:17.610-0500 [DEBUG] [org.gradle.launcher.daemon.server.SynchronizedDispatchConnection] thread 255: stopping connection
2025-10-19T17:06:17.616-0500 [DEBUG] [org.gradle.launcher.daemon.server.SynchronizedDispatchConnection] thread 255: stopping connection
2025-10-19T17:06:17.618-0500 [DEBUG] [org.gradle.launcher.daemon.server.Daemon] stop() called on daemon
2025-10-19T17:06:17.619-0500 [INFO] [org.gradle.launcher.daemon.server.Daemon] Stop requested. Daemon is removing its presence from the registry...
2025-10-19T17:06:17.622-0500 [DEBUG] [org.gradle.launcher.daemon.server.DaemonRegistryUpdater] Removing our presence to clients, eg. removing this address from the registry: [f405c26b-1a4f-404c-bcce-31001897b2f9 port:9663, addresses:[localhost/127.0.0.1]]
2025-10-19T17:06:17.623-0500 [DEBUG] [org.gradle.launcher.daemon.registry.PersistentDaemonRegistry] Removing daemon address: [f405c26b-1a4f-404c-bcce-31001897b2f9 port:9663, addresses:[localhost/127.0.0.1]]
2025-10-19T17:06:17.652-0500 [DEBUG] [org.gradle.cache.internal.DefaultFileLockManager] Waiting to acquire exclusive lock on daemon addresses registry.
2025-10-19T17:06:17.653-0500 [DEBUG] [org.gradle.cache.internal.DefaultFileLockManager] Lock acquired on daemon addresses registry.
2025-10-19T17:06:17.680-0500 [DEBUG] [org.gradle.cache.internal.DefaultFileLockManager] Releasing lock on daemon addresses registry.
2025-10-19T17:06:17.681-0500 [DEBUG] [org.gradle.launcher.daemon.server.DaemonRegistryUpdater] Address removed from registry.
2025-10-19T17:06:17.983-0500 [DEBUG] [org.gradle.cache.internal.LockOnDemandCrossProcessCacheAccess] Releasing file lock for jars (C:\Users\sebgo\AndroidStudioProjects\mytaxitravel\gradle\caches\jars-9)
2025-10-19T17:06:17.985-0500 [DEBUG] [org.gradle.cache.internal.DefaultFileLockManager] Releasing lock on jars (C:\Users\sebgo\AndroidStudioProjects\mytaxitravel\gradle\caches\jars-9).
2025-10-19T17:06:17.991-0500 [DEBUG] [org.gradle.cache.internal.DefaultCacheCleanupExecutor] jars (C:\Users\sebgo\AndroidStudioProjects\mytaxitravel\gradle\caches\jars-9) has last been fully cleaned up 6 hours ago
2025-10-19T17:06:18.008-0500 [DEBUG] [org.gradle.cache.internal.DefaultCacheCleanupExecutor] Skipping cleanup for jars (C:\Users\sebgo\AndroidStudioProjects\mytaxitravel\gradle\caches\jars-9) as it is not yet due
2025-10-19T17:06:18.018-0500 [DEBUG] [org.gradle.cache.internal.LockOnDemandCrossProcessCacheAccess] Releasing file lock for file content cache (C:\Users\sebgo\AndroidStudioProjects\mytaxitravel\gradle\caches\8.13\fileContent)
2025-10-19T17:06:18.020-0500 [DEBUG] [org.gradle.cache.internal.DefaultFileLockManager] Releasing lock on file content cache (C:\Users\sebgo\AndroidStudioProjects\mytaxitravel\gradle\caches\8.13\fileContent).
2025-10-19T17:06:18.022-0500 [DEBUG] [org.gradle.internal.watch.vfs.impl.WatchingVirtualFileSystem] Closing VFS, dropping state
2025-10-19T17:06:18.074-0500 [DEBUG] [org.gradle.internal.watch.registry.impl.DefaultFileWatcherRegistry] Finished listening to file system change events
2025-10-19T17:06:18.075-0500 [DEBUG] [org.gradle.cache.internal.LockOnDemandCrossProcessCacheAccess] Releasing file lock for Generated Gradle JARs cache (C:\Users\sebgo\AndroidStudioProjects\mytaxitravel\gradle\caches\8.13\generated-gradle-jars)
2025-10-19T17:06:18.075-0500 [DEBUG] [org.gradle.cache.internal.DefaultFileLockManager] Releasing lock on Generated Gradle JARs cache (C:\Users\sebgo\AndroidStudioProjects\mytaxitravel\gradle\caches\8.13\generated-gradle-jars).
2025-10-19T17:06:18.077-0500 [DEBUG] [org.gradle.cache.internal.LockOnDemandCrossProcessCacheAccess] Releasing file lock for artifact cache (C:\Users\sebgo\AndroidStudioProjects\mytaxitravel\gradle\caches\modules-2)
2025-10-19T17:06:18.080-0500 [DEBUG] [org.gradle.cache.internal.btree.BTreePersistentIndexedCache] Closing cache module-artifact.bin (C:\Users\sebgo\AndroidStudioProjects\mytaxitravel\gradle\caches\modules-2\metadata-2.107\module-artifact.bin)
2025-10-19T17:06:18.089-0500 [DEBUG] [org.gradle.cache.internal.btree.BTreePersistentIndexedCache] Closing cache module-metadata.bin (C:\Users\sebgo\AndroidStudioProjects\mytaxitravel\gradle\caches\modules-2\metadata-2.107\module-metadata.bin)
2025-10-19T17:06:18.090-0500 [DEBUG] [org.gradle.cache.internal.btree.BTreePersistentIndexedCache] Closing cache module-artifacts.bin (C:\Users\sebgo\AndroidStudioProjects\mytaxitravel\gradle\caches\modules-2\metadata-2.107\module-artifacts.bin)
2025-10-19T17:06:18.091-0500 [DEBUG] [org.gradle.cache.internal.DefaultFileLockManager] Releasing lock on artifact cache (C:\Users\sebgo\AndroidStudioProjects\mytaxitravel\gradle\caches\modules-2).
2025-10-19T17:06:18.092-0500 [DEBUG] [org.gradle.cache.internal.DefaultCacheCleanupExecutor] artifact cache (C:\Users\sebgo\AndroidStudioProjects\mytaxitravel\gradle\caches\modules-2) has last been fully cleaned up 6 hours ago
2025-10-19T17:06:18.094-0500 [DEBUG] [org.gradle.cache.internal.DefaultCacheCleanupExecutor] Skipping cleanup for artifact cache (C:\Users\sebgo\AndroidStudioProjects\mytaxitravel\gradle\caches\modules-2) as it is not yet due
2025-10-19T17:06:18.095-0500 [DEBUG] [org.gradle.cache.internal.DefaultCacheCleanupExecutor] groovy-dsl (C:\Users\sebgo\AndroidStudioProjects\mytaxitravel\gradle\caches\8.13\groovy-dsl) has last been fully cleaned up 6 hours ago
2025-10-19T17:06:18.095-0500 [DEBUG] [org.gradle.cache.internal.DefaultCacheCleanupExecutor] Skipping cleanup for groovy-dsl (C:\Users\sebgo\AndroidStudioProjects\mytaxitravel\gradle\caches\8.13\groovy-dsl) as it is not yet due
2025-10-19T17:06:18.095-0500 [DEBUG] [org.gradle.cache.internal.DefaultCacheCoordinator] Cache groovy-dsl (C:\Users\sebgo\AndroidStudioProjects\mytaxitravel\gradle\caches\8.13\groovy-dsl) was closed 0 times.
2025-10-19T17:06:18.098-0500 [DEBUG] [org.gradle.cache.internal.DefaultCacheCleanupExecutor] Artifact transforms cache (C:\Users\sebgo\AndroidStudioProjects\mytaxitravel\gradle\caches\8.13\transforms) has last been fully cleaned up 6 hours ago
2025-10-19T17:06:18.099-0500 [DEBUG] [org.gradle.cache.internal.DefaultCacheCleanupExecutor] Skipping cleanup for Artifact transforms cache (C:\Users\sebgo\AndroidStudioProjects\mytaxitravel\gradle\caches\8.13\transforms) as it is not yet due
2025-10-19T17:06:18.099-0500 [DEBUG] [org.gradle.cache.internal.DefaultCacheCoordinator] Cache Artifact transforms cache (C:\Users\sebgo\AndroidStudioProjects\mytaxitravel\gradle\caches\8.13\transforms) was closed 0 times.
2025-10-19T17:06:18.099-0500 [DEBUG] [org.gradle.cache.internal.DefaultCacheCleanupExecutor] kotlin-dsl (C:\Users\sebgo\AndroidStudioProjects\mytaxitravel\gradle\caches\8.13\kotlin-dsl) has last been fully cleaned up 6 hours ago
2025-10-19T17:06:18.100-0500 [DEBUG] [org.gradle.cache.internal.DefaultCacheCleanupExecutor] Skipping cleanup for kotlin-dsl (C:\Users\sebgo\AndroidStudioProjects\mytaxitravel\gradle\caches\8.13\kotlin-dsl) as it is not yet due
2025-10-19T17:06:18.100-0500 [DEBUG] [org.gradle.cache.internal.DefaultCacheCoordinator] Cache kotlin-dsl (C:\Users\sebgo\AndroidStudioProjects\mytaxitravel\gradle\caches\8.13\kotlin-dsl) was closed 0 times.
2025-10-19T17:06:18.102-0500 [DEBUG] [org.gradle.cache.internal.LockOnDemandCrossProcessCacheAccess] Releasing file lock for journal cache (C:\Users\sebgo\AndroidStudioProjects\mytaxitravel\gradle\caches\journal-1)
2025-10-19T17:06:18.103-0500 [DEBUG] [org.gradle.cache.internal.btree.BTreePersistentIndexedCache] Closing cache file-access.bin (C:\Users\sebgo\AndroidStudioProjects\mytaxitravel\gradle\caches\journal-1\file-access.bin)
2025-10-19T17:06:18.105-0500 [DEBUG] [org.gradle.cache.internal.DefaultFileLockManager] Releasing lock on journal cache (C:\Users\sebgo\AndroidStudioProjects\mytaxitravel\gradle\caches\journal-1).
2025-10-19T17:06:18.109-0500 [DEBUG] [org.gradle.cache.internal.LockOnDemandCrossProcessCacheAccess] Releasing file lock for file hash cache (C:\Users\sebgo\AndroidStudioProjects\mytaxitravel\gradle\caches\8.13\fileHashes)
2025-10-19T17:06:18.110-0500 [DEBUG] [org.gradle.cache.internal.btree.BTreePersistentIndexedCache] Closing cache fileHashes.bin (C:\Users\sebgo\AndroidStudioProjects\mytaxitravel\gradle\caches\8.13\fileHashes\fileHashes.bin)
2025-10-19T17:06:18.131-0500 [DEBUG] [org.gradle.cache.internal.btree.BTreePersistentIndexedCache] Closing cache resourceHashesCache.bin (C:\Users\sebgo\AndroidStudioProjects\mytaxitravel\gradle\caches\8.13\fileHashes\resourceHashesCache.bin)
2025-10-19T17:06:18.133-0500 [DEBUG] [org.gradle.cache.internal.DefaultFileLockManager] Releasing lock on file hash cache (C:\Users\sebgo\AndroidStudioProjects\mytaxitravel\gradle\caches\8.13\fileHashes).
2025-10-19T17:06:18.177-0500 [DEBUG] [org.gradle.internal.operations.DefaultBuildOperationRunner] Build operation 'Deleting unused version-specific caches in C:\Users\sebgo\AndroidStudioProjects\mytaxitravel\gradle\caches' started
2025-10-19T17:06:18.191-0500 [DEBUG] [org.gradle.internal.operations.DefaultBuildOperationRunner] Completing Build operation 'Deleting unused version-specific caches in C:\Users\sebgo\AndroidStudioProjects\mytaxitravel\gradle\caches'
2025-10-19T17:06:18.192-0500 [DEBUG] [org.gradle.internal.operations.DefaultBuildOperationRunner] Build operation 'Deleting unused version-specific caches in C:\Users\sebgo\AndroidStudioProjects\mytaxitravel\gradle\caches' completed
2025-10-19T17:06:18.204-0500 [DEBUG] [org.gradle.launcher.daemon.server.Daemon] stop() called on daemon
2025-10-19T17:06:18.204-0500 [INFO] [org.gradle.launcher.daemon.server.Daemon] Stop requested. Daemon is removing its presence from the registry...
2025-10-19T17:06:18.204-0500 [DEBUG] [org.gradle.launcher.daemon.server.DaemonRegistryUpdater] Removing our presence to clients, eg. removing this address from the registry: [f405c26b-1a4f-404c-bcce-31001897b2f9 port:9663, addresses:[localhost/127.0.0.1]]
2025-10-19T17:06:18.204-0500 [DEBUG] [org.gradle.launcher.daemon.registry.PersistentDaemonRegistry] Removing daemon address: [f405c26b-1a4f-404c-bcce-31001897b2f9 port:9663, addresses:[localhost/127.0.0.1]]
2025-10-19T17:06:18.217-0500 [DEBUG] [org.gradle.cache.internal.DefaultFileLockManager] Waiting to acquire exclusive lock on daemon addresses registry.
2025-10-19T17:06:18.217-0500 [DEBUG] [org.gradle.cache.internal.DefaultFileLockManager] Lock acquired on daemon addresses registry.
2025-10-19T17:06:18.229-0500 [DEBUG] [org.gradle.cache.internal.DefaultFileLockManager] Releasing lock on daemon addresses registry.
2025-10-19T17:06:18.229-0500 [DEBUG] [org.gradle.launcher.daemon.server.DaemonRegistryUpdater] Address removed from registry.
2025-10-19T17:06:18.258-0500 [DEBUG] [org.gradle.cache.internal.locklistener.DefaultFileLockContentionHandler] File lock listener thread completed.
2025-10-19T17:06:18.381-0500 [DEBUG] [java.lang.Runtime] Runtime.exit() called with status: 0
java.lang.Throwable: Runtime.exit(0)
	at java.base/java.lang.Shutdown.logRuntimeExit(Unknown Source)
	at java.base/java.lang.Shutdown.exit(Unknown Source)
	at java.base/java.lang.Runtime.exit(Unknown Source)
	at java.base/java.lang.System.exit(Unknown Source)
	at org.gradle.launcher.bootstrap.ProcessCompleter.complete(ProcessCompleter.java:21)
	at org.gradle.launcher.bootstrap.EntryPoint.run(EntryPoint.java:61)
	at java.base/jdk.internal.reflect.DirectMethodHandleAccessor.invoke(Unknown Source)
	at java.base/java.lang.reflect.Method.invoke(Unknown Source)
	at org.gradle.launcher.bootstrap.ProcessBootstrap.runNoExit(ProcessBootstrap.java:72)
	at org.gradle.launcher.bootstrap.ProcessBootstrap.run(ProcessBootstrap.java:39)
	at org.gradle.launcher.daemon.bootstrap.GradleDaemon.main(GradleDaemon.java:22)
Daemon vm is shutting down... The daemon has exited normally or was terminated in response to a user interrupt.
2025-10-19T17:06:18.400-0500 [DEBUG] [org.gradle.launcher.daemon.registry.PersistentDaemonRegistry] Removing daemon address: [f405c26b-1a4f-404c-bcce-31001897b2f9 port:9663, addresses:[localhost/127.0.0.1]]
2025-10-19T17:06:18.406-0500 [DEBUG] [org.gradle.launcher.daemon.server.Daemon] VM shutdown hook was unable to remove the daemon address from the registry. It will be cleaned up later.
java.lang.IllegalStateException: Cannot start managing file contention because this handler has been closed.
	at org.gradle.cache.internal.locklistener.DefaultFileLockContentionHandler.assertNotStopped(DefaultFileLockContentionHandler.java:248)
	at org.gradle.cache.internal.locklistener.DefaultFileLockContentionHandler.reservePort(DefaultFileLockContentionHandler.java:286)
	at org.gradle.cache.internal.DefaultFileLockManager.lock(DefaultFileLockManager.java:124)
	at org.gradle.cache.internal.DefaultFileLockManager.lock(DefaultFileLockManager.java:106)
	at org.gradle.cache.internal.DefaultFileLockManager.lock(DefaultFileLockManager.java:101)
	at org.gradle.cache.internal.OnDemandFileAccess.updateFile(OnDemandFileAccess.java:51)
	at org.gradle.cache.internal.FileBackedObjectHolder.update(FileBackedObjectHolder.java:77)
	at org.gradle.cache.internal.FileIntegrityViolationSuppressingObjectHolderDecorator.lambda$update$0(FileIntegrityViolationSuppressingObjectHolderDecorator.java:48)
	at org.gradle.cache.internal.FileIntegrityViolationSuppressingObjectHolderDecorator.doUpdate(FileIntegrityViolationSuppressingObjectHolderDecorator.java:58)
	at org.gradle.cache.internal.FileIntegrityViolationSuppressingObjectHolderDecorator.update(FileIntegrityViolationSuppressingObjectHolderDecorator.java:48)
	at org.gradle.launcher.daemon.registry.PersistentDaemonRegistry.remove(PersistentDaemonRegistry.java:133)
	at org.gradle.launcher.daemon.server.Daemon$1.run(Daemon.java:133)
	at java.base/java.lang.Thread.run(Unknown Source)
